DISTRICT,YEAR,monsoon_precip,monsoon_z,drought,mam_T2M,mam_T2M_MAX,mam_T2M_MIN,mam_T2M_RANGE,mam_RH2M,mam_QV2M,mam_PS,mam_WS10M,mam_PRECTOT,djf_T2M,djf_RH2M,djf_PRECTOT,prev_monsoon_precip,prev_monsoon_z,LAT,LON
Arghakhanchi,1982,811.7,0.036298117991529225,0,24.77333333333333,32.20333333333333,18.313333333333333,13.89,34.68333333333333,7.103333333333334,93.06666666666666,3.1533333333333338,88.13,14.383333333333333,45.43666666666667,81.92999999999999,1225.79,1.3391344233812963,27.9,83.2
Arghakhanchi,1983,527.49,-0.857901467496712,1,25.349999999999998,33.03,18.513333333333332,14.516666666666666,25.543333333333333,5.683333333333334,93.02,3.35,64.9,14.26,33.73666666666667,13.84,811.7,0.036298117991529225,27.9,83.2
Arghakhanchi,1984,918.14,0.3711864184713446,0,27.16333333333333,35.43666666666667,19.726666666666667,15.713333333333333,21.48,5.29,92.84333333333332,3.4166666666666665,21.18,14.353333333333333,35.943333333333335,42.660000000000004,527.49,-0.857901467496712,27.9,83.2
Arghakhanchi,1985,724.8399999999999,-0.23698634066759164,0,27.173333333333332,35.580000000000005,19.483333333333334,16.096666666666668,19.06,4.743333333333333,92.80333333333333,3.58,32.98,14.69,34.61,41.730000000000004,918.14,0.3711864184713446,27.9,83.2
Arghakhanchi,1986,604.41,-0.6158908692920202,0,25.763333333333332,33.73,18.55,15.18,22.959999999999997,5.07,92.97666666666667,3.28,30.82,14.826666666666668,44.28333333333333,24.580000000000002,724.8399999999999,-0.23698634066759164,27.9,83.2
Arghakhanchi,1987,721.38,-0.24787241281772443,0,25.933333333333334,33.79333333333333,18.933333333333334,14.86,23.209999999999997,5.1466666666666665,93.10000000000001,3.3466666666666662,37.03,15.550000000000002,34.36333333333334,53.0,604.41,-0.6158908692920202,27.9,83.2
Arghakhanchi,1988,1055.4,0.8030425639416521,0,26.686666666666667,34.82,19.293333333333333,15.526666666666666,23.91333333333333,5.576666666666667,92.92,3.1,65.56,15.726666666666667,35.233333333333334,32.660000000000004,721.38,-0.24787241281772443,27.9,83.2
Arghakhanchi,1989,746.8,-0.16789439141414592,0,26.209999999999997,34.57333333333333,18.73,15.839999999999998,20.69666666666667,4.82,92.88666666666667,3.783333333333333,37.99,14.67,36.75,56.18,1055.4,0.8030425639416521,27.9,83.2
Arghakhanchi,1990,1077.18,0.8715681857422004,0,26.003333333333334,33.47333333333333,19.113333333333333,14.363333333333335,25.47666666666667,5.8566666666666665,92.97333333333334,3.1533333333333338,35.83,15.703333333333333,32.73666666666667,46.209999999999994,746.8,-0.16789439141414592,27.9,83.2
Arghakhanchi,1991,608.97,-0.6015439071519603,0,27.166666666666668,35.32333333333333,19.743333333333336,15.583333333333334,17.836666666666666,4.283333333333333,93.00666666666666,3.33,34.739999999999995,15.863333333333335,33.81,9.87,1077.18,0.8715681857422004,27.9,83.2
Arghakhanchi,1992,645.37,-0.4870199111216589,0,26.72,34.89666666666667,19.38,15.516666666666666,19.246666666666666,4.55,92.98333333333333,4.19,19.55,14.613333333333335,36.24333333333333,37.98,608.97,-0.6015439071519603,27.9,83.2
Arghakhanchi,1993,607.45,-0.6063262278653134,0,25.28333333333333,33.156666666666666,18.296666666666667,14.856666666666667,24.570000000000004,5.303333333333334,93.08666666666666,3.263333333333333,70.85,15.446666666666667,32.693333333333335,8.39,645.37,-0.4870199111216589,27.9,83.2
Arghakhanchi,1994,636.29,-0.5155879848566902,0,26.956666666666667,35.053333333333335,19.686666666666667,15.366666666666667,18.973333333333333,4.713333333333334,93.00999999999999,3.4033333333333338,11.39,15.663333333333334,30.209999999999997,31.400000000000002,607.45,-0.6063262278653134,27.9,83.2
Arghakhanchi,1995,663.11,-0.4312051943750229,0,27.013333333333335,34.99333333333333,19.86,15.133333333333335,18.986666666666668,4.6866666666666665,93.00999999999999,3.6633333333333336,13.19,15.033333333333331,30.60666666666667,28.130000000000003,636.29,-0.5155879848566902,27.9,83.2
Arghakhanchi,1996,586.52,-0.6721775255827369,0,26.793333333333333,34.85,19.453333333333333,15.396666666666667,22.923333333333336,5.3566666666666665,92.90666666666668,3.453333333333333,49.66,15.043333333333335,37.42333333333333,82.57000000000001,663.11,-0.4312051943750229,27.9,83.2
Arghakhanchi,1997,342.45,-1.4400860890749259,1,25.496666666666666,33.20333333333333,18.503333333333334,14.700000000000001,22.21666666666667,4.883333333333333,93.11,3.3000000000000003,40.410000000000004,14.6,26.709999999999997,5.32,586.52,-0.6721775255827369,27.9,83.2
Arghakhanchi,1998,790.87,-0.029238553363173634,0,25.756666666666664,33.29,19.01666666666667,14.276666666666666,27.040000000000003,6.0566666666666675,93.12666666666667,3.1199999999999997,52.55,14.533333333333331,37.24,35.64,342.45,-1.4400860890749259,27.9,83.2
Arghakhanchi,1999,375.09,-1.3373920442829192,1,27.106666666666666,35.63333333333333,19.53,16.11,17.8,4.55,92.78666666666668,3.3966666666666665,52.37,16.19,32.01333333333333,14.870000000000001,790.87,-0.029238553363173634,27.9,83.2
Arghakhanchi,2000,822.62,0.07065531680061954,0,26.58,34.34,19.646666666666665,14.693333333333333,21.84,5.536666666666666,92.87666666666667,3.15,67.89,15.216666666666667,26.743333333333336,9.3,375.09,-1.3373920442829192,27.9,83.2
Arghakhanchi,2001,668.24,-0.4150648619674557,0,26.349999999999998,33.95333333333333,19.58666666666667,14.366666666666667,24.52,6.073333333333333,92.98666666666668,3.08,70.76,15.340000000000002,28.483333333333334,0.6799999999999999,822.62,0.07065531680061954,27.9,83.2
Arghakhanchi,2002,339.48,-1.449430492047728,1,26.75333333333333,34.35333333333333,19.900000000000002,14.450000000000001,25.30333333333333,6.080000000000001,92.98333333333333,3.09,40.25,15.176666666666668,37.336666666666666,33.489999999999995,668.24,-0.4150648619674557,27.9,83.2
Arghakhanchi,2003,514.9399999999999,-0.8973870760181486,1,26.25,33.95666666666667,19.143333333333334,14.813333333333333,21.986666666666665,4.983333333333333,93.05333333333333,3.0733333333333337,19.43,15.076666666666668,35.300000000000004,54.33,339.48,-1.449430492047728,27.9,83.2
Arghakhanchi,2004,1025.48,0.7089063562156458,0,27.12,34.77333333333333,20.286666666666665,14.483333333333334,26.096666666666664,6.41,92.93,3.1933333333333334,96.13,15.116666666666667,39.39333333333334,40.0,514.9399999999999,-0.8973870760181486,27.9,83.2
Arghakhanchi,2005,1044.31,0.7681505003159361,0,25.983333333333334,33.580000000000005,19.143333333333334,14.44,26.94333333333333,5.8999999999999995,93.11333333333334,3.043333333333333,56.1,15.263333333333334,45.51,47.209999999999994,1025.48,0.7089063562156458,27.9,83.2
Arghakhanchi,2006,1046.31,0.7744430275703482,0,25.24,32.29333333333333,18.956666666666667,13.336666666666668,35.593333333333334,7.8999999999999995,93.06666666666666,2.703333333333333,202.8,16.066666666666666,40.51333333333333,1.5,1044.31,0.7681505003159361,27.9,83.2
Arghakhanchi,2007,1314.52,1.6183023950232922,0,25.330000000000002,32.29333333333333,19.11,13.183333333333332,38.85,8.479999999999999,93.08999999999999,2.81,134.03,14.590000000000002,44.79,130.5,1046.31,0.7744430275703482,27.9,83.2
Arghakhanchi,2008,1807.53,3.1694418258721635,0,25.900000000000002,33.376666666666665,19.173333333333332,14.203333333333333,28.856666666666666,6.506666666666667,92.96999999999998,2.8699999999999997,107.81,14.200000000000001,43.666666666666664,6.26,1314.52,1.6183023950232922,27.9,83.2
Arghakhanchi,2009,952.0500000000001,0.47787621806990316,0,26.03333333333333,33.516666666666666,19.456666666666667,14.06,28.80333333333333,6.676666666666667,93.00999999999999,3.013333333333333,135.26,16.19333333333333,45.97333333333333,8.01,1807.53,3.1694418258721635,27.9,83.2
Arghakhanchi,2010,1231.97,1.35857833259743,0,27.909999999999997,35.73666666666667,20.900000000000002,14.836666666666666,23.900000000000002,6.093333333333334,92.96333333333332,3.35,33.53,15.133333333333333,41.693333333333335,22.54,952.0500000000001,0.47787621806990316,27.9,83.2
Arghakhanchi,2011,1250.54,1.4170044481546469,0,25.433333333333334,32.64333333333333,19.003333333333334,13.64,33.77333333333333,7.623333333333332,93.07000000000001,2.893333333333333,144.21,14.33,46.72666666666667,29.27,1231.97,1.35857833259743,27.9,83.2
Arghakhanchi,2012,1312.65,1.612418882040417,0,26.189999999999998,33.89333333333334,19.266666666666666,14.626666666666665,25.00333333333333,5.63,92.97000000000001,3.263333333333333,39.28,14.51,46.026666666666664,49.26,1250.54,1.4170044481546469,27.9,83.2
Arghakhanchi,2013,1546.8500000000001,2.3492738235320823,0,25.62,33.10333333333333,19.153333333333332,13.950000000000001,33.81666666666667,7.3500000000000005,92.99000000000001,3.1333333333333333,118.85000000000001,13.71,51.92666666666667,88.99000000000001,1312.65,1.612418882040417,27.9,83.2
Arghakhanchi,2014,1393.87,1.8679584138420946,0,25.793333333333333,33.160000000000004,19.21,13.950000000000001,32.63333333333333,7.146666666666666,93.13333333333333,3.23,98.17,14.57,55.903333333333336,57.26,1546.8500000000001,2.3492738235320823,27.9,83.2
Arghakhanchi,2015,1129.95,1.0375965173498654,0,24.89,31.69666666666667,18.896666666666665,12.796666666666667,42.403333333333336,8.756666666666666,93.18666666666667,2.8466666666666662,223.68,14.986666666666666,50.49333333333333,77.12,1393.87,1.8679584138420946,27.9,83.2
Arghakhanchi,2016,1282.51,1.5175904963164255,0,27.186666666666667,34.50666666666667,20.75,13.76,28.74,6.95,93.01333333333334,3.393333333333333,171.64000000000001,15.846666666666666,35.95333333333333,10.87,1129.95,1.0375965173498654,27.9,83.2
Arghakhanchi,2017,1341.83,1.70422685468229,0,26.099999999999998,33.18666666666667,19.720000000000002,13.466666666666667,33.10333333333333,7.743333333333333,93.02,2.7866666666666666,184.72,16.316666666666666,42.78666666666667,20.759999999999998,1282.51,1.5175904963164255,27.9,83.2
Arghakhanchi,2018,43.72,-2.3799694224301993,1,25.74,32.833333333333336,19.456666666666667,13.38,35.88,8.17,93.06666666666666,2.9133333333333336,7.33,15.75,40.22666666666667,0.6,1341.83,1.70422685468229,27.9,83.2
Arghakhanchi,2019,42.83,-2.3827695970584126,1,25.603333333333335,33.02333333333333,19.03,13.996666666666668,34.5,7.526666666666666,93.10000000000001,3.0066666666666664,4.01,14.966666666666667,47.75,4.29,43.72,-2.3799694224301993,27.9,83.2
Baglung,1982,660.38,0.05331411709987951,0,14.416666666666666,21.153333333333332,8.493333333333332,12.663333333333334,45.47333333333333,5.8500000000000005,79.26,2.563333333333333,64.03999999999999,5.78,51.096666666666664,77.44999999999999,941.49,1.0673994020586246,28.3,83.6
Baglung,1983,407.71,-0.8581757941467006,1,14.63,21.743333333333336,8.446666666666667,13.296666666666667,37.04,5.023333333333333,79.21333333333332,2.763333333333333,71.37,5.803333333333334,38.669999999999995,9.45,660.38,0.05331411709987951,28.3,83.6
Baglung,1984,826.21,0.651534610162057,0,16.793333333333333,24.353333333333335,10.106666666666667,14.25,29.426666666666666,4.576666666666667,79.15333333333334,2.8433333333333337,25.229999999999997,5.993333333333333,37.153333333333336,29.790000000000003,407.71,-0.8581757941467006,28.3,83.6
Baglung,1985,612.03,-0.12110523307533784,0,16.713333333333335,24.316666666666666,10.023333333333333,14.293333333333335,28.01,4.29,79.12333333333333,2.84,30.48,6.086666666666666,41.70666666666667,45.04,826.21,0.651534610162057,28.3,83.6
Baglung,1986,487.19,-0.5714570774574292,0,15.0,22.263333333333332,8.61,13.656666666666666,32.47666666666667,4.3966666666666665,79.19666666666667,2.793333333333333,34.230000000000004,6.890000000000001,45.43333333333334,19.92,612.03,-0.12110523307533784,28.3,83.6
Baglung,1987,605.94,-0.14307449558965135,0,15.363333333333335,22.666666666666668,9.113333333333333,13.546666666666667,32.276666666666664,4.403333333333333,79.31,2.7533333333333334,34.29,6.789999999999999,37.663333333333334,42.65,487.19,-0.5714570774574292,28.3,83.6
Baglung,1988,798.3100000000001,0.5508872498748066,0,16.123333333333335,23.526666666666667,9.556666666666667,13.973333333333334,33.65,4.863333333333333,79.20333333333333,2.78,81.52000000000001,8.043333333333335,37.84666666666667,23.31,605.94,-0.14307449558965135,28.3,83.6
Baglung,1989,555.68,-0.32438404139743704,0,15.896666666666667,23.516666666666666,9.256666666666666,14.263333333333334,28.876666666666665,4.2299999999999995,79.14,2.8433333333333333,54.67,6.413333333333334,42.43666666666667,54.86,798.3100000000001,0.5508872498748066,28.3,83.6
Baglung,1990,820.4100000000001,0.6306115030055679,0,15.160000000000002,22.093333333333334,8.966666666666667,13.126666666666665,36.62,5.116666666666666,79.19666666666666,2.736666666666667,33.17,7.403333333333333,36.99666666666667,32.519999999999996,555.68,-0.32438404139743704,28.3,83.6
Baglung,1991,424.9,-0.7961640334535882,0,16.293333333333333,23.876666666666665,9.566666666666668,14.306666666666667,26.756666666666664,3.893333333333333,79.28333333333335,2.86,40.51,7.033333333333334,40.806666666666665,8.76,820.4100000000001,0.6306115030055679,28.3,83.6
Baglung,1992,502.93,-0.5146760935534391,0,16.343333333333334,24.046666666666667,9.823333333333332,14.223333333333334,26.456666666666667,3.9133333333333336,79.23,3.0033333333333334,18.27,6.286666666666666,39.78666666666667,34.43,424.9,-0.7961640334535882,28.3,83.6
Baglung,1993,466.56,-0.6458784051537009,0,14.786666666666667,22.076666666666664,8.583333333333334,13.493333333333334,34.39666666666667,4.6433333333333335,79.28,2.7866666666666666,71.62,7.09,37.37,8.35,502.93,-0.5146760935534391,28.3,83.6
Baglung,1994,475.24,-0.614565893064334,0,16.27,23.930000000000003,9.700000000000001,14.223333333333334,27.333333333333332,4.146666666666667,79.27,2.8800000000000003,13.32,7.403333333333333,32.62,20.73,466.56,-0.6458784051537009,28.3,83.6
Baglung,1995,535.74,-0.3963162408285399,0,16.19,23.73,9.536666666666667,14.193333333333333,28.08,4.25,79.26666666666667,2.91,26.57,6.126666666666666,34.92666666666667,20.060000000000002,475.24,-0.614565893064334,28.3,83.6
Baglung,1996,460.23,-0.668713451412421,0,16.209999999999997,23.673333333333336,9.486666666666666,14.186666666666667,32.153333333333336,4.723333333333334,79.19,2.8166666666666664,71.80000000000001,6.56,41.3,61.54,535.74,-0.3963162408285399,28.3,83.6
Baglung,1997,259.9,-1.3913903577330267,1,14.733333333333334,21.923333333333336,8.433333333333334,13.49,32.656666666666666,4.329999999999999,79.29666666666667,2.7433333333333336,38.79,6.363333333333333,29.343333333333334,4.21,460.23,-0.668713451412421,28.3,83.6
Baglung,1998,574.51,-0.2564560917842137,0,15.613333333333335,22.853333333333335,9.416666666666666,13.436666666666667,35.64,5.1066666666666665,79.33,2.7266666666666666,48.11,6.446666666666666,37.693333333333335,21.48,259.9,-1.3913903577330267,28.3,83.6
Baglung,1999,286.89,-1.2940257608099839,1,16.826666666666668,24.703333333333333,10.093333333333334,14.613333333333335,25.22,4.02,79.11333333333333,2.866666666666667,56.42,8.193333333333333,32.04666666666667,10.940000000000001,574.51,-0.2564560917842137,28.3,83.6
Baglung,2000,611.2,-0.12409940185807657,0,15.883333333333335,23.116666666666664,9.603333333333333,13.513333333333334,31.27333333333333,4.843333333333333,79.15333333333334,2.7600000000000002,59.97,6.489999999999999,31.77333333333333,6.32,286.89,-1.2940257608099839,28.3,83.6
Baglung,2001,527.13,-0.42737623265912156,0,15.603333333333333,22.613333333333333,9.473333333333334,13.143333333333333,35.88,5.366666666666667,79.23666666666666,2.6733333333333333,71.9,7.706666666666666,30.006666666666664,0.31,611.2,-0.12409940185807657,28.3,83.6
Baglung,2002,273.56,-1.3421128329472258,1,16.133333333333333,23.183333333333334,10.1,13.083333333333334,35.57,5.266666666666667,79.25,2.706666666666667,45.870000000000005,7.1000000000000005,37.99666666666667,25.97,527.13,-0.42737623265912156,28.3,83.6
Baglung,2003,396.66,-0.898037920712081,1,15.570000000000002,22.766666666666666,9.270000000000001,13.496666666666668,32.199999999999996,4.483333333333333,79.28666666666668,2.716666666666667,19.380000000000003,6.953333333333333,36.803333333333335,51.58,273.56,-1.3421128329472258,28.3,83.6
Baglung,2004,982.1899999999999,1.2142218953808859,0,16.613333333333333,23.669999999999998,10.743333333333332,12.926666666666668,36.94,5.626666666666666,79.23,2.6799999999999997,130.02,6.883333333333333,40.63333333333333,34.7,396.66,-0.898037920712081,28.3,83.6
Baglung,2005,882.89,0.8560038711327149,0,15.149999999999999,21.94666666666667,9.116666666666667,12.833333333333334,38.973333333333336,5.206666666666667,79.33999999999999,2.5533333333333332,57.1,6.69,52.656666666666666,50.900000000000006,982.1899999999999,1.2142218953808859,28.3,83.6
Baglung,2006,929.1,1.0227033162536414,0,14.790000000000001,21.226666666666667,9.146666666666667,12.083333333333334,47.593333333333334,6.579999999999999,79.28333333333335,2.44,202.32,8.416666666666666,43.81333333333333,0.8,882.89,0.8560038711327149,28.3,83.6
Baglung,2007,1099.28,1.6366161396831858,0,15.01,21.38,9.28,12.096666666666666,50.699999999999996,6.960000000000001,79.32666666666667,2.35,128.91,6.580000000000001,49.53333333333333,127.85,929.1,1.0227033162536414,28.3,83.6
Baglung,2008,1496.03,3.067864892155108,0,15.25,22.006666666666664,9.213333333333333,12.793333333333331,40.70333333333333,5.656666666666666,79.22666666666667,2.5766666666666667,117.48,6.213333333333334,48.48333333333333,6.38,1099.28,1.6366161396831858,28.3,83.6
Baglung,2009,822.1400000000001,0.6368523608298312,0,15.593333333333334,22.506666666666664,9.673333333333334,12.83,39.593333333333334,5.676666666666667,79.27,2.57,145.99,8.533333333333333,47.73666666666667,6.279999999999999,1496.03,3.067864892155108,28.3,83.6
Baglung,2010,1010.25,1.3154464448310743,0,17.27,24.536666666666665,10.826666666666666,13.713333333333333,33.75333333333334,5.333333333333333,79.29,2.776666666666667,34.37,7.173333333333333,44.28666666666667,17.240000000000002,822.1400000000001,0.6368523608298312,28.3,83.6
Baglung,2011,1067.64,1.5224769827122684,0,14.983333333333334,21.413333333333338,9.336666666666666,12.073333333333332,45.88333333333333,6.43,79.29333333333334,2.4966666666666666,163.87,6.286666666666666,49.406666666666666,21.93,1010.25,1.3154464448310743,28.3,83.6
Baglung,2012,1276.44,2.2757088403458847,0,15.49,22.616666666666664,9.13,13.479999999999999,35.9,5.006666666666667,79.21666666666665,2.7366666666666664,47.14,6.0566666666666675,51.403333333333336,35.32,1067.64,1.5224769827122684,28.3,83.6
Baglung,2013,1429.04,2.826203004497656,0,15.29,22.063333333333333,9.263333333333334,12.796666666666667,45.93666666666667,6.313333333333333,79.24,2.66,168.16,6.173333333333333,52.35666666666666,81.25,1276.44,2.2757088403458847,28.3,83.6
Baglung,2014,1659.1999999999998,3.656489615383447,0,15.0,21.5,9.196666666666667,12.303333333333333,47.50666666666666,6.386666666666667,79.35333333333334,2.56,143.89,6.453333333333333,60.77,41.65,1429.04,2.826203004497656,28.3,83.6
Baglung,2015,1502.91,3.092684026161427,0,14.106666666666667,19.959999999999997,8.783333333333333,11.176666666666668,58.660000000000004,7.44,79.39666666666666,2.283333333333333,318.84000000000003,6.656666666666666,57.199999999999996,86.03999999999999,1659.1999999999998,3.656489615383447,28.3,83.6
Baglung,2016,1522.94,3.164940894496682,0,16.116666666666664,22.656666666666666,10.593333333333334,12.056666666666667,43.74,6.34,79.30333333333333,2.563333333333333,207.84,7.056666666666666,48.81666666666666,10.92,1502.91,3.092684026161427,28.3,83.6
Baglung,2017,1466.4499999999998,2.961157045657012,0,14.613333333333335,20.796666666666667,9.096666666666666,11.696666666666667,51.95333333333334,7.083333333333333,79.28000000000002,2.29,348.84000000000003,8.196666666666667,50.15333333333333,13.44,1522.94,3.164940894496682,28.3,83.6
Baglung,2018,39.0,-2.188272145813802,1,14.773333333333333,20.833333333333332,9.473333333333334,11.37,53.00333333333333,7.2,79.31,2.3866666666666667,12.889999999999999,7.963333333333334,46.46,0.88,1466.4499999999998,2.961157045657012,28.3,83.6
Baglung,2019,44.239999999999995,-2.169369200727594,1,14.426666666666668,20.900000000000002,8.586666666666666,12.316666666666668,51.843333333333334,6.8,79.32666666666667,2.3800000000000003,8.83,5.8500000000000005,57.833333333333336,4.74,39.0,-2.188272145813802,28.3,83.6
Baitadi,1982,317.28000000000003,-0.35075512774057216,0,9.276666666666666,15.783333333333333,3.5400000000000005,12.243333333333334,55.44333333333333,5.55,73.81666666666666,2.5766666666666667,91.68,0.7833333333333333,48.6,82.79,514.35,0.860842450782841,29.5,80.5
Baitadi,1983,431.18,0.3495085561982148,0,9.49,16.513333333333335,3.3833333333333333,13.13,44.876666666666665,4.656666666666667,73.79333333333334,2.6733333333333333,78.97999999999999,1.3033333333333335,41.04333333333333,24.04,317.28000000000003,-0.35075512774057216,29.5,80.5
Baitadi,1984,334.38,-0.2456233542958554,0,11.976666666666667,19.823333333333334,4.61,15.213333333333333,34.43333333333333,4.093333333333333,73.79333333333334,2.81,26.560000000000002,0.3333333333333333,43.36666666666667,58.59,431.18,0.3495085561982148,29.5,80.5
Baitadi,1985,387.47,0.08077698793689461,0,12.006666666666666,19.583333333333332,5.04,14.543333333333335,31.340000000000003,3.8033333333333332,73.76666666666667,2.776666666666667,52.04,0.9566666666666666,40.07333333333333,57.24,334.38,-0.2456233542958554,29.5,80.5
Baitadi,1986,474.41999999999996,0.6153505377040367,0,10.03,17.243333333333336,3.4066666666666667,13.836666666666666,40.46333333333333,4.156666666666666,73.78666666666668,2.733333333333333,61.58,2.2733333333333334,43.47,43.07,387.47,0.08077698793689461,29.5,80.5
Baitadi,1987,158.42000000000002,-1.327435451098919,1,10.363333333333333,17.613333333333333,3.81,13.800000000000002,40.52,4.3,73.89333333333333,2.6333333333333333,65.13,1.8366666666666667,43.00333333333333,45.269999999999996,474.41999999999996,0.6153505377040367,29.5,80.5
Baitadi,1988,377.5,0.019480860378775857,0,11.586666666666666,19.186666666666667,4.3066666666666675,14.88,34.74666666666667,3.83,73.81666666666666,2.793333333333333,56.92,3.546666666666667,36.4,95.66,158.42000000000002,-1.327435451098919,29.5,80.5
Baitadi,1989,176.96,-1.2134504756799103,1,10.910000000000002,18.51,3.9333333333333336,14.583333333333334,30.23,3.3333333333333335,73.77333333333333,2.733333333333333,35.41,1.6266666666666667,40.76666666666667,49.96,377.5,0.019480860378775857,29.5,80.5
Baitadi,1990,297.26,-0.47383922741093687,0,10.243333333333334,17.24,3.953333333333333,13.286666666666667,44.94,4.79,73.77333333333333,2.6166666666666667,57.52,3.1833333333333336,39.49333333333333,55.669999999999995,176.96,-1.2134504756799103,29.5,80.5
Baitadi,1991,182.85999999999999,-1.1771769398130199,1,10.883333333333333,18.366666666666664,3.84,14.523333333333333,35.83,3.84,73.88333333333334,2.723333333333333,82.28999999999999,2.07,40.45666666666667,29.66,297.26,-0.47383922741093687,29.5,80.5
Baitadi,1992,230.59,-0.883730182706801,1,11.040000000000001,18.569999999999997,4.406666666666666,14.163333333333332,31.323333333333334,3.5033333333333334,73.87,2.7266666666666666,17.700000000000003,2.2733333333333334,41.153333333333336,25.39,182.85999999999999,-1.1771769398130199,29.5,80.5
Baitadi,1993,196.17,-1.095346302120085,1,10.163333333333334,17.57,3.39,14.183333333333332,38.276666666666664,4.0,73.86,2.7266666666666666,51.7,2.8066666666666666,38.36333333333334,22.21,230.59,-0.883730182706801,29.5,80.5
Baitadi,1994,291.86,-0.5070387348145315,0,11.420000000000002,19.06,4.446666666666666,14.61,33.25,3.8366666666666664,73.87666666666667,2.8033333333333332,22.56,2.6533333333333333,36.1,38.62,196.17,-1.095346302120085,29.5,80.5
Baitadi,1995,251.85,-0.7530224924474629,0,11.070000000000002,18.276666666666667,4.52,13.756666666666666,35.49,3.97,73.86666666666667,2.6833333333333336,18.56,0.8400000000000002,44.24666666666667,56.47,291.86,-0.5070387348145315,29.5,80.5
Baitadi,1996,323.29,-0.31380530561175646,0,11.226666666666667,18.596666666666668,4.48,14.12,39.483333333333334,4.406666666666666,73.80666666666667,2.6833333333333336,50.33,1.9766666666666666,44.25666666666667,75.35,251.85,-0.7530224924474629,29.5,80.5
Baitadi,1997,247.15,-0.7819183600024435,0,9.766666666666667,16.80666666666667,3.4933333333333336,13.31,41.27333333333333,4.213333333333334,73.86666666666666,2.626666666666667,61.800000000000004,1.9633333333333336,32.72,7.470000000000001,323.29,-0.31380530561175646,29.5,80.5
Baitadi,1998,213.76999999999998,-0.9871405002120724,1,10.846666666666666,18.246666666666666,4.1000000000000005,14.143333333333333,41.339999999999996,4.523333333333333,73.92,2.6300000000000003,88.93,1.1533333333333333,45.70666666666667,65.58,247.15,-0.7819183600024435,29.5,80.5
Baitadi,1999,192.23,-1.1195696464108562,1,12.303333333333333,20.36,5.056666666666666,15.306666666666667,24.513333333333332,3.0833333333333335,73.75666666666666,2.856666666666667,18.44,3.6166666666666667,34.663333333333334,15.469999999999999,213.76999999999998,-0.9871405002120724,29.5,80.5
Baitadi,2000,433.86,0.3659853487614804,0,11.466666666666667,18.923333333333332,4.793333333333334,14.13,33.03666666666667,4.12,73.75333333333333,2.7266666666666666,89.71,1.7766666666666666,35.90333333333333,28.380000000000003,192.23,-1.1195696464108562,29.5,80.5
Baitadi,2001,424.13,0.3061647548657437,0,10.920000000000002,18.02,4.583333333333333,13.433333333333332,38.123333333333335,4.446666666666666,73.82666666666667,2.64,58.63,3.2433333333333336,28.753333333333334,4.32,433.86,0.3659853487614804,29.5,80.5
Baitadi,2002,263.43,-0.6818279932375317,0,11.913333333333334,19.183333333333334,5.416666666666667,13.770000000000001,35.60333333333333,4.1433333333333335,73.85333333333334,2.72,28.93,2.1166666666666667,40.82333333333333,70.22999999999999,424.13,0.3061647548657437,29.5,80.5
Baitadi,2003,486.63,0.6904183127777208,0,11.030000000000001,18.256666666666664,4.463333333333334,13.793333333333335,36.71666666666667,3.996666666666666,73.86333333333333,2.7100000000000004,14.9,2.32,38.846666666666664,70.53999999999999,263.43,-0.6818279932375317,29.5,80.5
Baitadi,2004,493.09000000000003,0.730134760523503,0,12.393333333333333,19.679999999999996,5.8133333333333335,13.87,36.99,4.61,73.86333333333333,2.7099999999999995,109.22999999999999,2.2333333333333334,44.98,37.260000000000005,486.63,0.6904183127777208,29.5,80.5
Baitadi,2005,662.5,1.7716770844573915,0,10.346666666666666,17.073333333333334,4.39,12.683333333333332,46.673333333333325,4.906666666666666,73.92,2.5533333333333332,93.69,2.006666666666667,50.666666666666664,66.66,493.09000000000003,0.730134760523503,29.5,80.5
Baitadi,2006,519.0,0.889430915491492,0,10.326666666666666,16.916666666666668,4.273333333333333,12.643333333333333,50.589999999999996,5.6066666666666665,73.85666666666667,2.4866666666666664,147.55,3.91,37.13666666666666,7.3,662.5,1.7716770844573915,29.5,80.5
Baitadi,2007,703.14,2.0215341179540753,0,10.373333333333333,16.94,4.016666666666667,12.92,53.72,5.863333333333333,73.92666666666666,2.4333333333333336,169.68,2.15,45.723333333333336,109.94,519.0,0.889430915491492,29.5,80.5
Baitadi,2008,756.5,2.349594435557005,0,10.82,17.69,4.473333333333334,13.216666666666667,42.026666666666664,4.72,73.82,2.5766666666666667,79.74,1.5066666666666666,44.379999999999995,14.08,703.14,2.0215341179540753,29.5,80.5
Baitadi,2009,514.34,0.8607809702135751,0,11.306666666666667,18.49,4.836666666666667,13.653333333333334,38.99,4.523333333333333,73.86,2.6833333333333336,43.71,4.26,41.70333333333333,15.48,756.5,2.349594435557005,29.5,80.5
Baitadi,2010,831.5699999999999,2.8111290690362387,0,12.823333333333332,20.180000000000003,6.003333333333333,14.173333333333332,35.056666666666665,4.3933333333333335,73.93333333333334,2.7533333333333334,23.08,2.49,44.24333333333333,32.3,514.34,0.8607809702135751,29.5,80.5
Baitadi,2011,853.05,2.943189331819427,0,10.336666666666668,16.933333333333334,4.34,12.596666666666666,50.53333333333333,5.54,73.88666666666666,2.5233333333333334,80.75,1.0733333333333333,53.026666666666664,69.69,831.5699999999999,2.8111290690362387,29.5,80.5
Baitadi,2012,541.81,1.0296680939870468,0,10.413333333333334,17.316666666666666,3.94,13.376666666666665,42.79,4.56,73.82333333333334,2.563333333333333,45.35,0.6466666666666666,54.32333333333333,48.87,853.05,2.943189331819427,29.5,80.5
Baitadi,2013,830.38,2.8038128812935947,0,11.15,17.593333333333334,5.183333333333334,12.406666666666666,50.6,5.52,73.85333333333334,2.606666666666667,30.3,1.3566666666666667,60.48,188.14999999999998,541.81,1.0296680939870468,29.5,80.5
Baitadi,2014,492.41999999999996,0.7260155623826862,0,10.063333333333334,16.356666666666666,4.16,12.203333333333333,54.49333333333333,5.626666666666666,73.93666666666667,2.516666666666667,85.38,1.6199999999999999,59.96,102.19,830.38,2.8038128812935947,29.5,80.5
Baitadi,2015,408.12,0.2077343634710117,0,9.78,15.37,4.333333333333333,11.036666666666667,63.53666666666667,6.376666666666666,73.96333333333332,2.3000000000000003,227.43,2.06,56.31999999999999,137.49,492.41999999999996,0.7260155623826862,29.5,80.5
Baitadi,2016,473.22,0.6079728693921271,0,11.933333333333332,18.486666666666668,6.18,12.306666666666667,47.84666666666667,5.676666666666667,73.92,2.5833333333333335,109.21,3.23,41.123333333333335,29.68,408.12,0.2077343634710117,29.5,80.5
Baitadi,2017,572.4399999999999,1.2179830776485485,0,11.1,17.713333333333335,5.12,12.590000000000002,48.550000000000004,5.583333333333333,73.86,2.5566666666666666,156.5,4.25,41.45666666666667,26.519999999999996,473.22,0.6079728693921271,29.5,80.5
Baitadi,2018,18.77,-2.186011600897441,1,11.476666666666667,18.25,5.31,12.94,46.11333333333334,5.31,73.89999999999999,2.6566666666666667,4.16,4.02,39.78666666666667,7.11,572.4399999999999,1.2179830776485485,29.5,80.5
Baitadi,2019,15.649999999999999,-2.2051935385084067,1,10.020000000000001,16.75,3.41,13.343333333333334,53.57,5.5,73.92333333333333,2.4899999999999998,2.8899999999999997,0.84,60.906666666666666,5.390000000000001,18.77,-2.186011600897441,29.5,80.5
Bajang,1982,241.82,-0.34692911862911147,0,4.41,10.729999999999999,-1.0733333333333333,11.799999999999999,60.79999999999999,4.756666666666667,67.88000000000001,2.796666666666667,55.18,-4.3500000000000005,54.419999999999995,76.91,451.38,1.0758389306714942,29.6,81.2
Bajang,1983,376.99,0.5707820725522346,0,4.39,11.17,-1.4033333333333335,12.573333333333332,52.17666666666667,4.1866666666666665,67.85333333333334,2.876666666666667,85.52000000000001,-3.503333333333334,44.74333333333334,20.05,241.82,-0.34692911862911147,29.6,81.2
Bajang,1984,255.76,-0.25228612088502655,0,6.56,14.299999999999999,-0.52,14.823333333333332,42.333333333333336,3.8366666666666673,67.90666666666667,2.9299999999999997,28.41,-4.703333333333333,50.09,60.11,376.99,0.5707820725522346,29.6,81.2
Bajang,1985,300.11,0.04881982961355091,0,6.656666666666666,14.11,0.09999999999999994,14.013333333333334,38.68,3.563333333333333,67.87666666666667,3.0033333333333334,51.96,-4.6866666666666665,47.153333333333336,75.88000000000001,255.76,-0.25228612088502655,29.6,81.2
Bajang,1986,422.06,0.8767763270949827,0,4.826666666666667,11.81,-1.42,13.236666666666666,46.97666666666667,3.716666666666667,67.85333333333334,2.936666666666667,61.16,-2.52,46.333333333333336,35.86,300.11,0.04881982961355091,29.6,81.2
Bajang,1987,137.35999999999999,-1.0561405637042274,1,5.256666666666667,12.403333333333334,-0.9400000000000001,13.339999999999998,47.56666666666666,3.9,67.96,2.7600000000000002,67.7,-3.1999999999999997,48.1,40.78,422.06,0.8767763270949827,29.6,81.2
Bajang,1988,321.95,0.19709838562006546,0,6.253333333333333,13.806666666666667,-0.82,14.63,41.126666666666665,3.513333333333333,67.92,2.9933333333333336,57.05,-1.4566666666666668,40.946666666666665,94.08000000000001,137.35999999999999,-1.0561405637042274,29.6,81.2
Bajang,1989,155.89,-0.9303346276785533,1,5.706666666666667,13.200000000000001,-0.9433333333333334,14.136666666666665,35.766666666666666,3.0400000000000005,67.86,3.0,31.880000000000003,-3.2433333333333336,44.31333333333333,45.78,321.95,0.19709838562006546,29.6,81.2
Bajang,1990,236.3,-0.3844061163010876,0,5.25,12.223333333333334,-0.8999999999999998,13.12,50.36333333333334,4.216666666666667,67.85000000000001,2.8166666666666664,55.47,-1.58,43.093333333333334,45.17,155.89,-0.9303346276785533,29.6,81.2
Bajang,1991,130.29000000000002,-1.1041409936935154,1,5.573333333333333,12.953333333333333,-1.2033333333333331,14.153333333333334,42.22,3.47,67.97333333333334,2.9133333333333336,84.56,-2.81,44.98333333333333,23.62,236.3,-0.3844061163010876,29.6,81.2
Bajang,1992,205.06,-0.5965041973287214,0,5.886666666666667,13.376666666666665,-0.47666666666666657,13.856666666666667,37.22666666666667,3.216666666666667,67.94666666666667,3.0533333333333332,20.02,-2.48,44.153333333333336,23.85,130.29000000000002,-1.1041409936935154,29.6,81.2
Bajang,1993,126.93,-1.1269530792329794,1,4.916666666666667,12.319999999999999,-1.7,14.013333333333334,44.36333333333334,3.5933333333333337,67.92333333333333,2.97,48.16,-1.8499999999999999,42.373333333333335,15.18,205.06,-0.5965041973287214,29.6,81.2
Bajang,1994,190.32999999999998,-0.6965107508990493,0,6.246666666666666,13.813333333333333,-0.37333333333333324,14.186666666666667,38.696666666666665,3.4633333333333334,67.96333333333332,2.9933333333333336,19.599999999999998,-2.2100000000000004,39.17,28.02,126.93,-1.1269530792329794,29.6,81.2
Bajang,1995,170.41,-0.8317538294544419,1,5.8,12.946666666666665,-0.5899999999999999,13.536666666666667,42.089999999999996,3.6366666666666667,67.95333333333333,2.8966666666666665,16.92,-4.06,47.85,48.650000000000006,190.32999999999998,-0.6965107508990493,29.6,81.2
Bajang,1996,182.57,-0.7491958055973348,0,6.1066666666666665,13.426666666666668,-0.4333333333333333,13.856666666666667,44.97,3.903333333333333,67.90333333333332,2.9299999999999997,44.53,-2.896666666666667,47.75333333333333,60.46,170.41,-0.8317538294544419,29.6,81.2
Bajang,1997,166.64,-0.8573495325746141,1,4.8133333333333335,11.729999999999999,-1.2266666666666666,12.96,46.04666666666666,3.6666666666666665,67.92333333333333,2.81,46.49,-2.793333333333333,34.28666666666667,5.74,182.57,-0.7491958055973348,29.6,81.2
Bajang,1998,124.49000000000001,-1.1435189984937804,1,5.82,13.396666666666667,-0.9266666666666666,14.326666666666668,46.78666666666667,3.9933333333333336,67.99333333333333,2.8333333333333335,79.50999999999999,-3.9899999999999998,48.97666666666667,61.5,166.64,-0.8573495325746141,29.6,81.2
Bajang,1999,129.97,-1.1063135732687026,1,7.156666666666666,15.186666666666667,0.10666666666666676,15.083333333333334,28.929999999999996,2.83,67.87666666666667,3.0933333333333337,21.3,-1.07,35.82,11.93,124.49000000000001,-1.1435189984937804,29.6,81.2
Bajang,2000,332.45,0.26838615293088985,0,6.333333333333333,13.886666666666665,-0.17000000000000023,14.053333333333333,38.236666666666665,3.6833333333333336,67.85666666666667,2.8800000000000003,73.47,-3.0033333333333334,38.85333333333333,24.14,129.97,-1.1063135732687026,29.6,81.2
Bajang,2001,319.78000000000003,0.1823655803758287,0,5.8566666666666665,12.88,-0.17333333333333348,13.053333333333333,43.86666666666667,3.98,67.91333333333334,2.7433333333333336,42.29,-1.5666666666666667,32.129999999999995,1.1099999999999999,332.45,0.26838615293088985,29.6,81.2
Bajang,2002,169.27,-0.8394936441910456,1,6.826666666666667,14.113333333333335,0.6366666666666667,13.483333333333334,40.46333333333333,3.6966666666666668,67.95333333333333,2.8866666666666667,16.24,-2.676666666666667,43.73333333333333,51.06,319.78000000000003,0.1823655803758287,29.6,81.2
Bajang,2003,316.52,0.1602324259536105,0,5.886666666666667,13.11,-0.3166666666666666,13.426666666666668,42.47666666666667,3.61,67.94,2.9233333333333333,8.96,-2.6066666666666665,40.27,63.519999999999996,169.27,-0.8394936441910456,29.6,81.2
Bajang,2004,397.03000000000003,0.7068398684483224,0,7.293333333333334,14.64,0.9800000000000001,13.656666666666666,42.596666666666664,4.123333333333334,67.97666666666667,2.8966666666666665,111.56,-2.4766666666666666,45.31,26.79,316.52,0.1602324259536105,29.6,81.2
Bajang,2005,542.47,1.694277285370827,0,5.31,11.89,-0.36333333333333345,12.256666666666666,52.583333333333336,4.316666666666666,67.99333333333334,2.75,91.95,-2.983333333333333,55.29666666666666,61.309999999999995,397.03000000000003,0.7068398684483224,29.6,81.2
Bajang,2006,452.81,1.0855476456481112,0,5.136666666666667,11.743333333333334,-1.0033333333333336,12.746666666666668,57.71333333333333,4.933333333333334,67.93666666666667,2.6300000000000003,146.51,-1.06,42.550000000000004,6.54,542.47,1.694277285370827,29.6,81.2
Bajang,2007,592.98,2.0372053926917544,0,4.916666666666667,11.46,-1.4933333333333334,12.956666666666665,62.129999999999995,5.1466666666666665,68.01666666666667,2.54,182.61,-2.9066666666666667,50.800000000000004,116.33,452.81,1.0855476456481112,29.6,81.2
Bajang,2008,634.2,2.317060799220534,0,5.57,12.146666666666667,-0.4166666666666668,12.563333333333333,50.56999999999999,4.346666666666667,67.91000000000001,2.67,84.91,-3.393333333333333,50.86000000000001,13.04,592.98,2.0372053926917544,29.6,81.2
Bajang,2009,410.84000000000003,0.8006002557399876,0,6.02,13.003333333333336,-0.15333333333333332,13.153333333333334,47.46333333333333,4.203333333333333,67.95,2.8366666666666664,42.87,-0.71,47.73,14.84,634.2,2.317060799220534,29.6,81.2
Bajang,2010,628.61,2.279108549766485,0,7.423333333333333,14.700000000000001,0.8866666666666667,13.813333333333333,43.06666666666666,4.123333333333333,68.05333333333333,2.9333333333333336,24.39,-2.3833333333333333,48.88999999999999,28.009999999999998,410.84000000000003,0.8006002557399876,29.6,81.2
Bajang,2011,697.5,2.7468241964372178,0,5.3,11.606666666666667,-0.33000000000000007,11.936666666666667,58.25,4.96,67.96,2.6233333333333335,72.66,-4.116666666666666,58.923333333333325,66.5,628.61,2.279108549766485,29.6,81.2
Bajang,2012,448.64,1.0572362180589552,0,5.126666666666666,11.65,-0.8400000000000002,12.493333333333332,52.053333333333335,4.239999999999999,67.89999999999999,2.72,47.26,-4.44,61.776666666666664,49.82,697.5,2.7468241964372178,29.6,81.2
Bajang,2013,686.3299999999999,2.670987590640845,0,5.663333333333334,11.853333333333333,-0.08999999999999986,11.94,60.11666666666667,5.003333333333333,67.95666666666666,2.716666666666667,38.58,-3.8166666666666664,65.39,170.73,448.64,1.0572362180589552,29.6,81.2
Bajang,2014,407.03000000000003,0.774732980172917,0,4.8566666666666665,10.799999999999999,-0.6799999999999998,11.476666666666667,63.19333333333333,5.026666666666666,68.00666666666666,2.6633333333333336,74.59,-3.4766666666666666,66.47666666666667,80.15,686.3299999999999,2.670987590640845,29.6,81.2
Bajang,2015,342.93,0.33953813401826516,0,4.56,9.946666666666667,-0.7300000000000001,10.673333333333332,71.49333333333334,5.553333333333334,68.03666666666666,2.3733333333333335,224.37,-3.7466666666666666,64.56333333333333,135.34,407.03000000000003,0.774732980172917,29.6,81.2
Bajang,2016,396.65000000000003,0.7042599302027879,0,6.8,13.14,1.42,11.72,54.99666666666667,5.066666666666666,68.01666666666667,2.72,98.78999999999999,-1.7300000000000002,47.35333333333333,34.01,342.93,0.33953813401826516,29.6,81.2
Bajang,2017,476.15,1.244010168413315,0,5.813333333333333,12.293333333333335,0.18000000000000002,12.11,56.47,4.973333333333334,67.95,2.7266666666666666,148.62,-0.52,45.63666666666666,21.700000000000003,396.65000000000003,0.7042599302027879,29.6,81.2
Bajang,2018,16.41,-1.8773077500131994,1,6.3,12.826666666666668,0.55,12.273333333333333,53.89000000000001,4.783333333333333,67.99000000000001,2.7733333333333334,4.53,-0.8033333333333333,44.673333333333325,5.75,476.15,1.244010168413315,29.6,81.2
Bajang,2019,14.129999999999999,-1.8927873794864072,1,4.503333333333333,11.086666666666666,-2.0633333333333335,13.15,63.11666666666667,4.896666666666667,68.0,2.5933333333333333,3.1100000000000003,-4.116666666666667,67.60666666666667,5.24,16.41,-1.8773077500131994,29.6,81.2
Banke,1982,889.9300000000001,0.4644457163734099,0,23.810000000000002,31.043333333333333,17.330000000000002,13.713333333333333,39.516666666666666,7.7299999999999995,92.62,3.03,120.99,13.486666666666666,48.60666666666666,122.97999999999999,1090.76,1.1904391362792799,28.1,81.7
Banke,1983,873.87,0.4063893785569068,0,24.72,32.50333333333333,17.706666666666667,14.793333333333335,27.003333333333334,5.776666666666666,92.57333333333334,3.15,56.82,13.503333333333336,37.99,37.519999999999996,889.9300000000001,0.4644457163734099,28.1,81.7
Banke,1984,784.26,0.08245236537279568,0,26.37,34.61666666666667,18.736666666666668,15.883333333333333,25.166666666666668,5.816666666666666,92.39333333333333,3.1233333333333335,35.7,13.023333333333333,44.59,83.57,873.87,0.4063893785569068,28.1,81.7
Banke,1985,847.21,0.3100144117955142,0,26.8,35.22666666666667,18.83666666666667,16.383333333333336,19.44666666666667,4.776666666666666,92.36,3.3800000000000003,65.74,14.296666666666667,33.096666666666664,30.490000000000002,784.26,0.08245236537279568,28.1,81.7
Banke,1986,801.12,0.14340067518513935,0,25.09,33.01666666666667,17.596666666666668,15.416666666666666,25.709999999999997,5.3999999999999995,92.51666666666667,3.0866666666666664,47.14,13.969999999999999,49.14666666666667,50.97,847.21,0.3100144117955142,28.1,81.7
Banke,1987,451.18,-1.121620175095497,1,25.19333333333333,32.99,17.96666666666667,15.020000000000001,25.826666666666668,5.526666666666666,92.65333333333332,3.216666666666667,67.77,14.873333333333335,37.096666666666664,58.63,801.12,0.14340067518513935,28.1,81.7
Banke,1988,1165.05,1.4589948857430406,0,26.36,34.593333333333334,18.58,16.01,24.09,5.446666666666666,92.44333333333333,3.0533333333333332,90.35,15.416666666666666,33.47,109.35000000000001,451.18,-1.121620175095497,28.1,81.7
Banke,1989,684.89,-0.2767667061605725,0,25.636666666666667,34.123333333333335,17.866666666666664,16.253333333333334,20.88,4.6,92.45,3.516666666666667,26.94,14.049999999999999,38.27,56.53999999999999,1165.05,1.4589948857430406,28.1,81.7
Banke,1990,914.11,0.5518555699476961,0,25.27,32.85333333333333,18.083333333333332,14.770000000000001,28.50333333333333,6.23,92.51666666666667,2.9899999999999998,64.05,15.280000000000001,34.99333333333333,81.83,684.89,-0.2767667061605725,28.1,81.7
Banke,1991,605.84,-0.5625296889995856,0,26.74,34.95333333333333,19.139999999999997,15.813333333333333,18.656666666666666,4.296666666666667,92.55,3.1733333333333333,30.240000000000002,15.11,35.67666666666667,17.24,914.11,0.5518555699476961,28.1,81.7
Banke,1992,744.1,-0.06272462881840944,0,25.933333333333334,34.24333333333333,18.436666666666667,15.803333333333333,20.63,4.623333333333334,92.56666666666666,3.6966666666666668,25.14,14.193333333333333,38.48,52.790000000000006,605.84,-0.5625296889995856,28.1,81.7
Banke,1993,491.01,-0.9776361193525762,1,24.89,32.85,17.503333333333334,15.343333333333334,24.936666666666667,5.156666666666667,92.62666666666667,3.0766666666666667,85.63,15.04,34.056666666666665,19.32,744.1,-0.06272462881840944,28.1,81.7
Banke,1994,564.17,-0.7131652803329405,0,26.516666666666666,34.67333333333333,18.906666666666666,15.770000000000001,19.963333333333335,4.766666666666667,92.55333333333333,3.1966666666666668,20.8,15.276666666666666,29.616666666666664,47.09,491.01,-0.9776361193525762,28.1,81.7
Banke,1995,532.99,-0.8258798888708332,1,26.51,34.52,19.153333333333332,15.363333333333335,19.606666666666666,4.636666666666667,92.57,3.2600000000000002,7.24,14.513333333333334,32.29333333333333,32.62,564.17,-0.7131652803329405,28.1,81.7
Banke,1996,501.58,-0.9394259393575304,1,26.426666666666666,34.443333333333335,18.956666666666667,15.483333333333334,23.290000000000003,5.246666666666667,92.46,3.2133333333333334,26.2,14.783333333333331,36.53333333333333,89.75999999999999,532.99,-0.8258798888708332,28.1,81.7
Banke,1997,329.48,-1.56156141496277,1,25.176666666666666,32.86666666666667,18.01,14.853333333333333,22.44666666666667,4.806666666666667,92.66000000000001,3.1133333333333333,28.48,14.223333333333334,27.713333333333335,8.23,501.58,-0.9394259393575304,28.1,81.7
Banke,1998,504.26,-0.929737833171464,1,25.290000000000003,32.95333333333334,18.093333333333334,14.853333333333333,28.19666666666667,5.956666666666667,92.66666666666667,2.94,74.22999999999999,13.743333333333332,41.39,73.93,329.48,-1.56156141496277,28.1,81.7
Banke,1999,370.54,-1.4131309522762439,1,26.973333333333333,35.61333333333334,19.083333333333332,16.53,15.806666666666667,3.986666666666667,92.33666666666666,3.2866666666666666,37.519999999999996,15.593333333333334,32.169999999999995,18.59,504.26,-0.929737833171464,28.1,81.7
Banke,2000,852.56,0.32935447451769884,0,26.426666666666666,34.32666666666666,19.133333333333333,15.196666666666667,20.656666666666666,5.213333333333334,92.40666666666665,3.0066666666666664,90.08,14.613333333333335,28.25333333333333,26.310000000000002,370.54,-1.4131309522762439,28.1,81.7
Banke,2001,640.98,-0.4354998190822811,0,26.116666666666664,33.82666666666666,19.016666666666666,14.816666666666668,22.76,5.56,92.52333333333333,2.92,48.559999999999995,14.903333333333334,29.46666666666667,3.01,852.56,0.32935447451769884,28.1,81.7
Banke,2002,403.23,-1.2949577465962014,1,26.84,34.65,19.546666666666667,15.11,22.25333333333333,5.31,92.49333333333334,2.97,23.61,14.866666666666667,35.95333333333333,54.53,640.98,-0.4354998190822811,28.1,81.7
Banke,2003,610.46,-0.5458285507236053,0,25.906666666666666,33.74666666666666,18.456666666666667,15.290000000000001,22.23,4.86,92.58333333333333,3.01,12.29,14.546666666666667,37.696666666666665,82.81,403.23,-1.2949577465962014,28.1,81.7
Banke,2004,849.29,0.3175335389846999,0,26.923333333333332,34.68666666666667,19.813333333333333,14.87,25.41,6.183333333333333,92.46666666666665,3.063333333333333,135.37,14.536666666666667,42.336666666666666,43.63999999999999,610.46,-0.5458285507236053,28.1,81.7
Banke,2005,1047.3,1.0333327576052314,0,25.273333333333337,32.78666666666667,18.296666666666667,14.493333333333334,30.38,6.420000000000001,92.66333333333334,2.8166666666666664,99.63,14.663333333333334,45.77,66.64,849.29,0.3175335389846999,28.1,81.7
Banke,2006,963.7,0.7311216840398742,0,24.973333333333333,32.11333333333334,18.349999999999998,13.766666666666666,35.56666666666667,7.793333333333333,92.58666666666666,2.5633333333333335,170.78,15.82,38.50666666666667,5.93,1047.3,1.0333327576052314,28.1,81.7
Banke,2007,1189.84,1.5486098679641553,0,24.823333333333334,31.77333333333333,18.406666666666666,13.37,40.64666666666667,8.586666666666668,92.62666666666667,2.7133333333333334,202.18,14.520000000000001,43.81333333333333,141.29,963.7,0.7311216840398742,28.1,81.7
Banke,2008,1498.8,2.66548945275785,0,25.73,33.27,18.843333333333334,14.423333333333332,28.290000000000003,6.323333333333333,92.50333333333333,2.8466666666666662,113.66,13.843333333333334,41.78,11.68,1189.84,1.5486098679641553,28.1,81.7
Banke,2009,879.58,0.42703082867722025,0,25.956666666666667,33.60666666666666,18.95,14.656666666666666,27.626666666666665,6.366666666666667,92.54333333333334,2.9233333333333333,65.08,15.663333333333334,47.02,15.13,1498.8,2.66548945275785,28.1,81.7
Banke,2010,1127.77,1.324228990736862,0,27.603333333333335,35.5,20.33,15.173333333333334,24.336666666666662,5.96,92.50666666666666,3.08,49.25,14.263333333333334,46.95333333333334,36.06,879.58,0.42703082867722025,28.1,81.7
Banke,2011,1467.68,2.5529917421196457,0,25.27333333333333,32.68333333333334,18.493333333333336,14.183333333333332,33.25,7.343333333333334,92.60000000000001,2.8200000000000003,89.85,13.603333333333333,50.9,63.09,1127.77,1.324228990736862,28.1,81.7
Banke,2012,1097.28,1.2140087080453819,0,25.473333333333333,33.199999999999996,18.30666666666667,14.893333333333333,27.53,5.903333333333333,92.52333333333333,3.033333333333333,38.809999999999995,13.556666666666667,51.346666666666664,85.11999999999999,1467.68,2.5529917421196457,28.1,81.7
Banke,2013,1488.31,2.6275684699623882,0,25.86,33.32,19.213333333333335,14.11,32.656666666666666,7.03,92.52,3.0033333333333334,34.29,13.566666666666668,54.46666666666667,150.32,1097.28,1.2140087080453819,28.1,81.7
Banke,2014,1027.8799999999999,0.9631301374061971,0,25.326666666666668,32.660000000000004,18.74,13.923333333333332,33.73666666666667,7.12,92.69,3.0233333333333334,63.760000000000005,13.906666666666666,58.403333333333336,74.86,1488.31,2.6275684699623882,28.1,81.7
Banke,2015,937.93,0.637964036123854,0,24.49666666666667,31.093333333333334,18.473333333333333,12.62,43.75666666666667,8.703333333333333,92.72666666666667,2.703333333333333,226.19,14.466666666666667,49.199999999999996,96.09,1027.8799999999999,0.9631301374061971,28.1,81.7
Banke,2016,1136.0700000000002,1.3542332001937105,0,26.873333333333335,34.23,20.26,13.976666666666667,29.183333333333334,6.960000000000001,92.57000000000001,3.026666666666667,151.96,15.423333333333334,35.6,21.990000000000002,937.93,0.637964036123854,28.1,81.7
Banke,2017,1137.22,1.358390409937731,0,26.116666666666664,33.35333333333333,19.44333333333333,13.916666666666666,31.44666666666667,7.3133333333333335,92.54666666666667,2.733333333333333,157.74,15.75,42.06,30.49,1136.0700000000002,1.3542332001937105,28.1,81.7
Banke,2018,44.39,-2.5921517853305662,1,25.953333333333333,33.24,19.263333333333332,13.976666666666667,33.29,7.653333333333333,92.58333333333333,2.796666666666667,6.98,15.479999999999999,40.346666666666664,1.56,1137.22,1.358390409937731,28.1,81.7
Banke,2019,39.45,-2.610009712404883,1,25.103333333333335,32.49666666666666,18.226666666666667,14.270000000000001,35.76,7.446666666666666,92.64999999999999,2.8800000000000003,2.63,14.003333333333332,52.13666666666666,5.25,44.39,-2.5921517853305662,28.1,81.7
Bara,1982,708.2,-0.13575057648564887,0,26.39,33.86000000000001,19.59,14.270000000000001,33.193333333333335,7.32,95.13999999999999,2.6999999999999997,109.97999999999999,15.673333333333332,44.48333333333333,83.75,1001.5799999999999,1.0712897635342407,27.15,84.95
Bara,1983,454.14,-1.1810183820124514,1,26.69666666666667,34.37,19.69333333333333,14.686666666666667,24.836666666666662,5.8999999999999995,95.09666666666665,2.99,58.22,15.596666666666666,31.183333333333337,6.26,708.2,-0.13575057648564887,27.15,84.95
Bara,1984,898.6700000000001,0.6478917084812489,0,28.30666666666667,36.43333333333334,20.896666666666665,15.533333333333333,22.14,5.793333333333333,94.91666666666667,3.0366666666666666,51.78,15.556666666666667,31.77,32.620000000000005,454.14,-1.1810183820124514,27.15,84.95
Bara,1985,921.2,0.7405858896137327,0,28.48,36.64666666666667,20.833333333333332,15.813333333333333,19.636666666666667,5.226666666666667,94.87333333333333,3.0366666666666666,31.529999999999998,15.92,32.77666666666667,21.08,898.6700000000001,0.6478917084812489,27.15,84.95
Bara,1986,675.03,-0.2722204383660083,0,26.95,34.79666666666667,19.61,15.183333333333332,25.02,5.886666666666667,95.05,2.8800000000000003,64.53,15.62,48.19,20.16,921.2,0.7405858896137327,27.15,84.95
Bara,1987,882.3700000000001,0.5808293404182449,0,27.323333333333334,35.13,20.12,15.01,22.906666666666666,5.343333333333334,95.16666666666667,2.85,43.56,16.856666666666666,34.086666666666666,40.830000000000005,675.03,-0.2722204383660083,27.15,84.95
Bara,1988,811.05,0.2874006232247798,0,27.256666666666664,35.07333333333333,20.08666666666667,14.979999999999999,29.08666666666667,7.010000000000001,95.0,2.7099999999999995,149.56,16.546666666666667,38.473333333333336,7.0,882.3700000000001,0.5808293404182449,27.15,84.95
Bara,1989,549.14,-0.7901640896207084,0,27.400000000000002,35.65,20.05666666666667,15.590000000000002,21.439999999999998,5.283333333333333,94.95333333333333,3.23,68.00999999999999,15.729999999999999,36.00666666666667,56.269999999999996,811.05,0.2874006232247798,27.15,84.95
Bara,1990,901.41,0.6591647691249682,0,27.373333333333335,34.836666666666666,20.36666666666667,14.473333333333334,24.813333333333333,6.1499999999999995,95.05333333333334,2.8033333333333332,29.330000000000002,16.87,30.400000000000002,28.240000000000002,549.14,-0.7901640896207084,27.15,84.95
Bara,1991,499.62,-0.9939020323495411,1,28.486666666666665,36.66,20.966666666666665,15.69,18.526666666666667,4.82,95.07333333333334,2.9066666666666663,29.509999999999998,17.293333333333333,31.14,5.69,901.41,0.6591647691249682,27.15,84.95
Bara,1992,475.35999999999996,-1.0937138758592644,1,27.996666666666666,36.3,20.526666666666667,15.770000000000001,19.493333333333336,4.92,95.04666666666667,3.546666666666667,30.599999999999998,15.933333333333335,32.74333333333333,25.23,499.62,-0.9939020323495411,27.15,84.95
Bara,1993,522.52,-0.8996855766045843,1,26.47,34.27333333333333,19.393333333333334,14.88,27.153333333333336,6.3,95.16333333333334,2.926666666666667,107.89,16.633333333333333,31.013333333333332,11.36,475.35999999999996,-1.0937138758592644,27.15,84.95
Bara,1994,515.22,-0.9297196432831074,1,28.19666666666667,36.26666666666667,20.790000000000003,15.476666666666667,19.996666666666666,5.283333333333333,95.07666666666667,2.966666666666667,29.78,16.87333333333333,29.94666666666667,23.339999999999996,522.52,-0.8996855766045843,27.15,84.95
Bara,1995,678.0799999999999,-0.2596719584523788,0,28.433333333333334,36.57666666666666,21.08666666666667,15.49,18.636666666666667,4.933333333333334,95.07333333333334,3.233333333333333,13.31,16.30666666666667,28.28,19.799999999999997,515.22,-0.9297196432831074,27.15,84.95
Bara,1996,652.73,-0.363968340685333,0,28.346666666666668,36.449999999999996,20.903333333333332,15.546666666666667,21.906666666666666,5.5566666666666675,94.96666666666665,3.0500000000000003,40.96,16.08666666666667,38.42333333333334,67.38,678.0799999999999,-0.2596719584523788,27.15,84.95
Bara,1997,558.68,-0.7509140901531588,0,26.87,34.660000000000004,19.72,14.94,22.613333333333333,5.336666666666667,95.17999999999999,2.936666666666667,54.86,15.68,26.593333333333334,7.08,652.73,-0.363968340685333,27.15,84.95
Bara,1998,667.75,-0.3021722199303438,0,27.02,34.65,20.113333333333333,14.54,28.426666666666666,6.919999999999999,95.19666666666667,2.9166666666666665,59.48,15.606666666666667,37.50666666666667,31.21,558.68,-0.7509140901531588,27.15,84.95
Bara,1999,449.73,-1.199162249690847,1,28.399999999999995,36.72666666666667,20.986666666666668,15.74,19.423333333333332,5.236666666666667,94.84333333333332,2.986666666666667,48.95,17.496666666666666,30.563333333333333,3.54,667.75,-0.3021722199303438,27.15,84.95
Bara,2000,772.4300000000001,0.12850806772826331,0,27.599999999999998,35.18666666666667,20.606666666666666,14.58,24.5,6.4366666666666665,94.95333333333333,2.7933333333333334,77.12,16.47,27.679999999999996,2.81,449.73,-1.199162249690847,27.15,84.95
Bara,2001,662.62,-0.3232783517194979,0,27.77,35.31666666666667,21.033333333333335,14.29,25.17,6.640000000000001,95.05,2.893333333333333,71.01,16.276666666666667,28.599999999999998,1.27,772.4300000000001,0.12850806772826331,27.15,84.95
Bara,2002,414.97999999999996,-1.3421326355920373,1,27.39,34.79666666666666,20.720000000000002,14.07,31.459999999999997,7.736666666666667,95.06666666666666,2.873333333333333,113.83,16.26,38.88333333333333,26.08,662.62,-0.3232783517194979,27.15,84.95
Bara,2003,504.02,-0.9757993072282394,1,27.429999999999996,34.98,20.266666666666666,14.71,25.263333333333332,6.036666666666666,95.13,2.706666666666667,21.0,15.85,38.13999999999999,63.38,414.97999999999996,-1.3421326355920373,27.15,84.95
Bara,2004,959.62,0.8986555939683721,0,27.429999999999996,34.696666666666665,20.766666666666666,13.923333333333334,33.096666666666664,8.06,95.01666666666667,2.566666666666667,247.61,16.093333333333334,41.580000000000005,38.77,504.02,-0.9757993072282394,27.15,84.95
Bara,2005,904.4100000000001,0.671507536253129,0,27.263333333333332,34.656666666666666,20.366666666666667,14.29,29.41,6.863333333333333,95.18666666666667,2.5866666666666664,70.6,16.253333333333334,48.910000000000004,62.72,959.62,0.8986555939683721,27.15,84.95
Bara,2006,1034.3,1.2059082103453758,0,26.74,33.74,20.47,13.266666666666666,34.88666666666666,8.293333333333335,95.14,2.563333333333333,177.21999999999997,16.853333333333335,41.13666666666666,0.03,904.4100000000001,0.671507536253129,27.15,84.95
Bara,2007,1147.91,1.673328801488807,0,26.53333333333333,33.38666666666666,20.236666666666665,13.15,39.593333333333334,9.133333333333333,95.16666666666667,2.4233333333333333,155.39,15.38,47.919999999999995,100.02,1034.3,1.2059082103453758,27.15,84.95
Bara,2008,1438.76,2.869960074563948,0,26.926666666666666,34.083333333333336,20.153333333333332,13.933333333333332,32.74,7.736666666666667,95.05,2.4933333333333336,173.84,14.85,46.74,22.71,1147.91,1.673328801488807,27.15,84.95
Bara,2009,833.13,0.37824338928803986,0,27.30333333333333,34.67333333333334,20.723333333333333,13.950000000000001,29.083333333333332,7.153333333333333,95.07666666666667,2.6733333333333333,128.0,16.906666666666666,49.913333333333334,1.76,1438.76,2.869960074563948,27.15,84.95
Bara,2010,972.1999999999999,0.9504129307924574,0,28.813333333333333,36.373333333333335,22.11,14.266666666666666,26.47666666666667,7.013333333333333,95.04,2.9133333333333336,73.3,16.043333333333333,41.02333333333333,18.009999999999998,833.13,0.37824338928803986,27.15,84.95
Bara,2011,1059.0800000000002,1.3078594668239807,0,26.516666666666666,33.61333333333334,20.116666666666667,13.493333333333332,35.11333333333334,8.299999999999999,95.14666666666666,2.6799999999999997,188.81,15.233333333333334,46.85,16.71,972.1999999999999,0.9504129307924574,27.15,84.95
Bara,2012,1022.58,1.1576891334313633,0,27.683333333333334,35.21333333333333,20.813333333333333,14.403333333333334,25.2,6.1866666666666665,95.03666666666668,2.91,40.03,15.520000000000001,47.153333333333336,22.93,1059.0800000000002,1.3078594668239807,27.15,84.95
Bara,2013,1120.85,1.5619970419928004,0,26.486666666666668,33.92666666666667,19.923333333333332,14.003333333333332,34.26,7.696666666666666,95.07,2.716666666666667,160.51999999999998,13.9,50.54666666666666,51.519999999999996,1022.58,1.1576891334313633,27.15,84.95
Bara,2014,1115.87,1.541508048560054,0,27.05,34.43,20.483333333333334,13.946666666666667,32.35333333333333,7.473333333333334,95.19666666666667,2.8266666666666667,163.26,15.143333333333333,57.64000000000001,32.370000000000005,1120.85,1.5619970419928004,27.15,84.95
Bara,2015,1084.27,1.4114975681434327,0,26.473333333333333,33.300000000000004,20.376666666666665,12.920000000000002,40.593333333333334,9.153333333333334,95.25666666666666,2.58,195.43,15.876666666666667,51.42666666666667,34.44,1115.87,1.541508048560054,27.15,84.95
Bara,2016,1006.0600000000001,1.089721629112294,0,28.64,36.07,22.156666666666666,13.92,28.69,7.383333333333333,95.07333333333334,3.1166666666666667,141.27,16.886666666666667,38.949999999999996,10.42,1084.27,1.4114975681434327,27.15,84.95
Bara,2017,1001.3499999999999,1.0703434847210815,0,27.026666666666667,34.053333333333335,20.723333333333333,13.326666666666666,36.32333333333333,8.823333333333332,95.09333333333332,2.6,225.99,17.3,44.0,9.030000000000001,1006.0600000000001,1.089721629112294,27.15,84.95
Bara,2018,26.759999999999998,-2.9393689870901683,1,26.76,33.71666666666667,20.473333333333333,13.24,37.623333333333335,8.923333333333334,95.15333333333335,2.72,6.91,16.636666666666667,39.98,0.12,1001.3499999999999,1.0703434847210815,27.15,84.95
Bara,2019,35.879999999999995,-2.901846975020561,1,26.939999999999998,34.29333333333333,20.473333333333333,13.823333333333332,35.013333333333335,8.223333333333334,95.16666666666667,2.6799999999999997,5.0200000000000005,16.473333333333333,44.07333333333333,2.6100000000000003,26.759999999999998,-2.9393689870901683,27.15,84.95
Bardiya,1982,785.29,0.2738335147128639,0,25.286666666666665,32.666666666666664,18.513333333333332,14.15,38.193333333333335,7.976666666666667,94.71333333333332,2.8666666666666667,110.64,14.416666666666666,46.696666666666665,118.34,1004.4200000000001,1.0866833859254328,28.45,81.3
Bardiya,1983,840.8100000000001,0.479781695471874,0,26.23333333333333,34.17,18.933333333333334,15.24,25.77,5.896666666666667,94.66000000000001,2.9599999999999995,57.760000000000005,14.533333333333333,37.03,37.269999999999996,785.29,0.2738335147128639,28.45,81.3
Bardiya,1984,735.82,0.09032745379520905,0,27.99,36.446666666666665,19.793333333333333,16.653333333333332,23.650000000000002,5.863333333333333,94.46,2.9166666666666665,37.43,13.846666666666666,43.97,85.46,840.8100000000001,0.479781695471874,28.45,81.3
Bardiya,1985,790.06,0.2915275496952211,0,28.320000000000004,36.876666666666665,19.966666666666665,16.91,18.576666666666668,4.896666666666667,94.42666666666666,3.1300000000000003,69.58,15.256666666666668,31.876666666666665,33.43,735.82,0.09032745379520905,28.45,81.3
Bardiya,1986,791.3299999999999,0.29623854014125744,0,26.683333333333334,34.77,18.843333333333334,15.93,24.486666666666665,5.506666666666667,94.59333333333332,2.9333333333333336,52.370000000000005,14.976666666666667,47.11333333333334,51.64,790.06,0.2915275496952211,28.45,81.3
Bardiya,1987,419.36,-1.0835623387659623,1,26.71666666666667,34.623333333333335,19.073333333333334,15.553333333333333,24.776666666666667,5.676666666666667,94.74333333333334,3.0333333333333337,72.11999999999999,15.90333333333333,36.096666666666664,55.59,791.3299999999999,0.29623854014125744,28.45,81.3
Bardiya,1988,1059.29,1.2902204298419826,0,27.78,36.22,19.526666666666667,16.69,23.343333333333334,5.573333333333333,94.50999999999999,2.91,92.17,16.156666666666666,33.473333333333336,117.25,419.36,-1.0835623387659623,28.45,81.3
Bardiya,1989,607.84,-0.3844068432786035,0,27.14,35.73,19.026666666666667,16.7,19.599999999999998,4.586666666666667,94.53333333333335,3.266666666666667,28.48,14.933333333333332,37.50333333333333,55.50000000000001,1059.29,1.2902204298419826,28.45,81.3
Bardiya,1990,811.0799999999999,0.369500005739068,0,26.72666666666667,34.42333333333334,19.25,15.173333333333332,28.026666666666667,6.483333333333333,94.59333333333332,2.813333333333333,68.09,16.349999999999998,33.803333333333335,80.52000000000001,607.84,-0.3844068432786035,28.45,81.3
Bardiya,1991,518.54,-0.7156599510195902,0,28.19333333333333,36.553333333333335,20.226666666666667,16.326666666666668,18.233333333333334,4.456666666666667,94.61666666666667,3.0066666666666664,40.94,16.16333333333333,33.76333333333333,18.939999999999998,811.0799999999999,0.369500005739068,28.45,81.3
Bardiya,1992,684.44,-0.10026363999798116,0,27.47,35.87,19.746666666666666,16.123333333333335,19.496666666666666,4.703333333333333,94.65666666666668,3.3833333333333333,25.93,15.170000000000002,38.11,50.8,518.54,-0.7156599510195902,28.45,81.3
Bardiya,1993,437.67,-1.0156424686345238,1,26.423333333333332,34.473333333333336,18.686666666666667,15.780000000000001,23.913333333333338,5.253333333333333,94.70666666666666,2.9133333333333336,80.1,16.12666666666667,32.916666666666664,20.08,684.44,-0.10026363999798116,28.45,81.3
Bardiya,1994,505.53999999999996,-0.763882687868782,0,28.05333333333333,36.333333333333336,20.073333333333334,16.263333333333332,19.33666666666667,4.923333333333333,94.62666666666667,2.99,20.94,16.30666666666667,28.77333333333333,45.32,437.67,-1.0156424686345238,28.45,81.3
Bardiya,1995,494.9,-0.8033511432591974,1,27.98,36.1,20.333333333333332,15.763333333333334,19.183333333333334,4.81,94.64333333333333,3.0433333333333334,8.55,15.646666666666667,31.349999999999998,36.07,505.53999999999996,-0.763882687868782,28.45,81.3
Bardiya,1996,461.17999999999995,-0.9284335037634087,1,27.903333333333336,36.07666666666666,20.11,15.969999999999999,22.790000000000003,5.453333333333333,94.53333333333335,3.0033333333333334,32.55,15.863333333333332,35.843333333333334,84.99000000000001,494.9,-0.8033511432591974,28.45,81.3
Bardiya,1997,308.27,-1.4956441723487865,1,26.64,34.45333333333333,19.173333333333332,15.283333333333333,22.093333333333334,5.026666666666666,94.75333333333333,2.9266666666666663,29.21,15.213333333333333,26.98,8.05,461.17999999999995,-0.9284335037634087,28.45,81.3
Bardiya,1998,434.4,-1.0277723416727438,1,26.73333333333333,34.52666666666667,19.183333333333334,15.333333333333334,27.209999999999997,6.066666666666666,94.74666666666667,2.76,77.75,14.623333333333335,41.78666666666667,71.91,308.27,-1.4956441723487865,28.45,81.3
Bardiya,1999,334.79999999999995,-1.3972326947634746,1,28.486666666666668,37.27333333333333,20.11,17.169999999999998,15.219999999999999,4.1000000000000005,94.40333333333332,3.0666666666666664,35.540000000000006,16.453333333333333,32.2,18.0,434.4,-1.0277723416727438,28.45,81.3
Bardiya,2000,800.52,0.3303283056523401,0,27.913333333333338,35.99666666666667,20.18,15.81,19.856666666666666,5.359999999999999,94.47333333333334,2.8866666666666667,89.31,15.583333333333334,27.636666666666667,27.409999999999997,334.79999999999995,-1.3972326947634746,28.45,81.3
Bardiya,2001,625.87,-0.31752561671007073,0,27.63,35.42666666666667,20.173333333333332,15.253333333333336,21.64,5.656666666666666,94.59333333333332,2.776666666666667,47.480000000000004,15.806666666666667,28.393333333333334,2.52,800.52,0.3303283056523401,28.45,81.3
Bardiya,2002,376.58,-1.2422522374127642,1,28.433333333333334,36.35333333333333,20.78,15.579999999999998,20.94,5.326666666666667,94.55666666666667,2.856666666666667,23.93,15.796666666666667,35.296666666666674,56.01,625.87,-0.31752561671007073,28.45,81.3
Bardiya,2003,591.1800000000001,-0.44620613527149067,0,27.41333333333333,35.35,19.62,15.733333333333333,21.47,4.986666666666667,94.66000000000001,2.8533333333333335,10.89,15.4,38.00333333333333,84.78,376.58,-1.2422522374127642,28.45,81.3
Bardiya,2004,809.86,0.3649744873578365,0,28.439999999999998,36.343333333333334,20.926666666666666,15.423333333333334,24.313333333333333,6.330000000000001,94.53333333333335,2.856666666666667,142.03,15.356666666666667,43.38666666666666,41.01,591.1800000000001,-0.44620613527149067,28.45,81.3
Bardiya,2005,1028.1000000000001,1.174522955816884,0,26.763333333333332,34.336666666666666,19.516666666666666,14.823333333333332,29.736666666666665,6.6866666666666665,94.74333333333334,2.6033333333333335,102.72,15.516666666666666,45.306666666666665,70.77,809.86,0.3649744873578365,28.45,81.3
Bardiya,2006,928.54,0.8052109803779962,0,26.429999999999996,33.696666666666665,19.48,14.213333333333333,34.5,8.026666666666666,94.67,2.4466666666666668,174.94,16.653333333333332,38.26,6.4,1028.1000000000001,1.174522955816884,28.45,81.3
Bardiya,2007,1161.62,1.6698075576710434,0,26.233333333333334,33.29333333333333,19.416666666666668,13.876666666666665,39.45,8.843333333333334,94.71333333333332,2.513333333333333,210.12,15.453333333333333,42.81666666666666,149.18,928.54,0.8052109803779962,28.45,81.3
Bardiya,2008,1431.8600000000001,2.6722469735268586,0,27.25,34.916666666666664,19.933333333333334,14.983333333333334,27.166666666666668,6.486666666666667,94.57333333333332,2.6533333333333333,110.99000000000001,14.666666666666666,41.39,12.73,1161.62,1.6698075576710434,28.45,81.3
Bardiya,2009,853.44,0.5266319390415118,0,27.41,35.22,20.02,15.200000000000001,26.53,6.526666666666667,94.61,2.8166666666666664,67.46000000000001,16.33,47.99666666666667,16.28,1431.8600000000001,2.6722469735268586,28.45,81.3
Bardiya,2010,1120.74,1.5181655974868162,0,29.24666666666667,37.25,21.55,15.703333333333333,22.706666666666667,5.953333333333333,94.56666666666666,2.8766666666666665,47.27,15.050000000000002,46.81,36.37,853.44,0.5266319390415118,28.45,81.3
Bardiya,2011,1428.98,2.661563782594114,0,26.746666666666666,34.29666666666667,19.546666666666667,14.746666666666664,32.42666666666667,7.613333333333333,94.68333333333334,2.65,94.19999999999999,14.209999999999999,53.30666666666667,69.94,1120.74,1.5181655974868162,28.45,81.3
Bardiya,2012,1039.14,1.215475187725736,0,26.94333333333333,34.76666666666667,19.436666666666667,15.32,26.59,6.06,94.59666666666668,2.813333333333333,43.269999999999996,14.313333333333333,52.163333333333334,84.03,1428.98,2.661563782594114,28.45,81.3
Bardiya,2013,1440.1,2.702812769806653,0,27.366666666666664,35.01333333333333,20.419999999999998,14.593333333333334,31.626666666666665,7.246666666666667,94.58666666666666,2.893333333333333,39.49,14.363333333333335,55.129999999999995,162.41,1039.14,1.215475187725736,28.45,81.3
Bardiya,2014,966.86,0.9473567708442294,0,26.673333333333332,34.196666666666665,19.873333333333335,14.32,33.22,7.383333333333334,94.77333333333333,2.9166666666666665,67.27000000000001,14.596666666666666,59.38666666666666,77.07,1440.1,2.702812769806653,28.45,81.3
Bardiya,2015,767.57,0.20810221494611972,0,25.983333333333334,32.79,19.676666666666666,13.113333333333335,42.36333333333334,8.873333333333333,94.80666666666667,2.603333333333333,214.24,15.36,47.806666666666665,103.27000000000001,966.86,0.9473567708442294,28.45,81.3
Bardiya,2016,977.81,0.9879751530364329,0,28.606666666666666,36.053333333333335,21.723333333333333,14.333333333333334,27.14,6.990000000000001,94.63,2.9033333333333338,125.22,16.683333333333334,32.11333333333334,26.03,767.57,0.20810221494611972,28.45,81.3
Bardiya,2017,967.59,0.9500646629903764,0,27.900000000000002,35.38666666666666,20.846666666666668,14.543333333333335,28.28,7.103333333333333,94.61000000000001,2.69,124.56,16.80333333333333,38.876666666666665,31.88,977.81,0.9879751530364329,28.45,81.3
Bardiya,2018,39.78,-2.49159206593644,1,27.653333333333332,35.25333333333334,20.55666666666667,14.693333333333333,30.613333333333333,7.613333333333334,94.64666666666666,2.7566666666666664,6.1,16.49,37.703333333333326,2.15,967.59,0.9500646629903764,28.45,81.3
Bardiya,2019,33.97,-2.513143919866733,1,26.69333333333333,34.276666666666664,19.376666666666665,14.9,33.76,7.43,94.73,2.7099999999999995,1.88,14.770000000000001,52.60666666666666,5.26,39.78,-2.49159206593644,28.45,81.3
Bhaktapur,1982,505.69000000000005,-0.11554246281195406,0,13.410000000000002,20.03,7.686666666666667,12.339999999999998,45.52333333333333,5.623333333333334,77.95666666666666,2.65,72.03,5.126666666666666,47.826666666666675,87.32,739.5300000000001,1.2462982178423816,27.7,85.5
Bhaktapur,1983,355.2,-0.9919682412573486,1,13.456666666666669,20.326666666666668,7.61,12.719999999999999,37.39,4.806666666666667,77.92,2.8200000000000003,62.39,4.843333333333333,37.24,4.12,505.69000000000005,-0.11554246281195406,27.7,85.5
Bhaktapur,1984,669.87,0.8406113301654182,0,15.216666666666667,22.41,9.126666666666667,13.283333333333333,33.33,4.843333333333334,77.86,2.8066666666666666,57.54,5.1866666666666665,33.443333333333335,24.16,355.2,-0.9919682412573486,27.7,85.5
Bhaktapur,1985,609.88,0.49124072448438166,0,15.24,22.46666666666667,8.89,13.576666666666668,31.246666666666666,4.473333333333334,77.83333333333333,2.86,35.370000000000005,5.493333333333333,39.02333333333333,17.66,669.87,0.8406113301654182,27.7,85.5
Bhaktapur,1986,489.63,-0.209072916674889,0,13.556666666666667,20.52,7.373333333333332,13.15,37.27333333333333,4.71,77.89999999999999,2.8000000000000003,50.99,5.966666666666666,47.56333333333333,18.12,609.88,0.49124072448438166,27.7,85.5
Bhaktapur,1987,583.96,0.3402874639534189,0,13.986666666666666,21.05,7.9433333333333325,13.11,34.03,4.3,78.00666666666666,2.7866666666666666,35.76,5.926666666666667,37.79333333333333,37.38,489.63,-0.209072916674889,27.7,85.5
Bhaktapur,1988,592.48,0.38990635977609645,0,14.463333333333333,21.423333333333336,8.450000000000001,12.976666666666667,40.416666666666664,5.456666666666666,77.90666666666667,2.703333333333333,137.73000000000002,7.153333333333333,40.9,4.57,583.96,0.3402874639534189,27.7,85.5
Bhaktapur,1989,396.42,-0.7519106255518587,0,14.466666666666667,21.69666666666667,8.32,13.373333333333333,32.21666666666667,4.41,77.85333333333334,2.8366666666666664,68.1,5.543333333333333,41.02333333333333,53.839999999999996,592.48,0.38990635977609645,27.7,85.5
Bhaktapur,1990,611.5699999999999,0.5010829702520251,0,13.82,20.563333333333333,7.906666666666666,12.656666666666666,38.876666666666665,5.16,77.89666666666666,2.7533333333333334,29.39,6.41,37.15333333333333,20.450000000000003,396.42,-0.7519106255518587,27.7,85.5
Bhaktapur,1991,364.46000000000004,-0.9380397230275367,1,14.896666666666667,22.209999999999997,8.42,13.786666666666667,29.846666666666664,4.13,77.99,2.813333333333333,32.71,6.286666666666666,38.52333333333333,4.44,611.5699999999999,0.5010829702520251,27.7,85.5
Bhaktapur,1992,356.71,-0.9831742820211699,1,14.823333333333332,22.183333333333334,8.573333333333332,13.61,29.263333333333332,4.03,77.94666666666667,3.033333333333333,22.75,5.13,38.67666666666667,22.529999999999998,364.46000000000004,-0.9380397230275367,27.7,85.5
Bhaktapur,1993,371.55,-0.8967488813159424,1,13.43,20.349999999999998,7.5,12.85,38.99666666666667,5.033333333333333,77.98,2.766666666666667,107.7,5.95,38.86000000000001,14.27,356.71,-0.9831742820211699,27.7,85.5
Bhaktapur,1994,325.32,-1.165983805480542,1,14.793333333333335,22.16,8.436666666666666,13.723333333333334,30.993333333333336,4.416666666666667,77.97000000000001,2.8466666666666662,28.16,6.486666666666667,34.14,16.78,371.55,-0.8967488813159424,27.7,85.5
Bhaktapur,1995,466.39,-0.3444183555151506,0,14.973333333333334,22.313333333333333,8.636666666666667,13.676666666666668,28.94,4.183333333333334,77.97,2.936666666666667,18.87,5.21,33.580000000000005,10.61,325.32,-1.165983805480542,27.7,85.5
Bhaktapur,1996,448.79999999999995,-0.4468592448955381,0,14.99,22.209999999999997,8.656666666666666,13.553333333333333,33.300000000000004,4.626666666666666,77.89333333333333,2.8766666666666665,35.629999999999995,5.586666666666666,42.04666666666666,48.05,466.39,-0.3444183555151506,27.7,85.5
Bhaktapur,1997,362.12,-0.9516674479365821,1,13.463333333333333,20.42,7.476666666666667,12.943333333333333,35.203333333333326,4.423333333333333,77.99,2.7466666666666666,45.86,5.2700000000000005,31.290000000000003,5.619999999999999,448.79999999999995,-0.4468592448955381,27.7,85.5
Bhaktapur,1998,446.23,-0.4618264470392327,0,14.299999999999999,21.286666666666665,8.426666666666668,12.863333333333335,39.78666666666667,5.453333333333333,78.02,2.7300000000000004,55.39,5.603333333333334,37.666666666666664,19.91,362.12,-0.9516674479365821,27.7,85.5
Bhaktapur,1999,323.4,-1.1771655284828355,1,15.623333333333335,23.026666666666667,9.486666666666666,13.540000000000001,28.05333333333333,4.239999999999999,77.81666666666666,2.85,45.17,7.523333333333333,30.543333333333333,2.6,446.23,-0.4618264470392327,27.7,85.5
Bhaktapur,2000,530.63,0.02970345993658789,0,14.4,21.216666666666665,8.626666666666667,12.593333333333334,36.20333333333333,5.22,77.85666666666667,2.73,63.0,5.4799999999999995,34.60666666666666,1.9,323.4,-1.1771655284828355,27.7,85.5
Bhaktapur,2001,451.0,-0.43404685395540976,0,14.506666666666668,21.376666666666665,8.626666666666667,12.75,37.50333333333333,5.359999999999999,77.93666666666667,2.776666666666667,44.769999999999996,6.71,30.626666666666665,0.49,530.63,0.02970345993658789,27.7,85.5
Bhaktapur,2002,315.65,-1.2223000874764685,1,14.410000000000002,21.040000000000003,8.916666666666666,12.123333333333335,44.63333333333333,6.099999999999999,77.94333333333333,2.6633333333333336,85.96000000000001,6.243333333333333,39.02333333333333,19.86,451.0,-0.43404685395540976,27.7,85.5
Bhaktapur,2003,347.90999999999997,-1.0344238457816821,1,14.08,21.013333333333332,8.123333333333333,12.893333333333333,38.52,5.0,77.98333333333333,2.716666666666667,17.700000000000003,5.8999999999999995,39.806666666666665,54.68,315.65,-1.2223000874764685,27.7,85.5
Bhaktapur,2004,771.1700000000001,1.4305636948176774,0,14.68,21.12333333333333,9.263333333333334,11.86,46.663333333333334,6.390000000000001,77.93666666666667,2.5,251.58999999999997,5.863333333333333,42.99666666666667,31.959999999999997,347.90999999999997,-1.0344238457816821,27.7,85.5
Bhaktapur,2005,701.08,1.0223725670933257,0,13.743333333333334,20.316666666666666,7.993333333333333,12.323333333333332,44.626666666666665,5.626666666666666,78.04666666666667,2.59,75.33,5.669999999999999,56.173333333333325,56.58,771.1700000000001,1.4305636948176774,27.7,85.5
Bhaktapur,2006,765.6,1.3981250504828984,0,13.856666666666667,20.25,8.453333333333333,11.796666666666667,48.18333333333334,6.44,77.98,2.513333333333333,146.5,7.6866666666666665,39.24,0.02,701.08,1.0223725670933257,27.7,85.5
Bhaktapur,2007,827.72,1.7599003801196045,0,13.946666666666667,20.176666666666666,8.496666666666668,11.68,53.080000000000005,6.943333333333334,78.01666666666667,2.4233333333333333,130.67000000000002,5.66,51.843333333333334,89.08000000000001,765.6,1.3981250504828984,27.7,85.5
Bhaktapur,2008,929.68,2.353696462053901,0,13.9,20.46666666666667,8.223333333333334,12.243333333333332,46.45333333333334,6.06,77.92666666666666,2.5866666666666664,144.8,5.406666666666666,45.75,15.94,827.72,1.7599003801196045,27.7,85.5
Bhaktapur,2009,580.71,0.3213600682464116,0,14.363333333333332,21.09,8.61,12.483333333333334,41.81,5.666666666666667,77.96666666666667,2.6266666666666665,110.71000000000001,7.78,48.050000000000004,0.98,929.68,2.353696462053901,27.7,85.5
Bhaktapur,2010,800.6700000000001,1.6023662096966669,0,15.746666666666668,22.606666666666666,9.836666666666668,12.766666666666666,38.580000000000005,5.68,77.99666666666667,2.7533333333333334,65.67,6.486666666666667,40.52,11.42,580.71,0.3213600682464116,27.7,85.5
Bhaktapur,2011,797.33,1.582914670723927,0,13.533333333333333,19.856666666666666,8.076666666666666,11.780000000000001,50.01,6.516666666666667,77.99000000000001,2.526666666666667,151.03,5.376666666666668,48.596666666666664,13.8,800.6700000000001,1.6023662096966669,27.7,85.5
Bhaktapur,2012,804.69,1.625777942232719,0,14.276666666666666,21.106666666666666,8.12,12.983333333333334,38.92333333333334,5.19,77.91666666666667,2.8200000000000003,43.72,5.353333333333333,50.416666666666664,16.42,797.33,1.582914670723927,27.7,85.5
Bhaktapur,2013,903.6899999999999,2.2023355345384794,0,14.093333333333334,20.76,8.426666666666668,12.333333333333334,46.276666666666664,6.016666666666667,77.93,2.7566666666666664,150.04000000000002,5.493333333333333,42.98,47.519999999999996,804.69,1.625777942232719,27.7,85.5
Bhaktapur,2014,936.25,2.3919589204523746,0,13.926666666666668,20.290000000000003,8.33,11.96,46.97333333333333,6.06,78.05333333333333,2.6466666666666665,151.26,5.6000000000000005,58.85666666666666,22.61,903.6899999999999,2.2023355345384794,27.7,85.5
Bhaktapur,2015,820.84,1.719832539361386,0,13.626666666666667,19.456666666666667,8.526666666666666,10.93,55.596666666666664,6.986666666666667,78.08333333333333,2.4566666666666666,173.54,6.266666666666667,54.370000000000005,28.14,936.25,2.3919589204523746,27.7,85.5
Bhaktapur,2016,849.54,1.8869760029894194,0,15.156666666666666,21.596666666666664,9.836666666666666,11.763333333333334,44.419999999999995,6.210000000000001,78.00333333333333,2.7433333333333336,109.56,6.12,49.03333333333333,14.209999999999999,820.84,1.719832539361386,27.7,85.5
Bhaktapur,2017,698.76,1.008861318465554,0,13.793333333333335,19.98,8.523333333333333,11.46,52.373333333333335,6.873333333333334,77.97333333333334,2.52,192.15,7.413333333333333,49.54666666666666,8.74,849.54,1.8869760029894194,27.7,85.5
Bhaktapur,2018,21.61,-2.9347343747652164,1,13.676666666666668,19.71666666666667,8.516666666666667,11.203333333333333,54.803333333333335,7.096666666666667,78.00333333333333,2.5033333333333334,6.26,7.273333333333333,43.78666666666667,0.12,698.76,1.008861318465554,27.7,85.5
Bhaktapur,2019,25.96,-2.9094007835881452,1,13.906666666666666,20.276666666666667,8.443333333333333,11.839999999999998,49.64666666666667,6.436666666666667,78.02333333333333,2.5833333333333335,4.49,5.433333333333334,51.89333333333334,1.95,21.61,-2.9347343747652164,27.7,85.5
Chitawan,1982,686.71,0.029151952996374648,0,24.453333333333333,31.75666666666667,17.733333333333334,14.023333333333333,33.486666666666665,6.796666666666667,92.16666666666667,2.6199999999999997,79.56,14.233333333333334,43.36666666666667,84.45000000000002,956.31,1.0891539495867166,27.7,84.4
Chitawan,1983,398.84999999999997,-1.1026439473689669,1,24.64,32.14,17.8,14.339999999999998,26.263333333333332,5.706666666666667,92.12,2.763333333333333,71.03,14.006666666666668,31.296666666666667,6.79,686.71,0.029151952996374648,27.7,84.4
Chitawan,1984,834.89,0.6117598753063037,0,26.463333333333335,34.42,19.076666666666664,15.35,21.83,5.293333333333333,91.96,2.856666666666667,40.55,14.243333333333332,31.23,27.28,398.84999999999997,-1.1026439473689669,27.7,84.4
Chitawan,1985,743.29,0.251610828987033,0,26.53333333333333,34.64666666666667,18.926666666666666,15.719999999999999,19.343333333333334,4.713333333333334,91.91666666666667,2.8800000000000003,28.9,14.44,33.223333333333336,29.33,834.89,0.6117598753063037,27.7,84.4
Chitawan,1986,527.83,-0.5955257814927708,0,25.063333333333333,32.806666666666665,17.813333333333333,14.993333333333334,23.94333333333333,5.1866666666666665,92.08,2.76,46.45,14.563333333333333,43.653333333333336,18.560000000000002,743.29,0.251610828987033,27.7,84.4
Chitawan,1987,704.52,0.09917656560495751,0,25.3,32.95666666666667,18.273333333333333,14.686666666666667,23.223333333333333,4.9799999999999995,92.2,2.716666666666667,33.989999999999995,15.356666666666667,32.166666666666664,44.35,527.83,-0.5955257814927708,27.7,84.4
Chitawan,1988,775.1800000000001,0.3769945963136878,0,25.613333333333333,33.300000000000004,18.483333333333334,14.816666666666668,27.790000000000003,6.236666666666667,92.04,2.643333333333333,124.88,15.473333333333334,34.83,9.1,704.52,0.09917656560495751,27.7,84.4
Chitawan,1989,544.62,-0.52951156219473,0,25.55666666666667,33.669999999999995,18.16333333333333,15.503333333333332,21.459999999999997,4.8999999999999995,91.98666666666666,2.9066666666666663,64.61,14.326666666666666,35.83,56.58,775.1800000000001,0.3769945963136878,27.7,84.4
Chitawan,1990,878.99,0.7851504096150357,0,25.319999999999997,32.626666666666665,18.47666666666667,14.153333333333334,25.689999999999998,5.776666666666666,92.08,2.723333333333333,30.380000000000003,15.42,30.24666666666667,28.490000000000002,544.62,-0.52951156219473,27.7,84.4
Chitawan,1991,454.91,-0.8822295856150548,1,26.376666666666665,34.41,18.94333333333333,15.463333333333333,18.71,4.3933333333333335,92.11666666666667,2.7900000000000005,39.06,15.736666666666666,31.103333333333335,6.0,878.99,0.7851504096150357,27.7,84.4
Chitawan,1992,478.85,-0.7881032955617433,0,26.03,34.166666666666664,18.66,15.506666666666668,19.656666666666666,4.54,92.08,3.1533333333333338,21.87,14.339999999999998,33.50333333333333,29.23,454.91,-0.8822295856150548,27.7,84.4
Chitawan,1993,493.61,-0.7300705453033106,0,24.49,32.14666666666667,17.593333333333334,14.549999999999999,26.893333333333334,5.696666666666666,92.19,2.733333333333333,95.75,15.076666666666666,31.3,9.3,478.85,-0.7881032955617433,27.7,84.4
Chitawan,1994,488.15,-0.7515379447891538,0,26.156666666666666,34.11,18.886666666666667,15.219999999999999,20.173333333333332,4.873333333333333,92.12,2.8699999999999997,20.46,15.496666666666668,28.179999999999996,21.77,493.61,-0.7300705453033106,27.7,84.4
Chitawan,1995,591.79,-0.34405053037289607,0,26.30333333333333,34.25666666666667,18.97,15.286666666666667,19.599999999999998,4.74,92.11,2.9899999999999998,19.84,14.766666666666666,28.086666666666662,18.369999999999997,488.15,-0.7515379447891538,27.7,84.4
Chitawan,1996,554.95,-0.48889650053012207,0,26.206666666666667,34.10333333333333,18.820000000000004,15.286666666666667,23.083333333333332,5.346666666666667,92.00999999999999,2.86,58.51,14.633333333333333,37.333333333333336,63.980000000000004,591.79,-0.34405053037289607,27.7,84.4
Chitawan,1997,383.82000000000005,-1.1617382723272485,1,24.75,32.346666666666664,17.673333333333332,14.673333333333332,23.396666666666665,5.0,92.21,2.7566666666666664,48.21000000000001,14.326666666666666,25.083333333333332,5.199999999999999,554.95,-0.48889650053012207,27.7,84.4
Chitawan,1998,631.61,-0.18748792093585048,0,25.096666666666664,32.52666666666667,18.430000000000003,14.089999999999998,28.349999999999998,6.32,92.23333333333335,2.67,56.97,14.396666666666667,34.806666666666665,23.529999999999998,383.82000000000005,-1.1617382723272485,27.7,84.4
Chitawan,1999,369.19,-1.2192598940264947,1,26.463333333333335,34.666666666666664,19.043333333333333,15.623333333333335,19.19333333333333,4.783333333333333,91.89666666666666,2.83,50.65,16.253333333333334,28.19333333333333,6.47,631.61,-0.18748792093585048,27.7,84.4
Chitawan,2000,679.65,0.0013937404743869595,0,25.680000000000003,33.12,18.823333333333334,14.296666666666667,24.23333333333333,5.859999999999999,91.99333333333334,2.6833333333333336,68.21,14.993333333333334,26.28333333333333,3.5500000000000003,369.19,-1.2192598940264947,27.7,84.4
Chitawan,2001,583.54,-0.37648753509051597,0,25.69666666666667,33.03333333333333,19.013333333333332,14.016666666666666,25.973333333333333,6.253333333333334,92.08999999999999,2.706666666666667,68.04,15.133333333333333,26.486666666666668,0.45000000000000007,679.65,0.0013937404743869595,27.7,84.4
Chitawan,2002,334.19,-1.3568714291921549,1,25.679999999999996,32.98333333333333,19.076666666666664,13.9,29.453333333333333,6.733333333333333,92.10666666666667,2.72,74.92,15.013333333333334,35.666666666666664,26.18,583.54,-0.37648753509051597,27.7,84.4
Chitawan,2003,422.37,-1.010168995737643,1,25.473333333333333,32.89333333333334,18.44333333333333,14.446666666666667,24.48,5.366666666666667,92.16666666666667,2.5933333333333333,18.86,14.673333333333332,35.656666666666666,57.79,334.19,-1.3568714291921549,27.7,84.4
Chitawan,2004,970.3100000000001,1.1441985636529812,0,25.673333333333332,32.87,19.18,13.693333333333333,32.443333333333335,7.37,92.06,2.5233333333333334,210.04999999999998,14.806666666666667,38.81666666666666,36.769999999999996,422.37,-1.010168995737643,27.7,84.4
Chitawan,2005,893.78,0.843301112617896,0,25.223333333333333,32.556666666666665,18.453333333333333,14.1,29.060000000000002,6.166666666666667,92.22333333333334,2.5233333333333334,64.33,14.783333333333333,47.52,59.14,970.3100000000001,1.1441985636529812,27.7,84.4
Chitawan,2006,972.42,1.1524945733443963,0,24.653333333333336,31.486666666666668,18.483333333333334,13.006666666666668,36.31666666666667,7.863333333333333,92.17666666666668,2.4133333333333336,194.79000000000002,15.766666666666666,40.15,0.17,893.78,0.843301112617896,27.7,84.4
Chitawan,2007,1096.46,1.6401898539714963,0,24.723333333333333,31.406666666666666,18.583333333333332,12.82,40.20666666666667,8.593333333333334,92.2,2.3533333333333335,141.03,14.12,45.92333333333334,115.72,972.42,1.1524945733443963,27.7,84.4
Chitawan,2008,1428.69,2.9464378633454187,0,25.093333333333334,32.20666666666667,18.41333333333333,13.793333333333331,31.496666666666666,6.873333333333332,92.08666666666666,2.486666666666667,145.19,13.803333333333333,43.803333333333335,11.98,1096.46,1.6401898539714963,27.7,84.4
Chitawan,2009,820.09,0.5535698547219676,0,25.313333333333333,32.56333333333333,18.826666666666668,13.736666666666666,29.78333333333333,6.710000000000001,92.12333333333333,2.5666666666666664,146.57999999999998,15.9,46.53333333333333,3.34,1428.69,2.9464378633454187,27.7,84.4
Chitawan,2010,1032.2,1.3875350754073443,0,27.05666666666667,34.53,20.26,14.266666666666666,25.73,6.3566666666666665,92.08333333333333,2.7600000000000002,49.690000000000005,14.979999999999999,39.296666666666674,17.25,820.09,0.5535698547219676,27.7,84.4
Chitawan,2011,1039.87,1.4176916603993612,0,24.613333333333333,31.486666666666668,18.349999999999998,13.136666666666665,35.68,7.79,92.18,2.513333333333333,177.52,14.063333333333333,45.50333333333333,18.79,1032.2,1.3875350754073443,27.7,84.4
Chitawan,2012,1120.65,1.7352990835617057,0,25.63,33.10666666666667,18.726666666666667,14.376666666666667,25.37,5.673333333333333,92.07333333333334,2.7866666666666666,41.42,14.246666666666664,45.19,27.42,1039.87,1.4176916603993612,27.7,84.4
Chitawan,2013,1284.0,2.3775517769705794,0,24.723333333333333,31.879999999999995,18.3,13.58,35.96,7.546666666666667,92.10333333333334,2.5533333333333332,168.54,13.266666666666666,49.53666666666667,62.11,1120.65,1.7352990835617057,27.7,84.4
Chitawan,2014,1337.56,2.5881367433555154,0,25.0,32.21666666666667,18.463333333333335,13.753333333333336,34.623333333333335,7.37,92.23333333333333,2.6466666666666665,158.87,14.07,57.29333333333333,36.11,1284.0,2.3775517769705794,27.7,84.4
Chitawan,2015,1394.06,2.810281078694367,0,24.163333333333338,30.650000000000002,18.223333333333333,12.426666666666668,44.53333333333334,9.040000000000001,92.29,2.35,283.35,14.616666666666667,52.199999999999996,63.43,1337.56,2.5881367433555154,27.7,84.4
Chitawan,2016,1395.33,2.815274411541806,0,26.326666666666668,33.5,20.080000000000002,13.416666666666666,31.356666666666666,7.276666666666666,92.12,2.74,196.52,15.196666666666667,40.733333333333334,7.83,1394.06,2.810281078694367,27.7,84.4
Chitawan,2017,1364.67,2.6947267067366885,0,24.633333333333336,31.316666666666666,18.603333333333335,12.71,39.943333333333335,8.726666666666667,92.14,2.32,324.61,15.923333333333334,45.22,10.64,1395.33,2.815274411541806,27.7,84.4
Chitawan,2018,35.3,-2.5320346219254173,1,24.416666666666668,31.026666666666667,18.423333333333332,12.603333333333333,41.67666666666667,8.856666666666667,92.18666666666667,2.4566666666666666,11.43,15.353333333333333,41.26333333333333,0.31,1364.67,2.6947267067366885,27.7,84.4
Chitawan,2019,43.82,-2.4985360425079475,1,24.49,31.51,18.276666666666667,13.233333333333334,39.52666666666667,8.323333333333332,92.20666666666666,2.4033333333333333,8.2,14.733333333333334,46.97,3.95,35.3,-2.5320346219254173,27.7,84.4
Dadeldhura,1982,532.05,-0.19320058446511498,0,18.560000000000002,25.703333333333333,12.063333333333333,13.646666666666667,45.800000000000004,7.126666666666666,85.55666666666667,2.44,130.06,9.37,45.69,102.84,732.19,0.7108278132731726,29.3,80.6
Dadeldhura,1983,663.27,0.39951754460062927,0,19.346666666666668,27.106666666666666,12.343333333333334,14.766666666666666,32.44,5.44,85.51333333333332,2.58,63.05,9.48,38.33,34.730000000000004,532.05,-0.19320058446511498,29.3,80.6
Dadeldhura,1984,574.05,-0.0034874201550917066,0,21.633333333333336,30.03,13.443333333333333,16.586666666666666,26.463333333333335,5.006666666666667,85.39999999999999,2.686666666666666,31.61,8.903333333333334,41.81666666666667,72.21000000000001,663.27,0.39951754460062927,29.3,80.6
Dadeldhura,1985,636.78,0.27986274168223596,0,21.74,30.066666666666666,13.67,16.396666666666665,22.78,4.446666666666666,85.37333333333333,2.736666666666667,64.25999999999999,10.06,32.82,38.85,574.05,-0.0034874201550917066,29.3,80.6
Dadeldhura,1986,669.2,0.4263032366091638,0,19.863333333333333,27.823333333333334,12.216666666666667,15.61,30.189999999999998,5.0,85.48,2.6333333333333333,58.739999999999995,10.393333333333333,44.120000000000005,53.6,636.78,0.27986274168223596,29.3,80.6
Dadeldhura,1987,273.62,-1.3605237523850984,1,19.96,27.796666666666667,12.57,15.223333333333334,30.37,5.13,85.60000000000001,2.606666666666667,69.07000000000001,10.446666666666667,38.04,50.8,669.2,0.4263032366091638,29.3,80.6
Dadeldhura,1988,686.22,0.5031822379557493,0,21.256666666666668,29.52,13.103333333333333,16.419999999999998,26.906666666666666,4.726666666666667,85.44,2.686666666666667,76.35,11.58,32.97666666666667,115.82000000000001,273.62,-1.3605237523850984,29.3,80.6
Dadeldhura,1989,340.35,-1.0591056701372923,1,20.66,28.936666666666667,12.813333333333333,16.12666666666667,22.44333333333333,3.953333333333333,85.43333333333334,2.7099999999999995,33.230000000000004,10.056666666666667,37.49333333333333,53.64,686.22,0.5031822379557493,29.3,80.6
Dadeldhura,1990,520.23,-0.24659128927807838,0,19.726666666666667,27.27,12.586666666666666,14.683333333333332,35.55,5.94,85.47666666666667,2.5166666666666666,67.89,11.343333333333334,35.303333333333335,75.86000000000001,340.35,-1.0591056701372923,29.3,80.6
Dadeldhura,1991,336.45,-1.0767218925375088,1,21.013333333333332,29.24,13.093333333333334,16.146666666666665,24.876666666666665,4.36,85.54,2.6799999999999997,61.56,10.816666666666668,35.25333333333333,30.21,520.23,-0.24659128927807838,29.3,80.6
Dadeldhura,1992,419.46,-0.7017673742190558,0,20.793333333333333,28.97666666666667,13.413333333333334,15.566666666666668,23.143333333333334,4.1499999999999995,85.55,2.72,22.05,10.26,38.60666666666667,38.65,336.45,-1.0767218925375088,29.3,80.6
Dadeldhura,1993,335.64,-1.0803806464206307,1,19.783333333333335,27.726666666666663,12.270000000000001,15.459999999999999,29.036666666666665,4.743333333333333,85.56666666666666,2.58,59.05,11.056666666666667,33.82666666666667,25.990000000000002,419.46,-0.7017673742190558,29.3,80.6
Dadeldhura,1994,433.19,-0.6397492374100886,0,21.28,29.466666666666665,13.526666666666666,15.936666666666667,24.08666666666667,4.489999999999999,85.53333333333335,2.6999999999999997,22.52,11.133333333333333,31.24666666666667,48.78,335.64,-1.0803806464206307,29.3,80.6
Dadeldhura,1995,411.59000000000003,-0.7373160076266718,0,21.043333333333333,28.91,13.75,15.163333333333332,24.959999999999997,4.523333333333333,85.54,2.5733333333333333,14.61,9.746666666666666,37.123333333333335,55.61,433.19,-0.6397492374100886,29.3,80.6
Dadeldhura,1996,503.53999999999996,-0.3219796871907998,0,21.05666666666667,29.106666666666666,13.436666666666667,15.673333333333332,29.143333333333334,5.18,85.45333333333333,2.61,45.14,10.586666666666666,38.723333333333336,90.25,411.59000000000003,-0.7373160076266718,29.3,80.6
Dadeldhura,1997,332.40999999999997,-1.0949704921520922,1,19.546666666666667,27.209999999999997,12.37,14.839999999999998,29.900000000000002,4.903333333333333,85.60000000000001,2.5466666666666664,51.43000000000001,10.186666666666666,29.853333333333335,8.11,503.53999999999996,-0.3219796871907998,29.3,80.6
Dadeldhura,1998,343.02,-1.047045333263298,1,20.113333333333333,27.959999999999997,12.726666666666667,15.233333333333334,32.67666666666667,5.493333333333333,85.61333333333334,2.5033333333333334,89.96000000000001,9.613333333333333,42.946666666666665,70.59,332.40999999999997,-1.0949704921520922,29.3,80.6
Dadeldhura,1999,305.6,-1.2160707287033234,1,21.95,30.62,13.766666666666667,16.853333333333335,17.95,3.5866666666666664,85.35333333333334,2.796666666666667,19.91,11.64,32.88333333333333,18.75,343.02,-1.047045333263298,29.3,80.6
Dadeldhura,2000,654.75,0.36103287412631035,0,21.05333333333333,29.06,13.423333333333334,15.64,24.933333333333337,4.930000000000001,85.39999999999999,2.6333333333333333,109.35,10.18,31.076666666666664,30.82,305.6,-1.2160707287033234,29.3,80.6
Dadeldhura,2001,586.78,0.0540137365512559,0,20.593333333333334,28.293333333333333,13.283333333333333,15.006666666666668,27.909999999999997,5.226666666666667,85.49666666666667,2.5366666666666666,58.269999999999996,11.363333333333335,26.343333333333334,4.99,654.75,0.36103287412631035,29.3,80.6
Dadeldhura,2002,371.86,-0.9167756271037487,1,21.63,29.39,14.25,15.143333333333333,26.463333333333335,4.896666666666667,85.48333333333333,2.6033333333333335,31.57,10.676666666666668,36.196666666666665,78.07,586.78,0.0540137365512559,29.3,80.6
Dadeldhura,2003,698.21,0.5573408293861584,0,20.666666666666668,28.47,13.146666666666667,15.323333333333332,26.973333333333333,4.623333333333334,85.54333333333334,2.5966666666666662,12.69,10.523333333333333,37.92333333333334,87.0,371.86,-0.9167756271037487,29.3,80.6
Dadeldhura,2004,692.72,0.5325426086227767,0,21.88,29.683333333333334,14.560000000000002,15.123333333333335,28.933333333333334,5.636666666666667,85.46999999999998,2.61,130.48000000000002,10.376666666666667,44.843333333333334,41.370000000000005,698.21,0.5573408293861584,29.3,80.6
Dadeldhura,2005,943.14,1.6636847659207772,0,19.94333333333333,27.313333333333333,13.07,14.246666666666664,36.67666666666667,6.07,85.62,2.4,104.03,10.270000000000001,47.54,76.02000000000001,692.72,0.5325426086227767,29.3,80.6
Dadeldhura,2006,753.9599999999999,0.8091624701072007,0,19.819999999999997,26.963333333333335,13.036666666666667,13.926666666666668,40.50333333333333,7.006666666666667,85.54666666666667,2.276666666666667,156.85,12.229999999999999,35.28333333333333,7.22,943.14,1.6636847659207772,29.3,80.6
Dadeldhura,2007,1021.8900000000001,2.019396949002071,0,19.816666666666666,26.83,13.053333333333333,13.776666666666666,44.57333333333333,7.563333333333333,85.59333333333332,2.3033333333333332,191.9,10.653333333333334,42.38,129.61,753.9599999999999,0.8091624701072007,29.3,80.6
Dadeldhura,2008,1129.0,2.5032106877936564,0,20.56,28.166666666666668,13.26,14.910000000000002,31.503333333333334,5.633333333333333,85.48333333333333,2.473333333333333,83.97,9.950000000000001,40.70666666666667,14.149999999999999,1021.8900000000001,2.019396949002071,29.3,80.6
Dadeldhura,2009,768.6700000000001,0.8756072474167357,0,21.0,28.77333333333333,13.673333333333334,15.103333333333333,29.61,5.513333333333333,85.52,2.52,46.42999999999999,12.316666666666668,41.85333333333333,16.9,1129.0,2.5032106877936564,29.3,80.6
Dadeldhura,2010,1179.42,2.730956824567737,0,22.636666666666667,30.573333333333334,14.949999999999998,15.623333333333333,26.169999999999998,5.17,85.53000000000002,2.6533333333333338,30.74,10.646666666666667,43.836666666666666,37.74,768.6700000000001,0.8756072474167357,29.3,80.6
Dadeldhura,2011,1283.1399999999999,3.199458000811441,0,19.87,27.213333333333335,12.85,14.363333333333335,39.413333333333334,6.803333333333334,85.57000000000001,2.4066666666666667,93.38,9.686666666666667,50.22666666666667,80.07,1179.42,2.730956824567737,29.3,80.6
Dadeldhura,2012,797.15,1.0042508407393416,0,20.226666666666667,27.900000000000002,12.780000000000001,15.12,31.669999999999998,5.390000000000001,85.49666666666667,2.4933333333333336,44.9,9.33,50.88333333333333,66.96,1283.1399999999999,3.199458000811441,29.3,80.6
Dadeldhura,2013,1249.0,3.0452483001080086,0,21.05333333333333,28.136666666666667,14.576666666666668,13.56,37.85666666666667,6.609999999999999,85.49333333333334,2.5033333333333334,31.37,10.066666666666668,54.64666666666667,199.75,797.15,1.0042508407393416,29.3,80.6
Dadeldhura,2014,724.52,0.6761825758860799,0,19.983333333333334,27.02333333333333,13.5,13.526666666666666,41.29,6.843333333333334,85.63666666666667,2.4333333333333336,83.7,10.216666666666667,56.27333333333333,111.42,1249.0,3.0452483001080086,29.3,80.6
Dadeldhura,2015,622.99,0.21757358606711183,0,19.423333333333332,25.74,13.403333333333334,12.333333333333334,50.82,8.003333333333334,85.66666666666667,2.26,227.43,10.88,49.346666666666664,142.07,724.52,0.6761825758860799,29.3,80.6
Dadeldhura,2016,729.12,0.6969606843581302,0,21.709999999999997,28.830000000000002,15.213333333333333,13.62,35.36,6.6866666666666665,85.55666666666667,2.526666666666667,112.75,11.57,35.01333333333333,29.220000000000002,622.99,0.21757358606711183,29.3,80.6
Dadeldhura,2017,820.72,1.1107160617580858,0,21.083333333333332,28.333333333333332,14.31,14.020000000000001,35.13333333333333,6.53,85.52,2.41,142.55,12.38,37.9,29.16,729.12,0.6969606843581302,29.3,80.6
Dadeldhura,2018,28.95,-2.465693274093036,1,21.13,28.543333333333333,14.15,14.396666666666667,35.650000000000006,6.563333333333333,85.55333333333333,2.5500000000000003,4.69,12.12,36.92333333333333,4.84,820.72,1.1107160617580858,29.3,80.6
Dadeldhura,2019,23.66,-2.489588098835894,1,19.856666666666666,27.19666666666667,12.603333333333333,14.593333333333334,41.42333333333334,6.776666666666666,85.61000000000001,2.4033333333333333,2.56,9.513333333333334,55.76666666666667,5.65,28.95,-2.465693274093036,29.3,80.6
Dailekh,1982,682.49,0.08074157488061763,0,18.05333333333333,24.94333333333333,11.719999999999999,13.219999999999999,45.776666666666664,6.94,84.76333333333334,2.643333333333333,107.86,8.923333333333334,50.79333333333333,114.25,923.1600000000001,1.0039712640449703,28.8,81.7
Dailekh,1983,815.01,0.5890990702396568,0,18.786666666666665,26.333333333333332,11.96,14.373333333333335,33.306666666666665,5.44,84.72666666666667,2.823333333333333,56.61,8.963333333333333,40.42666666666667,38.61,682.49,0.08074157488061763,28.8,81.7
Dailekh,1984,698.21,0.14104477309254118,0,20.426666666666666,28.31,12.746666666666668,15.566666666666668,31.31,5.553333333333334,84.62,2.7533333333333334,40.14,8.476666666666667,48.11666666666667,88.78,815.01,0.5890990702396568,28.8,81.7
Dailekh,1985,741.8,0.30825955744735917,0,20.956666666666667,29.13,13.089999999999998,16.036666666666665,24.073333333333334,4.53,84.59,2.9766666666666666,74.86,9.606666666666667,35.553333333333335,31.02,698.21,0.14104477309254118,28.8,81.7
Dailekh,1986,782.9999999999999,0.4663061074684306,0,19.08,26.7,11.646666666666667,15.053333333333335,31.563333333333333,5.066666666666667,84.69,2.7733333333333334,59.480000000000004,9.903333333333334,48.49333333333334,52.88,741.8,0.30825955744735917,28.8,81.7
Dailekh,1987,382.35,-1.0706198698602671,1,19.2,26.786666666666665,12.013333333333334,14.773333333333333,32.01,5.206666666666666,84.81,2.7733333333333334,77.25,9.973333333333334,40.73,51.870000000000005,782.9999999999999,0.4663061074684306,28.8,81.7
Dailekh,1988,962.4499999999999,1.1546908987616664,0,20.486666666666668,28.50666666666667,12.63,15.876666666666667,28.646666666666665,4.96,84.66333333333334,2.8533333333333335,96.25,11.113333333333335,35.07666666666666,129.57,382.35,-1.0706198698602671,28.8,81.7
Dailekh,1989,532.91,-0.4930594676473413,0,19.80333333333333,27.930000000000003,12.133333333333333,15.800000000000002,25.3,4.286666666666666,84.64666666666666,2.9466666666666668,30.0,9.533333333333333,41.64666666666667,54.31999999999999,962.4499999999999,1.1546908987616664,28.8,81.7
Dailekh,1990,722.02,0.23238186911200012,0,19.22666666666667,26.55333333333333,12.160000000000002,14.393333333333333,35.10666666666666,5.84,84.68666666666667,2.736666666666667,73.57,10.696666666666667,37.473333333333336,82.0,532.91,-0.4930594676473413,28.8,81.7
Dailekh,1991,449.57,-0.8127584841220041,1,20.506666666666664,28.516666666666666,12.856666666666667,15.663333333333334,24.80666666666667,4.283333333333334,84.75666666666666,2.8833333333333333,46.730000000000004,10.306666666666667,39.01666666666667,22.4,722.02,0.23238186911200012,28.8,81.7
Dailekh,1992,645.48,-0.06123179444656347,0,20.099999999999998,28.203333333333333,12.783333333333333,15.416666666666666,24.953333333333333,4.316666666666666,84.76,3.033333333333333,28.09,9.726666666666667,40.07,48.72,449.57,-0.8127584841220041,28.8,81.7
Dailekh,1993,397.38,-1.0129635677530655,1,18.996666666666666,26.766666666666666,11.68,15.083333333333334,30.213333333333335,4.803333333333334,84.77999999999999,2.796666666666667,77.19,10.33,37.11333333333334,22.05,645.48,-0.06123179444656347,28.8,81.7
Dailekh,1994,441.62,-0.843255330545973,1,20.583333333333332,28.646666666666665,12.953333333333333,15.696666666666667,24.459999999999997,4.46,84.75,2.936666666666667,21.38,10.626666666666667,31.75333333333333,45.29,397.38,-1.0129635677530655,28.8,81.7
Dailekh,1995,457.57,-0.7820698336324756,0,20.53,28.316666666666663,13.219999999999999,15.096666666666666,24.623333333333335,4.443333333333333,84.75333333333333,2.8333333333333335,9.56,9.526666666666667,36.11333333333334,39.72,441.62,-0.843255330545973,28.8,81.7
Dailekh,1996,423.62,-0.9123047941474122,1,20.526666666666667,28.393333333333334,12.963333333333333,15.43,28.45,4.966666666666667,84.66666666666667,2.856666666666667,35.580000000000005,10.12,38.76,80.88,457.57,-0.7820698336324756,28.8,81.7
Dailekh,1997,290.47,-1.4230790207325017,1,19.143333333333334,26.75,11.92,14.829999999999998,28.453333333333337,4.609999999999999,84.80333333333333,2.82,31.46,9.753333333333332,29.486666666666665,8.01,423.62,-0.9123047941474122,28.8,81.7
Dailekh,1998,360.28,-1.155282184398254,1,19.58,27.176666666666666,12.363333333333335,14.813333333333333,33.32666666666666,5.486666666666667,84.82000000000001,2.7133333333333334,82.47999999999999,9.44,41.43666666666667,71.88,290.47,-1.4230790207325017,28.8,81.7
Dailekh,1999,304.15,-1.3706014283954082,1,21.233333333333334,29.723333333333333,13.236666666666666,16.483333333333334,18.833333333333332,3.66,84.57,2.9933333333333336,33.92,11.363333333333335,31.33666666666667,17.62,360.28,-1.155282184398254,28.8,81.7
Dailekh,2000,729.2,0.25992493292635216,0,20.53,28.346666666666668,13.143333333333333,15.193333333333333,25.19666666666667,4.866666666666666,84.61333333333333,2.813333333333333,97.46000000000001,9.883333333333333,30.953333333333333,29.77,304.15,-1.3706014283954082,28.8,81.7
Dailekh,2001,597.14,-0.24666796502953944,0,20.05666666666667,27.650000000000002,12.96,14.686666666666667,28.236666666666668,5.19,84.71,2.7266666666666666,46.88,10.636666666666667,30.766666666666666,2.0,729.2,0.25992493292635216,28.8,81.7
Dailekh,2002,336.32,-1.2471946926143918,1,20.919999999999998,28.61,13.626666666666665,14.979999999999999,26.819999999999997,4.896666666666667,84.7,2.793333333333333,21.89,10.333333333333334,36.733333333333334,59.17,597.14,-0.24666796502953944,28.8,81.7
Dailekh,2003,574.7,-0.3327496296526666,0,19.993333333333336,27.72,12.616666666666667,15.103333333333333,27.393333333333334,4.6000000000000005,84.76333333333334,2.783333333333333,9.29,10.256666666666666,37.373333333333335,87.77,336.32,-1.2471946926143918,28.8,81.7
Dailekh,2004,761.7299999999999,0.3847126579793968,0,21.173333333333332,28.71666666666667,14.12,14.596666666666666,29.926666666666666,5.663333333333334,84.69333333333333,2.7566666666666664,150.45,10.15,42.74666666666667,38.04,574.7,-0.3327496296526666,28.8,81.7
Dailekh,2005,1009.6999999999999,1.335945740715444,0,19.24,26.393333333333334,12.476666666666667,13.916666666666666,37.36333333333334,6.026666666666666,84.83,2.5566666666666666,110.21000000000001,9.983333333333333,49.20333333333334,76.58,761.7299999999999,0.3847126579793968,28.8,81.7
Dailekh,2006,890.02,0.8768435293920982,0,19.02,25.823333333333334,12.540000000000001,13.276666666666666,42.89666666666667,7.176666666666667,84.75666666666667,2.3800000000000003,177.03,11.49,40.696666666666665,7.13,1009.6999999999999,1.335945740715444,28.8,81.7
Dailekh,2007,1144.66,1.8536632744737902,0,18.993333333333332,25.55333333333333,12.673333333333332,12.88,47.800000000000004,7.796666666666667,84.80333333333333,2.42,222.97,10.053333333333333,46.63666666666666,149.43,890.02,0.8768435293920982,28.8,81.7
Dailekh,2008,1308.45,2.4819750324337737,0,19.63,26.876666666666665,12.643333333333333,14.229999999999999,35.10666666666666,5.963333333333334,84.69666666666667,2.58,107.2,9.373333333333333,45.696666666666665,14.329999999999998,1144.66,1.8536632744737902,28.8,81.7
Dailekh,2009,816.36,0.5942777800097648,0,20.066666666666666,27.49,13.033333333333333,14.456666666666665,33.62,5.933333333333334,84.73666666666666,2.6333333333333333,59.29,11.616666666666667,46.873333333333335,17.810000000000002,1308.45,2.4819750324337737,28.8,81.7
Dailekh,2010,1137.49,1.82615857147255,0,21.566666666666666,29.16,14.21,14.950000000000001,30.043333333333333,5.636666666666667,84.75333333333333,2.7533333333333334,45.160000000000004,10.053333333333333,48.46333333333333,37.3,816.36,0.5942777800097648,28.8,81.7
Dailekh,2011,1433.1499999999999,2.960334371939298,0,19.08666666666667,26.083333333333332,12.373333333333335,13.706666666666669,41.696666666666665,6.953333333333333,84.78333333333335,2.5533333333333332,94.08000000000001,9.256666666666666,52.82333333333333,78.62,1137.49,1.82615857147255,28.8,81.7
Dailekh,2012,970.9000000000001,1.1871057858412315,0,19.39333333333333,26.76666666666667,12.253333333333336,14.516666666666666,34.79333333333333,5.696666666666666,84.70666666666666,2.6533333333333333,46.22,8.97,55.17333333333334,84.15,1433.1499999999999,2.960334371939298,28.8,81.7
Dailekh,2013,1438.05,2.9791311703641346,0,20.13,26.84,13.840000000000002,12.996666666666668,40.19,6.773333333333333,84.71666666666667,2.566666666666667,35.150000000000006,9.446666666666667,57.73,174.74,970.9000000000001,1.1871057858412315,28.8,81.7
Dailekh,2014,932.1800000000001,1.0385727174719137,0,19.403333333333332,26.093333333333334,13.25,12.85,42.050000000000004,6.84,84.85333333333334,2.533333333333333,71.84,9.676666666666668,61.19,84.17,1438.05,2.9791311703641346,28.8,81.7
Dailekh,2015,821.93,0.6156447529130988,0,18.69666666666667,24.590000000000003,12.963333333333333,11.623333333333333,52.1,8.01,84.88333333333334,2.3366666666666664,238.07,10.206666666666667,53.50333333333333,117.87,932.1800000000001,1.0385727174719137,28.8,81.7
Dailekh,2016,956.05,1.1301399783700439,0,20.82,27.679999999999996,14.573333333333332,13.106666666666667,37.14333333333334,6.73,84.77333333333333,2.5833333333333335,136.77,10.596666666666666,41.6,31.560000000000002,821.93,0.6156447529130988,28.8,81.7
Dailekh,2017,986.0,1.2450306136402163,0,20.123333333333335,26.863333333333333,13.729999999999999,13.133333333333333,38.29333333333333,6.78,84.74333333333334,2.4433333333333334,163.9,11.493333333333334,44.48666666666667,27.41,956.05,1.1301399783700439,28.8,81.7
Dailekh,2018,37.62,-2.3930321802671615,1,20.01,26.863333333333333,13.453333333333333,13.410000000000002,40.35333333333333,7.05,84.77333333333333,2.59,7.3,11.276666666666666,43.11666666666667,2.8499999999999996,986.0,1.2450306136402163,28.8,81.7
Dailekh,2019,32.629999999999995,-2.4121742260100048,1,19.02333333333333,25.876666666666665,12.200000000000001,13.673333333333332,44.28666666666667,7.036666666666666,84.82333333333332,2.5033333333333334,3.3099999999999996,9.166666666666666,58.169999999999995,5.84,37.62,-2.3930321802671615,28.8,81.7
Dang,1982,836.3100000000001,0.263878366335332,0,19.506666666666664,26.573333333333334,13.299999999999999,13.273333333333333,42.526666666666664,6.896666666666667,86.49000000000001,3.016666666666667,97.53,10.173333333333334,49.44,110.05,1117.71,1.219554445791106,28.05,82.4
Dang,1983,785.31,0.09067481248940241,0,20.14,27.72666666666667,13.49,14.246666666666668,31.30666666666667,5.45,86.45,3.216666666666667,61.42,10.09,39.016666666666666,30.27,836.3100000000001,0.263878366335332,28.05,82.4
Dang,1984,815.83,0.19432525294779018,0,21.843333333333334,29.856666666666666,14.653333333333334,15.203333333333333,28.72666666666667,5.48,86.32333333333334,3.203333333333333,32.519999999999996,9.87,43.88999999999999,74.2,785.31,0.09067481248940241,28.05,82.4
Dang,1985,768.6,0.033925177494001174,0,22.150000000000002,30.386666666666667,14.676666666666668,15.709999999999999,23.46666666666667,4.62,86.29333333333334,3.4433333333333334,61.03,10.75,35.99,37.57,815.83,0.19432525294779018,28.05,82.4
Dang,1986,764.22,0.019050048751939032,0,20.459999999999997,28.19333333333333,13.393333333333333,14.79,29.189999999999998,5.013333333333333,86.40666666666668,3.1533333333333338,43.53,10.913333333333332,47.586666666666666,43.6,768.6,0.033925177494001174,28.05,82.4
Dang,1987,525.1,-0.7930368884174451,0,20.63,28.326666666666668,13.836666666666666,14.483333333333334,29.676666666666666,5.166666666666667,86.53000000000002,3.223333333333333,63.08,11.280000000000001,38.843333333333334,56.77,764.22,0.019050048751939032,28.05,82.4
Dang,1988,1120.3999999999999,1.2286900842194495,0,21.763333333333332,29.756666666666664,14.436666666666667,15.323333333333332,27.849999999999998,5.1499999999999995,86.37666666666667,3.11,83.59,12.186666666666667,35.25,91.92999999999999,525.1,-0.7930368884174451,28.05,82.4
Dang,1989,692.1600000000001,-0.22567638438801488,0,21.116666666666667,29.373333333333335,13.766666666666666,15.606666666666667,24.623333333333335,4.473333333333334,86.34666666666668,3.51,31.54,10.700000000000001,40.153333333333336,57.599999999999994,1120.3999999999999,1.2286900842194495,28.05,82.4
Dang,1990,919.74,0.5472190035385842,0,20.656666666666666,28.060000000000002,13.893333333333333,14.173333333333332,32.36333333333334,5.783333333333334,86.40666666666668,3.0766666666666667,58.5,11.766666666666666,36.93666666666667,71.02,692.1600000000001,-0.22567638438801488,28.05,82.4
Dang,1991,556.73,-0.6856167235518228,0,22.013333333333332,30.023333333333337,14.763333333333334,15.256666666666666,22.38,4.166666666666667,86.47000000000001,3.2266666666666666,39.67,11.536666666666667,38.156666666666666,15.21,919.74,0.5472190035385842,28.05,82.4
Dang,1992,707.8,-0.1725606278752637,0,21.44333333333333,29.603333333333335,14.313333333333333,15.286666666666667,23.72,4.373333333333333,86.45666666666666,3.76,23.53,10.719999999999999,39.47,49.17,556.73,-0.6856167235518228,28.05,82.4
Dang,1993,495.73,-0.8927817585440125,1,20.313333333333333,28.076666666666664,13.43,14.646666666666667,28.74666666666667,4.8999999999999995,86.50333333333333,3.1333333333333333,80.19,11.433333333333332,36.70333333333333,15.999999999999998,707.8,-0.1725606278752637,28.05,82.4
Dang,1994,558.78,-0.6786546199168395,0,21.893333333333334,29.939999999999998,14.696666666666667,15.246666666666668,22.930000000000003,4.463333333333334,86.46666666666665,3.31,17.69,11.703333333333333,31.889999999999997,40.230000000000004,495.73,-0.8927817585440125,28.05,82.4
Dang,1995,547.17,-0.7180838995276482,0,21.80333333333333,29.706666666666667,14.74,14.963333333333333,23.086666666666662,4.4366666666666665,86.46999999999998,3.3666666666666667,10.18,10.66,35.06333333333333,31.19,558.78,-0.6786546199168395,28.05,82.4
Dang,1996,484.24,-0.9318035003810661,1,21.786666666666665,29.643333333333334,14.58,15.06,27.05,5.0200000000000005,86.38,3.293333333333333,38.23,11.153333333333334,38.35,83.12,547.17,-0.7180838995276482,28.05,82.4
Dang,1997,302.28,-1.5497666113184245,1,20.516666666666666,28.100000000000005,13.693333333333333,14.406666666666666,26.186666666666667,4.54,86.53000000000002,3.186666666666667,29.540000000000003,10.713333333333333,29.33666666666667,7.26,484.24,-0.9318035003810661,28.05,82.4
Dang,1998,545.87,-0.7224988920766618,0,20.900000000000002,28.45,14.06,14.386666666666665,31.50666666666667,5.5633333333333335,86.54666666666667,3.03,67.52,10.546666666666667,40.14,60.019999999999996,302.28,-1.5497666113184245,28.05,82.4
Dang,1999,337.12,-1.4314448110048525,1,22.33666666666667,30.81,14.9,15.916666666666666,19.18,3.9133333333333336,86.26666666666665,3.3666666666666667,43.9,12.36,32.36666666666667,17.560000000000002,545.87,-0.7224988920766618,28.05,82.4
Dang,2000,835.78,0.2620784078345799,0,21.74,29.48,14.806666666666667,14.673333333333332,24.463333333333335,4.983333333333333,86.33333333333333,3.1033333333333335,78.15,11.003333333333332,30.17,21.630000000000003,337.12,-1.4314448110048525,28.05,82.4
Dang,2001,647.73,-0.37656724512085105,0,21.346666666666664,28.933333333333334,14.62,14.313333333333333,27.77333333333333,5.413333333333334,86.43333333333334,2.99,54.68,11.656666666666666,30.78333333333333,1.58,835.78,0.2620784078345799,28.05,82.4
Dang,2002,366.85,-1.3304773275570196,1,22.05666666666667,29.673333333333336,15.173333333333332,14.5,27.02,5.213333333333334,86.42333333333333,2.983333333333333,28.15,11.453333333333333,37.056666666666665,46.0,647.73,-0.37656724512085105,28.05,82.4
Dang,2003,547.34,-0.7175065543481615,0,21.253333333333334,28.94333333333333,14.25,14.693333333333333,26.03,4.6433333333333335,86.48333333333333,3.08,13.98,11.28,37.01,75.25,366.85,-1.3304773275570196,28.05,82.4
Dang,2004,908.37,0.5086047994752859,0,22.330000000000002,29.91333333333333,15.690000000000003,14.223333333333334,29.16,5.793333333333333,86.39999999999999,3.1733333333333333,127.7,11.226666666666667,41.39666666666667,41.58,547.34,-0.7175065543481615,28.05,82.4
Dang,2005,1057.68,1.0156836744701034,0,20.68,27.993333333333336,14.11,13.88,34.26,5.903333333333333,86.55333333333333,2.9133333333333336,88.28999999999999,11.209999999999999,47.77333333333333,62.77,908.37,0.5086047994752859,28.05,82.4
Dang,2006,998.63,0.8151411283014343,0,20.326666666666668,27.26,14.113333333333332,13.136666666666665,40.9,7.289999999999999,86.48666666666668,2.623333333333333,192.16,12.589999999999998,39.4,4.84,1057.68,1.0156836744701034,28.05,82.4
Dang,2007,1232.89,1.610722785633736,0,20.323333333333334,27.036666666666665,14.273333333333333,12.76,45.47666666666667,7.8999999999999995,86.52333333333333,2.77,188.76,11.046666666666667,46.1,151.16,998.63,0.8151411283014343,28.05,82.4
Dang,2008,1616.85,2.9147078157255586,0,21.0,28.319999999999997,14.503333333333332,13.82,33.19,6.0,86.41333333333334,2.9333333333333336,114.82,10.53,43.56666666666666,10.07,1232.89,1.610722785633736,28.05,82.4
Dang,2009,906.49,0.5022200410197889,0,21.293333333333333,28.72,14.68,14.046666666666667,32.653333333333336,6.096666666666667,86.45333333333333,2.893333333333333,97.32,12.633333333333333,45.803333333333335,13.940000000000001,1616.85,2.9147078157255586,28.05,82.4
Dang,2010,1142.22,1.3027940360805907,0,22.83,30.563333333333333,15.863333333333335,14.700000000000001,28.77,5.75,86.45,3.206666666666667,45.1,11.223333333333334,45.92666666666667,32.19,906.49,0.5022200410197889,28.05,82.4
Dang,2011,1395.7,2.1636496601760054,0,20.55,27.713333333333335,14.200000000000001,13.506666666666666,38.68333333333333,6.936666666666667,86.5,2.89,112.74000000000001,10.513333333333334,49.14666666666667,56.1,1142.22,1.3027940360805907,28.05,82.4
Dang,2012,1191.22,1.4692052936972677,0,20.833333333333332,28.396666666666665,13.966666666666667,14.43,31.80333333333333,5.583333333333333,86.42333333333333,3.143333333333333,42.94,10.246666666666666,51.06666666666666,76.77000000000001,1395.7,2.1636496601760054,28.05,82.4
Dang,2013,1510.4099999999999,2.5532218104047604,0,21.136666666666667,28.30666666666667,14.803333333333333,13.496666666666668,38.153333333333336,6.743333333333333,86.43333333333334,3.0666666666666664,67.81,10.340000000000002,54.473333333333336,139.6,1191.22,1.4692052936972677,28.05,82.4
Dang,2014,1173.6200000000001,1.4094330868798495,0,20.77,27.819999999999997,14.496666666666668,13.326666666666668,38.693333333333335,6.716666666666666,86.57000000000001,3.02,76.67,10.736666666666666,58.45666666666667,67.77000000000001,1510.4099999999999,2.5532218104047604,28.05,82.4
Dang,2015,946.86,0.6393225404072431,0,19.986666666666665,26.336666666666662,14.25,12.083333333333334,48.89000000000001,8.023333333333333,86.60666666666667,2.766666666666667,227.43,11.32,51.14666666666667,93.4,1173.6200000000001,1.4094330868798495,28.05,82.4
Dang,2016,1145.02,1.3123032508015435,0,22.113333333333333,29.290000000000003,15.873333333333335,13.423333333333332,34.14333333333333,6.573333333333333,86.48666666666666,3.1233333333333335,153.43,11.793333333333335,38.99333333333333,21.75,946.86,0.6393225404072431,28.05,82.4
Dang,2017,1141.28,1.2996016568528421,0,21.36,28.34,15.143333333333333,13.193333333333333,36.70666666666667,6.89,86.46666666666665,2.8000000000000003,160.34,12.593333333333334,43.326666666666675,29.91,1145.02,1.3123032508015435,28.05,82.4
Dang,2018,44.11,-2.426550170071435,1,21.213333333333335,28.136666666666667,14.99,13.143333333333333,38.94,7.19,86.49666666666667,2.8366666666666664,7.24,12.283333333333333,41.59,1.53,1141.28,1.2996016568528421,28.05,82.4
Dang,2019,39.480000000000004,-2.442274335842154,1,20.526666666666667,27.686666666666667,13.976666666666667,13.706666666666665,40.53666666666667,6.923333333333333,86.54,2.953333333333333,2.75,10.593333333333334,53.77666666666667,5.25,44.11,-2.426550170071435,28.05,82.4
Darchula,1982,317.28000000000003,-0.35075512774057216,0,9.276666666666666,15.783333333333333,3.5400000000000005,12.243333333333334,55.44333333333333,5.55,73.81666666666666,2.5766666666666667,91.68,0.7833333333333333,48.6,82.79,514.35,0.860842450782841,29.9,80.6
Darchula,1983,431.18,0.3495085561982148,0,9.49,16.513333333333335,3.3833333333333333,13.13,44.876666666666665,4.656666666666667,73.79333333333334,2.6733333333333333,78.97999999999999,1.3033333333333335,41.04333333333333,24.04,317.28000000000003,-0.35075512774057216,29.9,80.6
Darchula,1984,334.38,-0.2456233542958554,0,11.976666666666667,19.823333333333334,4.61,15.213333333333333,34.43333333333333,4.093333333333333,73.79333333333334,2.81,26.560000000000002,0.3333333333333333,43.36666666666667,58.59,431.18,0.3495085561982148,29.9,80.6
Darchula,1985,387.47,0.08077698793689461,0,12.006666666666666,19.583333333333332,5.04,14.543333333333335,31.340000000000003,3.8033333333333332,73.76666666666667,2.776666666666667,52.04,0.9566666666666666,40.07333333333333,57.24,334.38,-0.2456233542958554,29.9,80.6
Darchula,1986,474.41999999999996,0.6153505377040367,0,10.03,17.243333333333336,3.4066666666666667,13.836666666666666,40.46333333333333,4.156666666666666,73.78666666666668,2.733333333333333,61.58,2.2733333333333334,43.47,43.07,387.47,0.08077698793689461,29.9,80.6
Darchula,1987,158.42000000000002,-1.327435451098919,1,10.363333333333333,17.613333333333333,3.81,13.800000000000002,40.52,4.3,73.89333333333333,2.6333333333333333,65.13,1.8366666666666667,43.00333333333333,45.269999999999996,474.41999999999996,0.6153505377040367,29.9,80.6
Darchula,1988,377.5,0.019480860378775857,0,11.586666666666666,19.186666666666667,4.3066666666666675,14.88,34.74666666666667,3.83,73.81666666666666,2.793333333333333,56.92,3.546666666666667,36.4,95.66,158.42000000000002,-1.327435451098919,29.9,80.6
Darchula,1989,176.96,-1.2134504756799103,1,10.910000000000002,18.51,3.9333333333333336,14.583333333333334,30.23,3.3333333333333335,73.77333333333333,2.733333333333333,35.41,1.6266666666666667,40.76666666666667,49.96,377.5,0.019480860378775857,29.9,80.6
Darchula,1990,297.26,-0.47383922741093687,0,10.243333333333334,17.24,3.953333333333333,13.286666666666667,44.94,4.79,73.77333333333333,2.6166666666666667,57.52,3.1833333333333336,39.49333333333333,55.669999999999995,176.96,-1.2134504756799103,29.9,80.6
Darchula,1991,182.85999999999999,-1.1771769398130199,1,10.883333333333333,18.366666666666664,3.84,14.523333333333333,35.83,3.84,73.88333333333334,2.723333333333333,82.28999999999999,2.07,40.45666666666667,29.66,297.26,-0.47383922741093687,29.9,80.6
Darchula,1992,230.59,-0.883730182706801,1,11.040000000000001,18.569999999999997,4.406666666666666,14.163333333333332,31.323333333333334,3.5033333333333334,73.87,2.7266666666666666,17.700000000000003,2.2733333333333334,41.153333333333336,25.39,182.85999999999999,-1.1771769398130199,29.9,80.6
Darchula,1993,196.17,-1.095346302120085,1,10.163333333333334,17.57,3.39,14.183333333333332,38.276666666666664,4.0,73.86,2.7266666666666666,51.7,2.8066666666666666,38.36333333333334,22.21,230.59,-0.883730182706801,29.9,80.6
Darchula,1994,291.86,-0.5070387348145315,0,11.420000000000002,19.06,4.446666666666666,14.61,33.25,3.8366666666666664,73.87666666666667,2.8033333333333332,22.56,2.6533333333333333,36.1,38.62,196.17,-1.095346302120085,29.9,80.6
Darchula,1995,251.85,-0.7530224924474629,0,11.070000000000002,18.276666666666667,4.52,13.756666666666666,35.49,3.97,73.86666666666667,2.6833333333333336,18.56,0.8400000000000002,44.24666666666667,56.47,291.86,-0.5070387348145315,29.9,80.6
Darchula,1996,323.29,-0.31380530561175646,0,11.226666666666667,18.596666666666668,4.48,14.12,39.483333333333334,4.406666666666666,73.80666666666667,2.6833333333333336,50.33,1.9766666666666666,44.25666666666667,75.35,251.85,-0.7530224924474629,29.9,80.6
Darchula,1997,247.15,-0.7819183600024435,0,9.766666666666667,16.80666666666667,3.4933333333333336,13.31,41.27333333333333,4.213333333333334,73.86666666666666,2.626666666666667,61.800000000000004,1.9633333333333336,32.72,7.470000000000001,323.29,-0.31380530561175646,29.9,80.6
Darchula,1998,213.76999999999998,-0.9871405002120724,1,10.846666666666666,18.246666666666666,4.1000000000000005,14.143333333333333,41.339999999999996,4.523333333333333,73.92,2.6300000000000003,88.93,1.1533333333333333,45.70666666666667,65.58,247.15,-0.7819183600024435,29.9,80.6
Darchula,1999,192.23,-1.1195696464108562,1,12.303333333333333,20.36,5.056666666666666,15.306666666666667,24.513333333333332,3.0833333333333335,73.75666666666666,2.856666666666667,18.44,3.6166666666666667,34.663333333333334,15.469999999999999,213.76999999999998,-0.9871405002120724,29.9,80.6
Darchula,2000,433.86,0.3659853487614804,0,11.466666666666667,18.923333333333332,4.793333333333334,14.13,33.03666666666667,4.12,73.75333333333333,2.7266666666666666,89.71,1.7766666666666666,35.90333333333333,28.380000000000003,192.23,-1.1195696464108562,29.9,80.6
Darchula,2001,424.13,0.3061647548657437,0,10.920000000000002,18.02,4.583333333333333,13.433333333333332,38.123333333333335,4.446666666666666,73.82666666666667,2.64,58.63,3.2433333333333336,28.753333333333334,4.32,433.86,0.3659853487614804,29.9,80.6
Darchula,2002,263.43,-0.6818279932375317,0,11.913333333333334,19.183333333333334,5.416666666666667,13.770000000000001,35.60333333333333,4.1433333333333335,73.85333333333334,2.72,28.93,2.1166666666666667,40.82333333333333,70.22999999999999,424.13,0.3061647548657437,29.9,80.6
Darchula,2003,486.63,0.6904183127777208,0,11.030000000000001,18.256666666666664,4.463333333333334,13.793333333333335,36.71666666666667,3.996666666666666,73.86333333333333,2.7100000000000004,14.9,2.32,38.846666666666664,70.53999999999999,263.43,-0.6818279932375317,29.9,80.6
Darchula,2004,493.09000000000003,0.730134760523503,0,12.393333333333333,19.679999999999996,5.8133333333333335,13.87,36.99,4.61,73.86333333333333,2.7099999999999995,109.22999999999999,2.2333333333333334,44.98,37.260000000000005,486.63,0.6904183127777208,29.9,80.6
Darchula,2005,662.5,1.7716770844573915,0,10.346666666666666,17.073333333333334,4.39,12.683333333333332,46.673333333333325,4.906666666666666,73.92,2.5533333333333332,93.69,2.006666666666667,50.666666666666664,66.66,493.09000000000003,0.730134760523503,29.9,80.6
Darchula,2006,519.0,0.889430915491492,0,10.326666666666666,16.916666666666668,4.273333333333333,12.643333333333333,50.589999999999996,5.6066666666666665,73.85666666666667,2.4866666666666664,147.55,3.91,37.13666666666666,7.3,662.5,1.7716770844573915,29.9,80.6
Darchula,2007,703.14,2.0215341179540753,0,10.373333333333333,16.94,4.016666666666667,12.92,53.72,5.863333333333333,73.92666666666666,2.4333333333333336,169.68,2.15,45.723333333333336,109.94,519.0,0.889430915491492,29.9,80.6
Darchula,2008,756.5,2.349594435557005,0,10.82,17.69,4.473333333333334,13.216666666666667,42.026666666666664,4.72,73.82,2.5766666666666667,79.74,1.5066666666666666,44.379999999999995,14.08,703.14,2.0215341179540753,29.9,80.6
Darchula,2009,514.34,0.8607809702135751,0,11.306666666666667,18.49,4.836666666666667,13.653333333333334,38.99,4.523333333333333,73.86,2.6833333333333336,43.71,4.26,41.70333333333333,15.48,756.5,2.349594435557005,29.9,80.6
Darchula,2010,831.5699999999999,2.8111290690362387,0,12.823333333333332,20.180000000000003,6.003333333333333,14.173333333333332,35.056666666666665,4.3933333333333335,73.93333333333334,2.7533333333333334,23.08,2.49,44.24333333333333,32.3,514.34,0.8607809702135751,29.9,80.6
Darchula,2011,853.05,2.943189331819427,0,10.336666666666668,16.933333333333334,4.34,12.596666666666666,50.53333333333333,5.54,73.88666666666666,2.5233333333333334,80.75,1.0733333333333333,53.026666666666664,69.69,831.5699999999999,2.8111290690362387,29.9,80.6
Darchula,2012,541.81,1.0296680939870468,0,10.413333333333334,17.316666666666666,3.94,13.376666666666665,42.79,4.56,73.82333333333334,2.563333333333333,45.35,0.6466666666666666,54.32333333333333,48.87,853.05,2.943189331819427,29.9,80.6
Darchula,2013,830.38,2.8038128812935947,0,11.15,17.593333333333334,5.183333333333334,12.406666666666666,50.6,5.52,73.85333333333334,2.606666666666667,30.3,1.3566666666666667,60.48,188.14999999999998,541.81,1.0296680939870468,29.9,80.6
Darchula,2014,492.41999999999996,0.7260155623826862,0,10.063333333333334,16.356666666666666,4.16,12.203333333333333,54.49333333333333,5.626666666666666,73.93666666666667,2.516666666666667,85.38,1.6199999999999999,59.96,102.19,830.38,2.8038128812935947,29.9,80.6
Darchula,2015,408.12,0.2077343634710117,0,9.78,15.37,4.333333333333333,11.036666666666667,63.53666666666667,6.376666666666666,73.96333333333332,2.3000000000000003,227.43,2.06,56.31999999999999,137.49,492.41999999999996,0.7260155623826862,29.9,80.6
Darchula,2016,473.22,0.6079728693921271,0,11.933333333333332,18.486666666666668,6.18,12.306666666666667,47.84666666666667,5.676666666666667,73.92,2.5833333333333335,109.21,3.23,41.123333333333335,29.68,408.12,0.2077343634710117,29.9,80.6
Darchula,2017,572.4399999999999,1.2179830776485485,0,11.1,17.713333333333335,5.12,12.590000000000002,48.550000000000004,5.583333333333333,73.86,2.5566666666666666,156.5,4.25,41.45666666666667,26.519999999999996,473.22,0.6079728693921271,29.9,80.6
Darchula,2018,18.77,-2.186011600897441,1,11.476666666666667,18.25,5.31,12.94,46.11333333333334,5.31,73.89999999999999,2.6566666666666667,4.16,4.02,39.78666666666667,7.11,572.4399999999999,1.2179830776485485,29.9,80.6
Darchula,2019,15.649999999999999,-2.2051935385084067,1,10.020000000000001,16.75,3.41,13.343333333333334,53.57,5.5,73.92333333333333,2.4899999999999998,2.8899999999999997,0.84,60.906666666666666,5.390000000000001,18.77,-2.186011600897441,29.9,80.6
Dhading,1982,592.95,0.023774360262111292,0,18.2,24.983333333333334,12.186666666666667,12.799999999999999,39.830000000000005,6.153333333333333,83.87333333333333,2.5666666666666664,77.18,9.166666666666666,45.45666666666667,90.02,812.07,1.09926163013024,27.7,85.2
Dhading,1983,375.6,-1.0430253755257575,1,18.23,25.263333333333332,12.086666666666668,13.18,32.35666666666666,5.2299999999999995,83.83333333333333,2.7133333333333334,66.35,8.883333333333333,34.45666666666667,5.21,592.95,0.023774360262111292,27.7,85.2
Dhading,1984,739.64,0.7437598824278459,0,19.996666666666666,27.383333333333336,13.5,13.886666666666668,28.236666666666668,5.116666666666666,83.73333333333333,2.7566666666666664,54.07,9.223333333333334,31.95,24.64,375.6,-1.0430253755257575,27.7,85.2
Dhading,1985,691.3299999999999,0.506644192361538,0,20.076666666666668,27.51,13.283333333333333,14.223333333333334,25.790000000000003,4.656666666666667,83.70333333333333,2.796666666666667,33.35,9.483333333333333,35.77666666666667,20.8,739.64,0.7437598824278459,27.7,85.2
Dhading,1986,519.44,-0.3370282556926447,0,18.463333333333335,25.633333333333336,11.94,13.69,31.320000000000004,5.013333333333333,83.80666666666667,2.7266666666666666,52.150000000000006,9.766666666666667,46.17666666666667,18.61,691.3299999999999,0.506644192361538,27.7,85.2
Dhading,1987,634.3299999999999,0.22687614570909487,0,18.849999999999998,26.05666666666667,12.463333333333333,13.593333333333334,28.986666666666668,4.613333333333333,83.91666666666667,2.69,35.55,10.093333333333334,35.10666666666666,40.910000000000004,519.44,-0.3370282556926447,27.7,85.2
Dhading,1988,653.13,0.31915051899095365,0,19.183333333333334,26.27,12.803333333333333,13.466666666666667,35.25666666666667,5.94,83.79666666666667,2.61,148.18,10.88,37.92666666666667,5.48,634.3299999999999,0.22687614570909487,27.7,85.2
Dhading,1989,437.15999999999997,-0.7408758851411192,0,19.22666666666667,26.656666666666666,12.700000000000001,13.956666666666665,27.323333333333334,4.673333333333333,83.74333333333334,2.763333333333333,72.36,9.463333333333333,38.36333333333334,56.1,653.13,0.31915051899095365,27.7,85.2
Dhading,1990,712.16,0.6088822346732995,0,18.72,25.60666666666667,12.493333333333334,13.106666666666667,32.76,5.473333333333334,83.80666666666667,2.67,30.0,10.373333333333333,34.0,23.48,437.15999999999997,-0.7408758851411192,27.7,85.2
Dhading,1991,379.88,-1.0220182309701005,1,19.823333333333334,27.34,12.993333333333332,14.343333333333334,24.69666666666667,4.3133333333333335,83.87333333333333,2.733333333333333,37.96,10.466666666666667,35.016666666666666,4.41,712.16,0.6088822346732995,27.7,85.2
Dhading,1992,389.98,-0.9724452963878254,1,19.62333333333333,27.173333333333332,13.026666666666666,14.15,24.72,4.27,83.83666666666666,2.953333333333333,22.69,9.17,36.06333333333333,25.55,379.88,-1.0220182309701005,27.7,85.2
Dhading,1993,415.32,-0.8480712209111079,1,18.14,25.263333333333335,11.87,13.393333333333333,33.78333333333333,5.416666666666667,83.89999999999999,2.6799999999999997,110.94,9.936666666666666,35.72666666666667,12.02,389.98,-0.9724452963878254,27.7,85.2
Dhading,1994,382.28999999999996,-1.0101894416291817,1,19.653333333333332,27.176666666666666,12.973333333333334,14.200000000000001,25.99666666666667,4.666666666666667,83.86,2.7899999999999996,26.81,10.473333333333334,31.419999999999998,18.38,415.32,-0.8480712209111079,27.7,85.2
Dhading,1995,520.2,-0.3332980150706122,0,19.84,27.323333333333334,13.170000000000002,14.156666666666666,24.50666666666667,4.44,83.86333333333333,2.8800000000000003,18.700000000000003,9.39,31.00333333333333,12.91,382.28999999999996,-1.0101894416291817,27.7,85.2
Dhading,1996,500.85999999999996,-0.4282228224786521,0,19.819999999999997,27.209999999999997,13.11,14.1,28.426666666666666,4.953333333333333,83.77333333333333,2.8033333333333332,46.16,9.626666666666667,39.63666666666666,53.68,520.2,-0.3332980150706122,27.7,85.2
Dhading,1997,389.77,-0.9734760207702293,1,18.290000000000003,25.426666666666666,11.916666666666666,13.51,29.843333333333334,4.726666666666667,83.91333333333334,2.686666666666667,48.2,9.256666666666666,28.55333333333333,5.56,500.85999999999996,-0.4282228224786521,27.7,85.2
Dhading,1998,509.23,-0.3871410935228457,0,18.903333333333332,25.99,12.743333333333334,13.243333333333332,34.65333333333333,5.88,83.93666666666667,2.6566666666666667,58.95,9.51,36.22666666666667,21.45,389.77,-0.9734760207702293,27.7,85.2
Dhading,1999,348.65999999999997,-1.175252589154123,1,20.29,27.883333333333336,13.75,14.133333333333333,24.099999999999998,4.516666666666667,83.68333333333334,2.7900000000000005,45.28,11.443333333333333,29.013333333333335,3.05,509.23,-0.3871410935228457,27.7,85.2
Dhading,2000,593.65,0.02721010820345675,0,19.21666666666667,26.19666666666667,13.076666666666668,13.12,30.820000000000004,5.56,83.74333333333334,2.6533333333333333,67.04,9.676666666666668,31.206666666666667,2.2600000000000002,348.65999999999997,-1.175252589154123,27.7,85.2
Dhading,2001,508.52000000000004,-0.39062592357763914,0,19.313333333333333,26.333333333333332,13.17,13.159999999999998,32.163333333333334,5.776666666666666,83.82666666666667,2.6933333333333334,53.55,10.49,28.703333333333333,0.46,593.65,0.02721010820345675,27.7,85.2
Dhading,2002,332.7,-1.253587642216807,1,19.123333333333335,25.95,13.236666666666666,12.706666666666669,38.53666666666667,6.553333333333334,83.84333333333332,2.6166666666666667,89.9,10.16,37.29333333333333,22.549999999999997,508.52000000000004,-0.39062592357763914,27.7,85.2
Dhading,2003,371.86,-1.0613820859552336,1,18.923333333333332,25.993333333333336,12.58,13.413333333333334,32.473333333333336,5.283333333333333,83.89,2.6133333333333333,17.86,9.786666666666667,38.20333333333333,60.07,332.7,-1.253587642216807,27.7,85.2
Dhading,2004,861.0,1.3394204112303107,0,19.25,25.796666666666667,13.563333333333333,12.233333333333334,41.379999999999995,7.0,83.82666666666667,2.44,267.77,9.816666666666668,41.38,34.67,371.86,-1.0613820859552336,27.7,85.2
Dhading,2005,783.72,0.9601138385057354,0,18.576666666666668,25.343333333333334,12.473333333333334,12.866666666666667,38.20333333333334,6.036666666666666,83.95,2.5,73.28999999999999,9.646666666666667,52.836666666666666,63.01,861.0,1.3394204112303107,27.7,85.2
Dhading,2006,871.51,1.3910057124639454,0,18.456666666666667,24.939999999999998,12.816666666666668,12.12,43.01666666666667,7.096666666666667,83.89,2.4299999999999997,172.5,11.373333333333335,38.88666666666666,0.04,783.72,0.9601138385057354,27.7,85.2
Dhading,2007,930.39,1.6800011964445745,0,18.516666666666666,24.78333333333333,12.883333333333333,11.896666666666667,47.75333333333333,7.726666666666667,83.92333333333333,2.3333333333333335,142.99,9.373333333333333,49.593333333333334,103.8,871.51,1.3910057124639454,27.7,85.2
Dhading,2008,1113.82,2.5803144034175154,0,18.66,25.353333333333335,12.633333333333333,12.716666666666667,40.06666666666667,6.543333333333333,83.82666666666667,2.5033333333333334,158.5,9.253333333333332,43.82,15.489999999999998,930.39,1.6800011964445745,27.7,85.2
Dhading,2009,683.91,0.4702252641832728,0,19.05666666666667,25.87,13.083333333333334,12.786666666666667,36.42666666666667,6.173333333333335,83.86333333333333,2.5233333333333334,128.48,11.44,47.330000000000005,1.51,1113.82,2.5803144034175154,27.7,85.2
Dhading,2010,885.97,1.4619784485094602,0,20.53,27.483333333333334,14.376666666666667,13.11,33.18333333333333,6.1000000000000005,83.86666666666667,2.6766666666666663,62.91,10.28,39.723333333333336,14.35,683.91,0.4702252641832728,27.7,85.2
Dhading,2011,891.25,1.4878938044098968,0,18.23,24.659999999999997,12.526666666666666,12.136666666666668,43.81,7.133333333333333,83.89999999999999,2.4599999999999995,172.44,9.306666666666667,46.52333333333333,15.850000000000001,885.97,1.4619784485094602,27.7,85.2
Dhading,2012,914.28,1.6009299116801734,0,19.14,26.11,12.753333333333332,13.353333333333333,32.70666666666667,5.483333333333333,83.81333333333333,2.7133333333333334,40.61,9.303333333333333,47.95666666666667,20.130000000000003,891.25,1.4878938044098968,27.7,85.2
Dhading,2013,1043.96,2.2374267588712056,0,18.62333333333333,25.30666666666667,12.806666666666667,12.503333333333332,41.85,6.706666666666667,83.83333333333333,2.6133333333333333,166.11,8.966666666666667,45.11666666666667,53.09,914.28,1.6009299116801734,27.7,85.2
Dhading,2014,1084.29,2.435374922406171,0,18.71,25.233333333333334,12.94,12.293333333333331,41.36000000000001,6.663333333333333,83.95666666666666,2.5500000000000003,167.82999999999998,9.41,57.86000000000001,27.259999999999998,1043.96,2.2374267588712056,27.7,85.2
Dhading,2015,992.93,1.986960733947097,0,18.176666666666666,24.113333333333333,12.853333333333333,11.256666666666666,50.56333333333333,7.846666666666667,84.0,2.3533333333333335,212.93,10.076666666666666,52.72,38.46,1084.29,2.435374922406171,27.7,85.2
Dhading,2016,988.39,1.9646774544417973,0,19.94333333333333,26.633333333333336,14.343333333333334,12.280000000000001,38.35,6.6933333333333325,83.88666666666667,2.6533333333333333,136.98,10.166666666666666,45.129999999999995,12.93,992.93,1.986960733947097,27.7,85.2
Dhading,2017,858.71,1.3281806072507654,0,18.400000000000002,24.7,12.956666666666665,11.746666666666668,46.99333333333334,7.696666666666666,83.87333333333333,2.3866666666666667,255.0,11.336666666666666,46.410000000000004,9.549999999999999,988.39,1.9646774544417973,27.7,85.2
Dhading,2018,24.950000000000003,-2.764089683572761,1,18.263333333333335,24.436666666666667,12.83,11.606666666666667,48.95666666666667,7.866666666666667,83.91333333333334,2.44,8.21,10.979999999999999,41.79,0.18,858.71,1.3281806072507654,27.7,85.2
Dhading,2019,32.05,-2.729241383024825,1,18.463333333333335,24.939999999999998,12.796666666666667,12.143333333333333,45.24666666666667,7.263333333333333,83.93,2.46,6.119999999999999,9.586666666666666,49.24,2.73,24.950000000000003,-2.764089683572761,27.7,85.2
Dhankuta,1982,603.22,0.08456340863827931,0,16.093333333333334,22.55,10.44,12.11,48.47,6.81,81.90666666666668,2.61,148.17,7.986666666666667,51.69333333333333,66.9,875.35,1.8853539625909244,27.0,87.3
Dhankuta,1983,607.4,0.11222410211390481,0,16.083333333333332,23.01,10.106666666666667,12.906666666666666,39.346666666666664,5.7299999999999995,81.86333333333333,2.7866666666666666,115.55,7.293333333333333,38.71333333333333,1.76,603.22,0.08456340863827931,27.0,87.3
Dhankuta,1984,728.88,0.916104734510801,0,17.503333333333334,24.583333333333332,11.42,13.163333333333334,38.25333333333333,6.109999999999999,81.8,2.793333333333333,117.43,7.45,39.166666666666664,37.51,607.4,0.11222410211390481,27.0,87.3
Dhankuta,1985,674.0699999999999,0.5534055456593528,0,17.703333333333333,24.823333333333334,11.406666666666666,13.416666666666666,36.11,5.81,81.76666666666667,2.7733333333333334,77.87,7.963333333333334,41.31666666666667,9.309999999999999,728.88,0.916104734510801,27.0,87.3
Dhankuta,1986,622.97,0.21525687661521953,0,16.436666666666664,23.453333333333333,10.183333333333332,13.270000000000001,38.32666666666666,5.596666666666667,81.84666666666666,2.8033333333333332,82.75,8.5,50.38666666666666,22.040000000000003,674.0699999999999,0.5534055456593528,27.0,87.3
Dhankuta,1987,814.65,1.4836783420238218,0,16.513333333333332,23.473333333333333,10.403333333333334,13.07,38.15,5.476666666666667,81.97000000000001,2.706666666666667,95.75,8.726666666666667,43.303333333333335,25.490000000000002,622.97,0.21525687661521953,27.0,87.3
Dhankuta,1988,693.6700000000001,0.6831064050187476,0,17.123333333333335,24.106666666666666,11.113333333333335,12.993333333333334,42.21333333333333,6.5,81.84666666666666,2.6633333333333336,107.97,9.496666666666668,46.06333333333333,8.79,814.65,1.4836783420238218,27.0,87.3
Dhankuta,1989,660.12,0.4610929442275398,0,17.099999999999998,24.346666666666668,10.826666666666668,13.516666666666666,33.839999999999996,5.22,81.78333333333333,2.85,113.15,8.25,41.77333333333333,50.56,693.6700000000001,0.6831064050187476,27.0,87.3
Dhankuta,1990,534.8299999999999,-0.36799994705503486,0,16.33666666666667,22.96666666666667,10.479999999999999,12.486666666666666,42.653333333333336,6.396666666666667,81.86333333333333,2.6833333333333336,65.67,8.76,39.72666666666667,9.42,660.12,0.4610929442275398,27.0,87.3
Dhankuta,1991,634.31,0.2902980881017254,0,17.69,25.03,11.036666666666667,13.996666666666668,31.560000000000002,5.036666666666666,81.92999999999999,2.866666666666667,29.11,9.026666666666666,38.36,6.72,534.8299999999999,-0.36799994705503486,27.0,87.3
Dhankuta,1992,515.38,-0.49670819779688186,0,17.23,24.75,10.763333333333334,13.986666666666666,32.95333333333333,5.053333333333334,81.86666666666667,2.986666666666667,64.42,7.596666666666667,43.05666666666667,12.23,634.31,0.2902980881017254,27.0,87.3
Dhankuta,1993,364.67,-1.4940151627996494,1,16.273333333333333,23.123333333333335,10.286666666666667,12.839999999999998,40.97666666666667,6.083333333333333,81.93666666666667,2.7566666666666664,97.71000000000001,8.496666666666668,38.52333333333333,17.67,515.38,-0.49670819779688186,27.0,87.3
Dhankuta,1994,339.85,-1.6582588020496571,1,17.56,24.810000000000002,11.229999999999999,13.583333333333334,32.82,5.283333333333333,81.91333333333334,2.813333333333334,45.19,9.143333333333333,35.99666666666667,20.77,364.67,-1.4940151627996494,27.0,87.3
Dhankuta,1995,445.01,-0.9623739872418076,1,17.763333333333332,25.19333333333333,11.166666666666666,14.023333333333333,30.05666666666667,4.983333333333333,81.89999999999999,2.903333333333333,50.93,8.043333333333333,32.28333333333333,9.41,339.85,-1.6582588020496571,27.0,87.3
Dhankuta,1996,443.13,-0.9748146819150556,1,17.849999999999998,25.083333333333332,11.37,13.71,33.74333333333333,5.43,81.82,2.893333333333333,42.1,8.113333333333333,45.419999999999995,38.59,445.01,-0.9623739872418076,27.0,87.3
Dhankuta,1997,459.09,-0.8692011250081207,1,16.13,23.040000000000003,9.996666666666668,13.04,37.29,5.336666666666666,81.95,2.75,83.97,7.896666666666666,31.30666666666667,6.15,443.13,-0.9748146819150556,27.0,87.3
Dhankuta,1998,485.39,-0.6951637473983218,0,16.69,23.486666666666668,10.913333333333334,12.576666666666666,44.826666666666675,6.88,81.97666666666667,2.72,102.7,8.12,40.60666666666666,20.07,459.09,-0.8692011250081207,27.0,87.3
Dhankuta,1999,411.99,-1.1808802309176842,1,18.133333333333333,25.456666666666667,11.836666666666668,13.62,33.4,5.656666666666666,81.74333333333334,2.81,75.28,10.143333333333333,34.88,9.83,485.39,-0.6951637473983218,27.0,87.3
Dhankuta,2000,448.9,-0.9366323370934382,1,16.796666666666667,23.513333333333332,11.12,12.393333333333333,41.123333333333335,6.543333333333334,81.80666666666667,2.706666666666667,91.45,8.07,38.22333333333333,4.27,411.99,-1.1808802309176842,27.0,87.3
Dhankuta,2001,461.07,-0.8560986912565084,1,17.18,24.03333333333333,11.386666666666665,12.643333333333333,39.15,6.3,81.88,2.6966666666666668,73.72999999999999,9.026666666666667,32.699999999999996,1.95,448.9,-0.9366323370934382,27.0,87.3
Dhankuta,2002,407.11,-1.2131730979418598,1,16.763333333333335,23.186666666666667,11.433333333333332,11.753333333333332,49.64333333333334,7.496666666666667,81.91333333333333,2.6,123.18,8.863333333333333,44.160000000000004,13.04,461.07,-0.8560986912565084,27.0,87.3
Dhankuta,2003,497.89,-0.61244636260279,0,16.76,23.47666666666667,10.946666666666667,12.533333333333333,43.13333333333333,6.4433333333333325,81.94333333333333,2.67,51.39,8.576666666666666,42.586666666666666,35.44,407.11,-1.2131730979418598,27.0,87.3
Dhankuta,2004,800.87,1.3924906970252278,0,17.55,24.05333333333333,12.026666666666666,12.023333333333333,47.14666666666667,7.38,81.88333333333333,2.6166666666666667,132.26999999999998,8.313333333333334,50.49666666666667,29.06,497.89,-0.61244636260279,27.0,87.3
Dhankuta,2005,719.59,0.854629174130762,0,16.61,23.173333333333332,10.843333333333334,12.333333333333334,47.21333333333333,6.903333333333333,81.99666666666667,2.6,137.36,8.646666666666667,56.27666666666667,19.509999999999998,800.87,1.3924906970252278,27.0,87.3
Dhankuta,2006,751.9200000000001,1.0685694181659258,0,16.896666666666665,23.346666666666668,11.343333333333334,12.006666666666666,46.553333333333335,7.170000000000001,81.93666666666667,2.5933333333333333,99.58,10.02,43.580000000000005,0.02,719.59,0.854629174130762,27.0,87.3
Dhankuta,2007,804.43,1.4160486082149948,0,17.006666666666664,23.376666666666665,11.583333333333334,11.793333333333331,51.0,7.766666666666667,81.97000000000001,2.486666666666667,167.62,8.216666666666667,54.35666666666666,33.47,751.9200000000001,1.0685694181659258,27.0,87.3
Dhankuta,2008,748.93,1.0487834197228336,0,16.743333333333332,23.153333333333336,11.193333333333333,11.956666666666669,49.06,7.316666666666666,81.88333333333334,2.55,116.99000000000001,7.716666666666666,51.49,20.28,804.43,1.4160486082149948,27.0,87.3
Dhankuta,2009,568.1,-0.14783935568324683,0,17.12333333333333,23.823333333333334,11.383333333333335,12.44,43.19333333333333,6.69,81.91333333333334,2.6466666666666665,162.17999999999998,10.223333333333334,50.656666666666666,0.99,748.93,1.0487834197228336,27.0,87.3
Dhankuta,2010,956.26,2.420767050895442,0,18.116666666666664,24.883333333333336,12.356666666666667,12.526666666666666,42.6,6.916666666666667,81.92666666666666,2.6933333333333334,155.52,8.799999999999999,44.879999999999995,4.62,568.1,-0.14783935568324683,27.0,87.3
Dhankuta,2011,975.28,2.5466298236003233,0,16.283333333333335,22.49,10.923333333333332,11.566666666666668,51.68333333333334,7.626666666666666,81.95,2.483333333333333,147.81,7.763333333333333,53.48666666666667,16.48,956.26,2.420767050895442,27.0,87.3
Dhankuta,2012,752.57,1.0728707221752931,0,16.906666666666666,23.603333333333335,10.973333333333334,12.633333333333333,42.69333333333333,6.483333333333333,81.85000000000001,2.6999999999999997,109.02000000000001,7.756666666666667,56.576666666666675,14.8,975.28,2.5466298236003233,27.0,87.3
Dhankuta,2013,853.02,1.7375876263921861,0,16.95,23.69666666666667,11.326666666666668,12.37,45.656666666666666,6.833333333333333,81.86333333333333,2.6533333333333333,194.24,8.586666666666666,40.06,36.589999999999996,752.57,1.0728707221752931,27.0,87.3
Dhankuta,2014,738.89,0.9823448162550628,0,16.929999999999996,23.453333333333333,11.266666666666666,12.186666666666667,44.48333333333333,6.626666666666666,81.99333333333333,2.653333333333333,175.5,8.306666666666667,58.82333333333333,11.0,853.02,1.7375876263921861,27.0,87.3
Dhankuta,2015,873.05,1.8701339637885461,0,16.56,22.396666666666665,11.573333333333332,10.826666666666668,55.74666666666667,8.19,82.02999999999999,2.4899999999999998,247.95999999999998,9.526666666666666,50.916666666666664,14.94,738.89,0.9823448162550628,27.0,87.3
Dhankuta,2016,968.47,2.501565392363718,0,17.87333333333333,24.113333333333333,12.726666666666667,11.39,46.72666666666667,7.383333333333333,81.92,2.7266666666666666,213.02,8.723333333333334,53.083333333333336,15.49,873.05,1.8701339637885461,27.0,87.3
Dhankuta,2017,813.64,1.4769947773323429,0,16.516666666666666,22.45,11.42,11.030000000000001,55.373333333333335,8.236666666666666,81.92,2.563333333333333,221.42,9.996666666666668,55.34666666666667,3.62,968.47,2.501565392363718,27.0,87.3
Dhankuta,2018,24.27,-3.7465749855515713,1,16.143333333333334,21.886666666666667,11.280000000000001,10.61,57.74333333333333,8.333333333333334,81.97333333333334,2.48,6.8100000000000005,9.453333333333333,51.45666666666667,0.13,813.64,1.4769947773323429,27.0,87.3
Dhankuta,2019,30.4,-3.7060103800478426,1,16.400000000000002,22.666666666666668,11.013333333333334,11.653333333333334,52.40333333333333,7.696666666666666,81.96666666666667,2.5433333333333334,6.24,8.383333333333333,54.910000000000004,1.25,24.27,-3.7465749855515713,27.0,87.3
Dhanusa,1982,691.32,-0.43611190838551855,0,27.900000000000002,35.61666666666667,20.733333333333334,14.876666666666665,33.449999999999996,7.863333333333333,97.82,2.8833333333333333,141.86,16.983333333333334,44.99,75.05,1026.9099999999999,1.0293158350363152,26.7,85.9
Dhanusa,1983,510.03,-1.227754673679313,1,28.47666666666667,36.35666666666666,21.0,15.353333333333333,23.8,6.136666666666667,97.78000000000002,3.393333333333333,41.19,16.976666666666667,30.496666666666666,4.76,691.32,-0.43611190838551855,26.7,85.9
Dhanusa,1984,967.8299999999999,0.7713299859902712,0,29.71666666666667,38.02333333333333,22.096666666666664,15.93,23.073333333333334,6.406666666666666,97.58666666666666,3.3833333333333333,55.44,16.72,31.95,40.52,510.03,-1.227754673679313,26.7,85.9
Dhanusa,1985,1036.51,1.0712363521460317,0,30.036666666666665,38.32333333333333,22.183333333333334,16.136666666666667,20.526666666666667,5.8999999999999995,97.54,3.3266666666666667,34.82,17.03,33.03333333333333,15.27,967.8299999999999,0.7713299859902712,26.7,85.9
Dhanusa,1986,802.09,0.04758972497315302,0,28.5,36.50333333333333,20.91,15.593333333333334,25.843333333333334,6.503333333333333,97.73,3.133333333333333,79.05,16.62333333333333,50.43,21.82,1036.51,1.0712363521460317,26.7,85.9
Dhanusa,1987,1091.12,1.309702960412864,0,28.903333333333332,36.86,21.3,15.563333333333333,23.48,5.87,97.85666666666667,3.0400000000000005,55.0,17.983333333333334,36.45666666666667,33.58,802.09,0.04758972497315302,26.7,85.9
Dhanusa,1988,889.92,0.43111878932173203,0,28.669999999999998,36.77,21.233333333333334,15.536666666666667,29.80666666666667,7.656666666666666,97.67999999999999,2.98,130.8,17.463333333333335,41.56666666666667,9.120000000000001,1091.12,1.309702960412864,26.7,85.9
Dhanusa,1989,595.0699999999999,-0.8564087596157451,1,29.006666666666664,37.46,21.22,16.236666666666665,21.246666666666666,5.623333333333334,97.62666666666667,3.72,62.849999999999994,16.923333333333336,36.303333333333335,52.08,889.92,0.43111878932173203,26.7,85.9
Dhanusa,1990,890.97,0.4357038458806075,0,28.963333333333335,36.53666666666667,21.733333333333334,14.799999999999999,25.05666666666667,6.723333333333334,97.73666666666668,3.0033333333333334,29.73,17.97,30.959999999999997,30.779999999999998,595.0699999999999,-0.8564087596157451,26.7,85.9
Dhanusa,1991,573.1,-0.9523456097095429,1,30.25,38.54,22.473333333333333,16.066666666666666,18.603333333333335,5.3,97.74666666666667,3.16,21.97,18.569999999999997,31.05333333333333,7.04,890.97,0.4357038458806075,26.7,85.9
Dhanusa,1992,501.94,-1.2630814427853132,1,29.633333333333336,38.123333333333335,21.81,16.313333333333333,19.826666666666668,5.3999999999999995,97.72000000000001,3.9766666666666666,42.9,17.209999999999997,32.693333333333335,21.119999999999997,573.1,-0.9523456097095429,26.7,85.9
Dhanusa,1993,596.79,-0.8488980003002542,1,28.166666666666668,36.07333333333333,20.886666666666667,15.19,27.566666666666666,6.94,97.84333333333332,3.283333333333333,97.89,17.98,29.8,13.83,501.94,-1.2630814427853132,26.7,85.9
Dhanusa,1994,550.15,-1.052561845924958,1,29.763333333333335,37.96666666666667,22.073333333333334,15.89,20.623333333333335,5.816666666666666,97.75333333333333,3.19,39.06,17.89,32.306666666666665,26.1,596.79,-0.8488980003002542,26.7,85.9
Dhanusa,1995,754.25,-0.16131418529026548,0,30.090000000000003,38.483333333333334,22.33666666666667,16.146666666666665,18.423333333333332,5.2299999999999995,97.74000000000001,3.57,13.0,17.49,28.173333333333332,22.61,550.15,-1.052561845924958,26.7,85.9
Dhanusa,1996,718.28,-0.31838512283573295,0,30.16,38.48666666666667,22.366666666666664,16.116666666666664,21.096666666666668,5.82,97.62666666666667,3.3333333333333335,24.67,17.146666666666665,40.623333333333335,68.74,754.25,-0.16131418529026548,26.7,85.9
Dhanusa,1997,720.62,-0.3081669967902395,0,28.62,36.553333333333335,21.18,15.373333333333333,22.296666666666667,5.72,97.87333333333333,3.23,56.84,16.80333333333333,27.063333333333333,8.89,718.28,-0.31838512283573295,26.7,85.9
Dhanusa,1998,683.42,-0.47060900059038946,0,28.576666666666664,36.31,21.506666666666664,14.799999999999999,29.36,7.669999999999999,97.88666666666666,3.31,52.81,16.69,39.38666666666666,37.120000000000005,720.62,-0.3081669967902395,26.7,85.9
Dhanusa,1999,500.08000000000004,-1.2712035429753206,1,29.873333333333335,38.343333333333334,22.093333333333334,16.246666666666666,20.656666666666666,5.926666666666667,97.50666666666666,3.223333333333333,58.82,18.51,32.53333333333333,3.19,683.42,-0.47060900059038946,26.7,85.9
Dhanusa,2000,804.95,0.060078545695422654,0,29.02,36.72666666666667,21.726666666666663,15.0,26.02333333333333,7.256666666666667,97.63333333333333,3.046666666666667,88.39999999999999,17.593333333333334,29.349999999999998,3.46,500.08000000000004,-1.2712035429753206,26.7,85.9
Dhanusa,2001,718.86,-0.31585242492702076,0,29.409999999999997,37.11333333333334,22.453333333333333,14.660000000000002,24.786666666666665,7.046666666666667,97.72666666666667,3.176666666666667,72.94,17.206666666666667,29.853333333333335,2.8699999999999997,804.95,0.060078545695422654,26.7,85.9
Dhanusa,2002,490.20000000000005,-1.31434674183407,1,28.703333333333333,36.160000000000004,21.956666666666667,14.203333333333333,33.68333333333333,8.753333333333334,97.75666666666666,3.1933333333333334,143.77,17.246666666666666,41.800000000000004,22.759999999999998,718.86,-0.31585242492702076,26.7,85.9
Dhanusa,2003,618.26,-0.755144510472587,0,29.026666666666667,36.64,21.72,14.92,26.66,6.896666666666666,97.81666666666666,2.953333333333333,29.65,16.816666666666666,40.406666666666666,60.14999999999999,490.20000000000005,-1.31434674183407,26.7,85.9
Dhanusa,2004,917.04,0.5495442501566798,0,29.060000000000002,36.52333333333333,22.13,14.39,33.01333333333333,8.643333333333333,97.69,2.766666666666667,199.63,17.05333333333333,44.89000000000001,38.12,618.26,-0.755144510472587,26.7,85.9
Dhanusa,2005,868.8100000000001,0.33893731888567974,0,29.073333333333334,36.62,21.986666666666665,14.626666666666667,29.49,7.536666666666666,97.86666666666667,2.8466666666666662,74.0,17.586666666666666,49.28,52.7,917.04,0.5495442501566798,26.7,85.9
Dhanusa,2006,1040.06,1.086738210035562,0,28.653333333333332,35.82666666666667,22.060000000000002,13.766666666666666,33.086666666666666,8.593333333333334,97.81333333333333,2.9,134.88,17.976666666666667,41.07333333333333,0.02,868.8100000000001,0.33893731888567974,26.7,85.9
Dhanusa,2007,1175.69,1.6789965158262696,0,28.096666666666664,35.20333333333333,21.463333333333335,13.743333333333334,38.77333333333333,9.573333333333332,97.85000000000001,2.6666666666666665,153.94,16.463333333333335,49.29333333333333,75.62,1040.06,1.086738210035562,26.7,85.9
Dhanusa,2008,1416.88,2.732205841002563,0,28.540000000000003,35.74,21.623333333333335,14.12,33.693333333333335,8.553333333333333,97.73,2.5500000000000003,163.94,15.763333333333334,49.35666666666666,33.78,1175.69,1.6789965158262696,26.7,85.9
Dhanusa,2009,793.4100000000001,0.009686590753118304,0,29.05,36.60333333333333,22.13,14.473333333333334,28.05,7.483333333333333,97.75666666666666,3.0233333333333334,95.36,18.043333333333333,50.6,1.16,1416.88,2.732205841002563,26.7,85.9
Dhanusa,2010,860.4499999999999,0.3024315352359681,0,30.30666666666667,38.06333333333333,23.349999999999998,14.713333333333333,26.91333333333333,7.603333333333334,97.70666666666666,3.216666666666667,91.24000000000001,17.07,41.65,15.23,793.4100000000001,0.009686590753118304,26.7,85.9
Dhanusa,2011,1054.5,1.149793654521427,0,28.22666666666667,35.49666666666667,21.593333333333334,13.903333333333334,34.300000000000004,8.756666666666668,97.83,2.9433333333333334,177.13,16.42,46.51,13.2,860.4499999999999,0.3024315352359681,26.7,85.9
Dhanusa,2012,963.84,0.753906771066546,0,29.473333333333333,37.18,22.19666666666667,14.979999999999999,24.97666666666667,6.699999999999999,97.7,3.24,46.510000000000005,16.733333333333334,47.81,18.32,1054.5,1.149793654521427,26.7,85.9
Dhanusa,2013,923.3199999999999,0.5769672550992857,0,28.106666666666666,35.82,21.143333333333334,14.676666666666668,32.62,7.836666666666666,97.75333333333333,3.0833333333333335,149.86,15.096666666666666,48.449999999999996,42.89,963.84,0.753906771066546,26.7,85.9
Dhanusa,2014,1017.35,0.9875699867478903,0,28.846666666666664,36.49666666666667,21.826666666666664,14.673333333333332,30.27,7.496666666666666,97.87666666666667,3.2433333333333336,136.43,16.33666666666667,56.339999999999996,31.650000000000002,923.3199999999999,0.5769672550992857,26.7,85.9
Dhanusa,2015,1008.49,0.9488808428320482,0,28.27,35.39666666666667,21.80333333333333,13.593333333333334,39.056666666666665,9.636666666666667,97.93333333333334,2.936666666666667,177.57999999999998,17.133333333333333,49.973333333333336,17.63,1017.35,0.9875699867478903,26.7,85.9
Dhanusa,2016,926.3299999999999,0.5901110839013946,0,30.53,38.14333333333334,23.66333333333333,14.479999999999999,27.706666666666667,7.746666666666666,97.73333333333333,3.5,143.59,18.113333333333333,39.27,12.649999999999999,1008.49,0.9488808428320482,26.7,85.9
Dhanusa,2017,837.18,0.20081794845022938,0,28.80666666666667,36.0,22.206666666666667,13.796666666666667,35.86,9.4,97.77,2.85,206.51999999999998,18.30666666666667,45.23333333333333,5.34,926.3299999999999,0.5901110839013946,26.7,85.9
Dhanusa,2018,21.89,-3.359325634297729,1,28.52,35.63666666666666,22.02,13.616666666666667,36.529999999999994,9.383333333333333,97.83999999999999,3.0366666666666666,5.18,17.80666666666667,39.37,0.03,837.18,0.20081794845022938,26.7,85.9
Dhanusa,2019,30.21,-3.3229945194693085,1,28.95,36.60666666666666,22.026666666666667,14.583333333333334,32.31666666666667,8.366666666666667,97.83999999999999,3.1166666666666667,3.48,18.046666666666667,41.336666666666666,1.55,21.89,-3.359325634297729,26.7,85.9
Dolkha,1982,365.84000000000003,-0.5352832002257386,0,7.210000000000001,13.743333333333334,1.7866666666666668,11.96,53.71333333333333,4.903333333333333,70.60000000000001,2.763333333333333,62.06999999999999,-0.1566666666666667,50.449999999999996,77.89,636.11,1.6081659323855098,27.6,86.2
Dolkha,1983,321.45,-0.8873300681600761,1,7.239999999999999,14.013333333333334,1.72,12.296666666666667,44.67333333333334,4.226666666666667,70.56333333333333,3.016666666666667,58.44,-0.46,39.766666666666666,2.4699999999999998,365.84000000000003,-0.5352832002257386,27.6,86.2
Dolkha,1984,561.72,1.0181959728082324,0,9.040000000000001,16.25,3.27,12.979999999999999,40.74333333333333,4.403333333333333,70.55333333333333,2.9,59.82,-0.15333333333333335,34.53666666666667,23.89,321.45,-0.8873300681600761,27.6,86.2
Dolkha,1985,473.74,0.320446852716703,0,8.946666666666667,16.163333333333334,2.9766666666666666,13.183333333333332,39.38666666666666,4.13,70.53333333333333,2.953333333333333,37.58,0.25333333333333335,43.06,14.490000000000002,561.72,1.0181959728082324,27.6,86.2
Dolkha,1986,429.44,-0.03088624594270554,0,7.246666666666667,14.213333333333333,1.3933333333333333,12.816666666666668,45.22666666666667,4.170000000000001,70.54666666666667,2.9166666666666665,47.79,1.0566666666666666,46.74666666666667,16.810000000000002,473.74,0.320446852716703,27.6,86.2
Dolkha,1987,518.74,0.6773314901811133,0,7.669999999999999,14.75,1.8866666666666667,12.863333333333335,41.92333333333333,3.8866666666666667,70.64999999999999,2.876666666666667,36.94,0.5833333333333334,41.07666666666667,30.54,429.44,-0.03088624594270554,27.6,86.2
Dolkha,1988,508.55,0.596516946719728,0,8.416666666666666,15.42,2.7433333333333336,12.676666666666668,47.32333333333333,4.756666666666667,70.58333333333333,2.856666666666667,109.07,2.39,44.01666666666667,3.31,518.74,0.6773314901811133,27.6,86.2
Dolkha,1989,348.84000000000003,-0.6701062854900713,0,8.333333333333334,15.406666666666666,2.5566666666666666,12.85,39.016666666666666,3.9899999999999998,70.53333333333333,2.97,57.05,0.4466666666666666,44.31666666666666,48.35,508.55,0.596516946719728,27.6,86.2
Dolkha,1990,466.77,0.26516938775832627,0,7.603333333333334,14.356666666666667,2.02,12.333333333333334,47.31666666666666,4.646666666666667,70.54333333333334,2.8966666666666665,28.08,1.42,40.28333333333333,14.69,348.84000000000003,-0.6701062854900713,27.6,86.2
Dolkha,1991,361.64,-0.5685924330557506,0,8.486666666666666,15.786666666666667,2.36,13.426666666666668,37.61,3.813333333333333,70.66000000000001,2.94,22.18,0.8966666666666666,42.01666666666667,4.859999999999999,466.77,0.26516938775832627,27.6,86.2
Dolkha,1992,319.32,-0.9042226076667248,1,8.479999999999999,15.82,2.5466666666666664,13.270000000000001,36.88,3.723333333333333,70.62,3.16,23.09,0.023333333333333355,41.42333333333333,16.75,361.64,-0.5685924330557506,27.6,86.2
Dolkha,1993,300.8,-1.051100462907633,1,7.386666666666667,14.303333333333333,1.8099999999999998,12.49,46.28333333333333,4.473333333333334,70.61999999999999,2.8966666666666665,93.96000000000001,0.82,42.35666666666666,17.1,319.32,-0.9042226076667248,27.6,86.2
Dolkha,1994,250.65,-1.448828564437415,1,8.450000000000001,15.833333333333334,2.4,13.433333333333332,38.776666666666664,4.03,70.63666666666667,2.94,28.54,1.2866666666666666,36.81333333333333,14.39,300.8,-1.051100462907633,27.6,86.2
Dolkha,1995,379.96,-0.4233007317591284,0,8.593333333333332,15.92,2.49,13.426666666666668,36.11666666666667,3.8366666666666664,70.64,3.0400000000000005,20.84,-0.22,36.56666666666667,7.78,250.65,-1.448828564437415,27.6,86.2
Dolkha,1996,372.08000000000004,-0.48579519716400693,0,8.686666666666667,15.9,2.6266666666666665,13.273333333333333,40.699999999999996,4.153333333333333,70.57333333333334,2.9800000000000004,21.17,0.24999999999999997,45.43000000000001,39.24,379.96,-0.4233007317591284,27.6,86.2
Dolkha,1997,315.42,-0.9351526095803069,1,7.226666666666667,14.113333333333335,1.62,12.493333333333334,42.919999999999995,3.953333333333333,70.62,2.8466666666666662,43.07,0.0866666666666666,34.00666666666667,5.59,372.08000000000004,-0.48579519716400693,27.6,86.2
Dolkha,1998,365.81,-0.5355211233173818,0,8.39,15.403333333333334,2.75,12.656666666666666,46.95333333333334,4.86,70.67,2.89,47.66,0.49666666666666665,38.89333333333334,17.58,315.42,-0.9351526095803069,27.6,86.2
Dolkha,1999,292.46,-1.1172430823843709,1,9.573333333333332,16.993333333333332,3.65,13.346666666666666,33.36,3.8066666666666666,70.52333333333333,2.956666666666667,46.14,2.4,31.95,2.8400000000000003,365.81,-0.5355211233173818,27.6,86.2
Dolkha,2000,441.41,0.06404506762282783,0,8.270000000000001,15.026666666666666,2.856666666666667,12.17,43.68666666666667,4.703333333333333,70.52333333333333,2.856666666666667,55.459999999999994,0.06333333333333331,38.13333333333333,1.51,292.46,-1.1172430823843709,27.6,86.2
Dolkha,2001,369.51,-0.5061772753480859,0,8.323333333333332,15.116666666666667,2.7733333333333334,12.346666666666666,44.81333333333333,4.736666666666666,70.59333333333333,2.8800000000000003,35.67,1.7,32.32,0.52,441.41,0.06404506762282783,27.6,86.2
Dolkha,2002,287.74,-1.1546763154695265,1,8.446666666666667,15.1,3.2866666666666666,11.813333333333333,52.11000000000001,5.3500000000000005,70.60666666666667,2.8033333333333332,73.44,1.11,40.50333333333333,15.440000000000001,369.51,-0.5061772753480859,27.6,86.2
Dolkha,2003,321.58,-0.8862990680962901,1,7.873333333333334,14.836666666666666,2.24,12.593333333333334,46.669999999999995,4.483333333333333,70.63333333333333,2.876666666666667,17.71,0.9033333333333333,40.96666666666667,41.72,287.74,-1.1546763154695265,27.6,86.2
Dolkha,2004,633.96,1.5911147774844325,0,8.85,15.466666666666667,3.546666666666667,11.92,52.76333333333333,5.496666666666666,70.62,2.6766666666666663,194.55,0.7233333333333333,44.343333333333334,26.78,321.58,-0.8862990680962901,27.6,86.2
Dolkha,2005,567.29,1.0623703601566046,0,7.55,14.153333333333334,2.06,12.093333333333334,52.80666666666667,4.920000000000001,70.69333333333333,2.763333333333333,76.74,0.5933333333333333,58.09,40.93000000000001,633.96,1.5911147774844325,27.6,86.2
Dolkha,2006,587.94,1.2261407549041625,0,8.086666666666666,14.526666666666666,2.85,11.676666666666668,53.55666666666667,5.46,70.63,2.6666666666666665,100.92,2.6666666666666665,39.06333333333333,0.0,567.29,1.0623703601566046,27.6,86.2
Dolkha,2007,674.47,1.9123902588996162,0,8.389999999999999,14.756666666666666,3.126666666666667,11.633333333333333,57.74333333333334,5.830000000000001,70.67333333333333,2.6166666666666667,105.78999999999999,0.8566666666666666,52.21333333333333,60.83,587.94,1.2261407549041625,27.6,86.2
Dolkha,2008,668.93,1.8684537946428859,0,7.84,14.393333333333333,2.493333333333333,11.896666666666667,54.443333333333335,5.266666666666667,70.58999999999999,2.73,112.3,0.26666666666666666,47.29666666666666,15.28,674.47,1.9123902588996162,27.6,86.2
Dolkha,2009,424.53,-0.06982632527493363,0,8.393333333333333,15.263333333333334,2.77,12.493333333333332,47.96666666666667,4.8566666666666665,70.63,2.793333333333333,87.42999999999999,2.986666666666667,47.04333333333333,0.41000000000000003,668.93,1.8684537946428859,27.6,86.2
Dolkha,2010,671.5899999999999,1.8895496421018931,0,9.566666666666668,16.569999999999997,3.813333333333334,12.753333333333336,45.61666666666667,5.0,70.68666666666667,2.8966666666666665,66.54,1.5133333333333334,40.22,6.8100000000000005,424.53,-0.06982632527493363,27.6,86.2
Dolkha,2011,664.33,1.8319722539243024,0,7.609999999999999,13.833333333333334,2.486666666666667,11.346666666666666,57.46333333333333,5.6000000000000005,70.63666666666666,2.6633333333333336,112.58,0.1433333333333333,49.81,10.559999999999999,671.5899999999999,1.8895496421018931,27.6,86.2
Dolkha,2012,641.86,1.65376785828374,0,7.98,14.796666666666667,2.103333333333333,12.696666666666667,47.42666666666667,4.6466666666666665,70.58,2.97,49.44,0.023333333333333355,52.39666666666667,10.99,664.33,1.8319722539243024,27.6,86.2
Dolkha,2013,692.07,2.051971805996808,0,8.273333333333333,15.040000000000001,2.703333333333333,12.336666666666668,52.39333333333334,5.166666666666667,70.59333333333333,2.8966666666666665,119.85,0.64,41.53666666666667,37.959999999999994,641.86,1.65376785828374,27.6,86.2
Dolkha,2014,710.31,2.196629045715715,0,7.746666666666667,14.153333333333334,2.266666666666667,11.89,54.31,5.19,70.7,2.77,118.95,0.52,58.20666666666667,15.1,692.07,2.051971805996808,27.6,86.2
Dolkha,2015,715.8299999999999,2.240406894578016,0,7.71,13.626666666666667,2.7433333333333336,10.88,62.276666666666664,5.919999999999999,70.72666666666667,2.62,157.25,1.2533333333333332,54.85,18.71,710.31,2.196629045715715,27.6,86.2
Dolkha,2016,785.4000000000001,2.7921505440979955,0,8.896666666666667,15.176666666666668,3.8466666666666662,11.33,53.79666666666666,5.546666666666667,70.68666666666667,2.8333333333333335,106.65,0.7733333333333333,54.35666666666666,13.8,715.8299999999999,2.240406894578016,27.6,86.2
Dolkha,2017,642.12,1.655829858411312,0,7.760000000000001,13.82,2.6833333333333336,11.136666666666665,61.160000000000004,5.956666666666667,70.62666666666667,2.733333333333333,156.16,2.1966666666666668,53.61333333333334,6.989999999999999,785.4000000000001,2.7921505440979955,27.6,86.2
Dolkha,2018,19.93,-3.278615754566054,1,7.763333333333333,13.71,2.953333333333333,10.753333333333332,63.08666666666667,6.12,70.65333333333334,2.606666666666667,5.32,2.2466666666666666,47.92666666666667,0.07,642.12,1.655829858411312,27.6,86.2
Dolkha,2019,22.25,-3.2602163688123333,1,7.883333333333333,14.25,2.6,11.65,57.06666666666666,5.523333333333333,70.67333333333333,2.72,3.75,-0.02999999999999999,55.96333333333333,1.29,19.93,-3.278615754566054,27.6,86.2
Dolpa,1982,385.25,-0.21372019839089249,0,-0.7899999999999999,5.386666666666667,-6.1866666666666665,11.573333333333332,67.55,4.03,61.93666666666667,2.9033333333333338,50.42,-8.533333333333333,57.31999999999999,86.78,633.2099999999999,0.9852030302469762,29.0,82.9
Dolpa,1983,510.06,0.38975458853559747,0,-0.3966666666666668,6.2700000000000005,-5.8133333333333335,12.083333333333334,57.72666666666667,3.6300000000000003,61.9,3.15,72.44,-7.813333333333333,47.839999999999996,21.57,385.25,-0.21372019839089249,29.0,82.9
Dolpa,1984,444.88,0.07459966014950165,0,1.49,8.770000000000001,-4.59,13.356666666666667,52.47,3.6966666666666668,61.99,2.736666666666667,30.61,-8.729999999999999,50.336666666666666,62.989999999999995,510.06,0.38975458853559747,29.0,82.9
Dolpa,1985,421.77,-0.03714060365845598,0,1.6333333333333335,8.926666666666668,-4.246666666666667,13.173333333333332,46.71666666666667,3.313333333333333,61.96,3.0233333333333334,56.650000000000006,-8.97,54.653333333333336,74.22999999999999,444.88,0.07459966014950165,29.0,82.9
Dolpa,1986,537.87,0.5242200466273024,0,-0.2933333333333333,6.363333333333333,-5.876666666666666,12.24,54.52333333333333,3.3266666666666667,61.906666666666666,3.013333333333333,51.85,-6.653333333333333,48.54,36.14,421.77,-0.03714060365845598,29.0,82.9
Dolpa,1987,276.2,-0.7409930572510298,0,0.3166666666666667,7.28,-5.376666666666668,12.656666666666666,53.95666666666667,3.436666666666666,62.00666666666667,2.8166666666666664,65.89,-7.696666666666666,54.14000000000001,42.2,537.87,0.5242200466273024,29.0,82.9
Dolpa,1988,555.5,0.6094637009299545,0,1.2999999999999998,8.706666666666667,-4.963333333333334,13.673333333333332,48.403333333333336,3.2733333333333334,61.99666666666667,3.1166666666666667,68.62,-5.79,46.00333333333333,90.28,276.2,-0.7409930572510298,29.0,82.9
Dolpa,1989,307.24,-0.5909100720238984,0,0.7733333333333335,7.97,-5.223333333333334,13.193333333333333,44.18333333333334,2.9466666666666668,61.93333333333334,3.143333333333333,32.23,-7.226666666666667,50.14333333333334,47.76,555.5,0.6094637009299545,29.0,82.9
Dolpa,1990,395.4,-0.16464344903343828,0,0.4566666666666667,7.493333333333332,-5.443333333333334,12.936666666666667,54.49,3.64,61.89333333333334,3.0366666666666666,56.989999999999995,-5.7299999999999995,45.913333333333334,48.31,307.24,-0.5909100720238984,29.0,82.9
Dolpa,1991,222.59,-1.0002053265173474,1,0.81,8.083333333333334,-5.3133333333333335,13.396666666666667,47.06666666666666,3.0766666666666667,62.04333333333333,3.0933333333333333,64.03999999999999,-6.73,47.47666666666667,16.16,395.4,-0.16464344903343828,29.0,82.9
Dolpa,1992,353.77,-0.3659306486148001,0,1.1666666666666667,8.53,-4.633333333333333,13.163333333333334,43.02,2.94,62.01,3.24,21.42,-7.063333333333333,46.14666666666667,34.47,222.59,-1.0002053265173474,29.0,82.9
Dolpa,1993,223.22,-0.9971591834537814,1,0.15333333333333363,7.406666666666666,-5.82,13.226666666666667,49.74333333333334,3.223333333333333,61.973333333333336,3.09,53.03,-5.82,45.31333333333333,13.93,353.77,-0.3659306486148001,29.0,82.9
Dolpa,1994,260.3,-0.8178719059981748,1,1.3066666666666666,9.0,-4.796666666666667,13.793333333333331,44.04,3.0766666666666667,62.02333333333333,3.0933333333333337,17.419999999999998,-6.260000000000001,40.65333333333333,26.57,223.22,-0.9971591834537814,29.0,82.9
Dolpa,1995,277.06,-0.7368348302118759,0,1.0633333333333332,8.453333333333333,-4.999999999999999,13.450000000000001,45.18333333333334,3.126666666666667,62.01333333333333,3.1166666666666667,16.0,-8.043333333333333,45.46666666666667,36.9,260.3,-0.8178719059981748,29.0,82.9
Dolpa,1996,239.06,-0.920570443569833,1,1.2366666666666668,8.563333333333333,-4.8500000000000005,13.416666666666666,49.54666666666666,3.383333333333333,61.97666666666667,3.03,44.34,-7.086666666666667,47.576666666666675,58.339999999999996,277.06,-0.7368348302118759,29.0,82.9
Dolpa,1997,184.49,-1.184424454647299,1,0.15333333333333332,7.13,-5.376666666666666,12.503333333333332,48.64333333333334,3.0666666666666664,61.95666666666667,3.0066666666666664,30.84,-6.756666666666667,34.29333333333333,5.8,239.06,-0.920570443569833,29.0,82.9
Dolpa,1998,220.85,-1.008618483550054,1,1.1966666666666668,8.873333333333333,-5.260000000000001,14.133333333333333,50.02333333333333,3.4166666666666665,62.04666666666666,2.9433333333333334,64.83,-7.77,45.673333333333325,52.5,184.49,-1.184424454647299,29.0,82.9
Dolpa,1999,165.23000000000002,-1.2775493997334637,1,2.5399999999999996,10.543333333333335,-3.81,14.35,33.373333333333335,2.5833333333333335,61.97,3.1533333333333338,29.729999999999997,-5.196666666666666,35.919999999999995,12.34,220.85,-1.008618483550054,29.0,82.9
Dolpa,2000,485.69,0.2719220386005076,0,1.53,9.133333333333333,-4.56,13.693333333333333,43.00666666666667,3.2733333333333334,61.916666666666664,3.0366666666666666,57.650000000000006,-7.173333333333333,39.20333333333333,19.779999999999998,165.23000000000002,-1.2775493997334637,29.0,82.9
Dolpa,2001,426.77,-0.012964865058724788,0,0.9333333333333331,7.836666666666666,-4.616666666666666,12.453333333333333,52.00333333333333,3.6566666666666663,61.96666666666667,2.84,43.83,-5.55,36.99,0.26,485.69,0.2719220386005076,29.0,82.9
Dolpa,2002,213.25,-1.0453656062216454,1,1.7733333333333334,9.13,-4.01,13.136666666666665,48.156666666666666,3.4466666666666668,62.01666666666667,2.926666666666667,22.09,-6.673333333333333,44.053333333333335,40.11,426.77,-0.012964865058724788,29.0,82.9
Dolpa,2003,343.73,-0.4144755317230602,0,0.9433333333333332,8.290000000000001,-4.86,13.15,47.63666666666666,3.17,61.99,3.0833333333333335,9.25,-6.966666666666666,40.800000000000004,67.62,213.25,-1.0453656062216454,29.0,82.9
Dolpa,2004,585.9200000000001,0.7565488945707194,0,2.373333333333333,9.766666666666667,-3.5,13.266666666666666,48.35,3.6733333333333333,62.053333333333335,2.936666666666667,124.38,-6.6433333333333335,43.99666666666667,29.41,343.73,-0.4144755317230602,29.0,82.9
Dolpa,2005,708.44,1.3489511932185323,0,0.3466666666666667,6.846666666666667,-5.013333333333333,11.86,58.68666666666667,3.7466666666666666,62.04,2.86,84.2,-7.510000000000001,60.22666666666667,62.279999999999994,585.9200000000001,0.7565488945707194,29.0,82.9
Dolpa,2006,655.73,1.094090556900166,0,0.3166666666666667,6.833333333333333,-5.34,12.17,64.20666666666666,4.306666666666667,61.99,2.65,168.88,-5.036666666666666,45.31,5.1,708.44,1.3489511932185323,29.0,82.9
Dolpa,2007,814.4100000000001,1.8613317971012353,0,-0.2333333333333331,6.286666666666666,-6.403333333333333,12.69,68.80666666666667,4.3999999999999995,62.07333333333333,2.44,182.67000000000002,-7.066666666666666,54.64666666666667,145.67000000000002,655.73,1.094090556900166,29.0,82.9
Dolpa,2008,1014.66,2.829570128020469,0,0.47000000000000003,6.903333333333333,-5.086666666666667,11.99,60.02,3.9466666666666668,61.97,2.64,99.27,-7.3566666666666665,51.73333333333333,10.719999999999999,814.4100000000001,1.8613317971012353,29.0,82.9
Dolpa,2009,591.54,0.7837224247568167,0,1.0399999999999998,7.716666666666666,-4.6033333333333335,12.32,56.336666666666666,3.8466666666666662,62.02333333333333,2.8800000000000003,82.38000000000001,-4.693333333333333,46.943333333333335,13.92,1014.66,2.829570128020469,29.0,82.9
Dolpa,2010,764.47,1.61986451996712,0,2.216666666666667,9.286666666666667,-3.72,13.006666666666666,53.123333333333335,3.91,62.13333333333333,2.8033333333333332,33.41,-6.423333333333333,49.276666666666664,26.66,591.54,0.7837224247568167,29.0,82.9
Dolpa,2011,908.08,2.314240084028599,0,0.3466666666666667,6.566666666666667,-4.923333333333334,11.49,65.22333333333334,4.3133333333333335,62.01,2.7266666666666666,100.2,-8.283333333333333,54.13666666666666,60.03,764.47,1.61986451996712,29.0,82.9
Dolpa,2012,741.01,1.506431954457181,0,0.06666666666666672,6.636666666666667,-5.61,12.246666666666668,59.76,3.77,61.95666666666667,2.8766666666666665,51.3,-8.793333333333335,60.13666666666666,59.230000000000004,908.08,2.314240084028599,29.0,82.9
Dolpa,2013,951.27,2.523070114053077,0,-0.013333333333333345,6.3,-5.853333333333333,12.156666666666666,69.55666666666667,4.373333333333333,62.02333333333333,2.6533333333333333,74.49000000000001,-8.58,61.00333333333333,155.52,741.01,1.506431954457181,29.0,82.9
Dolpa,2014,708.57,1.3495797624221253,0,-0.006666666666666672,6.033333333333334,-5.28,11.313333333333333,67.73,4.273333333333333,62.06,2.81,79.89,-7.686666666666667,60.629999999999995,62.660000000000004,951.27,2.523070114053077,29.0,82.9
Dolpa,2015,594.3299999999999,0.7972124868954665,0,-0.6399999999999998,5.03,-5.933333333333334,10.963333333333333,76.06666666666666,4.596666666666667,62.089999999999996,2.4,234.95000000000002,-8.283333333333333,64.89999999999999,127.25999999999999,708.57,1.3495797624221253,29.0,82.9
Dolpa,2016,655.33,1.0921564978121876,0,1.6333333333333335,8.049999999999999,-3.5133333333333336,11.566666666666668,61.89666666666667,4.39,62.09,2.7566666666666664,119.83,-6.390000000000001,52.15,35.84,594.3299999999999,0.7972124868954665,29.0,82.9
Dolpa,2017,712.23,1.3672764030771285,0,0.40666666666666657,6.9366666666666665,-5.1466666666666665,12.083333333333334,66.29666666666667,4.406666666666666,62.01333333333333,2.9133333333333336,176.05,-4.95,49.77,22.0,655.33,1.0921564978121876,29.0,82.9
Dolpa,2018,25.55,-1.9529228332555542,1,1.0166666666666666,7.3566666666666665,-4.29,11.643333333333333,64.18333333333332,4.34,62.04333333333333,2.8066666666666666,6.5,-4.873333333333334,48.913333333333334,4.09,712.23,1.3672764030771285,29.0,82.9
Dolpa,2019,22.66,-1.9668964101661988,1,-0.7933333333333333,5.703333333333333,-6.983333333333333,12.686666666666667,70.73666666666666,4.236666666666667,62.050000000000004,2.57,4.03,-8.479999999999999,66.33999999999999,5.56,25.55,-1.9529228332555542,29.0,82.9
Doti,1982,480.42,-0.20614509639614934,0,17.136666666666667,24.203333333333333,10.613333333333333,13.589999999999998,46.14333333333334,6.73,83.48666666666666,2.4966666666666666,104.57,7.96,46.419999999999995,100.12,703.67,0.83341971724322,29.3,80.95
Doti,1983,633.6800000000001,0.5075109095987883,0,17.763333333333332,25.419999999999998,10.796666666666667,14.626666666666667,33.919999999999995,5.283333333333334,83.44,2.6133333333333333,66.36999999999999,8.163333333333334,38.16,32.53,480.42,-0.20614509639614934,29.3,80.95
Doti,1984,523.65,-0.00484437122871413,0,19.930000000000003,28.223333333333333,11.726666666666667,16.493333333333332,28.33,4.946666666666666,83.35000000000001,2.72,33.68000000000001,7.483333333333333,43.49,74.67,633.6800000000001,0.5075109095987883,29.3,80.95
Doti,1985,579.02,0.2529863285751466,0,20.116666666666664,28.37,12.066666666666668,16.30666666666667,24.036666666666665,4.346666666666667,83.32666666666667,2.763333333333333,65.42,8.56,33.81,46.1,523.65,-0.00484437122871413,29.3,80.95
Doti,1986,643.24,0.5520271004986419,0,18.26,26.103333333333335,10.653333333333334,15.446666666666667,31.299999999999997,4.83,83.42,2.67,60.31,9.13,43.55666666666667,49.870000000000005,579.02,0.2529863285751466,29.3,80.95
Doti,1987,266.71999999999997,-1.2012402841889078,1,18.363333333333333,26.113333333333333,10.986666666666666,15.126666666666667,31.796666666666667,4.986666666666667,83.54,2.63,72.07,9.046666666666667,38.276666666666664,48.25,643.24,0.5520271004986419,29.3,80.95
Doti,1988,650.11,0.5840172920762566,0,19.593333333333334,27.75666666666667,11.413333333333334,16.346666666666668,28.323333333333334,4.626666666666666,83.39333333333333,2.7266666666666666,77.93,10.219999999999999,33.693333333333335,116.87,266.71999999999997,-1.2012402841889078,29.3,80.95
Doti,1989,329.13,-0.9106277869023095,1,19.076666666666668,27.286666666666665,11.200000000000001,16.086666666666666,23.48,3.8466666666666662,83.37333333333333,2.7566666666666664,32.08,8.723333333333334,37.85666666666666,51.760000000000005,650.11,0.5840172920762566,29.3,80.95
Doti,1990,481.13,-0.20283897761593014,0,18.176666666666666,25.623333333333335,11.050000000000002,14.573333333333332,36.54333333333333,5.713333333333334,83.41666666666667,2.5733333333333333,67.78999999999999,9.96,35.72,70.17,329.13,-0.9106277869023095,29.3,80.95
Doti,1991,299.75,-1.0474359133288478,1,19.393333333333334,27.51,11.466666666666667,16.043333333333333,25.903333333333336,4.22,83.49,2.723333333333333,64.25999999999999,9.42,35.776666666666664,26.729999999999997,481.13,-0.20283897761593014,29.3,80.95
Doti,1992,411.52,-0.5269783132371464,0,19.243333333333336,27.343333333333334,11.83,15.516666666666666,24.209999999999997,4.036666666666666,83.48333333333333,2.7533333333333334,23.36,8.943333333333333,38.623333333333335,38.05,299.75,-1.0474359133288478,29.3,80.95
Doti,1993,291.93,-1.0838497849645021,1,18.16333333333333,26.026666666666667,10.626666666666667,15.396666666666667,30.166666666666668,4.586666666666667,83.50333333333333,2.643333333333333,59.620000000000005,9.683333333333332,34.586666666666666,22.770000000000003,411.52,-0.5269783132371464,29.3,80.95
Doti,1994,365.16999999999996,-0.7428073350162496,0,19.683333333333334,27.8,11.896666666666667,15.9,24.906666666666666,4.333333333333333,83.47666666666667,2.7566666666666664,21.43,9.74,31.30666666666667,42.98,291.93,-1.0838497849645021,29.3,80.95
Doti,1995,359.69,-0.7683249841931532,0,19.44,27.233333333333334,12.076666666666668,15.156666666666666,26.0,4.3933333333333335,83.48333333333333,2.6366666666666667,14.26,8.373333333333333,37.080000000000005,50.93,365.16999999999996,-0.7428073350162496,29.3,80.95
Doti,1996,402.63,-0.568374645569751,0,19.506666666666668,27.473333333333333,11.863333333333335,15.616666666666667,29.796666666666667,4.953333333333333,83.39999999999999,2.66,43.84,9.19,38.83,80.72999999999999,359.69,-0.7683249841931532,29.3,80.95
Doti,1997,281.81,-1.1309736188459374,1,18.03,25.636666666666667,10.82,14.816666666666668,30.5,4.673333333333333,83.53333333333333,2.603333333333333,44.769999999999996,8.866666666666667,29.243333333333336,7.57,402.63,-0.568374645569751,29.3,80.95
Doti,1998,285.94,-1.1117422518567748,1,18.57,26.37,11.153333333333334,15.216666666666667,33.71333333333333,5.286666666666666,83.55,2.5733333333333337,85.65,8.296666666666667,42.11,68.53999999999999,281.81,-1.1309736188459374,29.3,80.95
Doti,1999,256.3,-1.2497610696676187,1,20.353333333333335,28.953333333333333,12.126666666666665,16.826666666666668,18.69,3.48,83.30666666666666,2.8466666666666662,22.54,10.386666666666667,31.61,16.88,285.94,-1.1117422518567748,29.3,80.95
Doti,2000,594.24,0.32385833961026966,0,19.476666666666667,27.433333333333334,11.856666666666667,15.576666666666668,25.793333333333333,4.746666666666667,83.34666666666666,2.69,97.69,8.82,31.19,29.02,256.3,-1.2497610696676187,29.3,80.95
Doti,2001,529.17,0.02085953816115956,0,19.03,26.666666666666668,11.763333333333334,14.893333333333333,28.830000000000002,5.033333333333334,83.44,2.5966666666666667,51.870000000000005,10.036666666666667,26.826666666666664,3.12,594.24,0.32385833961026966,29.3,80.95
Doti,2002,312.95,-0.9859700430487148,1,20.063333333333333,27.78,12.71,15.07,27.08666666666667,4.7,83.43333333333334,2.6633333333333336,25.77,9.36,35.96666666666667,67.43,529.17,0.02085953816115956,29.3,80.95
Doti,2003,579.88,0.2569909231540038,0,19.066666666666666,26.8,11.603333333333333,15.196666666666667,28.126666666666665,4.496666666666667,83.48333333333333,2.643333333333333,10.6,9.24,36.833333333333336,83.34,312.95,-0.9859700430487148,29.3,80.95
Doti,2004,640.3,0.5383369748453394,0,20.326666666666668,28.046666666666667,13.020000000000001,15.033333333333333,29.796666666666667,5.413333333333333,83.42333333333333,2.6366666666666667,133.46,9.17,42.82666666666666,36.9,579.88,0.2569909231540038,29.3,80.95
Doti,2005,870.29,1.6092866343701708,0,18.376666666666665,25.650000000000002,11.549999999999999,14.096666666666666,37.76,5.843333333333334,83.56,2.4433333333333334,103.98,8.973333333333334,47.29,74.36,640.3,0.5383369748453394,29.3,80.95
Doti,2006,720.47,0.9116490066906623,0,18.179999999999996,25.24,11.413333333333332,13.813333333333333,42.26666666666667,6.786666666666666,83.48666666666666,2.3366666666666664,162.03,10.826666666666666,36.32,7.109999999999999,870.29,1.6092866343701708,29.3,80.95
Doti,2007,957.63,2.0159858093903837,0,18.150000000000002,25.016666666666666,11.363333333333335,13.653333333333334,46.65,7.32,83.53666666666668,2.3333333333333335,201.0,9.226666666666667,43.02333333333333,136.28,720.47,0.9116490066906623,29.3,80.95
Doti,2008,1063.17,2.5074333813119924,0,18.883333333333336,26.349999999999998,11.643333333333333,14.71,33.67666666666667,5.5566666666666675,83.42666666666666,2.486666666666667,90.03999999999999,8.546666666666667,42.52333333333333,14.16,957.63,2.0159858093903837,29.3,80.95
Doti,2009,702.4100000000001,0.8275525205346624,0,19.326666666666668,26.97666666666667,12.04,14.94,31.813333333333333,5.453333333333333,83.46666666666667,2.5566666666666666,50.64,10.923333333333332,43.01666666666667,17.029999999999998,1063.17,2.5074333813119924,29.3,80.95
Doti,2010,1050.0900000000001,2.44652629167077,0,20.973333333333333,28.84,13.276666666666666,15.56,27.78,5.096666666666667,83.48,2.686666666666667,33.07,9.299999999999999,44.303333333333335,35.71,702.4100000000001,0.8275525205346624,29.3,80.95
Doti,2011,1189.54,3.09587595913778,0,18.243333333333336,25.429999999999996,11.32,14.11,41.54,6.646666666666667,83.51,2.43,91.49,8.223333333333334,51.67333333333334,79.03,1050.0900000000001,2.44652629167077,29.3,80.95
Doti,2012,756.47,1.079283198363752,0,18.566666666666666,26.066666666666666,11.206666666666669,14.863333333333335,33.95,5.34,83.43666666666667,2.4933333333333336,47.51,7.87,53.123333333333335,68.39,1189.54,3.09587595913778,29.3,80.95
Doti,2013,1160.25,2.9594869181904246,0,19.406666666666666,26.343333333333334,12.92,13.42,39.85,6.47,83.44333333333333,2.513333333333333,36.54,8.61,55.9,192.08,756.47,1.079283198363752,29.3,80.95
Doti,2014,686.87,0.7551904277957783,0,18.396666666666665,25.263333333333335,11.956666666666665,13.313333333333333,43.153333333333336,6.656666666666666,83.57666666666667,2.4366666666666665,79.1,8.756666666666666,58.64666666666667,98.38,1160.25,2.9594869181904246,29.3,80.95
Doti,2015,581.01,0.26225277417040904,0,17.830000000000002,23.983333333333334,11.836666666666666,12.146666666666667,52.74666666666667,7.736666666666667,83.61,2.2666666666666666,228.22,9.403333333333334,50.666666666666664,138.63,686.87,0.7551904277957783,29.3,80.95
Doti,2016,684.3199999999999,0.7433163392189341,0,20.12,27.113333333333333,13.693333333333333,13.426666666666668,36.86,6.483333333333333,83.50333333333333,2.5399999999999996,110.29,10.163333333333334,36.39333333333334,32.3,581.01,0.26225277417040904,29.3,80.95
Doti,2017,763.58,1.1123909512191874,0,19.436666666666667,26.540000000000003,12.753333333333336,13.783333333333333,36.919999999999995,6.353333333333333,83.47,2.43,141.5,11.049999999999999,38.39,27.36,684.3199999999999,0.7433163392189341,29.3,80.95
Doti,2018,27.58,-2.3147969674306497,1,19.466666666666665,26.73,12.57,14.160000000000002,37.81666666666667,6.4366666666666665,83.49666666666667,2.5833333333333335,5.130000000000001,10.796666666666667,37.50666666666667,4.58,763.58,1.1123909512191874,29.3,80.95
Doti,2019,22.8,-2.337055062880576,1,18.180000000000003,25.356666666666666,10.933333333333332,14.423333333333332,43.73333333333333,6.623333333333334,83.55333333333333,2.42,2.7,8.066666666666668,57.72,5.7,27.58,-2.3147969674306497,29.3,80.95
Gorkha,1982,497.36,0.08030393400980446,0,9.823333333333332,16.356666666666666,4.163333333333333,12.193333333333333,50.07666666666666,5.166666666666667,73.78666666666668,2.52,52.44,1.7366666666666666,51.13333333333333,82.35999999999999,672.91,1.0653254086802308,28.0,84.6
Gorkha,1983,289.73,-1.0847203256644804,1,9.813333333333333,16.543333333333333,4.09,12.450000000000001,42.916666666666664,4.6000000000000005,73.74333333333334,2.676666666666667,67.66,1.87,39.07333333333333,4.989999999999999,497.36,0.08030393400980446,28.0,84.6
Gorkha,1984,625.36,0.7985195350227046,0,11.839999999999998,19.150000000000002,5.57,13.576666666666666,35.07333333333333,4.33,73.72,2.7066666666666666,38.61,2.1199999999999997,35.07666666666666,19.3,289.73,-1.0847203256644804,28.0,84.6
Gorkha,1985,519.48,0.20442056755984628,0,11.796666666666667,19.073333333333334,5.5,13.573333333333332,33.42333333333333,4.03,73.69333333333333,2.716666666666667,27.21,2.2899999999999996,42.31666666666667,29.97,625.36,0.7985195350227046,28.0,84.6
Gorkha,1986,382.15999999999997,-0.566090106901806,0,10.049999999999999,16.99,4.053333333333334,12.94,39.080000000000005,4.1433333333333335,73.72666666666667,2.676666666666667,37.23,3.1833333333333336,46.053333333333335,16.39,519.48,0.20442056755984628,28.0,84.6
Gorkha,1987,481.84,-0.006779707613009905,0,10.496666666666668,17.536666666666665,4.51,13.026666666666666,37.46666666666667,4.013333333333333,73.83333333333333,2.6466666666666665,26.81,2.6300000000000003,39.07,38.79,382.15999999999997,-0.566090106901806,28.0,84.6
Gorkha,1988,557.01,0.4150036262005816,0,11.18,18.186666666666667,5.12,13.06,41.949999999999996,4.8066666666666675,73.75666666666667,2.65,116.5,4.446666666666666,39.17,7.05,481.84,-0.006779707613009905,28.0,84.6
Gorkha,1989,365.26,-0.6609170104730403,0,11.043333333333335,18.19333333333333,4.81,13.383333333333333,34.403333333333336,4.01,73.7,2.7266666666666666,64.6,2.58,42.866666666666674,50.82,557.01,0.4150036262005816,28.0,84.6
Gorkha,1990,588.69,0.5927619874512747,0,10.406666666666666,17.073333333333334,4.626666666666666,12.450000000000001,42.26333333333333,4.716666666666667,73.72333333333334,2.6799999999999997,27.55,3.5933333333333337,37.97666666666667,21.96,365.26,-0.6609170104730403,28.0,84.6
Gorkha,1991,315.65,-0.9392816664593683,1,11.303333333333333,18.599999999999998,4.890000000000001,13.709999999999999,32.57333333333333,3.7466666666666666,73.83333333333333,2.723333333333333,35.28,3.1566666666666663,40.20666666666667,4.49,588.69,0.5927619874512747,28.0,84.6
Gorkha,1992,345.35,-0.7726332027868436,0,11.316666666666668,18.62666666666667,5.1499999999999995,13.476666666666667,32.336666666666666,3.7466666666666666,73.79,2.7733333333333334,17.75,2.22,40.89666666666667,25.5,315.65,-0.9392816664593683,28.0,84.6
Gorkha,1993,350.12,-0.7458684495303473,0,9.933333333333332,16.93,3.9933333333333336,12.933333333333332,41.666666666666664,4.496666666666667,73.80333333333334,2.64,89.85,3.1333333333333333,39.97666666666667,9.309999999999999,345.35,-0.7726332027868436,28.0,84.6
Gorkha,1994,320.0,-0.9148735581436953,1,11.206666666666669,18.603333333333335,4.913333333333333,13.686666666666667,34.18333333333333,4.056666666666667,73.81333333333333,2.723333333333333,20.419999999999998,3.4466666666666668,34.766666666666666,16.0,350.12,-0.7458684495303473,28.0,84.6
Gorkha,1995,408.87,-0.4162187107841919,0,11.236666666666666,18.44666666666667,4.833333333333333,13.613333333333335,33.43,3.9966666666666666,73.81333333333333,2.7900000000000005,23.65,1.9566666666666663,36.51333333333333,11.37,320.0,-0.9148735581436953,28.0,84.6
Gorkha,1996,400.78,-0.46161218119196057,0,11.33,18.483333333333334,4.93,13.556666666666667,37.583333333333336,4.3566666666666665,73.74666666666667,2.6533333333333333,54.510000000000005,2.546666666666667,44.373333333333335,45.79,408.87,-0.4162187107841919,28.0,84.6
Gorkha,1997,283.36,-1.120462773933638,1,9.9,16.76,4.013333333333333,12.746666666666668,38.91,4.07,73.81,2.6033333333333335,37.55,2.3433333333333333,31.236666666666665,4.12,400.78,-0.46161218119196057,28.0,84.6
Gorkha,1998,428.93,-0.30366085956295147,0,11.020000000000001,18.04,5.11,12.933333333333332,41.56666666666667,4.8500000000000005,73.86,2.6166666666666667,49.480000000000004,2.7133333333333334,38.38333333333333,16.619999999999997,283.36,-1.120462773933638,28.0,84.6
Gorkha,1999,273.62,-1.1751144923232133,1,12.186666666666667,19.656666666666666,5.88,13.780000000000001,29.53,3.8166666666666664,73.68333333333334,2.7866666666666666,44.879999999999995,4.333333333333333,31.046666666666667,4.03,428.93,-0.30366085956295147,28.0,84.6
Gorkha,2000,479.27,-0.021200130227097002,0,11.076666666666668,17.89,5.366666666666667,12.523333333333333,37.833333333333336,4.67,73.69666666666667,2.64,55.230000000000004,2.436666666666667,35.153333333333336,2.6,273.62,-1.1751144923232133,28.0,84.6
Gorkha,2001,415.28,-0.380251820139718,0,10.916666666666666,17.653333333333332,5.163333333333333,12.493333333333334,41.29,4.943333333333333,73.77666666666666,2.6300000000000003,51.17,3.9333333333333336,30.33666666666667,0.26,479.27,-0.021200130227097002,28.0,84.6
Gorkha,2002,267.29,-1.2106324982170544,1,11.176666666666668,17.956666666666667,5.609999999999999,12.346666666666666,44.75,5.226666666666667,73.79,2.61,61.68,3.1700000000000004,39.096666666666664,20.43,415.28,-0.380251820139718,28.0,84.6
Gorkha,2003,298.73,-1.0342207912182608,1,10.63,17.599999999999998,4.666666666666667,12.94,40.4,4.41,73.81333333333333,2.6,14.85,2.9499999999999997,39.61,52.41,267.29,-1.2106324982170544,28.0,84.6
Gorkha,2004,756.78,1.5359249591251678,0,11.553333333333335,18.069999999999997,6.153333333333333,11.916666666666666,47.60666666666666,5.666666666666667,73.79,2.44,214.15,2.9066666666666663,42.38333333333333,29.71,298.73,-1.0342207912182608,28.0,84.6
Gorkha,2005,659.13,0.988005010383686,0,10.256666666666666,16.83666666666667,4.56,12.280000000000001,46.803333333333335,4.943333333333334,73.87333333333333,2.513333333333333,60.730000000000004,2.5433333333333334,56.78,55.54,756.78,1.5359249591251678,28.0,84.6
Gorkha,2006,718.81,1.3228730343559505,0,10.483333333333333,16.78333333333333,5.1066666666666665,11.673333333333334,51.410000000000004,5.859999999999999,73.81,2.4966666666666666,157.89,4.776666666666666,40.57666666666666,0.15,659.13,0.988005010383686,28.0,84.6
Gorkha,2007,781.49,1.6745742364769554,0,10.556666666666667,16.863333333333333,4.826666666666667,12.040000000000001,56.01666666666667,6.2299999999999995,73.85666666666667,2.4,118.08,2.5833333333333335,52.330000000000005,104.08999999999999,718.81,1.3228730343559505,28.0,84.6
Gorkha,2008,951.38,2.6278371150400925,0,10.536666666666667,17.063333333333333,4.883333333333334,12.18,47.85333333333333,5.296666666666666,73.76333333333334,2.52,124.35,2.606666666666667,44.92666666666667,8.7,781.49,1.6745742364769554,28.0,84.6
Gorkha,2009,573.76,0.508988870864379,0,10.969999999999999,17.73,5.226666666666667,12.503333333333332,44.20666666666667,5.096666666666667,73.81,2.5533333333333332,119.78,5.02,46.373333333333335,2.19,951.38,2.6278371150400925,28.0,84.6
Gorkha,2010,775.84,1.6428717509634954,0,12.373333333333335,19.386666666666667,6.32,13.066666666666668,40.59666666666667,5.1033333333333335,73.85666666666667,2.6666666666666665,42.980000000000004,3.56,41.75666666666667,12.129999999999999,573.76,0.508988870864379,28.0,84.6
Gorkha,2011,755.94,1.5312116692435211,0,10.36,16.540000000000003,5.03,11.51,52.06333333333333,5.8500000000000005,73.82,2.436666666666667,146.8,2.4966666666666666,48.11333333333334,14.71,775.84,1.6428717509634954,28.0,84.6
Gorkha,2012,841.39,2.0106766935134606,0,10.71,17.526666666666667,4.556666666666666,12.969999999999999,41.63666666666666,4.640000000000001,73.76,2.64,36.24,2.3000000000000003,50.07666666666666,19.37,755.94,1.5312116692435211,28.0,84.6
Gorkha,2013,980.9,2.793475588023693,0,10.666666666666666,17.256666666666664,4.853333333333333,12.403333333333334,51.77666666666667,5.710000000000001,73.78,2.57,157.68,2.3966666666666665,47.78,57.56,841.39,2.0106766935134606,28.0,84.6
Gorkha,2014,1116.98,3.5570285488505324,0,10.296666666666667,16.55,4.796666666666666,11.753333333333336,53.156666666666666,5.72,73.88333333333334,2.436666666666667,154.38,2.76,60.07,26.830000000000002,980.9,2.793475588023693,28.0,84.6
Gorkha,2015,1144.31,3.710378801785552,0,9.696666666666667,15.276666666666666,4.506666666666667,10.776666666666666,64.19333333333334,6.609999999999999,73.92,2.1999999999999997,283.20000000000005,2.8066666666666666,58.01333333333333,57.43000000000001,1116.98,3.5570285488505324,28.0,84.6
Gorkha,2016,1138.42,3.6773296620201936,0,11.450000000000001,17.71,6.27,11.44,50.24333333333333,5.843333333333334,73.85666666666667,2.453333333333333,175.97,3.143333333333333,51.44333333333333,10.09,1144.31,3.710378801785552,28.0,84.6
Gorkha,2017,1001.49,2.909007300717877,0,9.83,15.766666666666666,4.62,11.146666666666667,60.45666666666667,6.523333333333333,73.81333333333333,2.27,356.51,4.476666666666667,50.14666666666667,8.83,1138.42,3.6773296620201936,28.0,84.6
Gorkha,2018,26.85,-2.5597556162447237,1,10.116666666666667,15.93,5.1466666666666665,10.786666666666667,61.03333333333333,6.623333333333334,73.83666666666666,2.276666666666667,11.96,4.416666666666667,46.026666666666664,0.34,1001.49,2.909007300717877,28.0,84.6
Gorkha,2019,34.62,-2.516157684839488,1,9.78,15.983333333333334,4.1433333333333335,11.843333333333334,59.20333333333334,6.206666666666667,73.86,2.2933333333333334,8.95,1.8966666666666665,58.26333333333333,3.5700000000000003,26.85,-2.5597556162447237,28.0,84.6
Gulmi,1982,729.88,0.03525394229952002,0,14.916666666666666,21.78333333333333,9.016666666666666,12.763333333333334,45.913333333333334,6.05,80.05,2.74,73.0,6.489999999999999,49.94,86.05,1083.47,1.189940760815935,28.1,83.2
Gulmi,1983,561.49,-0.5146420201710789,0,15.263333333333334,22.603333333333335,8.993333333333332,13.613333333333335,36.38,5.0633333333333335,80.01,3.0233333333333334,67.41,6.423333333333333,39.546666666666674,16.25,729.88,0.03525394229952002,28.1,83.2
Gulmi,1984,862.35,0.4678492160597211,0,17.25,25.076666666666668,10.396666666666667,14.673333333333332,30.92,4.8566666666666665,79.93333333333334,3.0233333333333334,24.73,6.489999999999999,39.89666666666667,46.75,561.49,-0.5146420201710789,28.1,83.2
Gulmi,1985,656.47,-0.20447444183829486,0,17.223333333333333,25.206666666666667,10.253333333333332,14.953333333333333,28.310000000000002,4.42,79.90333333333334,3.16,43.03,6.713333333333334,40.913333333333334,47.89,862.35,0.4678492160597211,28.1,83.2
Gulmi,1986,617.65,-0.3312453977329957,0,15.563333333333333,23.043333333333333,9.01,14.033333333333333,32.76,4.516666666666667,79.98333333333333,2.9933333333333336,34.95,7.476666666666667,45.39000000000001,28.1,656.47,-0.20447444183829486,28.1,83.2
Gulmi,1987,613.34,-0.34532017413449373,0,15.946666666666665,23.486666666666668,9.58,13.910000000000002,32.78,4.6000000000000005,80.09333333333333,2.9466666666666668,46.31,7.3933333333333335,39.38666666666666,48.8,617.65,-0.3312453977329957,28.1,83.2
Gulmi,1988,963.2,0.7971859214172834,0,16.849999999999998,24.64,9.959999999999999,14.673333333333332,32.11333333333334,4.78,79.98666666666666,2.973333333333333,71.61,8.656666666666668,37.473333333333336,48.96,613.34,-0.34532017413449373,28.1,83.2
Gulmi,1989,649.71,-0.2265499612058419,0,16.33666666666667,24.323333333333334,9.47,14.853333333333333,28.97,4.28,79.93,3.1933333333333334,43.08,7.043333333333333,42.21666666666667,57.51,963.2,0.7971859214172834,28.1,83.2
Gulmi,1990,894.74,0.5736223036802608,0,15.783333333333333,23.0,9.456666666666665,13.543333333333331,36.50333333333333,5.24,79.98666666666666,2.9299999999999997,42.900000000000006,7.996666666666667,38.38666666666666,47.26,649.71,-0.2265499612058419,28.1,83.2
Gulmi,1991,482.46000000000004,-0.7727231289901977,0,16.896666666666665,24.73,9.996666666666668,14.729999999999999,26.8,3.973333333333333,80.07333333333332,3.0666666666666664,43.6,7.596666666666667,41.07333333333333,11.55,894.74,0.5736223036802608,28.1,83.2
Gulmi,1992,595.96,-0.4020764650528322,0,16.766666666666666,24.810000000000002,9.993333333333334,14.816666666666668,26.613333333333333,3.9966666666666666,80.02666666666667,3.4633333333333334,19.240000000000002,6.993333333333333,39.81666666666666,40.93,482.46000000000004,-0.7727231289901977,28.1,83.2
Gulmi,1993,499.35,-0.717566986665069,0,15.423333333333332,22.97666666666667,9.016666666666666,13.963333333333333,33.32,4.6066666666666665,80.07000000000001,2.9933333333333336,69.44,7.686666666666667,38.416666666666664,10.530000000000001,595.96,-0.4020764650528322,28.1,83.2
Gulmi,1994,533.37,-0.6064709557650764,0,16.95,24.906666666666666,10.200000000000001,14.71,26.503333333333334,4.133333333333334,80.05333333333333,3.123333333333333,12.74,7.983333333333333,33.01,27.53,499.35,-0.717566986665069,28.1,83.2
Gulmi,1995,567.73,-0.4942646176779585,0,16.849999999999998,24.646666666666665,10.096666666666666,14.549999999999999,27.099999999999998,4.206666666666667,80.05666666666667,3.19,18.7,6.696666666666666,36.11333333333334,26.34,533.37,-0.6064709557650764,28.1,83.2
Gulmi,1996,475.75,-0.79463536788905,0,16.83666666666667,24.570000000000004,10.0,14.57,31.52333333333333,4.733333333333333,79.97666666666667,3.1033333333333335,58.629999999999995,7.276666666666666,39.903333333333336,71.71000000000001,567.73,-0.4942646176779585,28.1,83.2
Gulmi,1997,264.9,-1.4831891043753365,1,15.473333333333334,22.916666666666668,9.066666666666668,13.85,31.326666666666668,4.3,80.08666666666666,2.9800000000000004,35.5,6.996666666666666,29.930000000000003,5.17,475.75,-0.79463536788905,28.1,83.2
Gulmi,1998,602.1,-0.3820256234971016,0,16.290000000000003,23.8,9.83,13.973333333333334,34.54333333333333,5.053333333333334,80.11666666666667,2.926666666666667,52.7,7.07,37.693333333333335,33.61,264.9,-1.4831891043753365,28.1,83.2
Gulmi,1999,300.88,-1.3656924791025047,1,17.456666666666667,25.773333333333337,10.46,15.313333333333333,23.91,3.9133333333333336,79.89333333333333,3.14,52.09,8.766666666666667,32.85,14.74,602.1,-0.3820256234971016,28.1,83.2
Gulmi,2000,727.31,0.0268613262086033,0,16.656666666666666,24.25,10.126666666666667,14.126666666666665,29.526666666666667,4.756666666666667,79.93333333333334,2.973333333333333,64.43,7.140000000000001,31.47,11.700000000000001,300.88,-1.3656924791025047,28.1,83.2
Gulmi,2001,599.86,-0.389340588494632,0,16.256666666666668,23.58,9.98,13.603333333333333,34.39,5.293333333333333,80.02333333333333,2.84,67.11,8.203333333333333,31.47333333333333,0.45999999999999996,727.31,0.0268613262086033,28.1,83.2
Gulmi,2002,303.23,-1.3580182970738455,1,16.900000000000002,24.27333333333333,10.56,13.713333333333333,33.38333333333333,5.113333333333333,80.03333333333333,2.8466666666666662,36.74,7.683333333333333,38.28666666666667,32.55,599.86,-0.389340588494632,28.1,83.2
Gulmi,2003,461.31,-0.8417907672481297,1,16.30666666666667,23.86,9.793333333333335,14.07,30.52333333333333,4.39,80.06666666666666,2.9133333333333336,18.35,7.653333333333333,35.77333333333333,59.44,303.23,-1.3580182970738455,28.1,83.2
Gulmi,2004,999.08,0.9143559857527254,0,17.400000000000002,24.876666666666665,11.176666666666668,13.706666666666669,33.99,5.3999999999999995,80.01,2.966666666666667,111.63,7.5566666666666675,40.166666666666664,37.940000000000005,461.31,-0.8417907672481297,28.1,83.2
Gulmi,2005,1001.32,0.9216709507502558,0,15.770000000000001,22.823333333333334,9.576666666666666,13.243333333333334,38.67666666666667,5.316666666666666,80.13,2.7466666666666666,65.09,7.336666666666666,50.82,53.42,999.08,0.9143559857527254,28.1,83.2
Gulmi,2006,1000.0999999999999,0.9176869073141004,0,15.413333333333334,22.066666666666666,9.636666666666667,12.43,46.94,6.683333333333334,80.07333333333334,2.5500000000000003,209.35,9.013333333333334,41.53,2.19,1001.32,0.9216709507502558,28.1,83.2
Gulmi,2007,1227.47,1.6601885106571739,0,15.593333333333334,22.146666666666665,9.856666666666667,12.293333333333335,50.11666666666667,7.07,80.11,2.5500000000000003,148.70999999999998,7.283333333333334,48.153333333333336,145.19,1000.0999999999999,0.9176869073141004,28.1,83.2
Gulmi,2008,1674.15,3.1188709057897066,0,15.920000000000002,22.97,9.773333333333333,13.193333333333333,39.343333333333334,5.633333333333333,80.01,2.75,112.74000000000001,6.88,45.923333333333325,6.68,1227.47,1.6601885106571739,28.1,83.2
Gulmi,2009,904.8199999999999,0.6065396461691474,0,16.296666666666667,23.473333333333333,10.193333333333333,13.280000000000001,38.72,5.736666666666667,80.05333333333334,2.703333333333333,137.04999999999998,9.213333333333333,45.02,9.79,1674.15,3.1188709057897066,28.1,83.2
Gulmi,2010,1122.83,1.3184751457725399,0,17.820000000000004,25.400000000000002,11.103333333333333,14.296666666666667,33.553333333333335,5.396666666666666,80.07000000000001,3.0233333333333334,35.37,7.796666666666667,44.11333333333334,23.08,904.8199999999999,0.6065396461691474,28.1,83.2
Gulmi,2011,1225.19,1.6527429212846878,0,15.566666666666668,22.343333333333334,9.703333333333333,12.64,45.093333333333334,6.466666666666666,80.08666666666666,2.7100000000000004,147.91,6.926666666666667,47.86333333333334,35.8,1122.83,1.3184751457725399,28.1,83.2
Gulmi,2012,1315.44,1.9474641672789366,0,15.983333333333334,23.34,9.496666666666668,13.843333333333334,35.99333333333333,5.1,80.00333333333333,2.98,46.54,6.613333333333333,50.120000000000005,53.519999999999996,1225.19,1.6527429212846878,28.1,83.2
Gulmi,2013,1519.1,2.6125381723668997,0,15.976666666666667,22.95,9.903333333333334,13.043333333333335,44.76666666666667,6.34,80.02333333333333,2.9266666666666663,131.84,6.72,52.74333333333333,107.69,1315.44,1.9474641672789366,28.1,83.2
Gulmi,2014,1506.3799999999999,2.570999621130923,0,15.696666666666667,22.42,9.803333333333335,12.616666666666667,45.56,6.330000000000001,80.14666666666666,2.8066666666666666,112.18,7.09,57.79666666666666,54.43,1519.1,2.6125381723668997,28.1,83.2
Gulmi,2015,1233.07,1.6784759231509996,0,14.910000000000002,20.970000000000002,9.533333333333333,11.436666666666667,56.129999999999995,7.376666666666666,80.18666666666667,2.5433333333333334,268.95,7.486666666666667,54.39333333333334,93.47,1506.3799999999999,2.570999621130923,28.1,83.2
Gulmi,2016,1329.15,1.9922356717950713,0,16.856666666666666,23.736666666666668,11.056666666666667,12.683333333333332,41.54666666666667,6.266666666666667,80.09,2.9,180.25,7.8066666666666675,44.52333333333333,17.11,1233.07,1.6784759231509996,28.1,83.2
Gulmi,2017,1335.19,2.011959952413412,0,15.736666666666665,22.373333333333335,9.943333333333333,12.43,46.74666666666667,6.743333333333333,80.06666666666666,2.6033333333333335,240.91,8.91,46.830000000000005,21.15,1329.15,1.9922356717950713,28.1,83.2
Gulmi,2018,42.71,-2.2087748511616203,1,15.813333333333333,22.323333333333334,10.200000000000001,12.126666666666665,48.35333333333333,6.923333333333333,80.09333333333332,2.64,9.56,8.656666666666666,44.20666666666667,1.31,1335.19,2.011959952413412,28.1,83.2
Gulmi,2019,41.81,-2.211713899598128,1,15.333333333333334,22.17,9.200000000000001,12.97,48.076666666666675,6.566666666666666,80.11666666666666,2.686666666666667,5.539999999999999,6.5633333333333335,55.89000000000001,5.140000000000001,42.71,-2.2087748511616203,28.1,83.2
Humla,1982,132.16,-0.3234274375900953,0,-4.22,1.96,-9.386666666666667,11.343333333333334,65.04666666666667,3.24,57.77333333333333,3.93,35.02,-13.883333333333333,60.07,58.980000000000004,304.57,1.5912992969608435,30.0,81.8
Humla,1983,206.84,0.5059432052743796,0,-4.79,1.87,-10.36,12.229999999999999,62.1,3.046666666666667,57.73666666666667,3.92,82.98,-12.503333333333332,48.53,11.15,132.16,-0.3234274375900953,30.0,81.8
Humla,1984,118.73,-0.4725764431293279,0,-2.5233333333333334,5.24,-9.053333333333333,14.293333333333335,49.81,2.766666666666667,57.89333333333334,3.49,22.19,-14.046666666666667,53.81666666666666,45.03,206.84,0.5059432052743796,30.0,81.8
Humla,1985,148.22,-0.14507054786857052,0,-2.4599999999999995,4.87,-8.256666666666666,13.13,48.19333333333333,2.7433333333333336,57.839999999999996,3.8266666666666667,38.05,-14.386666666666665,58.580000000000005,62.44,118.73,-0.4725764431293279,30.0,81.8
Humla,1986,268.63,1.1921618986674687,0,-4.44,2.27,-10.036666666666667,12.303333333333333,56.14000000000001,2.6999999999999997,57.75666666666667,3.9333333333333336,58.51,-11.770000000000001,48.85333333333333,25.73,148.22,-0.14507054786857052,30.0,81.8
Humla,1987,59.49,-1.130475705090917,1,-3.7433333333333336,3.313333333333334,-9.63,12.94,55.550000000000004,2.8266666666666667,57.870000000000005,3.4433333333333334,59.339999999999996,-12.793333333333335,56.31333333333333,36.2,268.63,1.1921618986674687,30.0,81.8
Humla,1988,152.69,-0.095428250418059,0,-3.2433333333333336,4.319999999999999,-9.67,13.986666666666666,50.65,2.5833333333333335,57.876666666666665,3.7099999999999995,38.34,-10.863333333333335,47.660000000000004,70.5,59.49,-1.130475705090917,30.0,81.8
Humla,1989,69.3,-1.0215291865250296,1,-3.6466666666666665,3.82,-9.83,13.65,44.67666666666667,2.32,57.79333333333333,3.926666666666667,32.03,-13.053333333333333,51.80666666666667,42.96,152.69,-0.095428250418059,30.0,81.8
Humla,1990,121.8,-0.4384820688176791,0,-3.47,3.4933333333333336,-9.466666666666667,12.956666666666669,55.25333333333333,2.9566666666666666,57.76333333333333,3.6199999999999997,43.75,-10.416666666666666,46.339999999999996,29.259999999999998,69.3,-1.0215291865250296,30.0,81.8
Humla,1991,54.309999999999995,-1.1880030207047092,1,-4.406666666666667,3.08,-10.923333333333332,14.0,56.22,2.6799999999999997,57.903333333333336,3.7266666666666666,92.96000000000001,-11.979999999999999,50.75666666666667,22.299999999999997,121.8,-0.4384820688176791,30.0,81.8
Humla,1992,93.35,-0.7544380783181385,0,-3.1633333333333336,4.32,-8.923333333333334,13.246666666666668,45.093333333333334,2.43,57.85666666666666,4.136666666666667,15.42,-11.376666666666665,46.913333333333334,13.11,54.309999999999995,-1.1880030207047092,30.0,81.8
Humla,1993,53.62,-1.1956659256802913,1,-3.98,3.356666666666667,-9.963333333333333,13.323333333333332,52.25333333333333,2.6633333333333336,57.82666666666666,3.68,39.34,-10.823333333333332,46.620000000000005,10.29,93.35,-0.7544380783181385,30.0,81.8
Humla,1994,122.07,-0.4354835407837556,0,-3.0066666666666664,4.636666666666667,-9.156666666666668,13.79,48.26666666666667,2.6366666666666667,57.89333333333334,3.77,19.25,-11.413333333333334,44.550000000000004,19.29,53.62,-1.1956659256802913,30.0,81.8
Humla,1995,81.77,-0.8830416139953027,1,-3.623333333333333,3.5400000000000005,-9.536666666666667,13.073333333333332,53.94,2.8066666666666666,57.86666666666667,3.7900000000000005,16.67,-13.436666666666667,53.82333333333333,45.510000000000005,122.07,-0.4354835407837556,30.0,81.8
Humla,1996,88.15,-0.8121875071196284,1,-3.28,4.073333333333333,-9.333333333333334,13.403333333333334,55.72666666666667,2.926666666666667,57.846666666666664,3.83,42.52,-12.163333333333332,53.73666666666667,47.68,81.77,-0.8830416139953027,30.0,81.8
Humla,1997,108.29,-0.5885195271077038,0,-4.256666666666667,2.5500000000000003,-9.893333333333333,12.443333333333333,54.873333333333335,2.6966666666666668,57.81,3.6466666666666665,50.410000000000004,-11.780000000000001,34.806666666666665,4.42,88.15,-0.8121875071196284,30.0,81.8
Humla,1998,52.42,-1.2089927169421737,1,-2.9433333333333334,4.703333333333333,-9.4,14.103333333333333,53.663333333333334,2.92,57.92333333333334,3.453333333333333,76.28,-14.020000000000001,59.873333333333335,54.31999999999999,108.29,-0.5885195271077038,30.0,81.8
Humla,1999,80.74,-0.8944804431617517,1,-1.9633333333333336,6.006666666666667,-8.31,14.316666666666668,36.74666666666667,2.2266666666666666,57.86333333333334,3.75,22.13,-10.093333333333334,38.68,9.219999999999999,52.42,-1.2089927169421737,30.0,81.8
Humla,2000,188.94,0.30715190228463535,0,-2.65,4.793333333333334,-8.736666666666666,13.526666666666666,44.28333333333333,2.6566666666666667,57.81,3.546666666666667,57.07,-12.093333333333334,43.13333333333333,21.66,80.74,-0.8944804431617517,30.0,81.8
Humla,2001,191.2,0.33225069249451356,0,-2.8333333333333335,3.9666666666666663,-8.4,12.366666666666667,51.03,2.94,57.843333333333334,3.436666666666667,35.87,-10.67,34.81333333333333,1.56,188.94,0.30715190228463535,30.0,81.8
Humla,2002,109.0,-0.5806345089444235,0,-2.2866666666666666,5.09,-8.25,13.336666666666666,48.163333333333334,2.7133333333333334,57.910000000000004,3.5366666666666666,13.69,-11.966666666666667,48.63666666666666,41.760000000000005,191.2,0.33225069249451356,30.0,81.8
Humla,2003,175.03,0.15267218024064977,0,-3.1199999999999997,4.04,-8.856666666666667,12.893333333333333,49.51333333333333,2.6366666666666667,57.85333333333333,3.9066666666666667,9.71,-12.06,44.57333333333333,44.870000000000005,109.0,-0.5806345089444235,30.0,81.8
Humla,2004,234.07999999999998,0.8084613669191075,0,-1.4933333333333334,5.983333333333334,-7.633333333333333,13.62,47.86000000000001,2.973333333333333,57.949999999999996,3.59,80.75,-11.946666666666667,48.843333333333334,21.790000000000003,175.03,0.15267218024064977,30.0,81.8
Humla,2005,315.72,1.7151273991025002,0,-3.723333333333333,2.896666666666667,-9.216666666666667,12.113333333333335,59.06333333333333,3.02,57.89666666666667,3.72,70.83,-12.160000000000002,60.42666666666667,46.86,234.07999999999998,0.8084613669191075,30.0,81.8
Humla,2006,261.1,1.1085362834991577,0,-3.6033333333333335,3.186666666666667,-9.65,12.836666666666666,62.59666666666667,3.373333333333333,57.876666666666665,3.23,117.23,-10.22,45.50333333333333,6.24,315.72,1.7151273991025002,30.0,81.8
Humla,2007,327.53999999999996,1.8463962930320401,0,-4.1499999999999995,2.6366666666666667,-10.613333333333333,13.25,67.85333333333334,3.4566666666666666,57.96666666666667,3.073333333333333,141.54,-12.37,55.27,82.83000000000001,261.1,1.1085362834991577,30.0,81.8
Humla,2008,344.61,2.0359698987323163,0,-3.3066666666666666,3.2900000000000005,-8.78,12.073333333333332,57.99,3.1466666666666665,57.846666666666664,3.3000000000000003,71.78999999999999,-12.583333333333334,51.79333333333333,11.73,327.53999999999996,1.8463962930320401,30.0,81.8
Humla,2009,212.83,0.5724661049899422,0,-2.783333333333333,4.206666666666667,-8.496666666666668,12.706666666666669,52.28333333333333,2.92,57.88999999999999,3.796666666666667,31.95,-9.736666666666666,48.56999999999999,11.67,344.61,2.0359698987323163,30.0,81.8
Humla,2010,349.56,2.0909429126875807,0,-1.5666666666666667,5.716666666666666,-7.5200000000000005,13.24,50.413333333333334,3.03,58.02333333333333,3.6333333333333333,15.010000000000002,-11.540000000000001,51.88333333333333,21.990000000000002,212.83,0.5724661049899422,30.0,81.8
Humla,2011,354.59,2.146804379393637,0,-3.2466666666666666,3.1500000000000004,-8.673333333333334,11.823333333333332,60.85666666666666,3.32,57.879999999999995,3.5033333333333334,50.23,-13.933333333333332,62.50666666666666,49.89,349.56,2.0909429126875807,30.0,81.8
Humla,2012,243.39,0.9118550557925443,0,-3.75,2.84,-9.34,12.18,58.123333333333335,2.983333333333333,57.81333333333333,3.8266666666666667,38.97,-13.643333333333333,61.75,31.509999999999998,354.59,2.146804379393637,30.0,81.8
Humla,2013,377.15000000000003,2.3973480551170248,0,-4.026666666666666,2.2600000000000002,-9.74,12.003333333333332,72.3,3.573333333333333,57.903333333333336,3.4899999999999998,30.22,-13.39,68.54,140.46,243.39,0.9118550557925443,30.0,81.8
Humla,2014,242.09,0.897417698592172,0,-4.276666666666666,1.7733333333333334,-9.493333333333334,11.263333333333334,71.05,3.4966666666666666,57.906666666666666,3.7900000000000005,67.47,-12.82,66.37333333333333,66.2,377.15000000000003,2.3973480551170248,30.0,81.8
Humla,2015,210.75,0.549366333469346,0,-4.803333333333334,0.6966666666666667,-10.22,10.926666666666668,78.43666666666667,3.7133333333333334,57.946666666666665,3.0400000000000005,196.06,-13.729999999999999,71.27,113.96000000000001,242.09,0.897417698592172,30.0,81.8
Humla,2016,232.59,0.7919139344356039,0,-2.0500000000000003,4.293333333333333,-7.173333333333333,11.466666666666667,62.053333333333335,3.606666666666667,57.973333333333336,3.526666666666667,86.22999999999999,-11.049999999999999,52.026666666666664,30.04,210.75,0.549366333469346,30.0,81.8
Humla,2017,289.05999999999995,1.4190505199010142,0,-3.52,2.99,-9.116666666666667,12.106666666666667,67.09666666666668,3.6333333333333333,57.88333333333333,3.78,142.09,-9.54,49.14666666666667,16.28,232.59,0.7919139344356039,30.0,81.8
Humla,2018,9.6,-1.6845370518036737,1,-2.6766666666666663,3.7733333333333334,-8.146666666666667,11.923333333333332,59.65,3.296666666666667,57.93666666666667,3.4266666666666663,3.83,-9.873333333333333,48.28,5.6,289.05999999999995,1.4190505199010142,30.0,81.8
Humla,2019,9.03,-1.6908672776530678,1,-4.82,1.8166666666666664,-11.173333333333334,12.996666666666668,71.44333333333334,3.3866666666666667,57.919999999999995,3.2433333333333336,3.21,-13.280000000000001,67.12333333333333,4.22,9.6,-1.6845370518036737,30.0,81.8
Ilam,1982,1116.27,0.7615857346875486,0,23.409999999999997,30.040000000000003,17.393333333333334,12.643333333333333,45.54,8.950000000000001,92.73333333333333,2.4433333333333334,262.45,14.896666666666667,48.27333333333333,70.5,1391.28,2.18344099770288,26.9,88.0
Ilam,1983,961.66,-0.037778078318525296,0,23.636666666666667,30.78333333333333,17.25,13.530000000000001,35.22,7.183333333333334,92.69333333333333,2.75,194.16,14.166666666666666,37.97666666666667,2.04,1116.27,0.7615857346875486,26.9,88.0
Ilam,1984,1125.5700000000002,0.809668546025474,0,24.91,32.18,18.456666666666667,13.723333333333334,35.04,7.6933333333333325,92.56,2.763333333333333,170.51,13.986666666666666,39.88666666666666,33.22,961.66,-0.037778078318525296,26.9,88.0
Ilam,1985,1169.58,1.0372088177439729,0,25.266666666666666,32.57,18.646666666666665,13.926666666666668,32.9,7.423333333333333,92.52333333333333,2.7000000000000006,104.0,14.466666666666667,40.36333333333334,6.87,1125.5700000000002,0.809668546025474,26.9,88.0
Ilam,1986,929.07,-0.20627472579196093,0,24.320000000000004,31.646666666666665,17.676666666666666,13.969999999999999,33.32333333333333,6.983333333333333,92.65333333333332,2.76,119.81,14.993333333333334,48.75,21.32,1169.58,1.0372088177439729,26.9,88.0
Ilam,1987,1190.77,1.1467652448676955,0,24.169999999999998,31.37333333333333,17.650000000000002,13.723333333333334,34.73333333333333,7.086666666666666,92.79333333333334,2.53,152.67000000000002,15.523333333333333,42.99666666666667,25.38,929.07,-0.20627472579196093,26.9,88.0
Ilam,1988,949.27,-0.10183679148808253,0,24.55333333333333,31.78,18.146666666666665,13.636666666666665,38.02,8.193333333333333,92.63666666666666,2.58,144.18,16.043333333333333,41.300000000000004,18.15,1190.77,1.1467652448676955,26.9,88.0
Ilam,1989,980.4100000000001,0.05916307357245185,0,24.576666666666668,32.160000000000004,17.83,14.333333333333334,30.083333333333332,6.419999999999999,92.57000000000001,2.86,189.89,15.083333333333334,37.0,49.67,949.27,-0.10183679148808253,26.9,88.0
Ilam,1990,815.27,-0.794642890335595,0,23.77,30.7,17.536666666666665,13.160000000000002,39.14666666666667,8.186666666666667,92.69333333333333,2.53,127.24,15.38,37.22666666666667,12.16,980.4100000000001,0.05916307357245185,26.9,88.0
Ilam,1991,1033.54,0.3338555215707224,0,25.52333333333333,33.12,18.483333333333334,14.636666666666665,28.45,6.489999999999999,92.71,2.7466666666666666,48.94,15.913333333333334,36.693333333333335,7.27,815.27,-0.794642890335595,26.9,88.0
Ilam,1992,778.88,-0.9827862779256022,1,24.650000000000002,32.38666666666666,17.8,14.586666666666668,29.866666666666664,6.376666666666666,92.67,2.936666666666666,123.53,14.206666666666665,42.160000000000004,12.46,1033.54,0.3338555215707224,26.9,88.0
Ilam,1993,597.53,-1.9204010990151277,1,23.939999999999998,31.036666666666665,17.57,13.473333333333334,36.52333333333333,7.683333333333334,92.76666666666667,2.64,115.98,15.12,36.36,20.33,778.88,-0.9827862779256022,26.9,88.0
Ilam,1994,629.19,-1.7567127326754837,1,25.330000000000002,32.85333333333333,18.570000000000004,14.280000000000001,29.363333333333333,6.656666666666666,92.70333333333333,2.7099999999999995,69.4,15.803333333333333,35.17666666666667,23.18,597.53,-1.9204010990151277,26.9,88.0
Ilam,1995,685.26,-1.4668199120607077,1,25.633333333333336,33.419999999999995,18.62,14.796666666666667,26.213333333333335,6.1866666666666665,92.67333333333333,2.893333333333333,68.72999999999999,15.103333333333333,29.650000000000002,11.84,629.19,-1.7567127326754837,26.9,88.0
Ilam,1996,792.75,-0.9110756765001171,1,25.540000000000003,33.04666666666667,18.753333333333334,14.293333333333331,30.773333333333337,7.023333333333333,92.58333333333333,2.763333333333333,97.63999999999999,14.836666666666666,44.11333333333334,38.97,685.26,-1.4668199120607077,26.9,88.0
Ilam,1997,922.2700000000001,-0.24143205021108818,0,23.886666666666667,31.006666666666664,17.383333333333333,13.623333333333333,33.71333333333334,6.866666666666667,92.79,2.6533333333333338,135.86,14.823333333333332,29.676666666666666,4.83,792.75,-0.9110756765001171,26.9,88.0
Ilam,1998,1072.99,0.5378197051493373,0,23.686666666666667,30.486666666666668,17.723333333333333,12.76,43.693333333333335,9.096666666666666,92.80666666666667,2.6366666666666667,200.4,14.526666666666666,42.29,23.35,922.2700000000001,-0.24143205021108818,26.9,88.0
Ilam,1999,979.98,0.05693988982241846,0,25.22,32.589999999999996,18.723333333333333,13.863333333333335,34.32666666666667,7.836666666666666,92.47666666666667,2.6666666666666665,192.2,16.333333333333332,39.57,6.680000000000001,1072.99,0.5378197051493373,26.9,88.0
Ilam,2000,703.4300000000001,-1.3728774731348916,1,23.80666666666667,30.66333333333333,17.849999999999998,12.816666666666668,41.34666666666667,8.770000000000001,92.61,2.56,173.78,14.536666666666667,42.63,15.34,979.98,0.05693988982241846,26.9,88.0
Ilam,2001,829.23,-0.7224669713810331,0,24.473333333333333,31.486666666666668,18.366666666666664,13.123333333333335,37.46333333333333,8.183333333333332,92.67333333333333,2.563333333333333,170.07,15.196666666666667,34.48666666666667,2.9000000000000004,703.4300000000001,-1.3728774731348916,26.9,88.0
Ilam,2002,903.04,-0.34085489559047444,0,23.736666666666668,30.21666666666667,18.12,12.1,48.04333333333333,9.783333333333333,92.72666666666667,2.5533333333333332,219.03,15.263333333333334,47.44,11.809999999999999,829.23,-0.7224669713810331,26.9,88.0
Ilam,2003,854.03,-0.5942461411465683,0,24.043333333333333,30.74,18.023333333333333,12.719999999999999,42.199999999999996,8.72,92.76666666666667,2.4466666666666668,105.72,14.82,45.11666666666667,52.72,903.04,-0.34085489559047444,26.9,88.0
Ilam,2004,1138.58,0.8769327799508917,0,24.75,31.320000000000004,18.953333333333333,12.376666666666667,44.65333333333333,9.566666666666668,92.66666666666667,2.4833333333333334,147.74,14.666666666666666,53.46333333333333,29.23,854.03,-0.5942461411465683,26.9,88.0
Ilam,2005,1109.01,0.7240501206753626,0,24.36,31.113333333333333,18.273333333333333,12.839999999999998,42.57,8.873333333333333,92.80666666666667,2.4566666666666666,160.15,15.183333333333332,55.07,16.189999999999998,1138.58,0.8769327799508917,26.9,88.0
Ilam,2006,1085.9,0.6045669195980048,0,24.39,31.133333333333336,18.503333333333334,12.63,41.406666666666666,8.84,92.74333333333334,2.516666666666667,142.83,15.933333333333332,48.75666666666667,0.26,1109.01,0.7240501206753626,26.9,88.0
Ilam,2007,1269.8400000000001,1.5555725451354039,0,24.263333333333332,30.7,18.493333333333332,12.203333333333333,46.153333333333336,9.68,92.77333333333333,2.3066666666666666,231.83999999999997,14.49,54.27,36.27,1085.9,0.6045669195980048,26.9,88.0
Ilam,2008,1138.23,0.8751232117822606,0,24.326666666666668,30.866666666666664,18.413333333333334,12.446666666666667,44.01,9.233333333333334,92.68333333333334,2.3533333333333335,161.26999999999998,14.003333333333336,51.873333333333335,22.32,1269.8400000000001,1.5555725451354039,26.9,88.0
Ilam,2009,947.21,-0.11248739270917088,0,24.383333333333336,31.09,18.513333333333332,12.573333333333332,40.06333333333333,8.473333333333333,92.70666666666666,2.5566666666666666,258.54,16.173333333333336,54.36000000000001,1.56,1138.23,0.8751232117822606,26.9,88.0
Ilam,2010,1601.3400000000001,3.2694921105678696,0,25.366666666666664,32.13333333333333,19.47,12.659999999999998,40.52333333333333,8.933333333333334,92.68666666666667,2.53,262.1,14.986666666666666,47.23666666666667,2.92,947.21,-0.11248739270917088,26.9,88.0
Ilam,2011,1574.73,3.131913227804195,0,23.650000000000002,30.169999999999998,17.916666666666668,12.256666666666666,46.64666666666667,9.526666666666666,92.77,2.43,221.26999999999998,14.236666666666665,52.52,21.310000000000002,1601.3400000000001,3.2694921105678696,26.9,88.0
Ilam,2012,1199.29,1.1908153042869551,0,24.373333333333335,31.326666666666664,18.30333333333333,13.023333333333333,39.64000000000001,8.426666666666668,92.64333333333333,2.6999999999999997,194.46,14.456666666666665,53.54,18.39,1574.73,3.131913227804195,26.9,88.0
Ilam,2013,1304.3899999999999,1.7342027743531754,0,24.393333333333334,31.286666666666665,18.653333333333332,12.626666666666667,41.12,8.553333333333333,92.64999999999999,2.606666666666667,294.68,15.11,39.526666666666664,31.72,1199.29,1.1908153042869551,26.9,88.0
Ilam,2014,1082.22,0.5855406028535355,0,24.786666666666665,31.77333333333333,18.72,13.049999999999999,37.696666666666665,8.006666666666668,92.78333333333335,2.6933333333333334,246.51,14.813333333333333,56.29,12.93,1304.3899999999999,1.7342027743531754,26.9,88.0
Ilam,2015,1190.41,1.1449039747513894,0,24.21666666666667,30.333333333333332,18.94333333333333,11.39,49.76,10.366666666666667,92.83,2.5533333333333332,302.12,16.279999999999998,48.29,15.7,1082.22,0.5855406028535355,26.9,88.0
Ilam,2016,1389.29,2.1731523101155177,0,25.78333333333333,32.419999999999995,20.23,12.19,40.443333333333335,9.046666666666667,92.66000000000001,2.8966666666666665,306.46000000000004,15.943333333333333,45.473333333333336,12.08,1190.41,1.1449039747513894,26.9,88.0
Ilam,2017,1225.12,1.3243614351319641,0,23.903333333333332,30.013333333333332,18.706666666666667,11.303333333333333,51.73666666666666,10.686666666666667,92.71999999999998,2.506666666666667,322.57,16.706666666666667,50.89333333333334,4.9399999999999995,1389.29,2.1731523101155177,26.9,88.0
Ilam,2018,36.74,-4.819794622691967,1,23.396666666666665,29.323333333333334,18.323333333333334,11.006666666666666,53.620000000000005,10.62,92.79666666666667,2.393333333333333,10.05,15.86,49.050000000000004,0.19,1225.12,1.3243614351319641,26.9,88.0
Ilam,2019,47.75,-4.762870778301585,1,23.776666666666667,30.276666666666667,18.19333333333333,12.090000000000002,48.10666666666666,9.88,92.78333333333335,2.5500000000000003,8.42,15.68,48.42666666666667,1.32,36.74,-4.819794622691967,26.9,88.0
Jhapa,1982,1048.78,0.711176698037037,0,23.709999999999997,30.396666666666665,17.583333333333332,12.813333333333333,44.36333333333334,8.833333333333334,92.94333333333333,2.48,252.32,15.020000000000001,47.593333333333334,71.07,1322.19,2.1149596767342094,26.7,87.9
Jhapa,1983,933.31,0.11831315774896241,0,23.930000000000003,31.113333333333333,17.473333333333333,13.64,34.36333333333334,7.116666666666667,92.90666666666668,2.8200000000000003,182.97,14.356666666666667,36.410000000000004,1.78,1048.78,0.711176698037037,26.7,87.9
Jhapa,1984,1061.04,0.7741238445160513,0,25.23,32.553333333333335,18.683333333333334,13.87,33.906666666666666,7.57,92.77333333333333,2.8166666666666664,165.99,14.1,38.943333333333335,36.89,933.31,0.11831315774896241,26.7,87.9
Jhapa,1985,1097.76,0.9626572228773409,0,25.593333333333334,32.95333333333333,18.83666666666667,14.116666666666667,31.583333333333332,7.263333333333333,92.72666666666667,2.763333333333333,103.85,14.67,38.64333333333334,7.58,1061.04,0.7741238445160513,26.7,87.9
Jhapa,1986,898.5,-0.06041360970083267,0,24.63,31.97333333333334,17.906666666666666,14.066666666666668,32.38333333333333,6.896666666666667,92.86666666666667,2.81,117.89,15.08,48.54666666666666,22.8,1097.76,0.9626572228773409,26.7,87.9
Jhapa,1987,1166.2,1.3140522232871084,0,24.5,31.736666666666668,17.873333333333335,13.863333333333335,33.54333333333333,6.95,93.0,2.5733333333333337,145.84,15.686666666666667,41.93666666666667,25.62,898.5,-0.06041360970083267,26.7,87.9
Jhapa,1988,926.55,0.08360494321404098,0,24.836666666666662,32.10333333333333,18.323333333333334,13.780000000000001,37.080000000000005,8.096666666666666,92.84666666666668,2.6333333333333333,139.24,16.14,40.876666666666665,17.05,1166.2,1.3140522232871084,26.7,87.9
Jhapa,1989,948.26,0.19507170912426977,0,24.896666666666665,32.51,18.06,14.453333333333333,29.05666666666667,6.289999999999999,92.77666666666669,2.9333333333333336,170.04,15.19,36.4,51.32,926.55,0.08360494321404098,26.7,87.9
Jhapa,1990,767.02,-0.7354781137025304,0,24.126666666666665,31.103333333333335,17.796666666666667,13.306666666666667,37.71,8.033333333333333,92.90333333333335,2.563333333333333,115.88,15.553333333333333,35.96,12.040000000000001,948.26,0.19507170912426977,26.7,87.9
Jhapa,1991,980.04,0.35824139224850104,0,25.89,33.53666666666667,18.74,14.793333333333335,26.973333333333333,6.27,92.91666666666667,2.813333333333333,42.74,16.143333333333334,35.04666666666667,6.58,767.02,-0.7354781137025304,26.7,87.9
Jhapa,1992,732.1899999999999,-0.9143075681775772,1,25.01,32.79333333333333,18.040000000000003,14.746666666666668,28.793333333333333,6.2700000000000005,92.87333333333333,3.063333333333333,113.35000000000001,14.42,40.71666666666667,12.76,980.04,0.35824139224850104,26.7,87.9
Jhapa,1993,556.52,-1.8162590544719048,1,24.24666666666667,31.406666666666666,17.78,13.63,35.43333333333333,7.5566666666666675,92.97666666666667,2.723333333333333,112.72999999999999,15.373333333333335,34.583333333333336,19.14,732.1899999999999,-0.9143075681775772,26.7,87.9
Jhapa,1994,567.63,-1.759216411944837,1,25.676666666666666,33.23,18.833333333333332,14.39,28.09,6.496666666666666,92.91000000000001,2.766666666666667,62.68,15.973333333333334,33.85666666666666,23.25,556.52,-1.8162590544719048,26.7,87.9
Jhapa,1995,647.0,-1.3517029522352635,1,25.95,33.75666666666667,18.853333333333335,14.90333333333333,25.27,6.053333333333334,92.88333333333333,2.9433333333333334,64.06,15.296666666666667,28.53,11.27,567.63,-1.759216411944837,26.7,87.9
Jhapa,1996,724.2,-0.9553310347654499,1,25.903333333333332,33.46,18.98,14.479999999999999,29.330000000000002,6.830000000000001,92.79,2.8333333333333335,86.95,14.946666666666667,43.403333333333336,39.35,647.0,-1.3517029522352635,26.7,87.9
Jhapa,1997,822.5500000000001,-0.4503675880924427,0,24.22,31.393333333333334,17.603333333333335,13.793333333333335,32.343333333333334,6.7,93.0,2.706666666666667,123.13,15.003333333333336,28.13,5.35,724.2,-0.9553310347654499,26.7,87.9
Jhapa,1998,948.59,0.19676604504091555,0,24.02,30.936666666666667,17.94666666666667,12.986666666666666,42.129999999999995,8.936666666666667,93.02333333333333,2.716666666666667,179.38,14.733333333333334,40.53333333333333,23.38,822.5500000000001,-0.4503675880924427,26.7,87.9
Jhapa,1999,852.0500000000001,-0.29890422584685344,0,25.583333333333332,33.02,18.939999999999998,14.076666666666668,32.54,7.573333333333333,92.68666666666667,2.723333333333333,166.10000000000002,16.566666666666666,37.65,8.040000000000001,948.59,0.19676604504091555,26.7,87.9
Jhapa,2000,640.84,-1.3833305560126474,1,24.223333333333333,31.159999999999997,18.11,13.049999999999999,39.31,8.543333333333335,92.81333333333333,2.6333333333333333,154.1,14.806666666666667,40.07666666666666,12.6,852.0500000000001,-0.29890422584685344,26.7,87.9
Jhapa,2001,748.02,-0.8330307876912151,1,24.87,31.94333333333334,18.653333333333332,13.290000000000001,35.77333333333333,8.003333333333332,92.88333333333333,2.6266666666666665,144.56,15.406666666666666,32.29666666666667,2.46,640.84,-1.3833305560126474,26.7,87.9
Jhapa,2002,794.97,-0.5919729959139125,0,24.11,30.689999999999998,18.386666666666667,12.306666666666667,46.28666666666667,9.626666666666667,92.93666666666667,2.6366666666666667,201.63,15.453333333333333,45.653333333333336,12.07,748.02,-0.8330307876912151,26.7,87.9
Jhapa,2003,788.6800000000001,-0.6242680653554294,0,24.453333333333333,31.23,18.296666666666667,12.933333333333332,40.083333333333336,8.466666666666667,92.97333333333334,2.513333333333333,95.7,15.020000000000001,43.35,49.98,794.97,-0.5919729959139125,26.7,87.9
Jhapa,2004,1104.03,0.9948496052936068,0,25.13,31.78,19.2,12.58,42.69,9.336666666666666,92.87333333333333,2.53,143.72,14.836666666666666,52.06333333333333,30.72,788.6800000000001,-0.6242680653554294,26.7,87.9
Jhapa,2005,1062.06,0.7793608828038648,0,24.67,31.47,18.47,12.996666666666668,41.28,8.74,93.01333333333334,2.49,160.13,15.326666666666668,54.14000000000001,16.619999999999997,1104.03,0.9948496052936068,26.7,87.9
Jhapa,2006,1068.1399999999999,0.8105777384802435,0,24.733333333333334,31.49666666666667,18.746666666666666,12.75,40.18,8.74,92.95666666666666,2.5500000000000003,132.39,16.099999999999998,46.79,0.18,1062.06,0.7793608828038648,26.7,87.9
Jhapa,2007,1204.4699999999998,1.5105438461053682,0,24.52,30.98333333333333,18.673333333333332,12.306666666666667,45.373333333333335,9.626666666666667,92.98333333333333,2.35,234.22,14.563333333333333,53.69,35.23,1068.1399999999999,0.8105777384802435,26.7,87.9
Jhapa,2008,1089.59,0.9207095730622061,0,24.633333333333336,31.206666666666667,18.62,12.586666666666666,42.78666666666667,9.12,92.89,2.3800000000000003,152.04000000000002,14.066666666666668,51.35333333333333,23.48,1204.4699999999998,1.5105438461053682,26.7,87.9
Jhapa,2009,896.55,-0.07042559466282948,0,24.736666666666668,31.50666666666667,18.746666666666666,12.756666666666666,38.61333333333334,8.34,92.91666666666667,2.61,233.32999999999998,16.356666666666666,52.76,1.28,1089.59,0.9207095730622061,26.7,87.9
Jhapa,2010,1510.27,3.0806284621969353,0,25.71666666666667,32.56333333333333,19.743333333333336,12.816666666666668,39.04,8.756666666666666,92.89333333333333,2.59,245.69,15.103333333333333,46.14000000000001,3.5199999999999996,896.55,-0.07042559466282948,26.7,87.9
Jhapa,2011,1497.95,3.0173732546421674,0,23.94666666666667,30.483333333333334,18.106666666666666,12.38,45.5,9.443333333333333,92.98,2.466666666666667,214.89,14.35,51.65,20.3,1510.27,3.0806284621969353,26.7,87.9
Jhapa,2012,1113.68,1.0443960949773339,0,24.78333333333333,31.796666666666667,18.580000000000002,13.219999999999999,37.81,8.22,92.85000000000001,2.75,176.49,14.556666666666667,53.10333333333333,17.66,1497.95,3.0173732546421674,26.7,87.9
Jhapa,2013,1232.32,1.6535355287677302,0,24.623333333333335,31.583333333333332,18.786666666666665,12.796666666666667,40.26,8.459999999999999,92.86000000000001,2.6666666666666665,275.25,14.956666666666665,39.82666666666667,32.07,1113.68,1.0443960949773339,26.7,87.9
Jhapa,2014,1025.6,0.5921624357708414,0,25.060000000000002,32.086666666666666,18.933333333333334,13.156666666666666,36.843333333333334,7.919999999999999,92.99333333333334,2.75,230.73000000000002,14.836666666666666,56.03666666666667,13.579999999999998,1232.32,1.6535355287677302,26.7,87.9
Jhapa,2015,1078.21,0.8622806556942473,0,24.46666666666667,30.623333333333335,19.093333333333334,11.530000000000001,48.696666666666665,10.266666666666667,93.04666666666667,2.533333333333333,289.46000000000004,16.349999999999998,47.39000000000001,14.15,1025.6,0.5921624357708414,26.7,87.9
Jhapa,2016,1251.78,1.753450004337194,0,26.19333333333333,32.89333333333333,20.536666666666665,12.356666666666667,38.46333333333333,8.783333333333333,92.87333333333333,2.9499999999999997,269.89,16.07,44.28666666666667,12.989999999999998,1078.21,0.8622806556942473,26.7,87.9
Jhapa,2017,1069.74,0.818792700500344,0,24.34,30.58,18.963333333333335,11.616666666666667,49.25666666666667,10.426666666666668,92.93,2.56,277.96,16.796666666666667,50.126666666666665,3.9,1251.78,1.753450004337194,26.7,87.9
Jhapa,2018,31.06,-4.514155268897917,1,23.820000000000004,29.88,18.56,11.32,51.13999999999999,10.376666666666667,93.00333333333333,2.4633333333333334,8.52,16.02,47.093333333333334,0.13,1069.74,0.818792700500344,26.7,87.9
Jhapa,2019,41.79,-4.4590636798506225,1,24.22,30.833333333333332,18.48,12.353333333333333,45.923333333333325,9.666666666666666,92.99000000000001,2.6199999999999997,7.26,15.843333333333334,47.34,1.3,31.06,-4.514155268897917,26.7,87.9
Jumla,1982,420.99,-0.22321082672751977,0,10.463333333333333,17.186666666666667,4.313333333333333,12.88,54.06666666666666,5.6866666666666665,75.09666666666666,2.5533333333333332,72.72,2.033333333333333,51.14666666666667,96.03999999999999,674.44,0.9687036903189457,29.3,82.2
Jumla,1983,594.55,0.5930001954803493,0,10.926666666666668,18.24,4.516666666666667,13.726666666666667,42.80666666666667,4.726666666666667,75.05333333333334,2.6833333333333336,71.05,2.43,41.58,29.03,420.99,-0.22321082672751977,29.3,82.2
Jumla,1984,468.13,-0.0015227212488440889,0,12.836666666666666,20.703333333333333,5.3500000000000005,15.356666666666667,38.1,4.636666666666667,75.04333333333334,2.6633333333333336,35.44,1.6733333333333331,47.71666666666667,75.96,594.55,0.5930001954803493,29.3,82.2
Jumla,1985,504.67999999999995,0.1703631560368069,0,13.153333333333334,21.123333333333335,5.8,15.323333333333332,31.80666666666667,4.0,75.00999999999999,2.7566666666666664,65.83,2.28,40.696666666666665,58.82,468.13,-0.0015227212488440889,29.3,82.2
Jumla,1986,611.09,0.6707838455570849,0,11.256666666666666,18.646666666666665,4.336666666666667,14.31,39.81,4.3133333333333335,75.05,2.6799999999999997,61.099999999999994,3.51,45.49333333333333,44.730000000000004,504.67999999999995,0.1703631560368069,29.3,82.2
Jumla,1987,264.84,-0.9575467976756578,1,11.523333333333333,19.006666666666664,4.6866666666666665,14.32,40.28666666666667,4.47,75.14999999999999,2.6133333333333333,74.76,3.0233333333333334,43.92333333333334,45.33,611.09,0.6707838455570849,29.3,82.2
Jumla,1988,607.9399999999999,0.6559701516186495,0,12.686666666666667,20.58,5.09,15.49,35.52,4.17,75.06666666666666,2.766666666666667,78.43,4.536666666666666,37.74,114.94,264.84,-0.9575467976756578,29.3,82.2
Jumla,1989,318.76,-0.7039739795294931,0,12.176666666666668,20.040000000000003,4.8966666666666665,15.143333333333333,30.95,3.573333333333333,75.02666666666666,2.76,31.130000000000003,3.016666666666667,42.49,49.75000000000001,607.9399999999999,0.6559701516186495,29.3,82.2
Jumla,1990,435.91999999999996,-0.1529986202193183,0,11.5,18.776666666666667,4.82,13.956666666666669,43.25333333333333,4.95,75.03666666666668,2.6466666666666665,66.7,4.233333333333333,39.43333333333334,62.17999999999999,318.76,-0.7039739795294931,29.3,82.2
Jumla,1991,255.29000000000002,-1.0024581554890082,1,12.396666666666667,20.2,5.026666666666667,15.176666666666668,33.306666666666665,3.83,75.14666666666666,2.7533333333333334,67.77000000000001,3.53,40.48,22.16,435.91999999999996,-0.1529986202193183,29.3,82.2
Jumla,1992,399.74,-0.3231444763122007,0,12.450000000000001,20.326666666666668,5.506666666666667,14.82,31.05,3.6799999999999997,75.12666666666667,2.76,24.42,3.266666666666667,40.86333333333334,37.12,255.29000000000002,-1.0024581554890082,29.3,82.2
Jumla,1993,242.51,-1.0625594280392308,1,11.35,18.983333333333334,4.330000000000001,14.653333333333334,37.31,4.11,75.12333333333333,2.7133333333333334,59.53,3.973333333333333,39.11666666666667,18.61,399.74,-0.3231444763122007,29.3,82.2
Jumla,1994,288.82,-0.844774613344333,1,12.76,20.790000000000003,5.44,15.346666666666666,31.483333333333334,3.8800000000000003,75.13,2.813333333333333,19.96,3.94,34.29333333333333,35.4,242.51,-1.0625594280392308,29.3,82.2
Jumla,1995,301.52,-0.7850495615925472,0,12.553333333333333,20.19333333333333,5.55,14.653333333333334,32.82333333333333,3.97,75.13333333333334,2.72,14.12,2.4466666666666668,39.96666666666667,44.96,288.82,-0.844774613344333,29.3,82.2
Jumla,1996,285.40999999999997,-0.8608110248776867,1,12.663333333333332,20.426666666666666,5.456666666666667,14.976666666666667,36.52333333333333,4.36,75.06,2.6933333333333334,43.1,3.3366666666666664,41.54666666666667,68.98,301.52,-0.7850495615925472,29.3,82.2
Jumla,1997,221.84,-1.1597654768352472,1,11.306666666666667,18.756666666666664,4.586666666666666,14.166666666666666,37.053333333333335,4.06,75.13333333333334,2.6533333333333333,36.79,3.2466666666666666,30.843333333333334,6.86,285.40999999999997,-0.8608110248776867,29.3,82.2
Jumla,1998,224.74,-1.1461274728919262,1,12.040000000000001,19.766666666666666,4.913333333333333,14.853333333333333,40.00666666666667,4.616666666666667,75.17333333333333,2.6466666666666665,79.22,2.6166666666666667,42.24666666666666,64.53,221.84,-1.1597654768352472,29.3,82.2
Jumla,1999,197.76999999999998,-1.2729609095648131,1,13.62,22.05,5.946666666666666,16.096666666666668,23.656666666666666,3.1566666666666663,75.0,2.873333333333333,26.17,4.86,31.71666666666667,14.61,224.74,-1.1461274728919262,29.3,82.2
Jumla,2000,528.09,0.28045476717927226,0,12.736666666666666,20.546666666666667,5.670000000000001,14.88,32.0,4.213333333333334,75.01,2.74,81.52,3.046666666666667,34.016666666666666,26.23,197.76999999999998,-1.2729609095648131,29.3,82.2
Jumla,2001,465.9,-0.012009876005260104,0,12.203333333333333,19.606666666666666,5.546666666666667,14.053333333333333,37.0,4.543333333333334,75.09,2.626666666666667,45.05,4.41,31.040000000000003,0.9600000000000001,528.09,0.28045476717927226,29.3,82.2
Jumla,2002,245.16000000000003,-1.0500971140910231,1,13.176666666666668,20.813333333333333,6.3500000000000005,14.456666666666669,34.23,4.243333333333333,75.10333333333334,2.6999999999999997,19.939999999999998,3.6,38.46,53.86,465.9,-0.012009876005260104,29.3,82.2
Jumla,2003,437.51,-0.14552123185039378,0,12.219999999999999,19.84,5.3,14.54,35.31333333333333,4.056666666666667,75.12,2.706666666666667,8.55,3.53,37.01,78.11,245.16000000000003,-1.0500971140910231,29.3,82.2
Jumla,2004,588.85,0.5661944635917529,0,13.546666666666667,21.099999999999998,6.733333333333334,14.366666666666667,36.73,4.79,75.11,2.643333333333333,135.87,3.5966666666666662,41.85666666666666,31.87,437.51,-0.14552123185039378,29.3,82.2
Jumla,2005,787.39,1.4998804301114024,0,11.576666666666668,18.536666666666665,5.286666666666666,13.25,45.60333333333333,5.083333333333333,75.18666666666667,2.486666666666667,101.91,3.1166666666666667,51.629999999999995,71.57,588.85,0.5661944635917529,29.3,82.2
Jumla,2006,687.0,1.0277703556734674,0,11.4,18.146666666666665,5.086666666666667,13.06,51.23333333333333,5.933333333333334,75.12,2.3966666666666665,169.51,5.02,40.75666666666667,6.78,787.39,1.4998804301114024,29.3,82.2
Jumla,2007,886.65,1.9666763857714225,0,11.213333333333333,17.84,4.633333333333334,13.206666666666665,55.99,6.316666666666666,75.18,2.3366666666666664,208.6,3.3033333333333332,47.949999999999996,145.28,687.0,1.0277703556734674,29.3,82.2
Jumla,2008,1008.15,2.538061723396775,0,11.843333333333334,18.836666666666666,5.283333333333334,13.556666666666667,44.15,5.1,75.08,2.4533333333333336,97.73,2.76,48.03666666666667,13.81,886.65,1.9666763857714225,29.3,82.2
Jumla,2009,631.48,0.766673121558574,0,12.346666666666666,19.596666666666668,5.646666666666666,13.956666666666665,41.85,5.016666666666667,75.12666666666667,2.56,60.120000000000005,5.246666666666666,45.593333333333334,16.92,1008.15,2.538061723396775,29.3,82.2
Jumla,2010,896.89,2.0148326479712875,0,13.796666666666667,21.313333333333333,6.673333333333335,14.636666666666665,37.64333333333333,4.816666666666666,75.18,2.643333333333333,35.56,3.6366666666666667,47.07,32.84,631.48,0.766673121558574,29.3,82.2
Jumla,2011,1071.57,2.8363107613572667,0,11.363333333333335,18.073333333333334,5.146666666666667,12.926666666666668,52.09,5.93,75.14999999999999,2.41,91.72999999999999,2.25,53.99666666666667,76.14,896.89,2.0148326479712875,29.3,82.2
Jumla,2012,724.06,1.2020546405491506,0,11.5,18.546666666666667,4.78,13.770000000000001,44.85999999999999,4.946666666666666,75.07666666666667,2.4766666666666666,50.84,1.9000000000000001,57.48,69.1,1071.57,2.8363107613572667,29.3,82.2
Jumla,2013,1056.3600000000001,2.764781782054538,0,12.136666666666665,18.676666666666666,5.8999999999999995,12.783333333333333,51.43,5.853333333333334,75.11333333333333,2.466666666666667,46.56,2.4233333333333333,59.31,181.28,724.06,1.2020546405491506,29.3,82.2
Jumla,2014,656.4599999999999,0.8841480658703538,0,11.463333333333333,17.886666666666667,5.483333333333333,12.4,53.41,5.8999999999999995,75.20333333333333,2.4299999999999997,74.92,2.793333333333333,61.78666666666666,81.69,1056.3600000000001,2.764781782054538,29.3,82.2
Jumla,2015,544.01,0.3553227060681248,0,10.950000000000001,16.746666666666666,5.273333333333333,11.466666666666667,62.41,6.666666666666667,75.23333333333333,2.2266666666666666,229.35000000000002,3.1633333333333336,56.580000000000005,133.72,656.4599999999999,0.8841480658703538,29.3,82.2
Jumla,2016,631.64,0.7674255631554467,0,13.116666666666667,19.84,7.1866666666666665,12.656666666666666,46.576666666666675,5.79,75.17333333333333,2.5166666666666666,110.92,4.133333333333334,43.550000000000004,36.79,544.01,0.3553227060681248,29.3,82.2
Jumla,2017,698.09,1.0799239638567197,0,12.256666666666668,19.033333333333335,6.073333333333333,12.96,48.00333333333333,5.733333333333333,75.12666666666667,2.4766666666666666,149.2,5.266666666666667,43.14000000000001,24.56,631.64,0.7674255631554467,29.3,82.2
Jumla,2018,26.06,-2.0804718258088397,1,12.423333333333334,19.27,6.153333333333333,13.116666666666667,48.65333333333333,5.8066666666666675,75.15333333333334,2.57,5.8100000000000005,5.136666666666667,42.44,4.29,698.09,1.0799239638567197,29.3,82.2
Jumla,2019,22.06,-2.099282865730662,1,11.076666666666668,17.87666666666667,4.246666666666667,13.63,54.68666666666667,5.886666666666667,75.18333333333334,2.4099999999999997,3.19,2.09,62.416666666666664,5.75,26.06,-2.0804718258088397,29.3,82.2
Kabhre,1982,505.69000000000005,-0.11554246281195406,0,13.410000000000002,20.03,7.686666666666667,12.339999999999998,45.52333333333333,5.623333333333334,77.95666666666666,2.65,72.03,5.126666666666666,47.826666666666675,87.32,739.5300000000001,1.2462982178423816,27.6,85.6
Kabhre,1983,355.2,-0.9919682412573486,1,13.456666666666669,20.326666666666668,7.61,12.719999999999999,37.39,4.806666666666667,77.92,2.8200000000000003,62.39,4.843333333333333,37.24,4.12,505.69000000000005,-0.11554246281195406,27.6,85.6
Kabhre,1984,669.87,0.8406113301654182,0,15.216666666666667,22.41,9.126666666666667,13.283333333333333,33.33,4.843333333333334,77.86,2.8066666666666666,57.54,5.1866666666666665,33.443333333333335,24.16,355.2,-0.9919682412573486,27.6,85.6
Kabhre,1985,609.88,0.49124072448438166,0,15.24,22.46666666666667,8.89,13.576666666666668,31.246666666666666,4.473333333333334,77.83333333333333,2.86,35.370000000000005,5.493333333333333,39.02333333333333,17.66,669.87,0.8406113301654182,27.6,85.6
Kabhre,1986,489.63,-0.209072916674889,0,13.556666666666667,20.52,7.373333333333332,13.15,37.27333333333333,4.71,77.89999999999999,2.8000000000000003,50.99,5.966666666666666,47.56333333333333,18.12,609.88,0.49124072448438166,27.6,85.6
Kabhre,1987,583.96,0.3402874639534189,0,13.986666666666666,21.05,7.9433333333333325,13.11,34.03,4.3,78.00666666666666,2.7866666666666666,35.76,5.926666666666667,37.79333333333333,37.38,489.63,-0.209072916674889,27.6,85.6
Kabhre,1988,592.48,0.38990635977609645,0,14.463333333333333,21.423333333333336,8.450000000000001,12.976666666666667,40.416666666666664,5.456666666666666,77.90666666666667,2.703333333333333,137.73000000000002,7.153333333333333,40.9,4.57,583.96,0.3402874639534189,27.6,85.6
Kabhre,1989,396.42,-0.7519106255518587,0,14.466666666666667,21.69666666666667,8.32,13.373333333333333,32.21666666666667,4.41,77.85333333333334,2.8366666666666664,68.1,5.543333333333333,41.02333333333333,53.839999999999996,592.48,0.38990635977609645,27.6,85.6
Kabhre,1990,611.5699999999999,0.5010829702520251,0,13.82,20.563333333333333,7.906666666666666,12.656666666666666,38.876666666666665,5.16,77.89666666666666,2.7533333333333334,29.39,6.41,37.15333333333333,20.450000000000003,396.42,-0.7519106255518587,27.6,85.6
Kabhre,1991,364.46000000000004,-0.9380397230275367,1,14.896666666666667,22.209999999999997,8.42,13.786666666666667,29.846666666666664,4.13,77.99,2.813333333333333,32.71,6.286666666666666,38.52333333333333,4.44,611.5699999999999,0.5010829702520251,27.6,85.6
Kabhre,1992,356.71,-0.9831742820211699,1,14.823333333333332,22.183333333333334,8.573333333333332,13.61,29.263333333333332,4.03,77.94666666666667,3.033333333333333,22.75,5.13,38.67666666666667,22.529999999999998,364.46000000000004,-0.9380397230275367,27.6,85.6
Kabhre,1993,371.55,-0.8967488813159424,1,13.43,20.349999999999998,7.5,12.85,38.99666666666667,5.033333333333333,77.98,2.766666666666667,107.7,5.95,38.86000000000001,14.27,356.71,-0.9831742820211699,27.6,85.6
Kabhre,1994,325.32,-1.165983805480542,1,14.793333333333335,22.16,8.436666666666666,13.723333333333334,30.993333333333336,4.416666666666667,77.97000000000001,2.8466666666666662,28.16,6.486666666666667,34.14,16.78,371.55,-0.8967488813159424,27.6,85.6
Kabhre,1995,466.39,-0.3444183555151506,0,14.973333333333334,22.313333333333333,8.636666666666667,13.676666666666668,28.94,4.183333333333334,77.97,2.936666666666667,18.87,5.21,33.580000000000005,10.61,325.32,-1.165983805480542,27.6,85.6
Kabhre,1996,448.79999999999995,-0.4468592448955381,0,14.99,22.209999999999997,8.656666666666666,13.553333333333333,33.300000000000004,4.626666666666666,77.89333333333333,2.8766666666666665,35.629999999999995,5.586666666666666,42.04666666666666,48.05,466.39,-0.3444183555151506,27.6,85.6
Kabhre,1997,362.12,-0.9516674479365821,1,13.463333333333333,20.42,7.476666666666667,12.943333333333333,35.203333333333326,4.423333333333333,77.99,2.7466666666666666,45.86,5.2700000000000005,31.290000000000003,5.619999999999999,448.79999999999995,-0.4468592448955381,27.6,85.6
Kabhre,1998,446.23,-0.4618264470392327,0,14.299999999999999,21.286666666666665,8.426666666666668,12.863333333333335,39.78666666666667,5.453333333333333,78.02,2.7300000000000004,55.39,5.603333333333334,37.666666666666664,19.91,362.12,-0.9516674479365821,27.6,85.6
Kabhre,1999,323.4,-1.1771655284828355,1,15.623333333333335,23.026666666666667,9.486666666666666,13.540000000000001,28.05333333333333,4.239999999999999,77.81666666666666,2.85,45.17,7.523333333333333,30.543333333333333,2.6,446.23,-0.4618264470392327,27.6,85.6
Kabhre,2000,530.63,0.02970345993658789,0,14.4,21.216666666666665,8.626666666666667,12.593333333333334,36.20333333333333,5.22,77.85666666666667,2.73,63.0,5.4799999999999995,34.60666666666666,1.9,323.4,-1.1771655284828355,27.6,85.6
Kabhre,2001,451.0,-0.43404685395540976,0,14.506666666666668,21.376666666666665,8.626666666666667,12.75,37.50333333333333,5.359999999999999,77.93666666666667,2.776666666666667,44.769999999999996,6.71,30.626666666666665,0.49,530.63,0.02970345993658789,27.6,85.6
Kabhre,2002,315.65,-1.2223000874764685,1,14.410000000000002,21.040000000000003,8.916666666666666,12.123333333333335,44.63333333333333,6.099999999999999,77.94333333333333,2.6633333333333336,85.96000000000001,6.243333333333333,39.02333333333333,19.86,451.0,-0.43404685395540976,27.6,85.6
Kabhre,2003,347.90999999999997,-1.0344238457816821,1,14.08,21.013333333333332,8.123333333333333,12.893333333333333,38.52,5.0,77.98333333333333,2.716666666666667,17.700000000000003,5.8999999999999995,39.806666666666665,54.68,315.65,-1.2223000874764685,27.6,85.6
Kabhre,2004,771.1700000000001,1.4305636948176774,0,14.68,21.12333333333333,9.263333333333334,11.86,46.663333333333334,6.390000000000001,77.93666666666667,2.5,251.58999999999997,5.863333333333333,42.99666666666667,31.959999999999997,347.90999999999997,-1.0344238457816821,27.6,85.6
Kabhre,2005,701.08,1.0223725670933257,0,13.743333333333334,20.316666666666666,7.993333333333333,12.323333333333332,44.626666666666665,5.626666666666666,78.04666666666667,2.59,75.33,5.669999999999999,56.173333333333325,56.58,771.1700000000001,1.4305636948176774,27.6,85.6
Kabhre,2006,765.6,1.3981250504828984,0,13.856666666666667,20.25,8.453333333333333,11.796666666666667,48.18333333333334,6.44,77.98,2.513333333333333,146.5,7.6866666666666665,39.24,0.02,701.08,1.0223725670933257,27.6,85.6
Kabhre,2007,827.72,1.7599003801196045,0,13.946666666666667,20.176666666666666,8.496666666666668,11.68,53.080000000000005,6.943333333333334,78.01666666666667,2.4233333333333333,130.67000000000002,5.66,51.843333333333334,89.08000000000001,765.6,1.3981250504828984,27.6,85.6
Kabhre,2008,929.68,2.353696462053901,0,13.9,20.46666666666667,8.223333333333334,12.243333333333332,46.45333333333334,6.06,77.92666666666666,2.5866666666666664,144.8,5.406666666666666,45.75,15.94,827.72,1.7599003801196045,27.6,85.6
Kabhre,2009,580.71,0.3213600682464116,0,14.363333333333332,21.09,8.61,12.483333333333334,41.81,5.666666666666667,77.96666666666667,2.6266666666666665,110.71000000000001,7.78,48.050000000000004,0.98,929.68,2.353696462053901,27.6,85.6
Kabhre,2010,800.6700000000001,1.6023662096966669,0,15.746666666666668,22.606666666666666,9.836666666666668,12.766666666666666,38.580000000000005,5.68,77.99666666666667,2.7533333333333334,65.67,6.486666666666667,40.52,11.42,580.71,0.3213600682464116,27.6,85.6
Kabhre,2011,797.33,1.582914670723927,0,13.533333333333333,19.856666666666666,8.076666666666666,11.780000000000001,50.01,6.516666666666667,77.99000000000001,2.526666666666667,151.03,5.376666666666668,48.596666666666664,13.8,800.6700000000001,1.6023662096966669,27.6,85.6
Kabhre,2012,804.69,1.625777942232719,0,14.276666666666666,21.106666666666666,8.12,12.983333333333334,38.92333333333334,5.19,77.91666666666667,2.8200000000000003,43.72,5.353333333333333,50.416666666666664,16.42,797.33,1.582914670723927,27.6,85.6
Kabhre,2013,903.6899999999999,2.2023355345384794,0,14.093333333333334,20.76,8.426666666666668,12.333333333333334,46.276666666666664,6.016666666666667,77.93,2.7566666666666664,150.04000000000002,5.493333333333333,42.98,47.519999999999996,804.69,1.625777942232719,27.6,85.6
Kabhre,2014,936.25,2.3919589204523746,0,13.926666666666668,20.290000000000003,8.33,11.96,46.97333333333333,6.06,78.05333333333333,2.6466666666666665,151.26,5.6000000000000005,58.85666666666666,22.61,903.6899999999999,2.2023355345384794,27.6,85.6
Kabhre,2015,820.84,1.719832539361386,0,13.626666666666667,19.456666666666667,8.526666666666666,10.93,55.596666666666664,6.986666666666667,78.08333333333333,2.4566666666666666,173.54,6.266666666666667,54.370000000000005,28.14,936.25,2.3919589204523746,27.6,85.6
Kabhre,2016,849.54,1.8869760029894194,0,15.156666666666666,21.596666666666664,9.836666666666666,11.763333333333334,44.419999999999995,6.210000000000001,78.00333333333333,2.7433333333333336,109.56,6.12,49.03333333333333,14.209999999999999,820.84,1.719832539361386,27.6,85.6
Kabhre,2017,698.76,1.008861318465554,0,13.793333333333335,19.98,8.523333333333333,11.46,52.373333333333335,6.873333333333334,77.97333333333334,2.52,192.15,7.413333333333333,49.54666666666666,8.74,849.54,1.8869760029894194,27.6,85.6
Kabhre,2018,21.61,-2.9347343747652164,1,13.676666666666668,19.71666666666667,8.516666666666667,11.203333333333333,54.803333333333335,7.096666666666667,78.00333333333333,2.5033333333333334,6.26,7.273333333333333,43.78666666666667,0.12,698.76,1.008861318465554,27.6,85.6
Kabhre,2019,25.96,-2.9094007835881452,1,13.906666666666666,20.276666666666667,8.443333333333333,11.839999999999998,49.64666666666667,6.436666666666667,78.02333333333333,2.5833333333333335,4.49,5.433333333333334,51.89333333333334,1.95,21.61,-2.9347343747652164,27.6,85.6
Kailali,1982,736.48,0.10926230327144877,0,24.150000000000002,31.603333333333335,17.38,14.223333333333334,40.16,8.0,93.37333333333333,2.703333333333333,139.79,13.816666666666665,45.77,116.24000000000001,922.31,0.8389780132440192,28.7,80.8
Kailali,1983,823.9,0.452542437618982,0,25.186666666666667,33.199999999999996,17.849999999999998,15.346666666666666,26.686666666666667,5.830000000000001,93.32,2.8066666666666666,57.2,13.82,37.43666666666667,39.760000000000005,736.48,0.10926230327144877,28.7,80.8
Kailali,1984,739.93,0.12280973479168403,0,27.136666666666667,35.77,18.71,17.06,23.41,5.613333333333333,93.12666666666667,2.8166666666666664,35.31,13.253333333333332,42.88666666666666,81.73,823.9,0.452542437618982,28.7,80.8
Kailali,1985,809.12,0.3945044556279441,0,27.353333333333335,35.983333333333334,18.886666666666667,17.093333333333334,19.01,4.793333333333334,93.09666666666665,2.973333333333333,69.61,14.663333333333334,30.98,28.959999999999997,739.93,0.12280973479168403,28.7,80.8
Kailali,1986,784.49,0.2977875749486974,0,25.653333333333332,33.88333333333333,17.61,16.273333333333333,25.28,5.423333333333333,93.25333333333333,2.8266666666666667,53.61,14.413333333333332,46.60666666666666,56.36,809.12,0.3945044556279441,28.7,80.8
Kailali,1987,370.98,-1.3259800795245185,1,25.713333333333335,33.77,17.903333333333332,15.866666666666667,25.313333333333333,5.5566666666666675,93.39666666666666,2.8966666666666665,71.0,15.133333333333333,36.24,54.19,784.49,0.2977875749486974,28.7,80.8
Kailali,1988,987.83,1.0962614083761448,0,26.830000000000002,35.43333333333333,18.37,17.063333333333333,23.496666666666666,5.336666666666667,93.17666666666666,2.8166666666666664,89.86,15.606666666666667,32.78,121.55000000000001,370.98,-1.3259800795245185,28.7,80.8
Kailali,1989,528.96,-0.7056255196500809,0,26.223333333333333,34.839999999999996,18.063333333333333,16.776666666666667,19.516666666666666,4.386666666666667,93.19666666666667,3.0566666666666666,29.869999999999997,14.336666666666666,37.24666666666667,55.02,987.83,1.0962614083761448,28.7,80.8
Kailali,1990,744.85,0.1421295501770637,0,25.536666666666665,33.36,17.903333333333332,15.453333333333333,29.736666666666665,6.486666666666667,93.25999999999999,2.69,71.03,15.723333333333334,33.6,85.84,528.96,-0.7056255196500809,28.7,80.8
Kailali,1991,484.06,-0.8819384690003927,1,27.070000000000004,35.58,18.926666666666666,16.650000000000002,19.30333333333333,4.473333333333334,93.29,2.8866666666666667,42.980000000000004,15.466666666666667,33.593333333333334,24.54,744.85,0.1421295501770637,28.7,80.8
Kailali,1992,614.11,-0.3712592025636881,0,26.463333333333335,34.92333333333334,18.73,16.19333333333333,19.816666666666666,4.583333333333333,93.32666666666667,3.1233333333333335,24.970000000000002,14.506666666666668,38.15333333333333,49.17,484.06,-0.8819384690003927,28.7,80.8
Kailali,1993,437.99,-1.0628457646923495,1,25.429999999999996,33.59,17.576666666666668,16.02,24.593333333333334,5.153333333333333,93.36333333333334,2.766666666666667,70.41,15.450000000000001,32.54666666666667,24.48,614.11,-0.3712592025636881,28.7,80.8
Kailali,1994,525.3,-0.7199975774367658,0,27.013333333333332,35.39666666666667,18.956666666666667,16.44,20.116666666666667,4.86,93.29666666666667,2.8466666666666662,22.009999999999998,15.596666666666666,29.136666666666667,50.53,437.99,-1.0628457646923495,28.7,80.8
Kailali,1995,515.9,-0.7569094198397264,0,26.893333333333334,35.09,19.223333333333333,15.866666666666667,20.060000000000002,4.760000000000001,93.31,2.8466666666666662,9.709999999999999,14.743333333333334,32.68666666666667,45.540000000000006,525.3,-0.7199975774367658,28.7,80.8
Kailali,1996,556.01,-0.5994058029479445,0,26.80666666666667,35.13666666666666,18.906666666666666,16.233333333333334,24.043333333333333,5.473333333333334,93.2,2.8533333333333335,34.81,15.160000000000002,36.27333333333333,93.37,515.9,-0.7569094198397264,28.7,80.8
Kailali,1997,350.44,-1.4066363819667325,1,25.48,33.4,17.94333333333333,15.456666666666665,23.713333333333335,5.11,93.41000000000001,2.77,37.74,14.520000000000001,27.886666666666667,8.09,556.01,-0.5994058029479445,28.7,80.8
Kailali,1998,425.48,-1.1119699294222471,1,25.653333333333336,33.626666666666665,17.963333333333335,15.663333333333334,28.16333333333333,5.996666666666667,93.40666666666668,2.6233333333333335,85.14,13.936666666666667,42.49,73.15,350.44,-1.4066363819667325,28.7,80.8
Kailali,1999,377.32,-1.3010842198612451,1,27.55,36.446666666666665,19.063333333333333,17.386666666666667,15.339999999999998,3.9466666666666668,93.07333333333334,2.953333333333333,27.64,15.790000000000001,32.663333333333334,19.380000000000003,425.48,-1.1119699294222471,28.7,80.8
Kailali,2000,793.86,0.3345816135993081,0,26.813333333333333,35.04,18.88,16.163333333333334,20.72,5.323333333333333,93.13666666666666,2.763333333333333,107.0,14.783333333333333,28.349999999999998,30.04,377.32,-1.3010842198612451,28.7,80.8
Kailali,2001,657.51,-0.20083644083087018,0,26.503333333333334,34.419999999999995,18.886666666666667,15.54,22.61,5.596666666666667,93.25999999999999,2.67,50.64,15.353333333333333,26.903333333333332,4.93,793.86,0.3345816135993081,28.7,80.8
Kailali,2002,417.83,-1.1420098862714652,1,27.353333333333335,35.41,19.55,15.86,21.916666666666668,5.266666666666667,93.22333333333334,2.703333333333333,28.97,15.156666666666666,34.79,70.71,657.51,-0.20083644083087018,28.7,80.8
Kailali,2003,731.47,0.08958907662901981,0,26.353333333333335,34.42666666666667,18.39,16.036666666666665,22.323333333333334,4.923333333333333,93.32,2.74,11.129999999999999,14.719999999999999,38.449999999999996,90.73,417.83,-1.1420098862714652,28.7,80.8
Kailali,2004,807.0,0.38617965712855296,0,27.41,35.473333333333336,19.776666666666667,15.696666666666667,25.103333333333335,6.243333333333333,93.19666666666667,2.73,140.46,14.56,45.25666666666666,42.17,731.47,0.08958907662901981,28.7,80.8
Kailali,2005,1065.59,1.4016087344670183,0,25.703333333333333,33.403333333333336,18.323333333333334,15.083333333333334,30.98,6.63,93.40666666666668,2.5,104.78999999999999,14.746666666666664,45.93333333333334,75.03,807.0,0.38617965712855296,28.7,80.8
Kailali,2006,900.6899999999999,0.7540807757172099,0,25.47666666666667,32.903333333333336,18.333333333333332,14.566666666666665,35.029999999999994,7.796666666666667,93.32333333333334,2.3533333333333335,162.41,16.25,36.71666666666667,6.74,1065.59,1.4016087344670183,28.7,80.8
Kailali,2007,1179.34,1.8482812954602912,0,25.33,32.63,18.363333333333333,14.263333333333334,39.82666666666667,8.6,93.36666666666667,2.43,203.19,14.923333333333332,42.11333333333334,140.38,900.6899999999999,0.7540807757172099,28.7,80.8
Kailali,2008,1377.43,2.626139472226511,0,26.333333333333332,34.17666666666667,18.77333333333333,15.413333333333334,26.929999999999996,6.203333333333333,93.23666666666668,2.5866666666666664,95.6,14.186666666666667,40.11333333333334,13.13,1179.34,1.8482812954602912,28.7,80.8
Kailali,2009,884.82,0.6917625907241268,0,26.59,34.556666666666665,18.98,15.58,25.963333333333335,6.19,93.27666666666666,2.69,53.18,16.01666666666667,45.593333333333334,16.46,1377.43,2.626139472226511,28.7,80.8
Kailali,2010,1259.4299999999998,2.162778046317005,0,28.336666666666662,36.46,20.459999999999997,16.0,22.63,5.693333333333334,93.24,2.7866666666666666,40.23,14.61,45.906666666666666,38.55,884.82,0.6917625907241268,28.7,80.8
Kailali,2011,1484.8899999999999,3.0481125131437596,0,25.709999999999997,33.416666666666664,18.3,15.12,33.160000000000004,7.43,93.34333333333332,2.54,94.2,13.753333333333336,52.25333333333333,76.44,1259.4299999999998,2.162778046317005,28.7,80.8
Kailali,2012,975.1800000000001,1.0465874928019478,0,25.983333333333334,33.95333333333333,18.29,15.666666666666666,26.666666666666668,5.84,93.26,2.6999999999999997,42.25,13.756666666666666,51.04666666666666,79.73,1484.8899999999999,3.0481125131437596,28.7,80.8
Kailali,2013,1476.28,3.014302836219346,0,26.55,34.193333333333335,19.636666666666667,14.556666666666667,32.04666666666667,7.076666666666667,93.25,2.7566666666666664,34.120000000000005,14.020000000000001,54.21,178.34,975.1800000000001,1.0465874928019478,28.7,80.8
Kailali,2014,899.39,0.7489759464487155,0,25.666666666666668,33.21666666666667,18.92,14.293333333333335,34.54666666666667,7.34,93.43333333333334,2.77,73.11,14.176666666666668,57.60666666666666,95.13,1476.28,3.014302836219346,28.7,80.8
Kailali,2015,772.28,0.24984144774229847,0,25.05,31.906666666666666,18.686666666666667,13.22,43.593333333333334,8.746666666666668,93.46333333333332,2.5100000000000002,215.73000000000002,14.920000000000002,47.26666666666667,120.09,899.39,0.7489759464487155,28.7,80.8
Kailali,2016,932.5600000000001,0.8792276286302266,0,27.546666666666667,35.03666666666667,20.656666666666666,14.376666666666667,28.429999999999996,6.996666666666667,93.29666666666667,2.763333333333333,114.66000000000001,15.973333333333334,32.18333333333333,26.32,772.28,0.24984144774229847,28.7,80.8
Kailali,2017,949.55,0.945943820377705,0,26.983333333333334,34.59,19.83,14.753333333333336,28.49666666666667,6.890000000000001,93.27333333333333,2.5933333333333333,120.22,16.323333333333334,37.94,30.55,932.5600000000001,0.8792276286302266,28.7,80.8
Kailali,2018,37.19,-2.636703896086669,1,26.76,34.48666666666667,19.52,14.966666666666667,30.666666666666668,7.313333333333333,93.30666666666667,2.6566666666666667,5.43,16.033333333333335,36.86666666666667,2.8600000000000003,949.55,0.945943820377705,28.7,80.8
Kailali,2019,30.6,-2.662581453686191,1,25.69333333333333,33.403333333333336,18.243333333333336,15.160000000000002,34.580000000000005,7.289999999999999,93.39,2.59,2.0,14.1,52.946666666666665,5.29,37.19,-2.636703896086669,28.7,80.8
Kanchanpur,1982,667.02,-0.1653117306806908,0,20.606666666666666,27.776666666666667,14.146666666666667,13.633333333333333,45.74,7.796666666666667,88.80666666666666,2.6733333333333333,197.35000000000002,11.193333333333333,45.629999999999995,105.64,785.8199999999999,0.3264313982887481,29.0,80.2
Kanchanpur,1983,731.24,0.10051102809386639,0,21.656666666666666,29.459999999999997,14.71,14.75,31.113333333333333,5.78,88.75999999999999,2.84,69.94,11.156666666666666,39.49333333333333,40.5,667.02,-0.1653117306806908,29.0,80.2
Kanchanpur,1984,687.92,-0.07880136539903031,0,24.256666666666664,32.833333333333336,16.209999999999997,16.623333333333335,23.58,5.006666666666667,88.60666666666667,2.9933333333333336,24.16,10.766666666666666,40.74666666666667,61.47,731.24,0.10051102809386639,29.0,80.2
Kanchanpur,1985,791.49,0.3499009567168353,0,24.25333333333333,32.72666666666667,16.243333333333332,16.48,20.613333333333333,4.5200000000000005,88.58333333333333,3.0500000000000003,57.09,12.06,31.99333333333333,26.36,687.92,-0.07880136539903031,29.0,80.2
Kanchanpur,1986,691.88,-0.06240992776671552,0,22.316666666666666,30.366666666666664,14.74,15.62,28.756666666666664,5.276666666666666,88.71,2.9,50.290000000000006,11.85,46.81999999999999,66.03999999999999,791.49,0.3499009567168353,29.0,80.2
Kanchanpur,1987,291.15000000000003,-1.721132352614555,1,22.459999999999997,30.423333333333332,15.046666666666667,15.38,27.95,5.286666666666666,88.84333333333332,2.9599999999999995,57.28,12.323333333333332,38.32,57.43,691.88,-0.06240992776671552,29.0,80.2
Kanchanpur,1988,784.04,0.31906352985806136,0,23.83666666666667,32.25,15.776666666666666,16.473333333333333,24.51,4.78,88.64999999999999,2.9633333333333334,67.28,13.313333333333333,32.13666666666666,104.68,291.15000000000003,-1.721132352614555,29.0,80.2
Kanchanpur,1989,365.46000000000004,-1.4135445418930144,1,23.02,31.399999999999995,15.266666666666666,16.136666666666667,21.386666666666667,4.1499999999999995,88.66333333333334,3.043333333333333,35.230000000000004,11.716666666666667,38.406666666666666,57.48,784.04,0.31906352985806136,29.0,80.2
Kanchanpur,1990,637.76,-0.2864262420750156,0,22.106666666666666,29.713333333333335,14.983333333333334,14.729999999999999,33.876666666666665,6.256666666666667,88.71,2.736666666666667,66.35,13.14,35.50333333333333,91.47,365.46000000000004,-1.4135445418930144,29.0,80.2
Kanchanpur,1991,445.15999999999997,-1.0836461632830459,1,23.516666666666666,31.866666666666664,15.69,16.18,23.156666666666666,4.54,88.75666666666666,2.9599999999999995,54.85,12.61,35.89666666666667,35.480000000000004,637.76,-0.2864262420750156,29.0,80.2
Kanchanpur,1992,432.5,-1.1360490926833242,1,23.150000000000002,31.433333333333334,15.809999999999997,15.63,21.87,4.3533333333333335,88.78333333333335,3.0866666666666664,17.07,11.9,39.97666666666667,42.15,445.15999999999997,-1.0836461632830459,29.0,80.2
Kanchanpur,1993,472.27000000000004,-0.9714310435325278,1,22.313333333333333,30.38,14.86,15.523333333333333,27.333333333333332,4.983333333333333,88.80333333333333,2.8033333333333332,54.769999999999996,12.846666666666666,34.089999999999996,34.040000000000006,432.5,-1.1360490926833242,29.0,80.2
Kanchanpur,1994,646.73,-0.2492971522866664,0,23.689999999999998,31.95,16.040000000000003,15.913333333333334,23.263333333333332,4.773333333333333,88.75666666666666,2.9166666666666665,27.85,12.953333333333333,31.666666666666668,60.82000000000001,472.27000000000004,-0.9714310435325278,29.0,80.2
Kanchanpur,1995,563.62,-0.5933103799689062,0,23.436666666666667,31.416666666666668,16.25,15.166666666666666,23.810000000000002,4.75,88.77,2.8166666666666664,15.51,11.653333333333334,37.919999999999995,67.41,646.73,-0.2492971522866664,29.0,80.2
Kanchanpur,1996,775.79,0.2849147014574059,0,23.373333333333335,31.546666666666667,15.873333333333333,15.673333333333334,28.276666666666667,5.533333333333334,88.67666666666666,2.8666666666666667,47.66,12.43,39.68,111.63,563.62,-0.5933103799689062,29.0,80.2
Kanchanpur,1997,483.21999999999997,-0.9261062349280218,1,21.786666666666665,29.493333333333336,14.736666666666666,14.756666666666666,29.59,5.359999999999999,88.85000000000001,2.7566666666666664,69.75,11.763333333333334,32.516666666666666,10.34,775.79,0.2849147014574059,29.0,80.2
Kanchanpur,1998,519.86,-0.7744440443098377,0,22.44333333333333,30.36,15.106666666666667,15.253333333333332,31.36,5.8500000000000005,88.85333333333334,2.6833333333333336,101.39,11.280000000000001,45.10666666666666,72.67,483.21999999999997,-0.9261062349280218,29.0,80.2
Kanchanpur,1999,458.44,-1.0286768976878087,1,24.38,33.13,16.296666666666667,16.830000000000002,17.216666666666665,3.7900000000000005,88.56,3.063333333333333,13.75,13.046666666666667,37.00333333333333,24.45,519.86,-0.7744440443098377,29.0,80.2
Kanchanpur,2000,820.27,0.469028627186031,0,23.5,31.576666666666668,15.953333333333333,15.623333333333333,23.69666666666667,5.226666666666667,88.61,2.8333333333333335,117.53,11.876666666666667,32.46333333333333,35.59,458.44,-1.0286768976878087,29.0,80.2
Kanchanpur,2001,750.18,0.17890845959791646,0,23.003333333333334,30.790000000000003,15.696666666666667,15.093333333333334,26.606666666666666,5.53,88.72333333333334,2.74,70.12,12.910000000000002,27.71666666666667,12.03,820.27,0.469028627186031,29.0,80.2
Kanchanpur,2002,551.06,-0.6452993841764499,0,24.00666666666667,31.89,16.62666666666667,15.26,25.91333333333333,5.276666666666666,88.69666666666666,2.76,51.09,12.406666666666666,37.27,102.27000000000001,750.18,0.17890845959791646,29.0,80.2
Kanchanpur,2003,994.87,1.1917420137017218,0,23.076666666666668,31.003333333333334,15.57,15.433333333333332,25.73,4.886666666666667,88.77333333333333,2.8433333333333333,19.869999999999997,12.073333333333332,40.68333333333334,94.32,551.06,-0.6452993841764499,29.0,80.2
Kanchanpur,2004,830.56,0.5116215295184847,0,24.19333333333333,32.156666666666666,16.883333333333336,15.270000000000001,27.926666666666666,6.013333333333333,88.67666666666666,2.89,117.77000000000001,11.786666666666667,49.53333333333333,53.85,994.87,1.1917420137017218,29.0,80.2
Kanchanpur,2005,1084.77,1.563860761970683,0,22.44666666666667,29.91333333333333,15.566666666666668,14.346666666666666,34.36,6.323333333333333,88.85333333333334,2.606666666666667,95.10000000000001,11.946666666666667,48.43,78.8,830.56,0.5116215295184847,29.0,80.2
Kanchanpur,2006,825.63,0.4912150175166387,0,22.453333333333333,29.656666666666666,15.709999999999999,13.946666666666667,37.18333333333333,7.233333333333334,88.77333333333333,2.44,145.48000000000002,14.0,35.53,7.27,1084.77,1.563860761970683,29.0,80.2
Kanchanpur,2007,1154.08,1.8507523130554624,0,22.46666666666667,29.7,15.770000000000001,13.93,40.71666666666667,7.793333333333333,88.82333333333334,2.5633333333333335,161.35000000000002,12.506666666666666,42.29333333333333,119.16,825.63,0.4912150175166387,29.0,80.2
Kanchanpur,2008,1344.17,2.6375827119258393,0,23.2,30.94333333333333,15.996666666666668,14.946666666666667,28.323333333333334,5.706666666666667,88.70666666666666,2.7466666666666666,73.85999999999999,11.75,39.803333333333335,13.46,1154.08,1.8507523130554624,29.0,80.2
Kanchanpur,2009,914.8100000000001,0.8603535043979065,0,23.53333333333333,31.429999999999996,16.243333333333336,15.186666666666666,27.126666666666665,5.653333333333333,88.73666666666666,2.766666666666667,46.65,13.906666666666666,43.449999999999996,16.1,1344.17,2.6375827119258393,29.0,80.2
Kanchanpur,2010,1450.86,3.0791995000550427,0,25.22666666666667,33.233333333333334,17.64,15.596666666666666,23.92,5.266666666666667,88.73,2.9133333333333336,26.2,12.286666666666667,44.696666666666665,42.31,914.8100000000001,0.8603535043979065,29.0,80.2
Kanchanpur,2011,1439.52,3.032260383198869,0,22.41,29.903333333333332,15.406666666666666,14.5,36.36333333333334,7.023333333333333,88.8,2.6166666666666667,98.31,11.403333333333334,50.74,77.85,1450.86,3.0791995000550427,29.0,80.2
Kanchanpur,2012,892.74,0.7690002143612437,0,22.766666666666666,30.616666666666664,15.37,15.243333333333334,28.566666666666663,5.433333333333334,88.72333333333334,2.78,40.48,11.21,49.66,60.150000000000006,1439.52,3.032260383198869,29.0,80.2
Kanchanpur,2013,1417.82,2.942438616375327,0,23.46666666666667,30.74,16.983333333333334,13.756666666666668,35.153333333333336,6.763333333333333,88.71,2.8166666666666664,30.7,11.896666666666667,54.16,206.09,892.74,0.7690002143612437,29.0,80.2
Kanchanpur,2014,758.85,0.21479577380806017,0,22.25666666666667,29.49666666666667,15.770000000000001,13.726666666666667,39.11666666666667,7.140000000000001,88.88,2.766666666666667,88.72999999999999,11.93,55.54666666666666,128.17000000000002,1417.82,2.942438616375327,29.0,80.2
Kanchanpur,2015,752.51,0.1885529165886472,0,21.883333333333336,28.426666666666666,15.806666666666667,12.623333333333333,47.22,8.243333333333334,88.89999999999999,2.563333333333333,216.07000000000002,12.706666666666665,47.696666666666665,140.32,758.85,0.21479577380806017,29.0,80.2
Kanchanpur,2016,828.36,0.5025151752783102,0,24.12,31.433333333333334,17.586666666666666,13.846666666666666,33.20666666666667,6.996666666666666,88.77333333333333,2.8633333333333333,122.84,13.39,34.31333333333333,24.45,752.51,0.1885529165886472,29.0,80.2
Kanchanpur,2017,931.66,0.9300998993737903,0,23.643333333333334,31.080000000000002,16.796666666666667,14.283333333333333,32.29333333333333,6.726666666666667,88.74000000000001,2.6966666666666668,141.16,13.913333333333332,38.48,35.93,828.36,0.5025151752783102,29.0,80.2
Kanchanpur,2018,33.09,-2.789307704987059,1,23.766666666666666,31.38333333333333,16.716666666666665,14.666666666666666,31.830000000000002,6.583333333333333,88.77,2.8166666666666664,3.71,13.683333333333332,37.53,5.79,931.66,0.9300998993737903,29.0,80.2
Kanchanpur,2019,25.98,-2.8187377861905327,1,22.38,29.886666666666667,15.25,14.636666666666665,38.27333333333333,6.996666666666666,88.84333333333332,2.6466666666666665,2.39,11.35,54.85666666666666,5.33,33.09,-2.789307704987059,29.0,80.2
Kaski,1982,593.02,0.07139433096794626,0,13.4,20.03,7.53,12.5,46.26333333333333,5.670000000000001,78.15,2.526666666666667,58.980000000000004,4.976666666666667,50.553333333333335,79.31,823.12,1.0548127751839673,28.2,83.9
Kaski,1983,353.48,-0.9523694853184753,1,13.516666666666667,20.430000000000003,7.493333333333333,12.93,38.5,4.946666666666666,78.10666666666667,2.706666666666667,70.47,4.996666666666667,38.46,7.430000000000001,593.02,0.07139433096794626,28.2,83.9
Kaski,1984,740.86,0.7032438867823598,0,15.62,23.00666666666667,9.076666666666666,13.926666666666668,30.843333333333334,4.54,78.05333333333334,2.7733333333333334,30.79,5.22,36.056666666666665,24.92,353.48,-0.9523694853184753,28.2,83.9
Kaski,1985,574.5799999999999,-0.007415908542455656,0,15.573333333333332,22.963333333333335,9.040000000000001,13.926666666666668,29.286666666666665,4.236666666666667,78.02333333333333,2.763333333333333,28.55,5.323333333333333,41.51,38.72,740.86,0.7032438867823598,28.2,83.9
Kaski,1986,438.01,-0.5910989025736678,0,13.85,20.93,7.613333333333333,13.316666666666668,34.23,4.373333333333334,78.08999999999999,2.72,35.6,6.13,45.60333333333333,18.2,574.5799999999999,-0.007415908542455656,28.2,83.9
Kaski,1987,554.6,-0.09280791425925707,0,14.233333333333334,21.38,8.056666666666667,13.32,33.50333333333334,4.31,78.2,2.6966666666666668,30.73,5.91,37.693333333333335,40.95,438.01,-0.5910989025736678,28.2,83.9
Kaski,1988,692.82,0.4979269721359556,0,14.946666666666667,22.113333333333333,8.606666666666667,13.506666666666666,36.21666666666667,4.95,78.10333333333334,2.6999999999999997,96.91,7.296666666666667,38.056666666666665,15.66,554.6,-0.09280791425925707,28.2,83.9
Kaski,1989,473.07,-0.4412568745240646,0,14.75,22.146666666666665,8.243333333333334,13.906666666666666,30.39,4.213333333333334,78.04333333333334,2.776666666666667,59.35,5.62,42.17333333333333,53.02,692.82,0.4979269721359556,28.2,83.9
Kaski,1990,723.59,0.6294340800391584,0,14.079999999999998,20.843333333333334,8.040000000000001,12.799999999999999,37.903333333333336,5.033333333333333,78.08666666666666,2.686666666666667,30.5,6.596666666666667,36.986666666666665,27.700000000000003,473.07,-0.4412568745240646,28.2,83.9
Kaski,1991,378.15999999999997,-0.8468902710496733,1,15.126666666666665,22.540000000000003,8.496666666666668,14.040000000000001,28.206666666666667,3.8833333333333333,78.18,2.78,38.39,6.246666666666666,39.97666666666667,6.869999999999999,723.59,0.6294340800391584,28.2,83.9
Kaski,1992,434.78999999999996,-0.6048607773688682,0,15.156666666666666,22.646666666666665,8.753333333333332,13.893333333333333,28.05666666666667,3.91,78.12666666666667,2.8833333333333333,18.15,5.419999999999999,39.87,30.46,378.15999999999997,-0.8468902710496733,28.2,83.9
Kaski,1993,417.73,-0.6777730705384695,0,13.643333333333333,20.77,7.53,13.24,36.48,4.673333333333333,78.17333333333333,2.703333333333333,79.34,6.23,37.843333333333334,8.61,434.78999999999996,-0.6048607773688682,28.2,83.9
Kaski,1994,409.9,-0.7112375052112704,0,15.06,22.560000000000002,8.583333333333334,13.973333333333334,29.286666666666665,4.1866666666666665,78.16333333333334,2.8066666666666666,16.34,6.56,33.14,18.64,417.73,-0.6777730705384695,28.2,83.9
Kaski,1995,481.76,-0.4041169080736638,0,15.036666666666667,22.393333333333334,8.453333333333333,13.936666666666667,29.463333333333335,4.216666666666667,78.16333333333334,2.8433333333333337,25.9,5.25,35.21666666666667,16.29,409.9,-0.7112375052112704,28.2,83.9
Kaski,1996,437.08000000000004,-0.5950736055424677,0,15.083333333333334,22.363333333333333,8.463333333333333,13.9,33.49,4.653333333333333,78.08666666666666,2.7300000000000004,65.89,5.726666666666667,42.07666666666667,54.79,481.76,-0.4041169080736638,28.2,83.9
Kaski,1997,271.48,-1.3028271664384827,1,13.623333333333335,20.63,7.45,13.176666666666668,34.26666666666667,4.296666666666667,78.18333333333334,2.67,38.43000000000001,5.489999999999999,29.900000000000002,4.1499999999999995,437.08000000000004,-0.5950736055424677,28.2,83.9
Kaski,1998,514.13,-0.26577160151446083,0,14.553333333333335,21.633333333333336,8.479999999999999,13.153333333333334,37.266666666666666,5.1000000000000005,78.22333333333334,2.6533333333333338,48.760000000000005,5.68,37.88999999999999,19.23,271.48,-1.3028271664384827,28.2,83.9
Kaski,1999,282.28000000000003,-1.2566693255104817,1,15.753333333333332,23.416666666666668,9.16,14.256666666666666,26.419999999999998,4.010000000000001,78.01333333333334,2.81,52.07,7.38,31.46333333333334,7.9,514.13,-0.26577160151446083,28.2,83.9
Kaski,2000,554.31,-0.09404733776565742,0,14.756666666666666,21.76,8.68,13.076666666666668,33.20333333333333,4.866666666666666,78.05,2.686666666666666,58.13,5.6499999999999995,32.74666666666667,4.61,282.28000000000003,-1.2566693255104817,28.2,83.9
Kaski,2001,480.31,-0.4103140256056639,0,14.543333333333335,21.396666666666665,8.523333333333333,12.873333333333333,37.223333333333336,5.296666666666667,78.12666666666667,2.643333333333333,64.03,6.88,30.136666666666667,0.29000000000000004,554.31,-0.09404733776565742,28.2,83.9
Kaski,2002,270.96000000000004,-1.3050495810016827,1,14.94,21.810000000000002,9.126666666666667,12.69,38.36333333333334,5.3566666666666665,78.14333333333333,2.66,52.86,6.260000000000001,38.333333333333336,23.57,480.31,-0.4103140256056639,28.2,83.9
Kaski,2003,354.41,-0.9483947823496752,1,14.416666666666666,21.44666666666667,8.229999999999999,13.216666666666667,34.53,4.53,78.17333333333333,2.65,17.470000000000002,6.09,37.656666666666666,51.709999999999994,270.96000000000004,-1.3050495810016827,28.2,83.9
Kaski,2004,888.42,1.333896757831973,0,15.356666666666667,22.106666666666666,9.693333333333333,12.413333333333332,40.48666666666667,5.783333333333334,78.12666666666667,2.5566666666666666,165.97,6.043333333333333,41.126666666666665,32.53,354.41,-0.9483947823496752,28.2,83.9
Kaski,2005,785.9499999999999,0.8959528726567636,0,14.013333333333334,20.656666666666666,8.096666666666666,12.556666666666667,41.11333333333334,5.19,78.23333333333333,2.513333333333333,58.34,5.8133333333333335,53.903333333333336,52.81,888.42,1.333896757831973,28.2,83.9
Kaski,2006,840.28,1.1281524557695686,0,13.846666666666666,20.176666666666666,8.27,11.910000000000002,48.44,6.426666666666667,78.17333333333333,2.4566666666666666,183.99,7.666666666666667,42.57,0.49,785.9499999999999,0.8959528726567636,28.2,83.9
Kaski,2007,961.9499999999999,1.6481547248167796,0,14.033333333333333,20.31,8.32,11.99,51.92333333333334,6.803333333333334,78.21666666666667,2.353333333333333,124.16,5.72,50.406666666666666,117.47999999999999,840.28,1.1281524557695686,28.2,83.9
Kaski,2008,1264.73,2.9421983429816074,0,14.166666666666666,20.756666666666664,8.263333333333334,12.496666666666664,42.580000000000005,5.609999999999999,78.12,2.54,120.63,5.510000000000001,47.06,7.31,961.9499999999999,1.6481547248167796,28.2,83.9
Kaski,2009,717.36,0.6028078440223577,0,14.540000000000001,21.313333333333333,8.696666666666667,12.613333333333335,40.696666666666665,5.5566666666666675,78.16000000000001,2.5433333333333334,136.31,7.81,47.303333333333335,4.45,1264.73,2.9421983429816074,28.2,83.9
Kaski,2010,909.14,1.422451430427175,0,16.126666666666665,23.186666666666667,9.863333333333333,13.326666666666668,35.723333333333336,5.346666666666667,78.19,2.703333333333333,37.77,6.44,43.339999999999996,15.01,717.36,0.6028078440223577,28.2,83.9
Kaski,2011,933.75,1.5276314735047773,0,13.93,20.19,8.413333333333332,11.773333333333333,47.5,6.333333333333333,78.18666666666667,2.46,158.03,5.53,48.656666666666666,18.53,909.14,1.422451430427175,28.2,83.9
Kaski,2012,1093.63,2.210938474205592,0,14.403333333333334,21.336666666666662,8.11,13.226666666666667,37.28666666666667,4.943333333333333,78.11,2.6733333333333333,42.75,5.326666666666667,50.53666666666667,28.060000000000002,933.75,1.5276314735047773,28.2,83.9
Kaski,2013,1240.37,2.8380867684440045,0,14.199999999999998,20.866666666666664,8.24,12.626666666666665,47.57,6.203333333333333,78.13,2.606666666666667,165.63,5.426666666666667,50.56,70.61,1093.63,2.210938474205592,28.2,83.9
Kaski,2014,1439.96,3.6911093120384235,0,13.923333333333334,20.3,8.219999999999999,12.08,48.96333333333333,6.253333333333333,78.24333333333333,2.5066666666666664,149.98,5.72,60.63333333333333,35.07,1240.37,2.8380867684440045,28.2,83.9
Kaski,2015,1458.6100000000001,3.7708170651224253,0,13.083333333333334,18.78333333333333,7.786666666666666,10.996666666666668,60.26333333333333,7.29,78.29,2.23,328.07,5.866666666666667,57.09666666666667,77.03999999999999,1439.96,3.6911093120384235,28.2,83.9
Kaski,2016,1458.45,3.770133245256825,0,15.033333333333333,21.396666666666665,9.653333333333334,11.736666666666666,45.70333333333334,6.293333333333334,78.2,2.48,210.64999999999998,6.1933333333333325,50.01666666666667,9.79,1458.6100000000001,3.7708170651224253,28.2,83.9
Kaski,2017,1362.65,3.3606961007288167,0,13.403333333333334,19.41,8.026666666666666,11.383333333333333,55.223333333333336,7.080000000000001,78.17,2.2333333333333334,386.94,7.403333333333333,50.29333333333333,11.12,1458.45,3.770133245256825,28.2,83.9
Kaski,2018,35.0,-2.3135129277953044,1,13.603333333333333,19.483333333333334,8.413333333333334,11.07,56.04333333333333,7.176666666666667,78.20333333333333,2.313333333333333,13.77,7.196666666666666,46.57,0.64,1362.65,3.3606961007288167,28.2,83.9
Kaski,2019,42.65,-2.280817790471304,1,13.296666666666667,19.596666666666668,7.546666666666667,12.043333333333335,54.48,6.756666666666667,78.22,2.31,9.8,5.046666666666667,57.74666666666667,4.41,35.0,-2.3135129277953044,28.2,83.9
Kathmandu,1982,592.95,0.023774360262111292,0,18.2,24.983333333333334,12.186666666666667,12.799999999999999,39.830000000000005,6.153333333333333,83.87333333333333,2.5666666666666664,77.18,9.166666666666666,45.45666666666667,90.02,812.07,1.09926163013024,27.73,85.37
Kathmandu,1983,375.6,-1.0430253755257575,1,18.23,25.263333333333332,12.086666666666668,13.18,32.35666666666666,5.2299999999999995,83.83333333333333,2.7133333333333334,66.35,8.883333333333333,34.45666666666667,5.21,592.95,0.023774360262111292,27.73,85.37
Kathmandu,1984,739.64,0.7437598824278459,0,19.996666666666666,27.383333333333336,13.5,13.886666666666668,28.236666666666668,5.116666666666666,83.73333333333333,2.7566666666666664,54.07,9.223333333333334,31.95,24.64,375.6,-1.0430253755257575,27.73,85.37
Kathmandu,1985,691.3299999999999,0.506644192361538,0,20.076666666666668,27.51,13.283333333333333,14.223333333333334,25.790000000000003,4.656666666666667,83.70333333333333,2.796666666666667,33.35,9.483333333333333,35.77666666666667,20.8,739.64,0.7437598824278459,27.73,85.37
Kathmandu,1986,519.44,-0.3370282556926447,0,18.463333333333335,25.633333333333336,11.94,13.69,31.320000000000004,5.013333333333333,83.80666666666667,2.7266666666666666,52.150000000000006,9.766666666666667,46.17666666666667,18.61,691.3299999999999,0.506644192361538,27.73,85.37
Kathmandu,1987,634.3299999999999,0.22687614570909487,0,18.849999999999998,26.05666666666667,12.463333333333333,13.593333333333334,28.986666666666668,4.613333333333333,83.91666666666667,2.69,35.55,10.093333333333334,35.10666666666666,40.910000000000004,519.44,-0.3370282556926447,27.73,85.37
Kathmandu,1988,653.13,0.31915051899095365,0,19.183333333333334,26.27,12.803333333333333,13.466666666666667,35.25666666666667,5.94,83.79666666666667,2.61,148.18,10.88,37.92666666666667,5.48,634.3299999999999,0.22687614570909487,27.73,85.37
Kathmandu,1989,437.15999999999997,-0.7408758851411192,0,19.22666666666667,26.656666666666666,12.700000000000001,13.956666666666665,27.323333333333334,4.673333333333333,83.74333333333334,2.763333333333333,72.36,9.463333333333333,38.36333333333334,56.1,653.13,0.31915051899095365,27.73,85.37
Kathmandu,1990,712.16,0.6088822346732995,0,18.72,25.60666666666667,12.493333333333334,13.106666666666667,32.76,5.473333333333334,83.80666666666667,2.67,30.0,10.373333333333333,34.0,23.48,437.15999999999997,-0.7408758851411192,27.73,85.37
Kathmandu,1991,379.88,-1.0220182309701005,1,19.823333333333334,27.34,12.993333333333332,14.343333333333334,24.69666666666667,4.3133333333333335,83.87333333333333,2.733333333333333,37.96,10.466666666666667,35.016666666666666,4.41,712.16,0.6088822346732995,27.73,85.37
Kathmandu,1992,389.98,-0.9724452963878254,1,19.62333333333333,27.173333333333332,13.026666666666666,14.15,24.72,4.27,83.83666666666666,2.953333333333333,22.69,9.17,36.06333333333333,25.55,379.88,-1.0220182309701005,27.73,85.37
Kathmandu,1993,415.32,-0.8480712209111079,1,18.14,25.263333333333335,11.87,13.393333333333333,33.78333333333333,5.416666666666667,83.89999999999999,2.6799999999999997,110.94,9.936666666666666,35.72666666666667,12.02,389.98,-0.9724452963878254,27.73,85.37
Kathmandu,1994,382.28999999999996,-1.0101894416291817,1,19.653333333333332,27.176666666666666,12.973333333333334,14.200000000000001,25.99666666666667,4.666666666666667,83.86,2.7899999999999996,26.81,10.473333333333334,31.419999999999998,18.38,415.32,-0.8480712209111079,27.73,85.37
Kathmandu,1995,520.2,-0.3332980150706122,0,19.84,27.323333333333334,13.170000000000002,14.156666666666666,24.50666666666667,4.44,83.86333333333333,2.8800000000000003,18.700000000000003,9.39,31.00333333333333,12.91,382.28999999999996,-1.0101894416291817,27.73,85.37
Kathmandu,1996,500.85999999999996,-0.4282228224786521,0,19.819999999999997,27.209999999999997,13.11,14.1,28.426666666666666,4.953333333333333,83.77333333333333,2.8033333333333332,46.16,9.626666666666667,39.63666666666666,53.68,520.2,-0.3332980150706122,27.73,85.37
Kathmandu,1997,389.77,-0.9734760207702293,1,18.290000000000003,25.426666666666666,11.916666666666666,13.51,29.843333333333334,4.726666666666667,83.91333333333334,2.686666666666667,48.2,9.256666666666666,28.55333333333333,5.56,500.85999999999996,-0.4282228224786521,27.73,85.37
Kathmandu,1998,509.23,-0.3871410935228457,0,18.903333333333332,25.99,12.743333333333334,13.243333333333332,34.65333333333333,5.88,83.93666666666667,2.6566666666666667,58.95,9.51,36.22666666666667,21.45,389.77,-0.9734760207702293,27.73,85.37
Kathmandu,1999,348.65999999999997,-1.175252589154123,1,20.29,27.883333333333336,13.75,14.133333333333333,24.099999999999998,4.516666666666667,83.68333333333334,2.7900000000000005,45.28,11.443333333333333,29.013333333333335,3.05,509.23,-0.3871410935228457,27.73,85.37
Kathmandu,2000,593.65,0.02721010820345675,0,19.21666666666667,26.19666666666667,13.076666666666668,13.12,30.820000000000004,5.56,83.74333333333334,2.6533333333333333,67.04,9.676666666666668,31.206666666666667,2.2600000000000002,348.65999999999997,-1.175252589154123,27.73,85.37
Kathmandu,2001,508.52000000000004,-0.39062592357763914,0,19.313333333333333,26.333333333333332,13.17,13.159999999999998,32.163333333333334,5.776666666666666,83.82666666666667,2.6933333333333334,53.55,10.49,28.703333333333333,0.46,593.65,0.02721010820345675,27.73,85.37
Kathmandu,2002,332.7,-1.253587642216807,1,19.123333333333335,25.95,13.236666666666666,12.706666666666669,38.53666666666667,6.553333333333334,83.84333333333332,2.6166666666666667,89.9,10.16,37.29333333333333,22.549999999999997,508.52000000000004,-0.39062592357763914,27.73,85.37
Kathmandu,2003,371.86,-1.0613820859552336,1,18.923333333333332,25.993333333333336,12.58,13.413333333333334,32.473333333333336,5.283333333333333,83.89,2.6133333333333333,17.86,9.786666666666667,38.20333333333333,60.07,332.7,-1.253587642216807,27.73,85.37
Kathmandu,2004,861.0,1.3394204112303107,0,19.25,25.796666666666667,13.563333333333333,12.233333333333334,41.379999999999995,7.0,83.82666666666667,2.44,267.77,9.816666666666668,41.38,34.67,371.86,-1.0613820859552336,27.73,85.37
Kathmandu,2005,783.72,0.9601138385057354,0,18.576666666666668,25.343333333333334,12.473333333333334,12.866666666666667,38.20333333333334,6.036666666666666,83.95,2.5,73.28999999999999,9.646666666666667,52.836666666666666,63.01,861.0,1.3394204112303107,27.73,85.37
Kathmandu,2006,871.51,1.3910057124639454,0,18.456666666666667,24.939999999999998,12.816666666666668,12.12,43.01666666666667,7.096666666666667,83.89,2.4299999999999997,172.5,11.373333333333335,38.88666666666666,0.04,783.72,0.9601138385057354,27.73,85.37
Kathmandu,2007,930.39,1.6800011964445745,0,18.516666666666666,24.78333333333333,12.883333333333333,11.896666666666667,47.75333333333333,7.726666666666667,83.92333333333333,2.3333333333333335,142.99,9.373333333333333,49.593333333333334,103.8,871.51,1.3910057124639454,27.73,85.37
Kathmandu,2008,1113.82,2.5803144034175154,0,18.66,25.353333333333335,12.633333333333333,12.716666666666667,40.06666666666667,6.543333333333333,83.82666666666667,2.5033333333333334,158.5,9.253333333333332,43.82,15.489999999999998,930.39,1.6800011964445745,27.73,85.37
Kathmandu,2009,683.91,0.4702252641832728,0,19.05666666666667,25.87,13.083333333333334,12.786666666666667,36.42666666666667,6.173333333333335,83.86333333333333,2.5233333333333334,128.48,11.44,47.330000000000005,1.51,1113.82,2.5803144034175154,27.73,85.37
Kathmandu,2010,885.97,1.4619784485094602,0,20.53,27.483333333333334,14.376666666666667,13.11,33.18333333333333,6.1000000000000005,83.86666666666667,2.6766666666666663,62.91,10.28,39.723333333333336,14.35,683.91,0.4702252641832728,27.73,85.37
Kathmandu,2011,891.25,1.4878938044098968,0,18.23,24.659999999999997,12.526666666666666,12.136666666666668,43.81,7.133333333333333,83.89999999999999,2.4599999999999995,172.44,9.306666666666667,46.52333333333333,15.850000000000001,885.97,1.4619784485094602,27.73,85.37
Kathmandu,2012,914.28,1.6009299116801734,0,19.14,26.11,12.753333333333332,13.353333333333333,32.70666666666667,5.483333333333333,83.81333333333333,2.7133333333333334,40.61,9.303333333333333,47.95666666666667,20.130000000000003,891.25,1.4878938044098968,27.73,85.37
Kathmandu,2013,1043.96,2.2374267588712056,0,18.62333333333333,25.30666666666667,12.806666666666667,12.503333333333332,41.85,6.706666666666667,83.83333333333333,2.6133333333333333,166.11,8.966666666666667,45.11666666666667,53.09,914.28,1.6009299116801734,27.73,85.37
Kathmandu,2014,1084.29,2.435374922406171,0,18.71,25.233333333333334,12.94,12.293333333333331,41.36000000000001,6.663333333333333,83.95666666666666,2.5500000000000003,167.82999999999998,9.41,57.86000000000001,27.259999999999998,1043.96,2.2374267588712056,27.73,85.37
Kathmandu,2015,992.93,1.986960733947097,0,18.176666666666666,24.113333333333333,12.853333333333333,11.256666666666666,50.56333333333333,7.846666666666667,84.0,2.3533333333333335,212.93,10.076666666666666,52.72,38.46,1084.29,2.435374922406171,27.73,85.37
Kathmandu,2016,988.39,1.9646774544417973,0,19.94333333333333,26.633333333333336,14.343333333333334,12.280000000000001,38.35,6.6933333333333325,83.88666666666667,2.6533333333333333,136.98,10.166666666666666,45.129999999999995,12.93,992.93,1.986960733947097,27.73,85.37
Kathmandu,2017,858.71,1.3281806072507654,0,18.400000000000002,24.7,12.956666666666665,11.746666666666668,46.99333333333334,7.696666666666666,83.87333333333333,2.3866666666666667,255.0,11.336666666666666,46.410000000000004,9.549999999999999,988.39,1.9646774544417973,27.73,85.37
Kathmandu,2018,24.950000000000003,-2.764089683572761,1,18.263333333333335,24.436666666666667,12.83,11.606666666666667,48.95666666666667,7.866666666666667,83.91333333333334,2.44,8.21,10.979999999999999,41.79,0.18,858.71,1.3281806072507654,27.73,85.37
Kathmandu,2019,32.05,-2.729241383024825,1,18.463333333333335,24.939999999999998,12.796666666666667,12.143333333333333,45.24666666666667,7.263333333333333,83.93,2.46,6.119999999999999,9.586666666666666,49.24,2.73,24.950000000000003,-2.764089683572761,27.73,85.37
Lalitpur,1982,592.95,0.023774360262111292,0,18.2,24.983333333333334,12.186666666666667,12.799999999999999,39.830000000000005,6.153333333333333,83.87333333333333,2.5666666666666664,77.18,9.166666666666666,45.45666666666667,90.02,812.07,1.09926163013024,27.63,85.33
Lalitpur,1983,375.6,-1.0430253755257575,1,18.23,25.263333333333332,12.086666666666668,13.18,32.35666666666666,5.2299999999999995,83.83333333333333,2.7133333333333334,66.35,8.883333333333333,34.45666666666667,5.21,592.95,0.023774360262111292,27.63,85.33
Lalitpur,1984,739.64,0.7437598824278459,0,19.996666666666666,27.383333333333336,13.5,13.886666666666668,28.236666666666668,5.116666666666666,83.73333333333333,2.7566666666666664,54.07,9.223333333333334,31.95,24.64,375.6,-1.0430253755257575,27.63,85.33
Lalitpur,1985,691.3299999999999,0.506644192361538,0,20.076666666666668,27.51,13.283333333333333,14.223333333333334,25.790000000000003,4.656666666666667,83.70333333333333,2.796666666666667,33.35,9.483333333333333,35.77666666666667,20.8,739.64,0.7437598824278459,27.63,85.33
Lalitpur,1986,519.44,-0.3370282556926447,0,18.463333333333335,25.633333333333336,11.94,13.69,31.320000000000004,5.013333333333333,83.80666666666667,2.7266666666666666,52.150000000000006,9.766666666666667,46.17666666666667,18.61,691.3299999999999,0.506644192361538,27.63,85.33
Lalitpur,1987,634.3299999999999,0.22687614570909487,0,18.849999999999998,26.05666666666667,12.463333333333333,13.593333333333334,28.986666666666668,4.613333333333333,83.91666666666667,2.69,35.55,10.093333333333334,35.10666666666666,40.910000000000004,519.44,-0.3370282556926447,27.63,85.33
Lalitpur,1988,653.13,0.31915051899095365,0,19.183333333333334,26.27,12.803333333333333,13.466666666666667,35.25666666666667,5.94,83.79666666666667,2.61,148.18,10.88,37.92666666666667,5.48,634.3299999999999,0.22687614570909487,27.63,85.33
Lalitpur,1989,437.15999999999997,-0.7408758851411192,0,19.22666666666667,26.656666666666666,12.700000000000001,13.956666666666665,27.323333333333334,4.673333333333333,83.74333333333334,2.763333333333333,72.36,9.463333333333333,38.36333333333334,56.1,653.13,0.31915051899095365,27.63,85.33
Lalitpur,1990,712.16,0.6088822346732995,0,18.72,25.60666666666667,12.493333333333334,13.106666666666667,32.76,5.473333333333334,83.80666666666667,2.67,30.0,10.373333333333333,34.0,23.48,437.15999999999997,-0.7408758851411192,27.63,85.33
Lalitpur,1991,379.88,-1.0220182309701005,1,19.823333333333334,27.34,12.993333333333332,14.343333333333334,24.69666666666667,4.3133333333333335,83.87333333333333,2.733333333333333,37.96,10.466666666666667,35.016666666666666,4.41,712.16,0.6088822346732995,27.63,85.33
Lalitpur,1992,389.98,-0.9724452963878254,1,19.62333333333333,27.173333333333332,13.026666666666666,14.15,24.72,4.27,83.83666666666666,2.953333333333333,22.69,9.17,36.06333333333333,25.55,379.88,-1.0220182309701005,27.63,85.33
Lalitpur,1993,415.32,-0.8480712209111079,1,18.14,25.263333333333335,11.87,13.393333333333333,33.78333333333333,5.416666666666667,83.89999999999999,2.6799999999999997,110.94,9.936666666666666,35.72666666666667,12.02,389.98,-0.9724452963878254,27.63,85.33
Lalitpur,1994,382.28999999999996,-1.0101894416291817,1,19.653333333333332,27.176666666666666,12.973333333333334,14.200000000000001,25.99666666666667,4.666666666666667,83.86,2.7899999999999996,26.81,10.473333333333334,31.419999999999998,18.38,415.32,-0.8480712209111079,27.63,85.33
Lalitpur,1995,520.2,-0.3332980150706122,0,19.84,27.323333333333334,13.170000000000002,14.156666666666666,24.50666666666667,4.44,83.86333333333333,2.8800000000000003,18.700000000000003,9.39,31.00333333333333,12.91,382.28999999999996,-1.0101894416291817,27.63,85.33
Lalitpur,1996,500.85999999999996,-0.4282228224786521,0,19.819999999999997,27.209999999999997,13.11,14.1,28.426666666666666,4.953333333333333,83.77333333333333,2.8033333333333332,46.16,9.626666666666667,39.63666666666666,53.68,520.2,-0.3332980150706122,27.63,85.33
Lalitpur,1997,389.77,-0.9734760207702293,1,18.290000000000003,25.426666666666666,11.916666666666666,13.51,29.843333333333334,4.726666666666667,83.91333333333334,2.686666666666667,48.2,9.256666666666666,28.55333333333333,5.56,500.85999999999996,-0.4282228224786521,27.63,85.33
Lalitpur,1998,509.23,-0.3871410935228457,0,18.903333333333332,25.99,12.743333333333334,13.243333333333332,34.65333333333333,5.88,83.93666666666667,2.6566666666666667,58.95,9.51,36.22666666666667,21.45,389.77,-0.9734760207702293,27.63,85.33
Lalitpur,1999,348.65999999999997,-1.175252589154123,1,20.29,27.883333333333336,13.75,14.133333333333333,24.099999999999998,4.516666666666667,83.68333333333334,2.7900000000000005,45.28,11.443333333333333,29.013333333333335,3.05,509.23,-0.3871410935228457,27.63,85.33
Lalitpur,2000,593.65,0.02721010820345675,0,19.21666666666667,26.19666666666667,13.076666666666668,13.12,30.820000000000004,5.56,83.74333333333334,2.6533333333333333,67.04,9.676666666666668,31.206666666666667,2.2600000000000002,348.65999999999997,-1.175252589154123,27.63,85.33
Lalitpur,2001,508.52000000000004,-0.39062592357763914,0,19.313333333333333,26.333333333333332,13.17,13.159999999999998,32.163333333333334,5.776666666666666,83.82666666666667,2.6933333333333334,53.55,10.49,28.703333333333333,0.46,593.65,0.02721010820345675,27.63,85.33
Lalitpur,2002,332.7,-1.253587642216807,1,19.123333333333335,25.95,13.236666666666666,12.706666666666669,38.53666666666667,6.553333333333334,83.84333333333332,2.6166666666666667,89.9,10.16,37.29333333333333,22.549999999999997,508.52000000000004,-0.39062592357763914,27.63,85.33
Lalitpur,2003,371.86,-1.0613820859552336,1,18.923333333333332,25.993333333333336,12.58,13.413333333333334,32.473333333333336,5.283333333333333,83.89,2.6133333333333333,17.86,9.786666666666667,38.20333333333333,60.07,332.7,-1.253587642216807,27.63,85.33
Lalitpur,2004,861.0,1.3394204112303107,0,19.25,25.796666666666667,13.563333333333333,12.233333333333334,41.379999999999995,7.0,83.82666666666667,2.44,267.77,9.816666666666668,41.38,34.67,371.86,-1.0613820859552336,27.63,85.33
Lalitpur,2005,783.72,0.9601138385057354,0,18.576666666666668,25.343333333333334,12.473333333333334,12.866666666666667,38.20333333333334,6.036666666666666,83.95,2.5,73.28999999999999,9.646666666666667,52.836666666666666,63.01,861.0,1.3394204112303107,27.63,85.33
Lalitpur,2006,871.51,1.3910057124639454,0,18.456666666666667,24.939999999999998,12.816666666666668,12.12,43.01666666666667,7.096666666666667,83.89,2.4299999999999997,172.5,11.373333333333335,38.88666666666666,0.04,783.72,0.9601138385057354,27.63,85.33
Lalitpur,2007,930.39,1.6800011964445745,0,18.516666666666666,24.78333333333333,12.883333333333333,11.896666666666667,47.75333333333333,7.726666666666667,83.92333333333333,2.3333333333333335,142.99,9.373333333333333,49.593333333333334,103.8,871.51,1.3910057124639454,27.63,85.33
Lalitpur,2008,1113.82,2.5803144034175154,0,18.66,25.353333333333335,12.633333333333333,12.716666666666667,40.06666666666667,6.543333333333333,83.82666666666667,2.5033333333333334,158.5,9.253333333333332,43.82,15.489999999999998,930.39,1.6800011964445745,27.63,85.33
Lalitpur,2009,683.91,0.4702252641832728,0,19.05666666666667,25.87,13.083333333333334,12.786666666666667,36.42666666666667,6.173333333333335,83.86333333333333,2.5233333333333334,128.48,11.44,47.330000000000005,1.51,1113.82,2.5803144034175154,27.63,85.33
Lalitpur,2010,885.97,1.4619784485094602,0,20.53,27.483333333333334,14.376666666666667,13.11,33.18333333333333,6.1000000000000005,83.86666666666667,2.6766666666666663,62.91,10.28,39.723333333333336,14.35,683.91,0.4702252641832728,27.63,85.33
Lalitpur,2011,891.25,1.4878938044098968,0,18.23,24.659999999999997,12.526666666666666,12.136666666666668,43.81,7.133333333333333,83.89999999999999,2.4599999999999995,172.44,9.306666666666667,46.52333333333333,15.850000000000001,885.97,1.4619784485094602,27.63,85.33
Lalitpur,2012,914.28,1.6009299116801734,0,19.14,26.11,12.753333333333332,13.353333333333333,32.70666666666667,5.483333333333333,83.81333333333333,2.7133333333333334,40.61,9.303333333333333,47.95666666666667,20.130000000000003,891.25,1.4878938044098968,27.63,85.33
Lalitpur,2013,1043.96,2.2374267588712056,0,18.62333333333333,25.30666666666667,12.806666666666667,12.503333333333332,41.85,6.706666666666667,83.83333333333333,2.6133333333333333,166.11,8.966666666666667,45.11666666666667,53.09,914.28,1.6009299116801734,27.63,85.33
Lalitpur,2014,1084.29,2.435374922406171,0,18.71,25.233333333333334,12.94,12.293333333333331,41.36000000000001,6.663333333333333,83.95666666666666,2.5500000000000003,167.82999999999998,9.41,57.86000000000001,27.259999999999998,1043.96,2.2374267588712056,27.63,85.33
Lalitpur,2015,992.93,1.986960733947097,0,18.176666666666666,24.113333333333333,12.853333333333333,11.256666666666666,50.56333333333333,7.846666666666667,84.0,2.3533333333333335,212.93,10.076666666666666,52.72,38.46,1084.29,2.435374922406171,27.63,85.33
Lalitpur,2016,988.39,1.9646774544417973,0,19.94333333333333,26.633333333333336,14.343333333333334,12.280000000000001,38.35,6.6933333333333325,83.88666666666667,2.6533333333333333,136.98,10.166666666666666,45.129999999999995,12.93,992.93,1.986960733947097,27.63,85.33
Lalitpur,2017,858.71,1.3281806072507654,0,18.400000000000002,24.7,12.956666666666665,11.746666666666668,46.99333333333334,7.696666666666666,83.87333333333333,2.3866666666666667,255.0,11.336666666666666,46.410000000000004,9.549999999999999,988.39,1.9646774544417973,27.63,85.33
Lalitpur,2018,24.950000000000003,-2.764089683572761,1,18.263333333333335,24.436666666666667,12.83,11.606666666666667,48.95666666666667,7.866666666666667,83.91333333333334,2.44,8.21,10.979999999999999,41.79,0.18,858.71,1.3281806072507654,27.63,85.33
Lalitpur,2019,32.05,-2.729241383024825,1,18.463333333333335,24.939999999999998,12.796666666666667,12.143333333333333,45.24666666666667,7.263333333333333,83.93,2.46,6.119999999999999,9.586666666666666,49.24,2.73,24.950000000000003,-2.764089683572761,27.63,85.33
Lamjung,1982,559.33,0.08295453852090345,0,12.893333333333333,19.470000000000002,7.05,12.420000000000002,46.656666666666666,5.580000000000001,77.59666666666668,2.51,56.44,4.573333333333333,50.28333333333333,80.24,763.9300000000001,1.0439871432927108,28.3,84.4
Lamjung,1983,326.37,-1.0112886462671722,1,12.959999999999999,19.77,7.02,12.75,39.233333333333334,4.906666666666667,77.55333333333333,2.676666666666667,70.02000000000001,4.593333333333333,38.35333333333333,6.41,559.33,0.08295453852090345,28.3,84.4
Lamjung,1984,698.19,0.7351978791788368,0,15.033333333333333,22.333333333333332,8.563333333333333,13.770000000000001,31.55,4.523333333333333,77.50333333333333,2.7366666666666664,33.56,4.829999999999999,35.50333333333334,22.48,326.37,-1.0112886462671722,28.3,84.4
Lamjung,1985,555.85,0.0666085294074826,0,15.0,22.286666666666665,8.549999999999999,13.74,29.926666666666666,4.213333333333334,77.47333333333334,2.7266666666666666,27.59,4.943333333333333,41.413333333333334,35.55,698.19,0.7351978791788368,28.3,84.4
Lamjung,1986,413.43,-0.602356590688318,0,13.276666666666666,20.26,7.113333333333333,13.146666666666667,35.10666666666666,4.363333333333333,77.53666666666668,2.686666666666667,36.28,5.75,45.69,17.34,555.85,0.0666085294074826,28.3,84.4
Lamjung,1987,528.9300000000001,-0.05983818476874913,0,13.67,20.733333333333334,7.53,13.206666666666665,34.11666666666667,4.266666666666667,77.64666666666666,2.6633333333333336,28.96,5.47,37.71,40.1,413.43,-0.602356590688318,28.3,84.4
Lamjung,1988,640.0799999999999,0.4622477097590429,0,14.36,21.406666666666666,8.133333333333335,13.273333333333333,37.49666666666666,4.993333333333333,77.55,2.6633333333333336,104.6,6.923333333333333,38.163333333333334,11.84,528.9300000000001,-0.05983818476874913,28.3,84.4
Lamjung,1989,431.76,-0.5162582150995242,0,14.18,21.463333333333335,7.733333333333333,13.729999999999999,31.143333333333334,4.21,77.49,2.74,61.69,5.223333333333334,42.04333333333333,52.09,640.0799999999999,0.4622477097590429,28.3,84.4
Lamjung,1990,675.1700000000001,0.6270699683193697,0,13.543333333333335,20.21666666666667,7.576666666666667,12.64,38.54333333333333,4.989999999999999,77.53333333333333,2.6666666666666665,29.17,6.19,36.98666666666667,25.290000000000003,431.76,-0.5162582150995242,28.3,84.4
Lamjung,1991,354.77,-0.8778901810886809,1,14.54,21.87,7.963333333333334,13.906666666666666,28.933333333333334,3.876666666666667,77.62666666666667,2.7433333333333336,37.33,5.853333333333334,39.56,5.93,675.1700000000001,0.6270699683193697,28.3,84.4
Lamjung,1992,400.71,-0.6621040722753044,0,14.563333333333333,21.95,8.22,13.726666666666667,28.853333333333335,3.91,77.57666666666667,2.8200000000000003,18.09,4.986666666666667,39.913333333333334,28.48,354.77,-0.8778901810886809,28.3,84.4
Lamjung,1993,393.31,-0.6968628272866013,0,13.073333333333332,20.113333333333333,7.003333333333333,13.11,37.52333333333333,4.69,77.62,2.6633333333333336,83.19,5.8,38.080000000000005,8.73,400.71,-0.6621040722753044,28.3,84.4
Lamjung,1994,377.24,-0.7723456912097828,0,14.456666666666665,21.87,8.026666666666666,13.843333333333334,30.263333333333335,4.203333333333333,77.61,2.7699999999999996,17.85,6.140000000000001,33.40333333333333,17.6,393.31,-0.6968628272866013,28.3,84.4
Lamjung,1995,454.77,-0.4081772755306128,0,14.459999999999999,21.723333333333333,7.91,13.81,30.16,4.2,77.61,2.813333333333333,25.560000000000002,4.81,35.36333333333333,14.41,377.24,-0.7723456912097828,28.3,84.4
Lamjung,1996,425.49,-0.545709214278015,0,14.520000000000001,21.706666666666667,7.946666666666666,13.756666666666666,34.156666666666666,4.62,77.53666666666668,2.6833333333333336,62.92999999999999,5.31,42.46666666666667,51.41,454.77,-0.4081772755306128,28.3,84.4
Lamjung,1997,277.25,-1.2420116254772953,1,13.066666666666665,19.98,6.956666666666667,13.023333333333333,35.07,4.28,77.62666666666667,2.6333333333333333,38.24,5.053333333333334,30.183333333333337,4.12,425.49,-0.545709214278015,28.3,84.4
Lamjung,1998,483.91999999999996,-0.2712559635604361,0,14.023333333333333,21.026666666666667,8.01,13.016666666666666,38.080000000000005,5.096666666666667,77.66666666666667,2.6133333333333333,49.07,5.296666666666667,37.98666666666667,18.1,277.25,-1.2420116254772953,28.3,84.4
Lamjung,1999,279.99,-1.229141491865004,1,15.219999999999999,22.77333333333333,8.696666666666667,14.083333333333334,27.02,4.003333333333333,77.46333333333332,2.783333333333333,49.9,6.97,31.173333333333336,6.37,483.91999999999996,-0.2712559635604361,28.3,84.4
Lamjung,2000,525.87,-0.0742113996788263,0,14.193333333333333,21.08,8.22,12.856666666666667,34.163333333333334,4.88,77.49666666666667,2.65,57.2,5.23,33.23666666666667,3.76,279.99,-1.229141491865004,28.3,84.4
Lamjung,2001,456.9,-0.398172390642226,0,14.01,20.786666666666665,8.046666666666667,12.736666666666666,37.89333333333334,5.260000000000001,77.57333333333334,2.6266666666666665,60.099999999999994,6.47,30.200000000000003,0.27,525.87,-0.0742113996788263,28.3,84.4
Lamjung,2002,269.65,-1.2777098062997085,1,14.346666666666666,21.123333333333335,8.64,12.49,39.76,5.403333333333333,77.58999999999999,2.6366666666666667,56.34,5.84,38.50333333333333,22.369999999999997,456.9,-0.398172390642226,28.3,84.4
Lamjung,2003,333.28999999999996,-0.978784513202554,1,13.840000000000002,20.786666666666665,7.710000000000001,13.073333333333332,35.693333333333335,4.553333333333334,77.62,2.6133333333333333,16.51,5.66,38.086666666666666,51.78,269.65,-1.2777098062997085,28.3,84.4
Lamjung,2004,841.53,1.4084843580057713,0,14.729999999999999,21.330000000000002,9.17,12.156666666666666,42.25666666666667,5.8566666666666665,77.57666666666667,2.4933333333333336,183.93,5.623333333333334,41.376666666666665,31.44,333.28999999999996,-0.978784513202554,28.3,84.4
Lamjung,2005,737.47,0.9197011084820459,0,13.443333333333333,20.01,7.59,12.42,42.18333333333334,5.183333333333334,77.67666666666666,2.4933333333333336,58.96,5.37,54.52333333333333,53.77,841.53,1.4084843580057713,28.3,84.4
Lamjung,2006,795.88,1.1940604166185134,0,13.373333333333335,19.650000000000002,7.830000000000001,11.823333333333332,48.86333333333334,6.349999999999999,77.62,2.466666666666667,174.82,7.296666666666667,41.949999999999996,0.33,737.47,0.9197011084820459,28.3,84.4
Lamjung,2007,893.27,1.6515138153415156,0,13.540000000000001,19.776666666666667,7.84,11.936666666666667,52.53333333333333,6.73,77.66333333333334,2.356666666666667,121.78999999999999,5.286666666666666,50.84,112.3,795.88,1.1940604166185134,28.3,84.4
Lamjung,2008,1149.08,2.8530863990496096,0,13.623333333333335,20.133333333333336,7.79,12.346666666666666,43.52,5.586666666666666,77.56666666666666,2.5233333333333334,122.19999999999999,5.156666666666667,46.34666666666667,7.77,893.27,1.6515138153415156,28.3,84.4
Lamjung,2009,664.98,0.5792062232430023,0,14.01,20.72,8.21,12.506666666666668,41.25,5.496666666666667,77.60666666666667,2.533333333333333,131.45999999999998,7.45,47.083333333333336,3.54,1149.08,2.8530863990496096,28.3,84.4
Lamjung,2010,858.5799999999999,1.4885704084034217,0,15.556666666666667,22.51,9.38,13.13,36.70666666666667,5.353333333333334,77.64,2.6666666666666665,39.47,6.073333333333333,42.86666666666667,13.9,664.98,0.5792062232430023,28.3,84.4
Lamjung,2011,866.8,1.527180809240295,0,13.403333333333334,19.580000000000002,7.949999999999999,11.626666666666665,48.31,6.283333333333334,77.63333333333334,2.44,155.1,5.153333333333333,48.28333333333333,16.83,858.5799999999999,1.4885704084034217,28.3,84.4
Lamjung,2012,1002.23,2.1633129972375866,0,13.86,20.7,7.599999999999999,13.1,37.98,4.91,77.55666666666666,2.64,40.57,4.96,50.10333333333333,24.42,866.8,1.527180809240295,28.3,84.4
Lamjung,2013,1146.02,2.8387131841395328,0,13.656666666666666,20.27,7.73,12.543333333333331,48.38333333333333,6.153333333333333,77.57666666666667,2.58,164.36,5.053333333333334,49.66,65.3,1002.23,2.1633129972375866,28.3,84.4
Lamjung,2014,1330.35,3.704534982954719,0,13.383333333333333,19.7,7.733333333333333,11.966666666666667,49.696666666666665,6.186666666666667,77.69,2.4833333333333334,153.02,5.353333333333333,60.56666666666666,31.77,1146.02,2.8387131841395328,28.3,84.4
Lamjung,2015,1436.45,4.20290037575183,0,12.566666666666668,18.19666666666667,7.286666666666666,10.910000000000002,61.06666666666666,7.21,77.73333333333333,2.203333333333333,332.68,5.47,57.04333333333333,72.54,1330.35,3.704534982954719,28.3,84.4
Lamjung,2016,1426.21,4.154801774222684,0,14.49,20.766666666666666,9.183333333333332,11.576666666666666,46.69,6.266666666666667,77.64666666666666,2.44,212.06,5.760000000000001,50.61333333333334,9.23,1436.45,4.20290037575183,28.3,84.4
Lamjung,2017,1310.74,3.6124242821747825,0,12.796666666666667,18.71666666666667,7.489999999999999,11.229999999999999,56.86000000000001,7.083333333333333,77.61666666666666,2.203333333333333,405.99,7.006666666666667,50.36333333333334,9.96,1426.21,4.154801774222684,28.3,84.4
Lamjung,2018,33.01,-2.3892384260123207,1,13.016666666666666,18.81,7.886666666666666,10.923333333333332,57.56333333333333,7.166666666666667,77.64666666666666,2.28,14.21,6.816666666666666,46.623333333333335,0.53,1310.74,3.6124242821747825,28.3,84.4
Lamjung,2019,41.85,-2.347715805160987,1,12.729999999999999,18.94333333333333,7.03,11.906666666666666,55.79666666666666,6.736666666666667,77.67,2.28,10.290000000000001,4.6433333333333335,57.70666666666667,4.25,33.01,-2.3892384260123207,28.3,84.4
Mahottari,1982,691.32,-0.43611190838551855,0,27.900000000000002,35.61666666666667,20.733333333333334,14.876666666666665,33.449999999999996,7.863333333333333,97.82,2.8833333333333333,141.86,16.983333333333334,44.99,75.05,1026.9099999999999,1.0293158350363152,26.7,85.8
Mahottari,1983,510.03,-1.227754673679313,1,28.47666666666667,36.35666666666666,21.0,15.353333333333333,23.8,6.136666666666667,97.78000000000002,3.393333333333333,41.19,16.976666666666667,30.496666666666666,4.76,691.32,-0.43611190838551855,26.7,85.8
Mahottari,1984,967.8299999999999,0.7713299859902712,0,29.71666666666667,38.02333333333333,22.096666666666664,15.93,23.073333333333334,6.406666666666666,97.58666666666666,3.3833333333333333,55.44,16.72,31.95,40.52,510.03,-1.227754673679313,26.7,85.8
Mahottari,1985,1036.51,1.0712363521460317,0,30.036666666666665,38.32333333333333,22.183333333333334,16.136666666666667,20.526666666666667,5.8999999999999995,97.54,3.3266666666666667,34.82,17.03,33.03333333333333,15.27,967.8299999999999,0.7713299859902712,26.7,85.8
Mahottari,1986,802.09,0.04758972497315302,0,28.5,36.50333333333333,20.91,15.593333333333334,25.843333333333334,6.503333333333333,97.73,3.133333333333333,79.05,16.62333333333333,50.43,21.82,1036.51,1.0712363521460317,26.7,85.8
Mahottari,1987,1091.12,1.309702960412864,0,28.903333333333332,36.86,21.3,15.563333333333333,23.48,5.87,97.85666666666667,3.0400000000000005,55.0,17.983333333333334,36.45666666666667,33.58,802.09,0.04758972497315302,26.7,85.8
Mahottari,1988,889.92,0.43111878932173203,0,28.669999999999998,36.77,21.233333333333334,15.536666666666667,29.80666666666667,7.656666666666666,97.67999999999999,2.98,130.8,17.463333333333335,41.56666666666667,9.120000000000001,1091.12,1.309702960412864,26.7,85.8
Mahottari,1989,595.0699999999999,-0.8564087596157451,1,29.006666666666664,37.46,21.22,16.236666666666665,21.246666666666666,5.623333333333334,97.62666666666667,3.72,62.849999999999994,16.923333333333336,36.303333333333335,52.08,889.92,0.43111878932173203,26.7,85.8
Mahottari,1990,890.97,0.4357038458806075,0,28.963333333333335,36.53666666666667,21.733333333333334,14.799999999999999,25.05666666666667,6.723333333333334,97.73666666666668,3.0033333333333334,29.73,17.97,30.959999999999997,30.779999999999998,595.0699999999999,-0.8564087596157451,26.7,85.8
Mahottari,1991,573.1,-0.9523456097095429,1,30.25,38.54,22.473333333333333,16.066666666666666,18.603333333333335,5.3,97.74666666666667,3.16,21.97,18.569999999999997,31.05333333333333,7.04,890.97,0.4357038458806075,26.7,85.8
Mahottari,1992,501.94,-1.2630814427853132,1,29.633333333333336,38.123333333333335,21.81,16.313333333333333,19.826666666666668,5.3999999999999995,97.72000000000001,3.9766666666666666,42.9,17.209999999999997,32.693333333333335,21.119999999999997,573.1,-0.9523456097095429,26.7,85.8
Mahottari,1993,596.79,-0.8488980003002542,1,28.166666666666668,36.07333333333333,20.886666666666667,15.19,27.566666666666666,6.94,97.84333333333332,3.283333333333333,97.89,17.98,29.8,13.83,501.94,-1.2630814427853132,26.7,85.8
Mahottari,1994,550.15,-1.052561845924958,1,29.763333333333335,37.96666666666667,22.073333333333334,15.89,20.623333333333335,5.816666666666666,97.75333333333333,3.19,39.06,17.89,32.306666666666665,26.1,596.79,-0.8488980003002542,26.7,85.8
Mahottari,1995,754.25,-0.16131418529026548,0,30.090000000000003,38.483333333333334,22.33666666666667,16.146666666666665,18.423333333333332,5.2299999999999995,97.74000000000001,3.57,13.0,17.49,28.173333333333332,22.61,550.15,-1.052561845924958,26.7,85.8
Mahottari,1996,718.28,-0.31838512283573295,0,30.16,38.48666666666667,22.366666666666664,16.116666666666664,21.096666666666668,5.82,97.62666666666667,3.3333333333333335,24.67,17.146666666666665,40.623333333333335,68.74,754.25,-0.16131418529026548,26.7,85.8
Mahottari,1997,720.62,-0.3081669967902395,0,28.62,36.553333333333335,21.18,15.373333333333333,22.296666666666667,5.72,97.87333333333333,3.23,56.84,16.80333333333333,27.063333333333333,8.89,718.28,-0.31838512283573295,26.7,85.8
Mahottari,1998,683.42,-0.47060900059038946,0,28.576666666666664,36.31,21.506666666666664,14.799999999999999,29.36,7.669999999999999,97.88666666666666,3.31,52.81,16.69,39.38666666666666,37.120000000000005,720.62,-0.3081669967902395,26.7,85.8
Mahottari,1999,500.08000000000004,-1.2712035429753206,1,29.873333333333335,38.343333333333334,22.093333333333334,16.246666666666666,20.656666666666666,5.926666666666667,97.50666666666666,3.223333333333333,58.82,18.51,32.53333333333333,3.19,683.42,-0.47060900059038946,26.7,85.8
Mahottari,2000,804.95,0.060078545695422654,0,29.02,36.72666666666667,21.726666666666663,15.0,26.02333333333333,7.256666666666667,97.63333333333333,3.046666666666667,88.39999999999999,17.593333333333334,29.349999999999998,3.46,500.08000000000004,-1.2712035429753206,26.7,85.8
Mahottari,2001,718.86,-0.31585242492702076,0,29.409999999999997,37.11333333333334,22.453333333333333,14.660000000000002,24.786666666666665,7.046666666666667,97.72666666666667,3.176666666666667,72.94,17.206666666666667,29.853333333333335,2.8699999999999997,804.95,0.060078545695422654,26.7,85.8
Mahottari,2002,490.20000000000005,-1.31434674183407,1,28.703333333333333,36.160000000000004,21.956666666666667,14.203333333333333,33.68333333333333,8.753333333333334,97.75666666666666,3.1933333333333334,143.77,17.246666666666666,41.800000000000004,22.759999999999998,718.86,-0.31585242492702076,26.7,85.8
Mahottari,2003,618.26,-0.755144510472587,0,29.026666666666667,36.64,21.72,14.92,26.66,6.896666666666666,97.81666666666666,2.953333333333333,29.65,16.816666666666666,40.406666666666666,60.14999999999999,490.20000000000005,-1.31434674183407,26.7,85.8
Mahottari,2004,917.04,0.5495442501566798,0,29.060000000000002,36.52333333333333,22.13,14.39,33.01333333333333,8.643333333333333,97.69,2.766666666666667,199.63,17.05333333333333,44.89000000000001,38.12,618.26,-0.755144510472587,26.7,85.8
Mahottari,2005,868.8100000000001,0.33893731888567974,0,29.073333333333334,36.62,21.986666666666665,14.626666666666667,29.49,7.536666666666666,97.86666666666667,2.8466666666666662,74.0,17.586666666666666,49.28,52.7,917.04,0.5495442501566798,26.7,85.8
Mahottari,2006,1040.06,1.086738210035562,0,28.653333333333332,35.82666666666667,22.060000000000002,13.766666666666666,33.086666666666666,8.593333333333334,97.81333333333333,2.9,134.88,17.976666666666667,41.07333333333333,0.02,868.8100000000001,0.33893731888567974,26.7,85.8
Mahottari,2007,1175.69,1.6789965158262696,0,28.096666666666664,35.20333333333333,21.463333333333335,13.743333333333334,38.77333333333333,9.573333333333332,97.85000000000001,2.6666666666666665,153.94,16.463333333333335,49.29333333333333,75.62,1040.06,1.086738210035562,26.7,85.8
Mahottari,2008,1416.88,2.732205841002563,0,28.540000000000003,35.74,21.623333333333335,14.12,33.693333333333335,8.553333333333333,97.73,2.5500000000000003,163.94,15.763333333333334,49.35666666666666,33.78,1175.69,1.6789965158262696,26.7,85.8
Mahottari,2009,793.4100000000001,0.009686590753118304,0,29.05,36.60333333333333,22.13,14.473333333333334,28.05,7.483333333333333,97.75666666666666,3.0233333333333334,95.36,18.043333333333333,50.6,1.16,1416.88,2.732205841002563,26.7,85.8
Mahottari,2010,860.4499999999999,0.3024315352359681,0,30.30666666666667,38.06333333333333,23.349999999999998,14.713333333333333,26.91333333333333,7.603333333333334,97.70666666666666,3.216666666666667,91.24000000000001,17.07,41.65,15.23,793.4100000000001,0.009686590753118304,26.7,85.8
Mahottari,2011,1054.5,1.149793654521427,0,28.22666666666667,35.49666666666667,21.593333333333334,13.903333333333334,34.300000000000004,8.756666666666668,97.83,2.9433333333333334,177.13,16.42,46.51,13.2,860.4499999999999,0.3024315352359681,26.7,85.8
Mahottari,2012,963.84,0.753906771066546,0,29.473333333333333,37.18,22.19666666666667,14.979999999999999,24.97666666666667,6.699999999999999,97.7,3.24,46.510000000000005,16.733333333333334,47.81,18.32,1054.5,1.149793654521427,26.7,85.8
Mahottari,2013,923.3199999999999,0.5769672550992857,0,28.106666666666666,35.82,21.143333333333334,14.676666666666668,32.62,7.836666666666666,97.75333333333333,3.0833333333333335,149.86,15.096666666666666,48.449999999999996,42.89,963.84,0.753906771066546,26.7,85.8
Mahottari,2014,1017.35,0.9875699867478903,0,28.846666666666664,36.49666666666667,21.826666666666664,14.673333333333332,30.27,7.496666666666666,97.87666666666667,3.2433333333333336,136.43,16.33666666666667,56.339999999999996,31.650000000000002,923.3199999999999,0.5769672550992857,26.7,85.8
Mahottari,2015,1008.49,0.9488808428320482,0,28.27,35.39666666666667,21.80333333333333,13.593333333333334,39.056666666666665,9.636666666666667,97.93333333333334,2.936666666666667,177.57999999999998,17.133333333333333,49.973333333333336,17.63,1017.35,0.9875699867478903,26.7,85.8
Mahottari,2016,926.3299999999999,0.5901110839013946,0,30.53,38.14333333333334,23.66333333333333,14.479999999999999,27.706666666666667,7.746666666666666,97.73333333333333,3.5,143.59,18.113333333333333,39.27,12.649999999999999,1008.49,0.9488808428320482,26.7,85.8
Mahottari,2017,837.18,0.20081794845022938,0,28.80666666666667,36.0,22.206666666666667,13.796666666666667,35.86,9.4,97.77,2.85,206.51999999999998,18.30666666666667,45.23333333333333,5.34,926.3299999999999,0.5901110839013946,26.7,85.8
Mahottari,2018,21.89,-3.359325634297729,1,28.52,35.63666666666666,22.02,13.616666666666667,36.529999999999994,9.383333333333333,97.83999999999999,3.0366666666666666,5.18,17.80666666666667,39.37,0.03,837.18,0.20081794845022938,26.7,85.8
Mahottari,2019,30.21,-3.3229945194693085,1,28.95,36.60666666666666,22.026666666666667,14.583333333333334,32.31666666666667,8.366666666666667,97.83999999999999,3.1166666666666667,3.48,18.046666666666667,41.336666666666666,1.55,21.89,-3.359325634297729,26.7,85.8
Makwanpur,1982,695.05,-0.136946972234697,0,25.606666666666666,32.92666666666667,19.026666666666667,13.896666666666667,33.800000000000004,7.23,93.93666666666667,2.69,110.92,15.17,44.29666666666666,84.87,980.5699999999999,1.0710985035667935,27.4,85.0
Makwanpur,1983,458.45,-1.138010153709314,1,25.86,33.4,19.06,14.343333333333334,25.49,5.836666666666666,93.89333333333333,2.986666666666667,57.03,15.030000000000001,31.209999999999997,5.98,695.05,-0.136946972234697,27.4,85.0
Makwanpur,1984,890.0,0.6878935485957199,0,27.44666666666667,35.38333333333333,20.326666666666668,15.053333333333333,23.076666666666664,5.823333333333333,93.72333333333334,3.0233333333333334,55.42,15.043333333333331,31.396666666666665,32.43,458.45,-1.138010153709314,27.4,85.0
Makwanpur,1985,913.41,0.7869421076756893,0,27.633333333333336,35.59666666666667,20.253333333333334,15.343333333333334,20.603333333333335,5.286666666666666,93.68,3.016666666666667,33.44,15.406666666666666,32.74,19.24,890.0,0.6878935485957199,27.4,85.0
Makwanpur,1986,683.17,-0.1872116831219263,0,26.09,33.763333333333335,18.983333333333334,14.780000000000001,25.956666666666667,5.886666666666667,93.85000000000001,2.8699999999999997,66.50999999999999,15.136666666666668,48.10999999999999,20.36,913.41,0.7869421076756893,27.4,85.0
Makwanpur,1987,873.86,0.6196046231984237,0,26.46666666666667,34.13,19.473333333333333,14.660000000000002,23.636666666666667,5.31,93.96999999999998,2.8333333333333335,44.83,16.279999999999998,34.23666666666667,39.89,683.17,-0.1872116831219263,27.4,85.0
Makwanpur,1988,796.6000000000001,0.292714760980635,0,26.423333333333336,34.050000000000004,19.506666666666668,14.54,30.040000000000003,6.996666666666667,93.80666666666667,2.703333333333333,153.07999999999998,16.066666666666666,38.72,6.82,873.86,0.6196046231984237,27.4,85.0
Makwanpur,1989,535.69,-0.8112049122169239,1,26.599999999999998,34.65,19.503333333333334,15.15,22.146666666666665,5.266666666666667,93.75666666666666,3.1766666666666663,69.79,15.236666666666666,36.03,56.48,796.6000000000001,0.292714760980635,27.4,85.0
Makwanpur,1990,871.25,0.608561618533805,0,26.473333333333333,33.803333333333335,19.69,14.116666666666667,25.76666666666667,6.153333333333333,93.85333333333334,2.7733333333333334,29.689999999999998,16.263333333333332,30.810000000000002,27.459999999999997,535.69,-0.8112049122169239,27.4,85.0
Makwanpur,1991,486.73,-1.0183564479945963,1,27.63,35.653333333333336,20.316666666666666,15.336666666666666,19.326666666666668,4.846666666666667,93.88,2.9033333333333338,30.21,16.716666666666665,31.430000000000003,5.59,871.25,0.608561618533805,27.4,85.0
Makwanpur,1992,462.07,-1.122693802412027,1,27.166666666666668,35.31666666666666,19.96,15.356666666666667,20.056666666666665,4.886666666666667,93.85000000000001,3.473333333333333,31.25,15.339999999999998,32.81333333333333,24.81,486.73,-1.0183564479945963,27.4,85.0
Makwanpur,1993,510.57,-0.9174885433185404,1,25.636666666666667,33.26333333333333,18.796666666666667,14.469999999999999,28.09,6.303333333333334,93.96,2.9066666666666667,111.17,16.05666666666667,31.28333333333333,12.25,462.07,-1.122693802412027,27.4,85.0
Makwanpur,1994,494.48,-0.9855659169023382,1,27.346666666666668,35.27333333333333,20.156666666666666,15.116666666666667,20.709999999999997,5.276666666666666,93.88,2.953333333333333,31.42,16.346666666666668,30.06,22.450000000000003,510.57,-0.9174885433185404,27.4,85.0
Makwanpur,1995,668.24,-0.2503810546325602,0,27.596666666666664,35.61,20.453333333333333,15.160000000000002,19.116666666666667,4.89,93.87333333333333,3.22,13.780000000000001,15.733333333333334,28.21666666666667,18.61,494.48,-0.9855659169023382,27.4,85.0
Makwanpur,1996,638.54,-0.37604283185063364,0,27.546666666666667,35.51,20.316666666666666,15.19,22.366666666666664,5.503333333333333,93.77,3.0533333333333332,39.05,15.550000000000002,38.416666666666664,65.15,668.24,-0.2503810546325602,27.4,85.0
Makwanpur,1997,556.77,-0.722014667645982,0,26.01,33.669999999999995,19.073333333333334,14.596666666666666,23.39,5.316666666666666,93.98,2.9233333333333333,55.18,15.163333333333334,26.666666666666668,7.2,638.54,-0.37604283185063364,27.4,85.0
Makwanpur,1998,639.98,-0.36995013962187834,0,26.19666666666667,33.70666666666667,19.503333333333334,14.206666666666665,29.24,6.886666666666667,93.99666666666667,2.9133333333333336,59.75,15.089999999999998,37.196666666666665,30.330000000000002,556.77,-0.722014667645982,27.4,85.0
Makwanpur,1999,442.49,-1.2055374925780158,1,27.596666666666664,35.733333333333334,20.446666666666665,15.286666666666667,20.176666666666666,5.233333333333333,93.65333333333335,2.973333333333333,49.28,17.05,30.136666666666667,3.1399999999999997,639.98,-0.36995013962187834,27.4,85.0
Makwanpur,2000,751.76,0.10299509463523356,0,26.73,34.163333333333334,19.97,14.193333333333333,25.49,6.44,93.75666666666666,2.776666666666667,78.08,15.89,28.21666666666667,2.67,442.49,-1.2055374925780158,27.4,85.0
Makwanpur,2001,646.09,-0.34409850801236896,0,26.923333333333332,34.36333333333334,20.349999999999998,14.023333333333333,25.916666666666668,6.586666666666666,93.85333333333334,2.8866666666666667,68.38,15.839999999999998,28.53,1.28,751.76,0.10299509463523356,27.4,85.0
Makwanpur,2002,414.51,-1.3239218874117429,1,26.5,33.75,20.083333333333332,13.663333333333334,32.77,7.756666666666667,93.87,2.83,117.91999999999999,15.799999999999999,38.63333333333333,25.060000000000002,646.09,-0.34409850801236896,27.4,85.0
Makwanpur,2003,498.32,-0.9693187376256581,1,26.570000000000004,33.97666666666667,19.656666666666666,14.32,26.37,6.083333333333333,93.93333333333334,2.6999999999999997,21.62,15.363333333333335,38.11333333333334,63.489999999999995,414.51,-1.3239218874117429,27.4,85.0
Makwanpur,2004,949.3299999999999,0.9389209304929683,0,26.593333333333334,33.64333333333334,20.226666666666667,13.416666666666666,34.276666666666664,8.049999999999999,93.82333333333334,2.533333333333333,256.87,15.56,41.800000000000004,38.47,498.32,-0.9693187376256581,27.4,85.0
Makwanpur,2005,890.49,0.6899667563680046,0,26.39,33.593333333333334,19.73,13.866666666666667,30.64,6.91,93.99000000000001,2.5866666666666664,73.69,15.673333333333332,49.59,62.83,949.3299999999999,0.9389209304929683,27.4,85.0
Makwanpur,2006,1023.24,1.2516368212063624,0,25.913333333333338,32.79666666666667,19.796666666666667,13.0,35.733333333333334,8.21,93.93666666666667,2.5533333333333332,173.95999999999998,16.516666666666666,40.22333333333333,0.02,890.49,0.6899667563680046,27.4,85.0
Makwanpur,2007,1124.95,1.6819755202248887,0,25.72,32.41,19.64,12.770000000000001,40.53333333333334,9.033333333333333,93.96333333333332,2.4133333333333336,156.82,14.88,48.326666666666675,97.78,1023.24,1.2516368212063624,27.4,85.0
Makwanpur,2008,1386.9,2.790295471143215,0,26.099999999999998,33.11,19.543333333333333,13.57,33.85333333333333,7.733333333333333,93.85333333333334,2.4966666666666666,177.4,14.44,46.32333333333333,23.71,1124.95,1.6819755202248887,27.4,85.0
Makwanpur,2009,811.59,0.35613799466746676,0,26.486666666666668,33.703333333333326,20.113333333333333,13.593333333333334,29.939999999999998,7.11,93.88333333333333,2.6566666666666667,124.78,16.496666666666666,49.57666666666666,1.51,1386.9,2.790295471143215,27.4,85.0
Makwanpur,2010,947.3,0.9303319268649317,0,27.953333333333333,35.333333333333336,21.46666666666667,13.866666666666667,27.516666666666666,7.02,93.85000000000001,2.8800000000000003,77.44999999999999,15.623333333333333,40.50333333333333,17.29,811.59,0.35613799466746676,27.4,85.0
Makwanpur,2011,1041.93,1.3307148890920795,0,25.676666666666666,32.623333333333335,19.47,13.15,36.096666666666664,8.23,93.95,2.67,189.63,14.806666666666667,46.379999999999995,16.09,947.3,0.9303319268649317,27.4,85.0
Makwanpur,2012,1002.19,1.1625735077235193,0,26.849999999999998,34.24,20.163333333333334,14.073333333333332,26.113333333333333,6.213333333333334,93.83666666666666,2.91,41.75,15.036666666666667,47.20333333333334,21.66,1041.93,1.3307148890920795,27.4,85.0
Makwanpur,2013,1087.2,1.5222539010335667,0,25.74333333333333,33.02333333333333,19.41,13.613333333333335,34.75333333333333,7.583333333333333,93.87,2.74,162.57999999999998,13.65,48.723333333333336,50.209999999999994,1002.19,1.1625735077235193,27.4,85.0
Makwanpur,2014,1096.1000000000001,1.5599101238362894,0,26.256666666666664,33.449999999999996,19.900000000000002,13.549999999999999,33.04333333333334,7.396666666666666,94.0,2.81,165.11,14.75,57.05666666666667,30.74,1087.2,1.5222539010335667,27.4,85.0
Makwanpur,2015,1055.21,1.3869030507572648,0,25.706666666666667,32.343333333333334,19.816666666666666,12.526666666666666,41.29333333333333,9.03,94.05333333333334,2.5866666666666664,192.11,15.586666666666666,50.580000000000005,29.64,1096.1000000000001,1.5599101238362894,27.4,85.0
Makwanpur,2016,976.25,1.0528204268805286,0,27.78333333333333,35.080000000000005,21.53333333333333,13.543333333333331,29.72666666666667,7.38,93.87666666666667,3.073333333333333,136.87,16.323333333333334,39.74,12.02,1055.21,1.3869030507572648,27.4,85.0
Makwanpur,2017,927.1199999999999,0.8449496149369612,0,26.183333333333334,33.04,20.096666666666668,12.943333333333333,37.43,8.756666666666666,93.89999999999999,2.5766666666666667,224.92,16.916666666666668,43.839999999999996,8.87,976.25,1.0528204268805286,27.4,85.0
Makwanpur,2018,25.119999999999997,-2.971445100574892,1,25.893333333333334,32.67666666666667,19.823333333333334,12.853333333333333,38.82666666666667,8.856666666666667,93.95666666666666,2.686666666666667,6.71,16.243333333333336,39.77666666666667,0.11,927.1199999999999,0.8449496149369612,27.4,85.0
Makwanpur,2019,33.97,-2.9340004295856685,1,26.173333333333332,33.32666666666667,19.926666666666666,13.4,35.623333333333335,8.11,93.96999999999998,2.6799999999999997,4.84,15.996666666666668,43.76,2.38,25.119999999999997,-2.971445100574892,27.4,85.0
Manang,1982,397.46,-0.007851424724453302,0,-0.7366666666666667,5.723333333333334,-6.293333333333333,12.013333333333334,64.18333333333334,3.8666666666666667,61.449999999999996,2.9899999999999998,37.05,-8.896666666666667,59.9,70.33,566.68,1.0750582060874279,28.6,84.2
Manang,1983,250.47000000000003,-0.9485019780458006,1,-0.5466666666666665,6.223333333333334,-6.183333333333334,12.406666666666666,56.376666666666665,3.5566666666666666,61.406666666666666,3.2466666666666666,60.8,-8.063333333333333,47.32333333333333,5.9799999999999995,397.46,-0.007851424724453302,28.6,84.2
Manang,1984,527.53,0.8245209643530872,0,1.6733333333333336,9.206666666666667,-4.66,13.873333333333333,45.00333333333333,3.31,61.48666666666667,2.893333333333333,24.54,-8.17,42.18666666666667,19.31,250.47000000000003,-0.9485019780458006,28.6,84.2
Manang,1985,385.99,-0.08125275710485898,0,1.4833333333333334,8.753333333333332,-4.373333333333333,13.123333333333335,46.42333333333334,3.293333333333333,61.45666666666667,3.0933333333333333,24.400000000000002,-8.219999999999999,53.550000000000004,37.46,527.53,0.8245209643530872,28.6,84.2
Manang,1986,312.78,-0.5497541994387313,0,-0.47666666666666674,6.416666666666667,-6.256666666666667,12.68,51.63999999999999,3.1666666666666665,61.406666666666666,3.1166666666666667,28.51,-6.7,48.35666666666666,15.59,385.99,-0.08125275710485898,28.6,84.2
Manang,1987,374.37,-0.15561400228884473,0,0.18666666666666668,7.346666666666667,-5.733333333333333,13.08,49.1,3.1366666666666667,61.51,2.9466666666666668,24.53,-7.953333333333333,48.53333333333333,34.16,312.78,-0.5497541994387313,28.6,84.2
Manang,1988,481.01,0.5268200068695232,0,0.9499999999999998,8.28,-5.166666666666667,13.446666666666667,50.199999999999996,3.4,61.49,3.1166666666666667,78.95,-5.243333333333333,44.30666666666667,14.7,374.37,-0.15561400228884473,28.6,84.2
Manang,1989,307.15000000000003,-0.585782926666428,0,0.5933333333333333,7.853333333333333,-5.536666666666666,13.39,45.31666666666666,3.0933333333333337,61.43,3.24,51.84,-7.526666666666666,50.32666666666666,44.18,481.01,0.5268200068695232,28.6,84.2
Manang,1990,461.32,0.40081545285294157,0,0.21666666666666679,7.133333333333333,-5.703333333333333,12.839999999999998,53.75333333333333,3.5866666666666664,61.4,3.0833333333333335,26.5,-6.073333333333333,45.01333333333334,21.06,307.15000000000003,-0.585782926666428,28.6,84.2
Manang,1991,266.5,-0.8459192964365675,1,0.7333333333333335,8.233333333333333,-5.553333333333334,13.783333333333333,45.27666666666667,3.0,61.550000000000004,3.1666666666666665,30.939999999999998,-6.973333333333334,49.120000000000005,5.75,461.32,0.40081545285294157,28.6,84.2
Manang,1992,302.82,-0.6134924095964333,0,0.9666666666666667,8.366666666666667,-4.916666666666667,13.280000000000001,42.876666666666665,2.9433333333333334,61.51,3.3033333333333332,15.51,-7.736666666666667,47.99666666666667,24.89,266.5,-0.8459192964365675,28.6,84.2
Manang,1993,281.54,-0.749672039330961,0,-0.28666666666666646,7.0566666666666675,-6.376666666666666,13.433333333333332,51.17666666666667,3.2900000000000005,61.473333333333336,3.106666666666667,64.79,-6.46,45.18,7.5600000000000005,302.82,-0.6134924095964333,28.6,84.2
Manang,1994,266.77,-0.8441914533901239,1,0.8333333333333334,8.443333333333333,-5.403333333333333,13.846666666666666,44.99666666666667,3.1166666666666667,61.526666666666664,3.0866666666666664,15.29,-6.62,41.330000000000005,14.07,281.54,-0.749672039330961,28.6,84.2
Manang,1995,320.95,-0.49747094873708203,0,0.6966666666666668,8.116666666666667,-5.516666666666667,13.633333333333333,45.95666666666667,3.1966666666666668,61.52333333333333,3.203333333333333,25.73,-8.156666666666666,44.72,12.3,266.77,-0.8441914533901239,28.6,84.2
Manang,1996,309.40999999999997,-0.5713202404258253,0,0.9166666666666666,8.200000000000001,-5.316666666666666,13.516666666666666,49.276666666666664,3.3633333333333333,61.48,3.046666666666667,55.64,-7.543333333333334,49.906666666666666,39.730000000000004,320.95,-0.49747094873708203,28.6,84.2
Manang,1997,208.86,-1.214781789758851,1,-0.2833333333333334,6.626666666666666,-5.933333333333334,12.56,50.056666666666665,3.1033333333333335,61.46,3.013333333333333,29.39,-7.383333333333333,36.61,3.36,309.40999999999997,-0.5713202404258253,28.6,84.2
Manang,1998,353.88,-0.28673809125785227,0,1.1133333333333335,8.686666666666666,-5.24,13.926666666666668,48.68,3.44,61.54666666666666,3.033333333333333,39.2,-7.21,43.35999999999999,16.509999999999998,208.86,-1.214781789758851,28.6,84.2
Manang,1999,210.53,-1.2040947605456622,1,2.11,9.93,-4.236666666666667,14.163333333333334,36.99666666666666,2.89,61.47,3.0766666666666667,44.64,-5.813333333333333,38.36333333333334,5.590000000000001,353.88,-0.28673809125785227,28.6,84.2
Manang,2000,395.16999999999996,-0.022506093525772475,0,0.9466666666666669,8.16,-4.96,13.12,45.92333333333334,3.433333333333333,61.419999999999995,2.99,44.38,-7.583333333333333,41.343333333333334,3.9299999999999997,210.53,-1.2040947605456622,28.6,84.2
Manang,2001,343.40999999999997,-0.353740004947726,0,0.5866666666666664,7.4433333333333325,-5.2,12.64,53.25666666666667,3.73,61.47666666666667,2.896666666666667,52.03,-5.766666666666667,35.79333333333333,0.26,395.16999999999996,-0.022506093525772475,28.6,84.2
Manang,2002,214.96,-1.175745335746604,1,1.2533333333333332,8.416666666666666,-4.536666666666667,12.956666666666669,51.303333333333335,3.6199999999999997,61.51,2.8966666666666665,40.13,-6.753333333333333,43.699999999999996,18.990000000000002,343.40999999999997,-0.353740004947726,28.6,84.2
Manang,2003,257.32,-0.9046659600156544,1,0.37666666666666676,7.656666666666666,-5.583333333333333,13.24,49.75666666666666,3.2433333333333336,61.49666666666667,3.073333333333333,12.89,-7.1866666666666665,42.04666666666667,43.67,214.96,-1.175745335746604,28.6,84.2
Manang,2004,640.78,1.549255131055874,0,2.013333333333333,9.13,-3.796666666666667,12.926666666666668,50.75,3.823333333333333,61.54333333333333,2.9233333333333333,144.03,-7.090000000000001,44.1,25.080000000000002,257.32,-0.9046659600156544,28.6,84.2
Manang,2005,549.6,0.9657561348531362,0,-0.06000000000000005,6.523333333333333,-5.713333333333334,12.236666666666666,58.43,3.6633333333333336,61.54666666666666,2.9933333333333336,49.34,-7.673333333333333,62.48666666666666,45.07,640.78,1.549255131055874,28.6,84.2
Manang,2006,585.03,1.1924875390586964,0,0.4200000000000002,6.986666666666667,-5.319999999999999,12.31,61.53333333333333,4.26,61.5,2.77,138.89,-5.286666666666666,46.07666666666666,0.54,549.6,0.9657561348531362,28.6,84.2
Manang,2007,671.0799999999999,1.7431575173790033,0,-0.11666666666666654,6.6499999999999995,-6.4366666666666665,13.086666666666666,66.40333333333334,4.286666666666666,61.57333333333333,2.6366666666666667,97.47,-7.463333333333334,56.44666666666666,98.61,585.03,1.1924875390586964,28.6,84.2
Manang,2008,834.69,2.790166409336999,0,0.3133333333333332,7.006666666666667,-5.510000000000001,12.513333333333334,58.806666666666665,3.8966666666666665,61.46666666666667,2.783333333333333,95.62,-7.436666666666667,50.49666666666667,5.280000000000001,671.0799999999999,1.7431575173790033,28.6,84.2
Manang,2009,483.85999999999996,0.5450583501375401,0,0.79,7.7,-4.976666666666667,12.676666666666668,54.916666666666664,3.76,61.52333333333333,2.9466666666666668,102.44,-4.91,47.62,3.5,834.69,2.790166409336999,28.6,84.2
Manang,2010,646.28,1.584451933853802,0,2.1366666666666667,9.43,-3.873333333333333,13.303333333333333,50.81666666666666,3.796666666666667,61.620000000000005,2.91,30.220000000000002,-6.453333333333333,47.673333333333325,10.71,483.85999999999996,0.5450583501375401,28.6,84.2
Manang,2011,654.79,1.6389109869102318,0,0.3466666666666667,6.726666666666667,-5.206666666666666,11.93,61.4,4.156666666666667,61.51,2.8366666666666664,121.61,-7.633333333333333,51.26,14.51,646.28,1.584451933853802,28.6,84.2
Manang,2012,767.8199999999999,2.3622372815011015,0,0.15666666666666673,7.056666666666666,-5.863333333333333,12.92,55.24,3.5766666666666667,61.45666666666667,3.1233333333333335,35.11,-7.93,55.406666666666666,20.13,654.79,1.6389109869102318,28.6,84.2
Manang,2013,887.3,3.1268398266459045,0,0.1299999999999999,6.95,-6.1066666666666665,13.056666666666667,64.61333333333333,4.166666666666667,61.51,2.7900000000000005,139.25,-8.243333333333332,56.026666666666664,64.75999999999999,767.8199999999999,2.3622372815011015,28.6,84.2
Manang,2014,1096.63,4.466430141135039,0,-0.21666666666666679,5.8933333333333335,-5.53,11.423333333333334,67.50666666666666,4.2299999999999995,61.56333333333333,2.793333333333333,131.55,-7.303333333333334,60.916666666666664,27.49,887.3,3.1268398266459045,28.6,84.2
Manang,2015,1152.1,4.821405895898866,0,-1.2666666666666664,4.493333333333333,-6.993333333333333,11.486666666666666,78.48333333333333,4.556666666666667,61.6,2.3233333333333333,313.98,-8.603333333333333,66.73333333333333,73.66,1096.63,4.466430141135039,28.6,84.2
Manang,2016,1135.58,4.715687499131271,0,0.9266666666666667,7.073333333333333,-4.319999999999999,11.39,65.0,4.426666666666667,61.593333333333334,2.6533333333333333,189.98,-6.696666666666666,56.94,10.54,1152.1,4.821405895898866,28.6,84.2
Manang,2017,1024.79,4.006695902407195,0,-1.0233333333333334,5.073333333333333,-6.876666666666666,11.943333333333333,74.81333333333333,4.583333333333333,61.51666666666667,2.6666666666666665,393.84,-5.456666666666667,54.64666666666667,9.18,1135.58,4.715687499131271,28.6,84.2
Manang,2018,26.29,-2.383123660089339,1,-0.0733333333333334,5.966666666666668,-5.62,11.586666666666666,70.66333333333333,4.510000000000001,61.53666666666667,2.4633333333333334,13.18,-5.316666666666666,51.39666666666667,0.9,1024.79,4.006695902407195,28.6,84.2
Manang,2019,33.07,-2.33973560136753,1,-1.5166666666666668,4.933333333333334,-7.96,12.896666666666667,74.82333333333334,4.296666666666667,61.56,2.49,9.82,-8.826666666666666,67.89333333333333,4.07,26.29,-2.383123660089339,28.6,84.2
Morang,1982,824.46,0.3702009333959581,0,24.72666666666667,31.533333333333335,18.406666666666666,13.13,40.833333333333336,8.486666666666666,93.85666666666667,2.61,211.99,15.530000000000001,45.916666666666664,72.26,1099.05,1.8087800710805708,26.5,87.3
Morang,1983,789.19,0.18542113010328073,0,24.956666666666667,32.166666666666664,18.430000000000003,13.74,31.709999999999997,6.916666666666667,93.81666666666668,3.013333333333333,138.14,15.063333333333333,33.23,1.5499999999999998,824.46,0.3702009333959581,26.5,87.3
Morang,1984,890.06,0.7138798417032908,0,26.206666666666667,33.56,19.59,13.969999999999999,31.35666666666667,7.34,93.67333333333333,2.9633333333333334,147.09,14.64,36.54,43.52,789.19,0.18542113010328073,26.5,87.3
Morang,1985,906.41,0.7995376183926949,0,26.593333333333334,33.99,19.69,14.299999999999999,28.706666666666667,6.95,93.62666666666667,2.9266666666666663,95.05,15.36,35.29333333333333,9.04,890.06,0.7138798417032908,26.5,87.3
Morang,1986,803.53,0.2605485012180236,0,25.55,32.88333333333333,18.773333333333333,14.113333333333335,30.399999999999995,6.756666666666667,93.77666666666666,2.936666666666666,110.53,15.51,47.65,24.8,906.41,0.7995376183926949,26.5,87.3
Morang,1987,1052.89,1.5669474734057773,0,25.5,32.74333333333333,18.80333333333333,13.94,30.833333333333332,6.676666666666667,93.90666666666668,2.69,121.2,16.273333333333333,39.61333333333334,27.0,803.53,0.2605485012180236,26.5,87.3
Morang,1988,832.91,0.41447054887152124,0,25.723333333333333,33.03,19.073333333333334,13.953333333333333,34.98333333333333,7.946666666666666,93.75333333333333,2.7533333333333334,129.45999999999998,16.459999999999997,40.97,14.07,1052.89,1.5669474734057773,26.5,87.3
Morang,1989,801.09,0.24776532231147064,0,25.866666666666664,33.51333333333333,18.926666666666666,14.586666666666668,26.923333333333332,6.1000000000000005,93.68,3.1166666666666667,121.87,15.636666666666665,35.666666666666664,53.44,832.91,0.41447054887152124,26.5,87.3
Morang,1990,654.0200000000001,-0.5227355472732773,0,25.236666666666665,32.24,18.756666666666664,13.483333333333334,34.153333333333336,7.6866666666666665,93.81,2.676666666666667,85.22999999999999,16.166666666666668,33.800000000000004,13.16,801.09,0.24776532231147064,26.5,87.3
Morang,1991,790.12,0.19029340730946676,0,26.95,34.586666666666666,19.753333333333334,14.83,24.34,5.953333333333333,93.82,2.936666666666666,32.57,16.80666666666667,32.663333333333334,5.64,654.0200000000001,-0.5227355472732773,26.5,87.3
Morang,1992,586.02,-0.8789880741772209,1,26.093333333333334,33.906666666666666,18.903333333333332,15.006666666666668,26.253333333333334,6.04,93.77666666666666,3.3666666666666667,86.11,15.126666666666665,37.68333333333333,14.18,790.12,0.19029340730946676,26.5,87.3
Morang,1993,472.75,-1.4724104818597152,1,25.166666666666668,32.35,18.650000000000002,13.700000000000001,33.156666666666666,7.366666666666667,93.88666666666666,2.9066666666666667,105.0,16.08666666666667,32.02333333333333,18.56,586.02,-0.8789880741772209,26.5,87.3
Morang,1994,420.4,-1.7466725374982655,1,26.66,34.199999999999996,19.776666666666667,14.423333333333332,25.763333333333332,6.266666666666667,93.81666666666666,2.8866666666666667,50.269999999999996,16.46666666666667,32.50333333333333,22.86,472.75,-1.4724104818597152,26.5,87.3
Morang,1995,565.38,-0.9871211941080646,1,26.91,34.699999999999996,19.80333333333333,14.9,23.37,5.833333333333333,93.79333333333334,3.106666666666667,50.879999999999995,15.923333333333334,27.12,11.11,420.4,-1.7466725374982655,26.5,87.3
Morang,1996,553.73,-1.0481556343791076,1,26.96666666666667,34.550000000000004,19.916666666666668,14.636666666666665,26.49,6.4799999999999995,93.69333333333333,3.0399999999999996,58.43,15.476666666666667,41.69,42.34,565.38,-0.9871211941080646,26.5,87.3
Morang,1997,604.83,-0.7804423384262916,0,25.256666666666664,32.48666666666667,18.496666666666666,13.99,29.24666666666667,6.38,93.91333333333334,2.8800000000000003,94.11,15.579999999999998,26.09,6.880000000000001,553.73,-1.0481556343791076,26.5,87.3
Morang,1998,661.68,-0.4826047479190987,0,25.099999999999998,32.16,18.856666666666666,13.303333333333333,38.17666666666667,8.543333333333335,93.93,2.9233333333333333,129.29000000000002,15.31,38.09666666666667,24.81,604.83,-0.7804423384262916,26.5,87.3
Morang,1999,579.33,-0.9140370360152703,1,26.66,34.18666666666667,19.816666666666666,14.37,28.766666666666666,7.06,93.58999999999999,2.8733333333333335,111.17,17.233333333333334,34.06666666666667,9.91,661.68,-0.4826047479190987,26.5,87.3
Morang,2000,526.6600000000001,-1.1899755741333682,1,25.38,32.39333333333333,19.043333333333333,13.343333333333334,35.28,8.17,93.71666666666665,2.7900000000000005,119.22,15.63,35.21333333333333,7.99,579.33,-0.9140370360152703,26.5,87.3
Morang,2001,579.66,-0.9123081634582368,1,26.073333333333334,33.20666666666667,19.723333333333333,13.486666666666666,31.756666666666664,7.6000000000000005,93.79333333333334,2.813333333333333,88.5,15.986666666666666,29.503333333333334,1.74,526.6600000000001,-1.1899755741333682,26.5,87.3
Morang,2002,568.61,-0.9701991990801273,1,25.236666666666668,31.92,19.34,12.58,42.28,9.313333333333334,93.83999999999999,2.8000000000000003,168.5,16.06,42.26333333333333,13.46,579.66,-0.9123081634582368,26.5,87.3
Morang,2003,634.6999999999999,-0.6239531769759867,0,25.593333333333334,32.45666666666667,19.236666666666668,13.223333333333334,35.75,7.986666666666667,93.88,2.6833333333333336,75.57,15.536666666666667,41.00666666666667,43.6,568.61,-0.9701991990801273,26.5,87.3
Morang,2004,994.61,1.2616181018181034,0,26.123333333333335,32.833333333333336,20.046666666666667,12.783333333333333,39.346666666666664,9.020000000000001,93.77333333333333,2.6266666666666665,149.98000000000002,15.413333333333332,49.1,33.48,634.6999999999999,-0.6239531769759867,26.5,87.3
Morang,2005,929.27,0.9193013355254028,0,25.613333333333333,32.42333333333333,19.326666666666668,13.096666666666666,38.49666666666666,8.516666666666667,93.92666666666666,2.5833333333333335,155.82999999999998,15.87,52.1,20.83,994.61,1.2616181018181034,26.5,87.3
Morang,2006,984.11,1.2066085204579358,0,25.709999999999997,32.42666666666667,19.62,12.816666666666668,37.72,8.603333333333333,93.86333333333334,2.6566666666666667,118.12,16.633333333333333,43.31666666666666,0.08,929.27,0.9193013355254028,26.5,87.3
Morang,2007,1022.3199999999999,1.4067910065314597,0,25.363333333333333,31.830000000000002,19.433333333333334,12.396666666666667,43.29666666666666,9.549999999999999,93.89999999999999,2.4433333333333334,220.38,14.976666666666667,51.906666666666666,36.67,984.11,1.2066085204579358,26.5,87.3
Morang,2008,957.34,1.0663602830282513,0,25.61,32.18333333333333,19.48,12.703333333333333,39.836666666666666,8.903333333333334,93.79666666666667,2.4433333333333334,136.33,14.469999999999999,49.72666666666667,27.43,1022.3199999999999,1.4067910065314597,26.5,87.3
Morang,2009,775.0,0.1110796101508253,0,25.80333333333333,32.64666666666667,19.666666666666668,12.983333333333334,35.303333333333335,8.063333333333333,93.82,2.7099999999999995,175.87,16.919999999999998,49.78666666666667,0.8500000000000001,957.34,1.0663602830282513,26.5,87.3
Morang,2010,1206.46,2.3715018933563434,0,26.816666666666666,33.766666666666666,20.74,13.033333333333333,35.50333333333333,8.413333333333334,93.79666666666667,2.763333333333333,193.97,15.566666666666668,44.01333333333333,5.28,775.0,0.1110796101508253,26.5,87.3
Morang,2011,1251.75,2.608776554289866,0,24.91,31.436666666666667,18.956666666666667,12.476666666666667,42.53333333333333,9.263333333333334,93.88666666666667,2.5566666666666666,198.20000000000002,14.806666666666667,49.830000000000005,17.310000000000002,1206.46,2.3715018933563434,26.5,87.3
Morang,2012,910.63,0.8216462310917338,0,25.94666666666667,33.0,19.526666666666667,13.473333333333334,33.87666666666667,7.78,93.75666666666666,2.92,133.54000000000002,15.01,51.69333333333333,15.77,1251.75,2.608776554289866,26.5,87.3
Morang,2013,990.1700000000001,1.2383569074143757,0,25.413333333333338,32.43666666666667,19.456666666666667,12.976666666666667,38.02666666666667,8.263333333333334,93.78000000000002,2.8233333333333337,225.7,14.87,40.68,32.0,910.63,0.8216462310917338,26.5,87.3
Morang,2014,890.23,0.7147704730205511,0,25.993333333333336,33.056666666666665,19.85333333333333,13.206666666666665,34.46666666666667,7.703333333333333,93.91000000000001,2.9066666666666667,183.57999999999998,15.143333333333333,55.14666666666667,16.0,990.1700000000001,1.2383569074143757,26.5,87.3
Morang,2015,937.6500000000001,0.9632042204585658,0,25.293333333333333,31.51666666666667,19.8,11.716666666666667,46.07,10.076666666666666,93.96666666666665,2.6199999999999997,270.90999999999997,16.62333333333333,46.199999999999996,13.04,890.23,0.7147704730205511,26.5,87.3
Morang,2016,1109.67,1.8644183333705695,0,27.136666666666667,33.93333333333333,21.346666666666664,12.583333333333334,35.72666666666667,8.533333333333333,93.78333333333335,3.1199999999999997,238.59,16.51666666666667,42.75333333333333,14.42,937.6500000000001,0.9632042204585658,26.5,87.3
Morang,2017,905.95,0.797127674828345,0,25.38,31.74,19.76,11.979999999999999,45.45666666666667,10.133333333333333,93.83999999999999,2.6666666666666665,241.11,17.07,49.699999999999996,2.5799999999999996,1109.67,1.8644183333705695,26.5,87.3
Morang,2018,25.48,-3.8156614775703996,1,24.89,31.096666666666664,19.396666666666665,11.700000000000001,47.00666666666666,10.076666666666666,93.91333333333334,2.606666666666667,7.0600000000000005,16.386666666666667,45.06333333333333,0.08,905.95,0.797127674828345,26.5,87.3
Morang,2019,35.41,-3.763638130626927,1,25.293333333333333,32.03333333333333,19.349999999999998,12.683333333333332,42.169999999999995,9.356666666666667,93.89666666666666,2.7433333333333336,6.32,16.326666666666664,45.85,1.29,25.48,-3.8156614775703996,26.5,87.3
Mugu,1982,228.07999999999998,-0.3402183233100848,0,-1.2433333333333332,5.066666666666666,-6.8066666666666675,11.873333333333333,67.18333333333334,3.91,61.51,3.34,45.08,-9.886666666666667,59.26333333333333,74.6,436.93,1.089957696703952,29.5,82.1
Mugu,1983,360.55,0.5669179820347056,0,-1.2166666666666666,5.489999999999999,-6.756666666666667,12.25,59.76333333333333,3.573333333333333,61.48,3.4033333333333338,85.94,-8.85,48.38999999999999,18.1,228.07999999999998,-0.3402183233100848,29.5,82.1
Mugu,1984,241.98000000000002,-0.24503303876043114,0,0.8333333333333335,8.506666666666666,-5.756666666666667,14.263333333333334,50.94,3.4299999999999997,61.589999999999996,3.0066666666666664,27.770000000000003,-10.06,53.92333333333334,57.870000000000005,360.55,0.5669179820347056,29.5,82.1
Mugu,1985,275.2,-0.01754705654895761,0,0.7366666666666667,8.18,-5.28,13.459999999999999,47.57333333333333,3.2000000000000006,61.55666666666667,3.1766666666666663,50.41,-10.446666666666667,55.75,83.17,241.98000000000002,-0.24503303876043114,29.5,82.1
Mugu,1986,405.94,0.8777424471936095,0,-0.9266666666666667,5.8500000000000005,-6.6866666666666665,12.54,54.75666666666666,3.203333333333333,61.49,3.3233333333333337,59.239999999999995,-7.853333333333334,49.26333333333333,33.21,275.2,-0.01754705654895761,29.5,82.1
Mugu,1987,138.38000000000002,-0.9544715624542505,1,-0.40666666666666657,6.763333333333333,-6.423333333333333,13.186666666666667,54.56333333333333,3.323333333333333,61.593333333333334,3.03,66.2,-8.889999999999999,53.77666666666667,39.33,405.94,0.8777424471936095,29.5,82.1
Mugu,1988,312.71,0.2393162544911501,0,0.47666666666666657,8.023333333333333,-5.986666666666667,14.01,48.98666666666667,3.1166666666666667,61.59,3.2266666666666666,55.11,-7.193333333333334,47.43,88.81,138.38000000000002,-0.9544715624542505,29.5,82.1
Mugu,1989,154.56,-0.843673152093575,1,-0.0433333333333333,7.41,-6.373333333333332,13.786666666666667,43.35999999999999,2.7399999999999998,61.52333333333333,3.3766666666666665,30.839999999999996,-8.6,49.376666666666665,44.269999999999996,312.71,0.2393162544911501,29.5,82.1
Mugu,1990,222.82999999999998,-0.3761695998486229,0,-0.20999999999999996,6.866666666666667,-6.226666666666667,13.093333333333334,55.336666666666666,3.52,61.48333333333333,3.223333333333333,53.19,-6.816666666666666,46.413333333333334,41.129999999999995,154.56,-0.843673152093575,29.5,82.1
Mugu,1991,118.22999999999999,-1.0924559857402592,1,-0.4133333333333334,7.096666666666667,-7.003333333333334,14.096666666666666,50.38333333333333,3.0366666666666666,61.63333333333333,3.313333333333333,82.8,-7.973333333333333,48.67333333333334,20.9,222.82999999999998,-0.3761695998486229,29.5,82.1
Mugu,1992,197.88,-0.5470237616841517,0,0.3466666666666667,7.803333333333334,-5.489999999999999,13.293333333333335,43.873333333333335,2.85,61.6,3.4766666666666666,19.79,-7.863333333333333,47.25666666666667,23.52,118.22999999999999,-1.0924559857402592,29.5,82.1
Mugu,1993,115.62,-1.1103289060765609,1,-0.5900000000000002,6.733333333333333,-6.723333333333334,13.456666666666669,50.73333333333333,3.1166666666666667,61.56,3.2533333333333334,45.9,-7.06,45.86333333333334,13.260000000000002,197.88,-0.5470237616841517,29.5,82.1
Mugu,1994,172.72,-0.7193159745812221,0,0.5333333333333335,8.299999999999999,-5.773333333333333,14.076666666666668,45.663333333333334,3.026666666666667,61.61666666666667,3.2933333333333334,18.8,-7.513333333333333,42.96,24.490000000000002,115.62,-1.1103289060765609,29.5,82.1
Mugu,1995,156.68,-0.8291556842342034,1,0.11333333333333329,7.406666666666666,-5.94,13.346666666666666,48.93666666666667,3.16,61.596666666666664,3.3366666666666664,16.59,-9.42,50.20666666666667,45.150000000000006,172.72,-0.7193159745812221,29.5,82.1
Mugu,1996,153.78,-0.8490144846078721,1,0.3133333333333333,7.723333333333334,-5.8999999999999995,13.626666666666665,52.28333333333333,3.356666666666667,61.56666666666666,3.276666666666667,42.86,-8.283333333333333,51.35,55.47,156.68,-0.8291556842342034,29.5,82.1
Mugu,1997,149.78,-0.8764059333991393,1,-0.75,6.25,-6.486666666666667,12.733333333333334,51.596666666666664,3.073333333333333,61.54333333333333,3.1966666666666668,42.19,-7.97,35.88999999999999,5.34,153.78,-0.8490144846078721,29.5,82.1
Mugu,1998,111.25,-1.1402540638810201,1,0.36666666666666653,8.093333333333334,-6.213333333333334,14.299999999999999,52.376666666666665,3.393333333333333,61.64000000000001,3.043333333333333,74.4,-9.586666666666666,52.85333333333333,57.99,149.78,-0.8764059333991393,29.5,82.1
Mugu,1999,115.78,-1.10923324812491,1,1.61,9.716666666666667,-4.926666666666667,14.64,33.89,2.4833333333333334,61.57,3.2900000000000005,22.11,-6.316666666666666,36.89666666666667,10.94,111.25,-1.1402540638810201,29.5,82.1
Mugu,2000,316.89,0.26794031847802435,0,0.8566666666666665,8.4,-5.319999999999999,13.723333333333334,43.28333333333333,3.1566666666666663,61.51333333333333,3.1233333333333335,63.68,-8.34,41.916666666666664,22.16,115.78,-1.10923324812491,29.5,82.1
Mugu,2001,303.38,0.17542570018551956,0,0.36999999999999983,7.383333333333333,-5.386666666666667,12.770000000000001,51.06,3.4766666666666666,61.553333333333335,3.0733333333333337,39.13,-6.746666666666667,35.910000000000004,0.5900000000000001,316.89,0.26794031847802435,29.5,82.1
Mugu,2002,153.71,-0.8494938349617193,1,1.1500000000000001,8.626666666666667,-4.8133333333333335,13.44,47.53,3.2600000000000002,61.60999999999999,3.0866666666666664,15.29,-8.020000000000001,46.43,44.71,303.38,0.17542570018551956,29.5,82.1
Mugu,2003,273.63,-0.028298200199529923,0,0.27333333333333343,7.546666666666667,-5.593333333333333,13.14,48.919999999999995,3.1166666666666667,61.580000000000005,3.3200000000000003,8.21,-8.256666666666668,43.28,60.57,153.71,-0.8494938349617193,29.5,82.1
Mugu,2004,388.42,0.7577679014878594,0,1.7233333333333334,9.163333333333334,-4.373333333333334,13.536666666666667,48.913333333333334,3.5866666666666664,61.653333333333336,3.0933333333333337,110.34,-7.833333333333333,46.38666666666666,24.92,273.63,-0.028298200199529923,29.5,82.1
Mugu,2005,513.28,1.6127919755072635,0,-0.32,6.32,-5.863333333333333,12.18,58.949999999999996,3.6166666666666667,61.626666666666665,3.1633333333333336,87.24,-8.503333333333334,60.35,58.599999999999994,388.42,0.7577679014878594,29.5,82.1
Mugu,2006,442.77,1.1299492119392018,0,-0.3466666666666667,6.433333333333333,-6.420000000000001,12.853333333333333,63.79333333333333,4.1000000000000005,61.580000000000005,2.86,146.13,-6.346666666666667,46.6,6.069999999999999,513.28,1.6127919755072635,29.5,82.1
Mugu,2007,567.6099999999999,1.984836328714649,0,-0.9166666666666664,5.836666666666667,-7.713333333333334,13.543333333333335,69.13666666666667,4.216666666666668,61.666666666666664,2.676666666666667,178.56,-8.406666666666666,55.550000000000004,119.53,442.77,1.1299492119392018,29.5,82.1
Mugu,2008,633.4300000000001,2.4355626185749513,0,-0.15333333333333332,6.43,-5.836666666666667,12.270000000000001,59.669999999999995,3.796666666666667,61.55666666666667,2.8533333333333335,86.72,-8.53,54.553333333333335,12.17,567.6099999999999,1.984836328714649,29.5,82.1
Mugu,2009,393.11,0.7898843751956202,0,0.4833333333333331,7.31,-5.266666666666667,12.58,55.30666666666667,3.6633333333333336,61.60999999999999,3.1633333333333336,49.09,-5.88,49.879999999999995,14.110000000000001,633.4300000000001,2.4355626185749513,29.5,82.1
Mugu,2010,571.29,2.0100364616026156,0,1.7033333333333334,8.9,-4.376666666666666,13.280000000000001,51.76333333333333,3.7000000000000006,61.73,3.0700000000000003,24.73,-7.696666666666666,52.223333333333336,26.18,393.11,0.7898843751956202,29.5,82.1
Mugu,2011,645.05,2.5151347773135817,0,-0.2066666666666667,6.153333333333333,-5.66,11.82,65.27333333333333,4.17,61.6,2.983333333333333,73.22,-9.953333333333333,61.56333333333333,62.47,571.29,2.0100364616026156,29.5,82.1
Mugu,2012,443.21,1.132962271306241,0,-0.5366666666666667,5.973333333333334,-6.3133333333333335,12.286666666666667,60.79,3.6833333333333336,61.54,3.19,47.77,-9.956666666666665,64.95666666666666,48.510000000000005,645.05,2.5151347773135817,29.5,82.1
Mugu,2013,644.0699999999999,2.508423872359721,0,-0.6466666666666665,5.669999999999999,-6.5633333333333335,12.236666666666666,71.17333333333333,4.260000000000001,61.61666666666667,2.9933333333333336,46.09,-9.706666666666665,67.58666666666666,162.13,443.21,1.132962271306241,29.5,82.1
Mugu,2014,394.83,0.8016626981758649,0,-0.6933333333333332,5.303333333333334,-5.91,11.213333333333333,70.46333333333332,4.236666666666667,61.63666666666666,3.2433333333333336,72.4,-8.963333333333333,67.16333333333334,71.36,644.0699999999999,2.508423872359721,29.5,82.1
Mugu,2015,330.3,0.3597701505507476,0,-1.2433333333333334,4.323333333333333,-6.69,11.01,77.90333333333334,4.503333333333333,61.669999999999995,2.6566666666666667,216.25,-9.55,68.44,130.36,394.83,0.8016626981758649,29.5,82.1
Mugu,2016,366.66,0.6087584200633662,0,1.1633333333333333,7.59,-4.09,11.68,62.11000000000001,4.286666666666666,61.67666666666667,3.0933333333333337,98.28999999999999,-7.38,52.53333333333333,36.33,330.3,0.3597701505507476,29.5,82.1
Mugu,2017,438.42,1.100161011378699,0,-0.05000000000000012,6.4799999999999995,-5.743333333333333,12.223333333333334,65.67333333333333,4.266666666666667,61.596666666666664,3.296666666666667,153.77,-5.826666666666667,48.696666666666665,19.5,366.66,0.6087584200633662,29.5,82.1
Mugu,2018,15.68,-1.7947042541263707,1,0.6333333333333333,7.126666666666666,-4.956666666666667,12.089999999999998,61.85,4.096666666666667,61.63333333333333,3.06,4.74,-5.88,48.423333333333325,5.22,438.42,1.100161011378699,29.5,82.1
Mugu,2019,13.92,-1.8067564915945282,1,-1.2366666666666666,5.32,-7.653333333333333,12.979999999999999,71.14,4.12,61.63999999999999,2.8466666666666662,3.52,-9.423333333333334,68.75,5.029999999999999,15.68,-1.7947042541263707,29.5,82.1
Mustang,1982,479.47,0.013919985965915897,0,0.6300000000000002,7.046666666666667,-4.923333333333333,11.973333333333334,63.18333333333334,4.07,63.13666666666666,2.81,44.99,-7.403333333333333,58.24,72.92,686.5400000000001,1.003267048634909,28.7,83.67
Mustang,1983,342.57,-0.6401661340871345,0,0.8933333333333334,7.75,-4.883333333333334,12.626666666666665,53.949999999999996,3.6666666666666665,63.086666666666666,3.0866666666666664,63.5,-6.88,47.666666666666664,9.59,479.47,0.013919985965915897,28.7,83.67
Mustang,1984,614.4100000000001,0.6586415421380023,0,3.2066666666666666,10.736666666666666,-3.106666666666667,13.843333333333334,43.02333333333333,3.4133333333333336,63.156666666666666,2.8233333333333337,22.48,-7.086666666666667,44.0,29.39,342.57,-0.6401661340871345,28.7,83.67
Mustang,1985,434.8,-0.1995060694231985,0,3.0,10.233333333333333,-2.986666666666667,13.219999999999999,43.86333333333334,3.3666666666666667,63.129999999999995,3.0066666666666664,31.310000000000002,-7.396666666666667,55.01666666666667,50.44,614.4100000000001,0.6586415421380023,28.7,83.67
Mustang,1986,394.41,-0.3924829751130648,0,1.0033333333333332,7.936666666666667,-4.88,12.81,48.946666666666665,3.24,63.086666666666666,3.01,31.07,-5.59,49.026666666666664,20.07,434.8,-0.1995060694231985,28.7,83.67
Mustang,1987,423.09000000000003,-0.25545456077324386,0,1.6533333333333333,8.803333333333333,-4.266666666666667,13.073333333333332,47.413333333333334,3.276666666666667,63.196666666666665,2.853333333333333,34.709999999999994,-6.546666666666667,47.879999999999995,37.36,394.41,-0.3924829751130648,28.7,83.67
Mustang,1988,590.94,0.5465056675021724,0,2.4299999999999997,9.823333333333332,-3.776666666666667,13.603333333333333,47.07,3.42,63.166666666666664,3.06,69.57,-4.223333333333334,45.25,29.979999999999997,423.09000000000003,-0.25545456077324386,28.7,83.67
Mustang,1989,387.65000000000003,-0.42478116482496114,0,2.123333333333333,9.393333333333333,-4.069999999999999,13.463333333333333,42.20333333333334,3.1,63.1,3.123333333333333,49.55,-6.333333333333333,50.663333333333334,48.739999999999995,590.94,0.5465056675021724,28.7,83.67
Mustang,1990,542.2,0.3136338085439134,0,1.5733333333333335,8.536666666666667,-4.473333333333334,13.01,52.36333333333334,3.7266666666666666,63.086666666666666,2.9333333333333336,33.46,-4.8,44.596666666666664,28.04,387.65000000000003,-0.42478116482496114,28.7,83.67
Mustang,1991,298.27,-0.8518243891517812,1,2.266666666666667,9.723333333333334,-4.023333333333333,13.75,42.406666666666666,3.03,63.22,3.0666666666666664,39.33,-5.696666666666666,48.76666666666667,8.56,542.2,0.3136338085439134,28.7,83.67
Mustang,1992,372.65999999999997,-0.49640096715947735,0,2.56,9.979999999999999,-3.403333333333333,13.383333333333333,39.32666666666666,2.94,63.18,3.1999999999999997,16.4,-6.456666666666667,47.27333333333333,31.16,298.27,-0.8518243891517812,28.7,83.67
Mustang,1993,327.74,-0.7110214822272859,0,1.26,8.590000000000002,-4.78,13.373333333333335,47.86666666666667,3.3333333333333335,63.16,3.0366666666666666,60.129999999999995,-5.133333333333334,44.79666666666666,8.209999999999999,372.65999999999997,-0.49640096715947735,28.7,83.67
Mustang,1994,331.96000000000004,-0.6908590028509244,0,2.42,10.02,-3.873333333333333,13.896666666666667,41.303333333333335,3.106666666666667,63.199999999999996,3.02,13.23,-5.336666666666666,39.99,17.43,327.74,-0.7110214822272859,28.7,83.67
Mustang,1995,376.2,-0.4794874181091646,0,2.216666666666667,9.613333333333333,-4.116666666666666,13.729999999999999,42.94333333333333,3.223333333333333,63.199999999999996,3.08,27.03,-6.926666666666667,43.73,18.41,331.96000000000004,-0.6908590028509244,28.7,83.67
Mustang,1996,328.88,-0.7055747460924395,0,2.38,9.633333333333335,-4.0,13.636666666666665,46.97666666666667,3.4499999999999997,63.156666666666666,2.9499999999999997,65.17999999999999,-6.413333333333334,48.85333333333333,49.32,376.2,-0.4794874181091646,28.7,83.67
Mustang,1997,193.18,-1.3539274596877566,1,1.1733333333333331,8.16,-4.673333333333334,12.833333333333334,47.48666666666666,3.17,63.15,2.9066666666666667,31.04,-6.04,34.89333333333333,3.85,328.88,-0.7055747460924395,28.7,83.67
Mustang,1998,393.43,-0.3971652570535469,0,2.4566666666666666,10.046666666666667,-4.003333333333333,14.049999999999999,46.66,3.4899999999999998,63.22666666666667,2.9266666666666663,43.37,-6.103333333333334,41.98666666666667,23.11,193.18,-1.3539274596877566,28.7,83.67
Mustang,1999,206.14,-1.2920066699442392,1,3.5866666666666664,11.406666666666666,-2.7866666666666666,14.196666666666665,34.56333333333333,2.893333333333333,63.13999999999999,3.0400000000000005,49.309999999999995,-4.483333333333333,38.0,9.33,393.43,-0.3971652570535469,28.7,83.67
Mustang,2000,461.83,-0.07036108896276076,0,2.3733333333333335,9.753333333333332,-3.746666666666666,13.5,42.97333333333333,3.453333333333333,63.1,2.94,47.46,-6.32,39.44,7.050000000000001,206.14,-1.2920066699442392,28.7,83.67
Mustang,2001,403.80999999999995,-0.3475712911941559,0,1.99,8.883333333333333,-3.8633333333333333,12.746666666666668,51.156666666666666,3.85,63.156666666666666,2.7733333333333334,60.81,-4.536666666666666,34.95333333333333,0.27,461.83,-0.07036108896276076,28.7,83.67
Mustang,2002,214.48,-1.2521594950629944,1,2.736666666666667,9.986666666666666,-3.2066666666666666,13.200000000000001,47.870000000000005,3.6366666666666667,63.18666666666667,2.86,36.45,-5.536666666666666,42.92666666666667,23.689999999999998,403.80999999999995,-0.3475712911941559,28.7,83.67
Mustang,2003,302.04,-0.8338119371970695,1,1.8800000000000001,9.173333333333334,-4.116666666666667,13.293333333333335,46.46333333333333,3.2699999999999996,63.18,2.986666666666667,15.61,-5.8566666666666665,40.300000000000004,48.05,214.48,-1.2521594950629944,28.7,83.67
Mustang,2004,755.43,1.3324123576959355,0,3.4566666666666666,10.746666666666668,-2.466666666666667,13.206666666666665,47.11333333333334,3.8066666666666666,63.21333333333333,2.893333333333333,119.61,-5.87,43.56333333333333,29.37,302.04,-0.8338119371970695,28.7,83.67
Mustang,2005,679.16,0.9680065989198499,0,1.4266666666666667,8.026666666666666,-4.36,12.386666666666668,55.78666666666667,3.7699999999999996,63.23,2.856666666666667,54.05,-6.31,61.076666666666675,47.96,755.43,1.3324123576959355,28.7,83.67
Mustang,2006,711.53,1.1226652381172,0,1.6033333333333333,8.17,-4.13,12.299999999999999,60.88333333333333,4.433333333333334,63.18333333333334,2.6266666666666665,170.74,-4.07,46.403333333333336,1.2,679.16,0.9680065989198499,28.7,83.67
Mustang,2007,831.03,1.6936169645331205,0,1.0733333333333335,7.609999999999999,-5.076666666666667,12.686666666666667,66.31,4.546666666666667,63.26,2.42,117.77000000000001,-6.096666666666667,55.416666666666664,119.33,711.53,1.1226652381172,28.7,83.67
Mustang,2008,1113.1,3.0413019308104308,0,1.7099999999999997,8.466666666666667,-4.246666666666667,12.713333333333333,55.949999999999996,3.9766666666666666,63.15,2.7266666666666666,101.73,-6.3066666666666675,51.04,5.5600000000000005,831.03,1.6936169645331205,28.7,83.67
Mustang,2009,623.19,0.7005909660537493,0,2.23,9.19,-3.6133333333333333,12.806666666666667,52.64000000000001,3.8699999999999997,63.20333333333334,2.8366666666666664,120.38,-3.6399999999999992,46.28666666666667,6.24,1113.1,3.0413019308104308,28.7,83.67
Mustang,2010,760.23,1.3553459835268682,0,3.67,11.003333333333336,-2.4466666666666668,13.450000000000001,47.343333333333334,3.82,63.29666666666666,2.856666666666667,29.59,-5.276666666666666,48.16,14.799999999999999,623.19,0.7005909660537493,28.7,83.67
Mustang,2011,825.0999999999999,1.665284380954489,0,1.6866666666666668,8.176666666666668,-3.9633333333333334,12.143333333333333,59.49,4.296666666666667,63.196666666666665,2.75,137.0,-6.536666666666666,51.413333333333334,21.76,760.23,1.3553459835268682,28.7,83.67
Mustang,2012,992.4,2.4646167979367783,0,1.5699999999999996,8.530000000000001,-4.523333333333333,13.06,52.63999999999999,3.6500000000000004,63.13666666666666,2.983333333333333,44.84,-6.97,56.616666666666674,31.77,825.0999999999999,1.665284380954489,28.7,83.67
Mustang,2013,1112.09,3.0364763137085053,0,1.2733333333333332,8.12,-5.056666666666667,13.17,63.73666666666667,4.3133333333333335,63.19,2.7266666666666666,147.96,-7.123333333333334,57.59666666666667,85.68,992.4,2.4646167979367783,28.7,83.67
Mustang,2014,1351.19,4.178857550411824,0,1.18,7.3500000000000005,-4.266666666666667,11.616666666666667,65.22333333333334,4.38,63.25,2.6799999999999997,130.84,-6.226666666666667,60.85999999999999,36.97,1112.09,3.0364763137085053,28.7,83.67
Mustang,2015,1255.73,3.722765066699157,0,0.09333333333333342,5.796666666666667,-5.4366666666666665,11.236666666666666,77.16666666666667,4.8,63.28333333333333,2.1999999999999997,313.68,-7.466666666666666,67.51,92.22,1351.19,4.178857550411824,28.7,83.67
Mustang,2016,1255.15,3.7199939202445864,0,2.3966666666666665,8.72,-2.9899999999999998,11.709999999999999,61.663333333333334,4.526666666666666,63.27,2.5733333333333333,190.49,-5.513333333333333,54.69,15.049999999999999,1255.73,3.722765066699157,28.7,83.67
Mustang,2017,1183.91,3.379620690203832,0,0.64,6.82,-5.076666666666667,11.896666666666667,70.84333333333333,4.739999999999999,63.199999999999996,2.6,355.32,-4.123333333333334,53.1,12.92,1255.15,3.7199939202445864,28.7,83.67
Mustang,2018,31.61,-2.1258828608343694,1,1.4533333333333331,7.623333333333332,-4.096666666666667,11.72,67.02666666666666,4.636666666666667,63.223333333333336,2.51,12.59,-4.023333333333333,49.26333333333333,1.5699999999999998,1183.91,3.379620690203832,28.7,83.67
Mustang,2019,36.51,-2.1024714511319593,1,0.05000000000000012,6.460000000000001,-6.246666666666666,12.703333333333333,71.37,4.456666666666667,63.23666666666667,2.4466666666666668,8.86,-7.496666666666667,66.66333333333334,4.75,31.61,-2.1258828608343694,28.7,83.67
Myagdi,1982,660.38,0.05331411709987951,0,14.416666666666666,21.153333333333332,8.493333333333332,12.663333333333334,45.47333333333333,5.8500000000000005,79.26,2.563333333333333,64.03999999999999,5.78,51.096666666666664,77.44999999999999,941.49,1.0673994020586246,28.4,83.6
Myagdi,1983,407.71,-0.8581757941467006,1,14.63,21.743333333333336,8.446666666666667,13.296666666666667,37.04,5.023333333333333,79.21333333333332,2.763333333333333,71.37,5.803333333333334,38.669999999999995,9.45,660.38,0.05331411709987951,28.4,83.6
Myagdi,1984,826.21,0.651534610162057,0,16.793333333333333,24.353333333333335,10.106666666666667,14.25,29.426666666666666,4.576666666666667,79.15333333333334,2.8433333333333337,25.229999999999997,5.993333333333333,37.153333333333336,29.790000000000003,407.71,-0.8581757941467006,28.4,83.6
Myagdi,1985,612.03,-0.12110523307533784,0,16.713333333333335,24.316666666666666,10.023333333333333,14.293333333333335,28.01,4.29,79.12333333333333,2.84,30.48,6.086666666666666,41.70666666666667,45.04,826.21,0.651534610162057,28.4,83.6
Myagdi,1986,487.19,-0.5714570774574292,0,15.0,22.263333333333332,8.61,13.656666666666666,32.47666666666667,4.3966666666666665,79.19666666666667,2.793333333333333,34.230000000000004,6.890000000000001,45.43333333333334,19.92,612.03,-0.12110523307533784,28.4,83.6
Myagdi,1987,605.94,-0.14307449558965135,0,15.363333333333335,22.666666666666668,9.113333333333333,13.546666666666667,32.276666666666664,4.403333333333333,79.31,2.7533333333333334,34.29,6.789999999999999,37.663333333333334,42.65,487.19,-0.5714570774574292,28.4,83.6
Myagdi,1988,798.3100000000001,0.5508872498748066,0,16.123333333333335,23.526666666666667,9.556666666666667,13.973333333333334,33.65,4.863333333333333,79.20333333333333,2.78,81.52000000000001,8.043333333333335,37.84666666666667,23.31,605.94,-0.14307449558965135,28.4,83.6
Myagdi,1989,555.68,-0.32438404139743704,0,15.896666666666667,23.516666666666666,9.256666666666666,14.263333333333334,28.876666666666665,4.2299999999999995,79.14,2.8433333333333333,54.67,6.413333333333334,42.43666666666667,54.86,798.3100000000001,0.5508872498748066,28.4,83.6
Myagdi,1990,820.4100000000001,0.6306115030055679,0,15.160000000000002,22.093333333333334,8.966666666666667,13.126666666666665,36.62,5.116666666666666,79.19666666666666,2.736666666666667,33.17,7.403333333333333,36.99666666666667,32.519999999999996,555.68,-0.32438404139743704,28.4,83.6
Myagdi,1991,424.9,-0.7961640334535882,0,16.293333333333333,23.876666666666665,9.566666666666668,14.306666666666667,26.756666666666664,3.893333333333333,79.28333333333335,2.86,40.51,7.033333333333334,40.806666666666665,8.76,820.4100000000001,0.6306115030055679,28.4,83.6
Myagdi,1992,502.93,-0.5146760935534391,0,16.343333333333334,24.046666666666667,9.823333333333332,14.223333333333334,26.456666666666667,3.9133333333333336,79.23,3.0033333333333334,18.27,6.286666666666666,39.78666666666667,34.43,424.9,-0.7961640334535882,28.4,83.6
Myagdi,1993,466.56,-0.6458784051537009,0,14.786666666666667,22.076666666666664,8.583333333333334,13.493333333333334,34.39666666666667,4.6433333333333335,79.28,2.7866666666666666,71.62,7.09,37.37,8.35,502.93,-0.5146760935534391,28.4,83.6
Myagdi,1994,475.24,-0.614565893064334,0,16.27,23.930000000000003,9.700000000000001,14.223333333333334,27.333333333333332,4.146666666666667,79.27,2.8800000000000003,13.32,7.403333333333333,32.62,20.73,466.56,-0.6458784051537009,28.4,83.6
Myagdi,1995,535.74,-0.3963162408285399,0,16.19,23.73,9.536666666666667,14.193333333333333,28.08,4.25,79.26666666666667,2.91,26.57,6.126666666666666,34.92666666666667,20.060000000000002,475.24,-0.614565893064334,28.4,83.6
Myagdi,1996,460.23,-0.668713451412421,0,16.209999999999997,23.673333333333336,9.486666666666666,14.186666666666667,32.153333333333336,4.723333333333334,79.19,2.8166666666666664,71.80000000000001,6.56,41.3,61.54,535.74,-0.3963162408285399,28.4,83.6
Myagdi,1997,259.9,-1.3913903577330267,1,14.733333333333334,21.923333333333336,8.433333333333334,13.49,32.656666666666666,4.329999999999999,79.29666666666667,2.7433333333333336,38.79,6.363333333333333,29.343333333333334,4.21,460.23,-0.668713451412421,28.4,83.6
Myagdi,1998,574.51,-0.2564560917842137,0,15.613333333333335,22.853333333333335,9.416666666666666,13.436666666666667,35.64,5.1066666666666665,79.33,2.7266666666666666,48.11,6.446666666666666,37.693333333333335,21.48,259.9,-1.3913903577330267,28.4,83.6
Myagdi,1999,286.89,-1.2940257608099839,1,16.826666666666668,24.703333333333333,10.093333333333334,14.613333333333335,25.22,4.02,79.11333333333333,2.866666666666667,56.42,8.193333333333333,32.04666666666667,10.940000000000001,574.51,-0.2564560917842137,28.4,83.6
Myagdi,2000,611.2,-0.12409940185807657,0,15.883333333333335,23.116666666666664,9.603333333333333,13.513333333333334,31.27333333333333,4.843333333333333,79.15333333333334,2.7600000000000002,59.97,6.489999999999999,31.77333333333333,6.32,286.89,-1.2940257608099839,28.4,83.6
Myagdi,2001,527.13,-0.42737623265912156,0,15.603333333333333,22.613333333333333,9.473333333333334,13.143333333333333,35.88,5.366666666666667,79.23666666666666,2.6733333333333333,71.9,7.706666666666666,30.006666666666664,0.31,611.2,-0.12409940185807657,28.4,83.6
Myagdi,2002,273.56,-1.3421128329472258,1,16.133333333333333,23.183333333333334,10.1,13.083333333333334,35.57,5.266666666666667,79.25,2.706666666666667,45.870000000000005,7.1000000000000005,37.99666666666667,25.97,527.13,-0.42737623265912156,28.4,83.6
Myagdi,2003,396.66,-0.898037920712081,1,15.570000000000002,22.766666666666666,9.270000000000001,13.496666666666668,32.199999999999996,4.483333333333333,79.28666666666668,2.716666666666667,19.380000000000003,6.953333333333333,36.803333333333335,51.58,273.56,-1.3421128329472258,28.4,83.6
Myagdi,2004,982.1899999999999,1.2142218953808859,0,16.613333333333333,23.669999999999998,10.743333333333332,12.926666666666668,36.94,5.626666666666666,79.23,2.6799999999999997,130.02,6.883333333333333,40.63333333333333,34.7,396.66,-0.898037920712081,28.4,83.6
Myagdi,2005,882.89,0.8560038711327149,0,15.149999999999999,21.94666666666667,9.116666666666667,12.833333333333334,38.973333333333336,5.206666666666667,79.33999999999999,2.5533333333333332,57.1,6.69,52.656666666666666,50.900000000000006,982.1899999999999,1.2142218953808859,28.4,83.6
Myagdi,2006,929.1,1.0227033162536414,0,14.790000000000001,21.226666666666667,9.146666666666667,12.083333333333334,47.593333333333334,6.579999999999999,79.28333333333335,2.44,202.32,8.416666666666666,43.81333333333333,0.8,882.89,0.8560038711327149,28.4,83.6
Myagdi,2007,1099.28,1.6366161396831858,0,15.01,21.38,9.28,12.096666666666666,50.699999999999996,6.960000000000001,79.32666666666667,2.35,128.91,6.580000000000001,49.53333333333333,127.85,929.1,1.0227033162536414,28.4,83.6
Myagdi,2008,1496.03,3.067864892155108,0,15.25,22.006666666666664,9.213333333333333,12.793333333333331,40.70333333333333,5.656666666666666,79.22666666666667,2.5766666666666667,117.48,6.213333333333334,48.48333333333333,6.38,1099.28,1.6366161396831858,28.4,83.6
Myagdi,2009,822.1400000000001,0.6368523608298312,0,15.593333333333334,22.506666666666664,9.673333333333334,12.83,39.593333333333334,5.676666666666667,79.27,2.57,145.99,8.533333333333333,47.73666666666667,6.279999999999999,1496.03,3.067864892155108,28.4,83.6
Myagdi,2010,1010.25,1.3154464448310743,0,17.27,24.536666666666665,10.826666666666666,13.713333333333333,33.75333333333334,5.333333333333333,79.29,2.776666666666667,34.37,7.173333333333333,44.28666666666667,17.240000000000002,822.1400000000001,0.6368523608298312,28.4,83.6
Myagdi,2011,1067.64,1.5224769827122684,0,14.983333333333334,21.413333333333338,9.336666666666666,12.073333333333332,45.88333333333333,6.43,79.29333333333334,2.4966666666666666,163.87,6.286666666666666,49.406666666666666,21.93,1010.25,1.3154464448310743,28.4,83.6
Myagdi,2012,1276.44,2.2757088403458847,0,15.49,22.616666666666664,9.13,13.479999999999999,35.9,5.006666666666667,79.21666666666665,2.7366666666666664,47.14,6.0566666666666675,51.403333333333336,35.32,1067.64,1.5224769827122684,28.4,83.6
Myagdi,2013,1429.04,2.826203004497656,0,15.29,22.063333333333333,9.263333333333334,12.796666666666667,45.93666666666667,6.313333333333333,79.24,2.66,168.16,6.173333333333333,52.35666666666666,81.25,1276.44,2.2757088403458847,28.4,83.6
Myagdi,2014,1659.1999999999998,3.656489615383447,0,15.0,21.5,9.196666666666667,12.303333333333333,47.50666666666666,6.386666666666667,79.35333333333334,2.56,143.89,6.453333333333333,60.77,41.65,1429.04,2.826203004497656,28.4,83.6
Myagdi,2015,1502.91,3.092684026161427,0,14.106666666666667,19.959999999999997,8.783333333333333,11.176666666666668,58.660000000000004,7.44,79.39666666666666,2.283333333333333,318.84000000000003,6.656666666666666,57.199999999999996,86.03999999999999,1659.1999999999998,3.656489615383447,28.4,83.6
Myagdi,2016,1522.94,3.164940894496682,0,16.116666666666664,22.656666666666666,10.593333333333334,12.056666666666667,43.74,6.34,79.30333333333333,2.563333333333333,207.84,7.056666666666666,48.81666666666666,10.92,1502.91,3.092684026161427,28.4,83.6
Myagdi,2017,1466.4499999999998,2.961157045657012,0,14.613333333333335,20.796666666666667,9.096666666666666,11.696666666666667,51.95333333333334,7.083333333333333,79.28000000000002,2.29,348.84000000000003,8.196666666666667,50.15333333333333,13.44,1522.94,3.164940894496682,28.4,83.6
Myagdi,2018,39.0,-2.188272145813802,1,14.773333333333333,20.833333333333332,9.473333333333334,11.37,53.00333333333333,7.2,79.31,2.3866666666666667,12.889999999999999,7.963333333333334,46.46,0.88,1466.4499999999998,2.961157045657012,28.4,83.6
Myagdi,2019,44.239999999999995,-2.169369200727594,1,14.426666666666668,20.900000000000002,8.586666666666666,12.316666666666668,51.843333333333334,6.8,79.32666666666667,2.3800000000000003,8.83,5.8500000000000005,57.833333333333336,4.74,39.0,-2.188272145813802,28.4,83.6
Nawalparasi,1982,722.64,0.0008487980830238691,0,24.540000000000003,31.903333333333336,17.843333333333334,14.06,33.75333333333333,6.8566666666666665,92.37,2.736666666666667,80.96000000000001,14.173333333333332,44.666666666666664,80.49,1042.15,1.1373783919707332,27.6,84.0
Nawalparasi,1983,416.25,-1.089011620280267,1,24.8,32.35,17.926666666666666,14.423333333333332,26.22333333333333,5.7299999999999995,92.32,2.8833333333333333,70.87,13.996666666666668,32.10333333333333,7.72,722.64,0.0008487980830238691,27.6,84.0
Nawalparasi,1984,881.77,0.566890406406241,0,26.663333333333338,34.723333333333336,19.23,15.503333333333332,21.55,5.260000000000001,92.15666666666668,2.973333333333333,33.099999999999994,14.206666666666669,32.60666666666666,29.38,416.25,-1.089011620280267,27.6,84.0
Nawalparasi,1985,749.0600000000001,0.09482742745460333,0,26.7,34.92666666666667,19.043333333333333,15.876666666666665,19.203333333333333,4.71,92.11666666666667,3.0233333333333334,27.580000000000002,14.376666666666667,34.25,33.96,881.77,0.566890406406241,27.6,84.0
Nawalparasi,1986,536.86,-0.6599895730241669,0,25.24666666666667,33.07,17.973333333333333,15.093333333333334,23.593333333333334,5.146666666666667,92.28000000000002,2.8666666666666667,42.13,14.57,43.973333333333336,18.759999999999998,749.0600000000001,0.09482742745460333,27.6,84.0
Nawalparasi,1987,732.54,0.03606410583391834,0,25.456666666666667,33.193333333333335,18.41,14.776666666666666,23.2,5.02,92.40333333333332,2.8333333333333335,33.370000000000005,15.346666666666666,32.82,45.78,536.86,-0.6599895730241669,27.6,84.0
Nawalparasi,1988,848.53,0.44865234280626776,0,25.863333333333333,33.699999999999996,18.633333333333336,15.073333333333332,26.78,6.063333333333333,92.23666666666666,2.74,105.68,15.416666666666666,35.330000000000005,12.370000000000001,732.54,0.03606410583391834,27.6,84.0
Nawalparasi,1989,608.82,-0.40402052799847266,0,25.72666666666667,33.943333333333335,18.286666666666665,15.65,21.26,4.886666666666667,92.18666666666667,3.0833333333333335,57.8,14.296666666666667,36.623333333333335,56.540000000000006,848.53,0.44865234280626776,27.6,84.0
Nawalparasi,1990,958.82,0.8409650995584055,0,25.48,32.843333333333334,18.616666666666664,14.223333333333334,25.653333333333336,5.8,92.27999999999999,2.8066666666666666,30.81,15.386666666666665,31.026666666666667,31.86,608.82,-0.40402052799847266,27.6,84.0
Nawalparasi,1991,500.56,-0.7891123681107803,0,26.563333333333333,34.65,19.12,15.533333333333333,18.526666666666667,4.373333333333334,92.32333333333334,2.9133333333333336,38.0,15.686666666666667,32.28666666666667,7.17,958.82,0.8409650995584055,27.6,84.0
Nawalparasi,1992,530.48,-0.6826838824636323,0,26.22666666666667,34.38999999999999,18.846666666666668,15.543333333333331,19.540000000000003,4.546666666666667,92.28333333333335,3.3866666666666667,21.220000000000002,14.306666666666667,34.63,31.32,500.56,-0.7891123681107803,27.6,84.0
Nawalparasi,1993,535.11,-0.6662145011619514,0,24.676666666666666,32.39666666666667,17.77,14.63,26.33666666666667,5.593333333333334,92.39333333333333,2.8466666666666662,85.8,15.076666666666668,31.876666666666665,8.44,530.48,-0.6826838824636323,27.6,84.0
Nawalparasi,1994,539.4300000000001,-0.6508478214161062,0,26.349999999999998,34.36000000000001,19.07,15.290000000000001,19.900000000000002,4.836666666666667,92.32,2.983333333333333,16.9,15.456666666666665,28.863333333333333,23.59,535.11,-0.6662145011619514,27.6,84.0
Nawalparasi,1995,626.34,-0.3417001045847684,0,26.47,34.449999999999996,19.163333333333334,15.290000000000001,19.573333333333334,4.756666666666667,92.31666666666666,3.1333333333333333,19.57,14.766666666666666,28.94666666666667,21.259999999999998,539.4300000000001,-0.6508478214161062,27.6,84.0
Nawalparasi,1996,569.71,-0.5431387791234713,0,26.326666666666664,34.29,18.94,15.35,23.27,5.3999999999999995,92.20666666666666,2.983333333333333,60.66,14.613333333333335,37.99,69.19,626.34,-0.3417001045847684,27.6,84.0
Nawalparasi,1997,368.3,-1.2595746512555595,1,24.893333333333334,32.54666666666667,17.81,14.729999999999999,23.263333333333332,4.993333333333333,92.41000000000001,2.8666666666666667,46.870000000000005,14.303333333333333,25.62,5.01,569.71,-0.5431387791234713,27.6,84.0
Nawalparasi,1998,691.26,-0.11077305618193278,0,25.22666666666667,32.696666666666665,18.55333333333333,14.14,28.186666666666667,6.28,92.43666666666667,2.7600000000000002,54.400000000000006,14.36,35.63333333333333,24.44,368.3,-1.2595746512555595,27.6,84.0
Nawalparasi,1999,370.66,-1.251179891024033,1,26.586666666666662,34.89333333333334,19.09,15.799999999999999,19.05333333333333,4.77,92.09333333333335,2.926666666666667,53.36,16.16,29.55333333333333,8.840000000000002,691.26,-0.11077305618193278,27.6,84.0
Nawalparasi,2000,715.88,-0.023197210037788945,0,25.873333333333335,33.403333333333336,18.996666666666666,14.416666666666666,23.796666666666667,5.803333333333334,92.19666666666667,2.78,67.9,14.973333333333334,26.486666666666668,4.5,370.66,-1.251179891024033,27.6,84.0
Nawalparasi,2001,611.58,-0.39420292704973847,0,25.820000000000004,33.21666666666667,19.116666666666664,14.093333333333334,25.91333333333333,6.266666666666667,92.29333333333334,2.776666666666667,72.64,15.073333333333332,27.213333333333335,0.45,715.88,-0.023197210037788945,27.6,84.0
Nawalparasi,2002,329.56000000000006,-1.3973767747171406,1,25.939999999999998,33.31666666666667,19.246666666666666,14.063333333333333,28.456666666666667,6.586666666666666,92.31,2.8000000000000003,64.4,14.966666666666669,36.483333333333334,27.7,611.58,-0.39420292704973847,27.6,84.0
Nawalparasi,2003,449.74,-0.969884281232039,1,25.650000000000002,33.14333333333334,18.586666666666666,14.556666666666667,23.893333333333334,5.28,92.37,2.6766666666666663,19.64,14.683333333333332,35.96,55.209999999999994,329.56000000000006,-1.3973767747171406,27.6,84.0
Nawalparasi,2004,1014.8399999999999,1.040233942003366,0,26.036666666666665,33.39666666666667,19.44333333333333,13.953333333333333,30.753333333333334,7.12,92.25999999999999,2.6566666666666667,169.18,14.82,39.23,37.49,449.74,-0.969884281232039,27.6,84.0
Nawalparasi,2005,947.05,0.7990980114545638,0,25.439999999999998,32.85333333333333,18.633333333333333,14.223333333333334,28.283333333333335,6.05,92.42333333333333,2.6300000000000003,59.58,14.843333333333334,47.346666666666664,54.86,1014.8399999999999,1.040233942003366,27.6,84.0
Nawalparasi,2006,1009.73,1.0220571518410357,0,24.76,31.650000000000002,18.566666666666666,13.083333333333334,36.413333333333334,7.903333333333333,92.38333333333333,2.47,201.53,15.703333333333333,41.64333333333334,0.3,947.05,0.7990980114545638,27.6,84.0
Nawalparasi,2007,1183.15,1.638929744786504,0,24.863333333333333,31.629999999999995,18.69333333333333,12.94,39.95333333333333,8.576666666666666,92.40333333333332,2.43,136.32999999999998,14.123333333333333,46.156666666666666,120.03999999999999,1009.73,1.0220571518410357,27.6,84.0
Nawalparasi,2008,1581.8600000000001,3.0571818006813696,0,25.266666666666666,32.483333333333334,18.536666666666665,13.946666666666667,30.953333333333333,6.796666666666667,92.28666666666668,2.54,133.69,13.743333333333334,45.326666666666675,10.03,1183.15,1.638929744786504,27.6,84.0
Nawalparasi,2009,876.96,0.5497807467818167,0,25.439999999999998,32.75,18.916666666666668,13.836666666666666,29.843333333333334,6.746666666666667,92.32666666666667,2.65,149.14000000000001,15.813333333333333,47.72,4.55,1581.8600000000001,3.0571818006813696,27.6,84.0
Nawalparasi,2010,1106.87,1.3675940200149643,0,27.28,34.873333333333335,20.376666666666665,14.493333333333332,25.209999999999997,6.286666666666666,92.28000000000002,2.8800000000000003,43.190000000000005,14.93,40.47666666666667,18.24,876.96,0.5497807467818167,27.6,84.0
Nawalparasi,2011,1112.81,1.3887232046655011,0,24.8,31.73,18.493333333333336,13.24,35.403333333333336,7.78,92.38666666666666,2.58,173.1,14.01,46.85999999999999,20.42,1106.87,1.3675940200149643,27.6,84.0
Nawalparasi,2012,1224.3899999999999,1.7856246227306338,0,25.763333333333332,33.333333333333336,18.836666666666666,14.493333333333334,25.34,5.673333333333333,92.27333333333333,2.89,42.17,14.226666666666667,46.24666666666667,31.84,1112.81,1.3887232046655011,27.6,84.0
Nawalparasi,2013,1402.76,2.4201048695515492,0,24.903333333333336,32.15333333333333,18.44,13.716666666666667,35.75,7.553333333333334,92.30333333333333,2.6633333333333336,162.99,13.276666666666666,51.34,67.33,1224.3899999999999,1.7856246227306338,27.6,84.0
Nawalparasi,2014,1448.59,2.5831268447256397,0,25.166666666666668,32.443333333333335,18.56,13.89,34.449999999999996,7.373333333333332,92.43666666666667,2.7733333333333334,145.78,14.096666666666666,58.050000000000004,41.41,1402.76,2.4201048695515492,27.6,84.0
Nawalparasi,2015,1378.1899999999998,2.332706878497056,0,24.313333333333333,30.896666666666665,18.326666666666668,12.57,44.326666666666675,9.023333333333333,92.49333333333334,2.453333333333333,272.39,14.603333333333333,53.026666666666664,68.38,1448.59,2.5831268447256397,27.6,84.0
Nawalparasi,2016,1410.74,2.4484905418598464,0,26.526666666666667,33.733333333333334,20.226666666666663,13.503333333333332,30.87,7.226666666666667,92.32333333333334,2.8800000000000003,193.42,15.253333333333332,40.5,7.67,1378.1899999999998,2.332706878497056,27.6,84.0
Nawalparasi,2017,1413.49,2.4582725717906504,0,24.96666666666667,31.74666666666667,18.823333333333334,12.926666666666668,38.5,8.540000000000001,92.33999999999999,2.393333333333333,291.53999999999996,15.910000000000002,45.72666666666667,12.040000000000001,1410.74,2.4484905418598464,27.6,84.0
Nawalparasi,2018,37.77,-2.435303506902345,1,24.689999999999998,31.416666666666668,18.636666666666667,12.783333333333333,40.61666666666667,8.75,92.38666666666667,2.533333333333333,10.620000000000001,15.313333333333333,42.096666666666664,0.37,1413.49,2.4582725717906504,27.6,84.0
Nawalparasi,2019,43.96,-2.413285046803553,1,24.72,31.846666666666664,18.403333333333332,13.443333333333333,38.63666666666666,8.200000000000001,92.40666666666668,2.5066666666666664,7.37,14.713333333333333,47.95333333333334,4.07,37.77,-2.435303506902345,27.6,84.0
Nuwakot,1982,592.95,0.023774360262111292,0,18.2,24.983333333333334,12.186666666666667,12.799999999999999,39.830000000000005,6.153333333333333,83.87333333333333,2.5666666666666664,77.18,9.166666666666666,45.45666666666667,90.02,812.07,1.09926163013024,27.85,85.25
Nuwakot,1983,375.6,-1.0430253755257575,1,18.23,25.263333333333332,12.086666666666668,13.18,32.35666666666666,5.2299999999999995,83.83333333333333,2.7133333333333334,66.35,8.883333333333333,34.45666666666667,5.21,592.95,0.023774360262111292,27.85,85.25
Nuwakot,1984,739.64,0.7437598824278459,0,19.996666666666666,27.383333333333336,13.5,13.886666666666668,28.236666666666668,5.116666666666666,83.73333333333333,2.7566666666666664,54.07,9.223333333333334,31.95,24.64,375.6,-1.0430253755257575,27.85,85.25
Nuwakot,1985,691.3299999999999,0.506644192361538,0,20.076666666666668,27.51,13.283333333333333,14.223333333333334,25.790000000000003,4.656666666666667,83.70333333333333,2.796666666666667,33.35,9.483333333333333,35.77666666666667,20.8,739.64,0.7437598824278459,27.85,85.25
Nuwakot,1986,519.44,-0.3370282556926447,0,18.463333333333335,25.633333333333336,11.94,13.69,31.320000000000004,5.013333333333333,83.80666666666667,2.7266666666666666,52.150000000000006,9.766666666666667,46.17666666666667,18.61,691.3299999999999,0.506644192361538,27.85,85.25
Nuwakot,1987,634.3299999999999,0.22687614570909487,0,18.849999999999998,26.05666666666667,12.463333333333333,13.593333333333334,28.986666666666668,4.613333333333333,83.91666666666667,2.69,35.55,10.093333333333334,35.10666666666666,40.910000000000004,519.44,-0.3370282556926447,27.85,85.25
Nuwakot,1988,653.13,0.31915051899095365,0,19.183333333333334,26.27,12.803333333333333,13.466666666666667,35.25666666666667,5.94,83.79666666666667,2.61,148.18,10.88,37.92666666666667,5.48,634.3299999999999,0.22687614570909487,27.85,85.25
Nuwakot,1989,437.15999999999997,-0.7408758851411192,0,19.22666666666667,26.656666666666666,12.700000000000001,13.956666666666665,27.323333333333334,4.673333333333333,83.74333333333334,2.763333333333333,72.36,9.463333333333333,38.36333333333334,56.1,653.13,0.31915051899095365,27.85,85.25
Nuwakot,1990,712.16,0.6088822346732995,0,18.72,25.60666666666667,12.493333333333334,13.106666666666667,32.76,5.473333333333334,83.80666666666667,2.67,30.0,10.373333333333333,34.0,23.48,437.15999999999997,-0.7408758851411192,27.85,85.25
Nuwakot,1991,379.88,-1.0220182309701005,1,19.823333333333334,27.34,12.993333333333332,14.343333333333334,24.69666666666667,4.3133333333333335,83.87333333333333,2.733333333333333,37.96,10.466666666666667,35.016666666666666,4.41,712.16,0.6088822346732995,27.85,85.25
Nuwakot,1992,389.98,-0.9724452963878254,1,19.62333333333333,27.173333333333332,13.026666666666666,14.15,24.72,4.27,83.83666666666666,2.953333333333333,22.69,9.17,36.06333333333333,25.55,379.88,-1.0220182309701005,27.85,85.25
Nuwakot,1993,415.32,-0.8480712209111079,1,18.14,25.263333333333335,11.87,13.393333333333333,33.78333333333333,5.416666666666667,83.89999999999999,2.6799999999999997,110.94,9.936666666666666,35.72666666666667,12.02,389.98,-0.9724452963878254,27.85,85.25
Nuwakot,1994,382.28999999999996,-1.0101894416291817,1,19.653333333333332,27.176666666666666,12.973333333333334,14.200000000000001,25.99666666666667,4.666666666666667,83.86,2.7899999999999996,26.81,10.473333333333334,31.419999999999998,18.38,415.32,-0.8480712209111079,27.85,85.25
Nuwakot,1995,520.2,-0.3332980150706122,0,19.84,27.323333333333334,13.170000000000002,14.156666666666666,24.50666666666667,4.44,83.86333333333333,2.8800000000000003,18.700000000000003,9.39,31.00333333333333,12.91,382.28999999999996,-1.0101894416291817,27.85,85.25
Nuwakot,1996,500.85999999999996,-0.4282228224786521,0,19.819999999999997,27.209999999999997,13.11,14.1,28.426666666666666,4.953333333333333,83.77333333333333,2.8033333333333332,46.16,9.626666666666667,39.63666666666666,53.68,520.2,-0.3332980150706122,27.85,85.25
Nuwakot,1997,389.77,-0.9734760207702293,1,18.290000000000003,25.426666666666666,11.916666666666666,13.51,29.843333333333334,4.726666666666667,83.91333333333334,2.686666666666667,48.2,9.256666666666666,28.55333333333333,5.56,500.85999999999996,-0.4282228224786521,27.85,85.25
Nuwakot,1998,509.23,-0.3871410935228457,0,18.903333333333332,25.99,12.743333333333334,13.243333333333332,34.65333333333333,5.88,83.93666666666667,2.6566666666666667,58.95,9.51,36.22666666666667,21.45,389.77,-0.9734760207702293,27.85,85.25
Nuwakot,1999,348.65999999999997,-1.175252589154123,1,20.29,27.883333333333336,13.75,14.133333333333333,24.099999999999998,4.516666666666667,83.68333333333334,2.7900000000000005,45.28,11.443333333333333,29.013333333333335,3.05,509.23,-0.3871410935228457,27.85,85.25
Nuwakot,2000,593.65,0.02721010820345675,0,19.21666666666667,26.19666666666667,13.076666666666668,13.12,30.820000000000004,5.56,83.74333333333334,2.6533333333333333,67.04,9.676666666666668,31.206666666666667,2.2600000000000002,348.65999999999997,-1.175252589154123,27.85,85.25
Nuwakot,2001,508.52000000000004,-0.39062592357763914,0,19.313333333333333,26.333333333333332,13.17,13.159999999999998,32.163333333333334,5.776666666666666,83.82666666666667,2.6933333333333334,53.55,10.49,28.703333333333333,0.46,593.65,0.02721010820345675,27.85,85.25
Nuwakot,2002,332.7,-1.253587642216807,1,19.123333333333335,25.95,13.236666666666666,12.706666666666669,38.53666666666667,6.553333333333334,83.84333333333332,2.6166666666666667,89.9,10.16,37.29333333333333,22.549999999999997,508.52000000000004,-0.39062592357763914,27.85,85.25
Nuwakot,2003,371.86,-1.0613820859552336,1,18.923333333333332,25.993333333333336,12.58,13.413333333333334,32.473333333333336,5.283333333333333,83.89,2.6133333333333333,17.86,9.786666666666667,38.20333333333333,60.07,332.7,-1.253587642216807,27.85,85.25
Nuwakot,2004,861.0,1.3394204112303107,0,19.25,25.796666666666667,13.563333333333333,12.233333333333334,41.379999999999995,7.0,83.82666666666667,2.44,267.77,9.816666666666668,41.38,34.67,371.86,-1.0613820859552336,27.85,85.25
Nuwakot,2005,783.72,0.9601138385057354,0,18.576666666666668,25.343333333333334,12.473333333333334,12.866666666666667,38.20333333333334,6.036666666666666,83.95,2.5,73.28999999999999,9.646666666666667,52.836666666666666,63.01,861.0,1.3394204112303107,27.85,85.25
Nuwakot,2006,871.51,1.3910057124639454,0,18.456666666666667,24.939999999999998,12.816666666666668,12.12,43.01666666666667,7.096666666666667,83.89,2.4299999999999997,172.5,11.373333333333335,38.88666666666666,0.04,783.72,0.9601138385057354,27.85,85.25
Nuwakot,2007,930.39,1.6800011964445745,0,18.516666666666666,24.78333333333333,12.883333333333333,11.896666666666667,47.75333333333333,7.726666666666667,83.92333333333333,2.3333333333333335,142.99,9.373333333333333,49.593333333333334,103.8,871.51,1.3910057124639454,27.85,85.25
Nuwakot,2008,1113.82,2.5803144034175154,0,18.66,25.353333333333335,12.633333333333333,12.716666666666667,40.06666666666667,6.543333333333333,83.82666666666667,2.5033333333333334,158.5,9.253333333333332,43.82,15.489999999999998,930.39,1.6800011964445745,27.85,85.25
Nuwakot,2009,683.91,0.4702252641832728,0,19.05666666666667,25.87,13.083333333333334,12.786666666666667,36.42666666666667,6.173333333333335,83.86333333333333,2.5233333333333334,128.48,11.44,47.330000000000005,1.51,1113.82,2.5803144034175154,27.85,85.25
Nuwakot,2010,885.97,1.4619784485094602,0,20.53,27.483333333333334,14.376666666666667,13.11,33.18333333333333,6.1000000000000005,83.86666666666667,2.6766666666666663,62.91,10.28,39.723333333333336,14.35,683.91,0.4702252641832728,27.85,85.25
Nuwakot,2011,891.25,1.4878938044098968,0,18.23,24.659999999999997,12.526666666666666,12.136666666666668,43.81,7.133333333333333,83.89999999999999,2.4599999999999995,172.44,9.306666666666667,46.52333333333333,15.850000000000001,885.97,1.4619784485094602,27.85,85.25
Nuwakot,2012,914.28,1.6009299116801734,0,19.14,26.11,12.753333333333332,13.353333333333333,32.70666666666667,5.483333333333333,83.81333333333333,2.7133333333333334,40.61,9.303333333333333,47.95666666666667,20.130000000000003,891.25,1.4878938044098968,27.85,85.25
Nuwakot,2013,1043.96,2.2374267588712056,0,18.62333333333333,25.30666666666667,12.806666666666667,12.503333333333332,41.85,6.706666666666667,83.83333333333333,2.6133333333333333,166.11,8.966666666666667,45.11666666666667,53.09,914.28,1.6009299116801734,27.85,85.25
Nuwakot,2014,1084.29,2.435374922406171,0,18.71,25.233333333333334,12.94,12.293333333333331,41.36000000000001,6.663333333333333,83.95666666666666,2.5500000000000003,167.82999999999998,9.41,57.86000000000001,27.259999999999998,1043.96,2.2374267588712056,27.85,85.25
Nuwakot,2015,992.93,1.986960733947097,0,18.176666666666666,24.113333333333333,12.853333333333333,11.256666666666666,50.56333333333333,7.846666666666667,84.0,2.3533333333333335,212.93,10.076666666666666,52.72,38.46,1084.29,2.435374922406171,27.85,85.25
Nuwakot,2016,988.39,1.9646774544417973,0,19.94333333333333,26.633333333333336,14.343333333333334,12.280000000000001,38.35,6.6933333333333325,83.88666666666667,2.6533333333333333,136.98,10.166666666666666,45.129999999999995,12.93,992.93,1.986960733947097,27.85,85.25
Nuwakot,2017,858.71,1.3281806072507654,0,18.400000000000002,24.7,12.956666666666665,11.746666666666668,46.99333333333334,7.696666666666666,83.87333333333333,2.3866666666666667,255.0,11.336666666666666,46.410000000000004,9.549999999999999,988.39,1.9646774544417973,27.85,85.25
Nuwakot,2018,24.950000000000003,-2.764089683572761,1,18.263333333333335,24.436666666666667,12.83,11.606666666666667,48.95666666666667,7.866666666666667,83.91333333333334,2.44,8.21,10.979999999999999,41.79,0.18,858.71,1.3281806072507654,27.85,85.25
Nuwakot,2019,32.05,-2.729241383024825,1,18.463333333333335,24.939999999999998,12.796666666666667,12.143333333333333,45.24666666666667,7.263333333333333,83.93,2.46,6.119999999999999,9.586666666666666,49.24,2.73,24.950000000000003,-2.764089683572761,27.85,85.25
Okhaldhunga,1982,477.16999999999996,-0.2806949403939863,0,16.973333333333333,23.560000000000002,11.323333333333332,12.233333333333334,43.876666666666665,6.43,82.77666666666666,2.85,117.3,8.5,47.803333333333335,72.44,762.87,1.6039418421394773,27.3,86.5
Okhaldhunga,1983,494.32,-0.1675639609734439,0,17.016666666666666,23.906666666666666,11.076666666666668,12.829999999999998,35.6,5.43,82.74,3.0766666666666667,80.75,8.033333333333333,34.89666666666667,1.91,477.16999999999996,-0.2806949403939863,27.3,86.5
Okhaldhunga,1984,649.38,0.8552984103938605,0,18.37333333333333,25.403333333333336,12.410000000000002,12.993333333333334,34.96333333333333,5.823333333333333,82.64999999999999,2.94,100.38,8.123333333333333,34.9,37.98,494.32,-0.1675639609734439,27.3,86.5
Okhaldhunga,1985,592.46,0.479822296771863,0,18.62,25.723333333333333,12.39,13.336666666666668,32.32666666666667,5.4433333333333325,82.62,2.9433333333333334,64.76,8.686666666666666,37.083333333333336,10.48,649.38,0.8552984103938605,27.3,86.5
Okhaldhunga,1986,574.47,0.3611502081552126,0,17.213333333333335,24.233333333333334,11.016666666666666,13.216666666666667,35.67666666666667,5.3999999999999995,82.71666666666667,3.0033333333333334,76.63,9.056666666666667,46.81666666666666,21.99,592.46,0.479822296771863,27.3,86.5
Okhaldhunga,1987,729.3499999999999,1.382825198980493,0,17.396666666666665,24.320000000000004,11.42,12.9,34.74333333333333,5.18,82.82666666666667,2.8333333333333335,72.4,9.25,39.6,28.09,574.47,0.3611502081552126,27.3,86.5
Okhaldhunga,1988,625.78,0.6996196282174874,0,17.853333333333335,24.83666666666667,11.88,12.956666666666669,39.72666666666667,6.31,82.71333333333332,2.796666666666667,112.25,9.963333333333333,43.78,6.93,729.3499999999999,1.382825198980493,27.3,86.5
Okhaldhunga,1989,518.85,-0.005750379329951012,0,17.94333333333333,25.169999999999998,11.776666666666666,13.39,31.366666666666664,5.033333333333334,82.64999999999999,3.103333333333333,76.61999999999999,8.816666666666666,39.41,51.97,625.78,0.6996196282174874,27.3,86.5
Okhaldhunga,1990,506.94,-0.08431539186048513,0,17.256666666666664,23.91,11.363333333333335,12.543333333333331,38.44,6.03,82.72666666666667,2.766666666666667,44.58,9.443333333333333,36.48666666666667,12.18,518.85,-0.005750379329951012,27.3,86.5
Okhaldhunga,1991,502.02,-0.1167704600091189,0,18.55666666666667,25.853333333333335,12.043333333333331,13.81,28.763333333333335,4.786666666666666,82.79,2.9766666666666666,24.78,9.636666666666667,36.18333333333333,5.970000000000001,506.94,-0.08431539186048513,27.3,86.5
Okhaldhunga,1992,410.35999999999996,-0.721411018241591,0,18.206666666666667,25.66333333333333,11.783333333333333,13.88,29.646666666666665,4.7700000000000005,82.73333333333333,3.3633333333333333,44.38,8.273333333333333,38.92666666666667,14.83,502.02,-0.1167704600091189,27.3,86.5
Okhaldhunga,1993,347.15999999999997,-1.1383135196630643,1,17.02,23.840000000000003,11.113333333333332,12.726666666666667,38.27,5.88,82.8,2.9499999999999997,100.32000000000001,9.126666666666667,36.35333333333333,19.52,410.35999999999996,-0.721411018241591,27.3,86.5
Okhaldhunga,1994,275.39,-1.6117485280019743,1,18.413333333333334,25.593333333333334,12.19,13.406666666666666,30.24333333333333,5.086666666666667,82.77666666666666,2.9499999999999997,38.17,9.703333333333333,34.03333333333333,18.8,347.15999999999997,-1.1383135196630643,27.3,86.5
Okhaldhunga,1995,429.93,-0.5923163670894036,0,18.596666666666668,25.986666666666668,12.156666666666666,13.829999999999998,27.69333333333333,4.760000000000001,82.76333333333334,3.223333333333333,37.86,8.713333333333333,30.123333333333335,9.54,275.39,-1.6117485280019743,27.3,86.5
Okhaldhunga,1996,386.12,-0.8813115979007128,1,18.726666666666667,25.933333333333334,12.37,13.563333333333333,30.87,5.153333333333333,82.67999999999999,3.14,27.66,8.696666666666667,42.15,42.08,429.93,-0.5923163670894036,27.3,86.5
Okhaldhunga,1997,365.66,-1.0162771861773479,1,17.026666666666667,23.94666666666667,10.94,13.003333333333336,33.75333333333334,5.05,82.81333333333333,2.9299999999999997,63.24,8.516666666666667,29.153333333333336,7.18,386.12,-0.8813115979007128,27.3,86.5
Okhaldhunga,1998,385.01,-0.8886337779098558,1,17.583333333333332,24.416666666666668,11.780000000000001,12.636666666666665,40.54666666666667,6.5,82.83999999999999,2.9299999999999997,72.58,8.683333333333334,37.84,22.130000000000003,365.66,-1.0162771861773479,27.3,86.5
Okhaldhunga,1999,314.92,-1.3509865678565496,1,18.956666666666667,26.256666666666664,12.700000000000001,13.563333333333333,29.913333333333338,5.246666666666667,82.59666666666668,2.966666666666667,58.97,10.723333333333334,31.613333333333333,8.49,385.01,-0.8886337779098558,27.3,86.5
Okhaldhunga,2000,431.3,-0.5832790818528938,0,17.673333333333332,24.376666666666665,11.993333333333334,12.383333333333333,37.593333333333334,6.253333333333334,82.67,2.81,76.22,8.736666666666666,34.19,2.88,314.92,-1.3509865678565496,27.3,86.5
Okhaldhunga,2001,403.4,-0.7673230658664874,0,18.113333333333333,24.930000000000003,12.35,12.58,35.46666666666667,6.006666666666667,82.74666666666667,2.8699999999999997,45.72,9.64,30.28,1.15,431.3,-0.5832790818528938,27.3,86.5
Okhaldhunga,2002,318.33,-1.3284923031437772,1,17.666666666666668,24.043333333333333,12.326666666666666,11.716666666666667,45.673333333333325,7.226666666666667,82.76333333333334,2.64,109.16,9.41,40.473333333333336,15.03,403.4,-0.7673230658664874,27.3,86.5
Okhaldhunga,2003,418.66,-0.6666595821371883,0,17.62666666666667,24.386666666666667,11.813333333333333,12.576666666666668,38.77,6.03,82.80666666666667,2.78,37.64,9.06,40.17333333333333,36.45,318.33,-1.3284923031437772,27.3,86.5
Okhaldhunga,2004,757.95,1.571486773990844,0,18.243333333333336,24.703333333333333,12.783333333333333,11.916666666666666,44.54,7.2,82.74000000000001,2.6533333333333333,165.53000000000003,8.88,46.330000000000005,31.07,418.66,-0.6666595821371883,27.3,86.5
Okhaldhunga,2005,672.92,1.0105813990562253,0,17.400000000000002,23.95,11.686666666666667,12.263333333333334,43.696666666666665,6.609999999999999,82.86333333333333,2.736666666666667,123.63,9.12,53.47,28.81,757.95,1.571486773990844,27.3,86.5
Okhaldhunga,2006,717.13,1.302215253294253,0,17.623333333333335,23.986666666666668,12.153333333333334,11.833333333333334,44.21333333333333,7.04,82.80333333333333,2.676666666666667,101.77000000000001,10.596666666666666,39.556666666666665,0.01,672.92,1.0105813990562253,27.3,86.5
Okhaldhunga,2007,750.4,1.5216827568115379,0,17.669999999999998,23.963333333333335,12.31,11.65,48.85,7.666666666666667,82.82666666666667,2.5833333333333335,153.01,8.77,50.69,43.42,717.13,1.302215253294253,27.3,86.5
Okhaldhunga,2008,732.83,1.405781222792942,0,17.540000000000003,23.97,11.963333333333333,12.003333333333332,45.29,7.02,82.74333333333334,2.5933333333333333,120.13,8.306666666666667,47.169999999999995,23.02,750.4,1.5216827568115379,27.3,86.5
Okhaldhunga,2009,520.85,0.007442737803639911,0,17.956666666666667,24.60666666666667,12.276666666666666,12.326666666666668,39.77333333333333,6.409999999999999,82.77,2.69,121.68,10.766666666666666,47.35666666666666,0.5800000000000001,732.83,1.405781222792942,27.3,86.5
Okhaldhunga,2010,789.1800000000001,1.7774972980318664,0,19.07,25.86,13.356666666666667,12.503333333333332,38.57666666666667,6.57,82.78666666666668,2.86,116.32,9.416666666666666,40.906666666666666,6.48,520.85,0.007442737803639911,27.3,86.5
Okhaldhunga,2011,846.0699999999999,2.1527755148968595,0,17.086666666666666,23.313333333333333,11.673333333333332,11.64,47.846666666666664,7.3500000000000005,82.80666666666667,2.61,144.62,8.333333333333334,49.54333333333333,13.17,789.1800000000001,1.7774972980318664,27.3,86.5
Okhaldhunga,2012,710.27,1.256962861526036,0,17.80333333333333,24.583333333333332,11.86,12.719999999999999,38.31,6.07,82.72000000000001,2.9933333333333336,85.0,8.346666666666666,52.413333333333334,12.82,846.0699999999999,2.1527755148968595,27.3,86.5
Okhaldhunga,2013,748.0799999999999,1.506378740936572,0,17.673333333333336,24.400000000000002,12.12,12.28,42.79,6.603333333333334,82.72333333333334,2.903333333333333,162.34,8.83,38.91,36.839999999999996,710.27,1.256962861526036,27.3,86.5
Okhaldhunga,2014,732.69,1.4048577045935908,0,17.736666666666665,24.310000000000002,12.156666666666666,12.15,41.166666666666664,6.363333333333333,82.85333333333334,2.92,141.7,8.676666666666668,56.14333333333334,14.15,748.0799999999999,1.506378740936572,27.3,86.5
Okhaldhunga,2015,859.87,2.2438080231186373,0,17.203333333333333,23.13,12.19,10.94,52.45666666666667,7.926666666666667,82.89666666666666,2.6799999999999997,237.70999999999998,9.89,48.70666666666667,15.34,732.69,1.4048577045935908,27.3,86.5
Okhaldhunga,2016,950.5799999999999,2.842181850712653,0,18.58,24.963333333333335,13.410000000000002,11.553333333333333,43.92666666666667,7.1866666666666665,82.78333333333335,3.0133333333333336,201.52,9.24,49.72333333333333,15.93,859.87,2.2438080231186373,27.3,86.5
Okhaldhunga,2017,790.53,1.7864026520970397,0,17.226666666666667,23.256666666666664,12.13,11.126666666666667,52.13333333333333,8.016666666666666,82.78333333333335,2.6533333333333338,220.43,10.396666666666667,52.96666666666667,4.01,950.5799999999999,2.842181850712653,27.3,86.5
Okhaldhunga,2018,23.28,-3.274806908276778,1,16.916666666666668,22.776666666666667,11.976666666666667,10.796666666666667,54.26333333333333,8.13,82.82666666666667,2.513333333333333,6.65,9.936666666666667,48.13333333333333,0.13,790.53,1.7864026520970397,27.3,86.5
Okhaldhunga,2019,29.25,-3.235425453633009,1,17.246666666666666,23.63,11.839999999999998,11.793333333333335,48.15,7.363333333333333,82.83,2.7266666666666666,5.880000000000001,8.846666666666666,51.776666666666664,1.28,23.28,-3.274806908276778,27.3,86.5
Palpa,1982,758.57,-0.02242995201355522,0,24.63,32.053333333333335,17.953333333333333,14.1,34.02,6.923333333333333,92.57000000000001,2.85,82.35,14.113333333333335,45.97,76.52,1127.98,1.1720898761157827,27.9,83.5
Palpa,1983,433.65,-1.073087439779952,1,24.956666666666667,32.56,18.053333333333335,14.506666666666666,26.186666666666667,5.75,92.52666666666666,3.0066666666666664,70.71000000000001,13.983333333333334,32.916666666666664,8.65,758.57,-0.02242995201355522,27.9,83.5
Palpa,1984,928.63,0.5274740624193923,0,26.85666666666667,35.03333333333333,19.38,15.653333333333334,21.266666666666666,5.22,92.36000000000001,3.09,25.65,14.170000000000002,33.98,31.46,433.65,-1.073087439779952,27.9,83.5
Palpa,1985,754.82,-0.034555907876918465,0,26.863333333333333,35.199999999999996,19.16333333333333,16.036666666666665,19.063333333333333,4.7,92.31666666666666,3.17,26.259999999999998,14.32,35.276666666666664,38.57,928.63,0.5274740624193923,27.9,83.5
Palpa,1986,545.87,-0.7102141685835188,0,25.430000000000003,33.330000000000005,18.14,15.193333333333333,23.243333333333336,5.103333333333333,92.48333333333333,2.973333333333333,37.79,14.573333333333332,44.29333333333333,18.95,754.82,-0.034555907876918465,27.9,83.5
Palpa,1987,760.5699999999999,-0.015962775553095186,0,25.613333333333333,33.42333333333334,18.55333333333333,14.87,23.176666666666666,5.0566666666666675,92.60666666666667,2.953333333333333,32.75,15.336666666666666,33.47666666666667,47.22,545.87,-0.7102141685835188,27.9,83.5
Palpa,1988,921.87,0.5056150059830362,0,26.116666666666664,34.10333333333333,18.776666666666667,15.326666666666666,25.77,5.886666666666667,92.44,2.8266666666666667,86.47,15.36,35.830000000000005,15.64,760.5699999999999,-0.015962775553095186,27.9,83.5
Palpa,1989,673.02,-0.299063425109749,0,25.896666666666665,34.21333333333333,18.41,15.799999999999999,21.06,4.876666666666667,92.39,3.266666666666667,50.989999999999995,14.263333333333334,37.42333333333333,56.5,921.87,0.5056150059830362,27.9,83.5
Palpa,1990,1038.65,0.8832334395093192,0,25.643333333333334,33.056666666666665,18.76,14.296666666666667,25.613333333333333,5.823333333333333,92.48333333333333,2.8866666666666667,31.259999999999998,15.356666666666667,31.810000000000002,35.22,673.02,-0.299063425109749,27.9,83.5
Palpa,1991,546.21,-0.7091147485852405,0,26.743333333333336,34.89666666666667,19.296666666666667,15.596666666666666,18.34,4.3533333333333335,92.52333333333333,3.033333333333333,36.94,15.633333333333333,33.473333333333336,8.35,1038.65,0.8832334395093192,27.9,83.5
Palpa,1992,582.12,-0.5929965952376741,0,26.416666666666668,34.61333333333334,19.033333333333335,15.58,19.423333333333332,4.556666666666667,92.48333333333333,3.6166666666666667,20.57,14.270000000000001,35.76333333333333,33.42,546.21,-0.7091147485852405,27.9,83.5
Palpa,1993,576.5899999999999,-0.6108783381508474,0,24.863333333333333,32.653333333333336,17.94333333333333,14.706666666666665,25.78333333333333,5.496666666666667,92.59666666666668,2.966666666666667,75.85,15.073333333333332,32.446666666666665,7.59,582.12,-0.5929965952376741,27.9,83.5
Palpa,1994,590.7,-0.5652524082222988,0,26.543333333333333,34.60666666666666,19.253333333333334,15.353333333333333,19.633333333333333,4.806666666666667,92.52,3.09,13.35,15.416666666666666,29.543333333333333,25.400000000000002,576.5899999999999,-0.6108783381508474,27.9,83.5
Palpa,1995,660.89,-0.3382868503424413,0,26.633333333333336,34.65,19.36,15.29,19.546666666666667,4.776666666666666,92.52,3.2733333333333334,19.32,14.756666666666668,29.80333333333333,24.15,590.7,-0.5652524082222988,27.9,83.5
Palpa,1996,584.49,-0.5853329911320285,0,26.439999999999998,34.473333333333336,19.063333333333333,15.413333333333334,23.456666666666667,5.453333333333333,92.41333333333334,3.11,62.8,14.596666666666666,38.656666666666666,74.41,660.89,-0.3382868503424413,27.9,83.5
Palpa,1997,352.78,-1.3345877199586682,1,25.046666666666667,32.74666666666667,17.95,14.793333333333335,23.13,4.989999999999999,92.61666666666667,2.9766666666666666,45.52,14.276666666666666,26.16333333333333,4.819999999999999,584.49,-0.5853329911320285,27.9,83.5
Palpa,1998,750.91,-0.04719923785711881,0,25.363333333333333,32.86666666666667,18.68,14.186666666666667,28.026666666666667,6.243333333333333,92.64,2.8466666666666662,51.83,14.32,36.46,25.35,352.78,-1.3345877199586682,27.9,83.5
Palpa,1999,372.15000000000003,-1.2719531159391089,1,26.706666666666667,35.11666666666667,19.136666666666667,15.979999999999999,18.92,4.763333333333333,92.29666666666667,3.026666666666667,56.07,16.063333333333333,30.91333333333333,11.21,750.91,-0.04719923785711881,27.9,83.5
Palpa,2000,752.09,-0.04338360374544697,0,26.05666666666667,33.69,19.16333333333333,14.533333333333331,23.356666666666666,5.75,92.39333333333333,2.876666666666667,67.59,14.953333333333333,26.69333333333333,5.470000000000001,372.15000000000003,-1.2719531159391089,27.9,83.5
Palpa,2001,639.6,-0.40712994376404216,0,25.94666666666667,33.39333333333334,19.22,14.176666666666668,25.853333333333335,6.28,92.5,2.8466666666666662,77.25,15.016666666666666,27.94666666666667,0.44999999999999996,752.09,-0.04338360374544697,27.9,83.5
Palpa,2002,324.95,-1.4245784804059745,1,26.2,33.64666666666667,19.423333333333336,14.223333333333334,27.456666666666667,6.436666666666667,92.50666666666666,2.8833333333333333,53.88,14.923333333333334,37.303333333333335,29.23,639.6,-0.40712994376404216,27.9,83.5
Palpa,2003,477.11,-0.9325556952941473,1,25.833333333333332,33.39333333333334,18.72666666666667,14.663333333333334,23.30666666666667,5.2,92.57,2.76,20.42,14.693333333333333,36.263333333333335,52.63,324.95,-1.4245784804059745,27.9,83.5
Palpa,2004,1059.38,0.9502657235219912,0,26.406666666666666,33.92666666666667,19.706666666666667,14.216666666666667,29.066666666666666,6.873333333333334,92.45666666666666,2.7866666666666666,128.3,14.83,39.64,38.19,477.11,-0.9325556952941473,27.9,83.5
Palpa,2005,1000.3299999999999,0.7593223385268975,0,25.656666666666666,33.156666666666666,18.81,14.346666666666666,27.506666666666664,5.9366666666666665,92.62666666666667,2.733333333333333,54.86,14.910000000000002,47.166666666666664,50.58,1059.38,0.9502657235219912,27.9,83.5
Palpa,2006,1047.05,0.9103955806432524,0,24.866666666666664,31.810000000000002,18.64666666666667,13.160000000000002,36.51,7.946666666666666,92.58333333333333,2.53,208.26999999999998,15.636666666666668,43.14000000000001,0.44,1000.3299999999999,0.7593223385268975,27.9,83.5
Palpa,2007,1269.85,1.6308390383385407,0,25.00333333333333,31.853333333333335,18.793333333333333,13.06,39.703333333333326,8.556666666666667,92.60666666666667,2.5066666666666664,131.62,14.133333333333333,46.39000000000001,124.35,1047.05,0.9103955806432524,27.9,83.5
Palpa,2008,1735.03,3.1350396112770254,0,25.44666666666667,32.76,18.656666666666666,14.106666666666667,30.409999999999997,6.726666666666667,92.49000000000001,2.596666666666667,122.19999999999999,13.686666666666667,46.85333333333333,8.07,1269.85,1.6308390383385407,27.9,83.5
Palpa,2009,933.83,0.5442887212165896,0,25.563333333333333,32.94,19.006666666666664,13.933333333333332,29.906666666666666,6.783333333333334,92.52666666666666,2.736666666666667,151.72,15.723333333333334,48.9,5.76,1735.03,3.1350396112770254,27.9,83.5
Palpa,2010,1181.56,1.3453455334915165,0,27.5,35.21666666666667,20.493333333333332,14.72,24.69,6.213333333333334,92.48,3.0,36.7,14.873333333333333,41.65,19.22,933.83,0.5442887212165896,27.9,83.5
Palpa,2011,1185.74,1.358861932293879,0,24.98,31.98,18.636666666666667,13.343333333333334,35.126666666666665,7.773333333333333,92.58666666666666,2.6366666666666667,168.68,13.959999999999999,48.22333333333333,22.05,1181.56,1.3453455334915165,27.9,83.5
Palpa,2012,1328.11,1.819227888631752,0,25.900000000000002,33.556666666666665,18.94666666666667,14.606666666666667,25.3,5.673333333333333,92.47666666666667,2.986666666666667,42.92,14.209999999999999,47.31333333333333,36.260000000000005,1185.74,1.358861932293879,27.9,83.5
Palpa,2013,1521.51,2.444603852358273,0,25.083333333333332,32.43333333333333,18.58,13.853333333333333,35.54333333333333,7.56,92.50333333333333,2.7733333333333334,157.44,13.290000000000001,53.14000000000001,72.55,1328.11,1.819227888631752,27.9,83.5
Palpa,2014,1559.6399999999999,2.56790057157695,0,25.336666666666662,32.67333333333334,18.653333333333332,14.020000000000001,34.27666666666667,7.37,92.63333333333333,2.893333333333333,132.67000000000002,14.123333333333335,58.80666666666667,46.71,1521.51,2.444603852358273,27.9,83.5
Palpa,2015,1362.3,1.9297842702233228,0,24.459999999999997,31.146666666666665,18.433333333333334,12.713333333333333,44.120000000000005,9.01,92.69666666666666,2.5466666666666664,261.43,14.589999999999998,53.85333333333333,73.32,1559.6399999999999,2.56790057157695,27.9,83.5
Palpa,2016,1426.15,2.1362488787235216,0,26.723333333333333,33.96333333333333,20.37333333333333,13.590000000000002,30.386666666666667,7.176666666666667,92.52666666666666,3.0233333333333334,190.29000000000002,15.303333333333333,40.27,7.52,1362.3,1.9297842702233228,27.9,83.5
Palpa,2017,1462.31,2.253175429128645,0,25.3,32.18,19.043333333333333,13.14,37.053333333333335,8.346666666666666,92.54,2.4633333333333334,258.49,15.9,46.23666666666667,13.44,1426.15,2.1362488787235216,27.9,83.5
Palpa,2018,40.24,-2.3452133854348145,1,24.97,31.813333333333333,18.849999999999998,12.963333333333333,39.550000000000004,8.643333333333333,92.58666666666666,2.6133333333333333,9.82,15.266666666666666,42.92666666666667,0.44,1462.31,2.253175429128645,27.9,83.5
Palpa,2019,44.08,-2.3327964066307305,1,24.94666666666667,32.18666666666667,18.53333333333333,13.653333333333334,37.74333333333333,8.073333333333332,92.61,2.6133333333333333,6.56,14.69,48.93333333333334,4.18,40.24,-2.3452133854348145,27.9,83.5
Panchther,1982,767.28,0.43909365191775496,0,14.326666666666668,20.62,8.913333333333334,11.71,53.416666666666664,6.906666666666666,79.97,2.4266666666666663,177.15,6.6933333333333325,54.379999999999995,63.79,1024.8,2.1733238540553788,27.1,87.8
Panchther,1983,715.21,0.088435968532752,0,14.206666666666669,21.06,8.44,12.623333333333333,43.593333333333334,5.79,79.92666666666666,2.59,147.91,5.79,43.29333333333333,2.27,767.28,0.43909365191775496,27.1,87.8
Panchther,1984,856.4399999999999,1.0395284329933627,0,15.693333333333333,22.733333333333334,9.766666666666666,12.969999999999999,42.06,6.173333333333333,79.87333333333333,2.6333333333333333,127.18,6.140000000000001,42.833333333333336,33.34,715.21,0.088435968532752,27.1,87.8
Panchther,1985,821.48,0.8040955040296659,0,15.88,22.906666666666666,9.833333333333334,13.073333333333332,40.45333333333333,5.953333333333333,79.84333333333333,2.606666666666667,84.52000000000001,6.5566666666666675,45.60999999999999,7.91,856.4399999999999,1.0395284329933627,27.1,87.8
Panchther,1986,695.83,-0.04207576382755844,0,14.62,21.560000000000002,8.549999999999999,13.013333333333334,42.13333333333333,5.626666666666666,79.91333333333334,2.64,87.73,7.196666666666666,53.64000000000001,20.72,821.48,0.8040955040296659,27.1,87.8
Panchther,1987,908.6,1.3907922080147148,0,14.686666666666667,21.573333333333334,8.756666666666666,12.816666666666668,42.26333333333333,5.566666666666666,80.03,2.5566666666666666,115.18,7.303333333333334,47.11666666666667,24.02,695.83,-0.04207576382755844,27.1,87.8
Panchther,1988,780.49,0.5280544354306397,0,15.43,22.363333333333333,9.646666666666667,12.716666666666667,45.50333333333333,6.47,79.91333333333334,2.526666666666667,111.15,8.283333333333333,47.21333333333333,10.94,908.6,1.3907922080147148,27.1,87.8
Panchther,1989,797.41,0.6419996630640993,0,15.273333333333333,22.426666666666666,9.159999999999998,13.270000000000001,37.20666666666667,5.26,79.85666666666667,2.686666666666667,162.19,6.946666666666666,43.96,48.919999999999995,780.49,0.5280544354306397,27.1,87.8
Panchther,1990,615.79,-0.5810932590865502,0,14.46,21.02,8.816666666666666,12.206666666666665,47.6,6.516666666666667,79.92333333333333,2.5500000000000003,87.88,7.346666666666667,43.20666666666667,9.13,797.41,0.6419996630640993,27.1,87.8
Panchther,1991,776.03,0.4980192276738291,0,15.756666666666668,23.063333333333333,9.24,13.82,35.696666666666665,5.183333333333334,80.0,2.7133333333333334,37.67,7.573333333333334,41.57666666666667,8.49,615.79,-0.5810932590865502,27.1,87.8
Panchther,1992,634.11,-0.4577199393321181,0,15.326666666666668,22.723333333333333,9.123333333333333,13.603333333333333,36.949999999999996,5.16,79.94,2.723333333333333,86.30000000000001,6.16,47.06333333333333,10.68,776.03,0.4980192276738291,27.1,87.8
Panchther,1993,424.07,-1.8722031315384964,1,14.5,21.27333333333333,8.663333333333332,12.61,44.913333333333334,6.133333333333333,79.99666666666667,2.5833333333333335,101.63,7.05,41.806666666666665,16.73,634.11,-0.4577199393321181,27.1,87.8
Panchther,1994,458.33,-1.6414842486352852,1,15.666666666666666,22.886666666666667,9.476666666666667,13.42,36.77,5.38,79.98333333333333,2.6633333333333336,56.3,7.766666666666667,38.733333333333334,22.69,424.07,-1.8722031315384964,27.1,87.8
Panchther,1995,512.25,-1.2783680149475687,1,15.893333333333333,23.27,9.443333333333333,13.823333333333332,33.556666666666665,5.093333333333334,79.97333333333334,2.72,60.76,6.536666666666666,35.54333333333333,10.83,458.33,-1.6414842486352852,27.1,87.8
Panchther,1996,563.38,-0.9340406219866465,1,15.933333333333332,23.060000000000002,9.703333333333333,13.356666666666667,38.18333333333334,5.603333333333334,79.89333333333333,2.6799999999999997,62.1,6.760000000000001,48.89000000000001,39.019999999999996,512.25,-1.2783680149475687,27.1,87.8
Panchther,1997,623.49,-0.5292387524212047,0,14.286666666666667,21.05666666666667,8.393333333333333,12.666666666666666,41.92333333333333,5.47,80.01333333333334,2.5900000000000003,106.25999999999999,6.48,34.66,4.85,563.38,-0.9340406219866465,27.1,87.8
Panchther,1998,664.8100000000001,-0.2509753478222348,0,14.853333333333333,21.513333333333332,9.306666666666667,12.21,50.19,7.03,80.04,2.533333333333333,138.28,6.716666666666666,44.51333333333333,18.51,623.49,-0.5292387524212047,27.1,87.8
Panchther,1999,585.83,-0.7828544304753474,0,16.316666666666666,23.543333333333333,10.303333333333333,13.24,38.056666666666665,5.920000000000001,79.81666666666666,2.6533333333333333,107.16,8.706666666666667,39.00333333333333,8.46,664.8100000000001,-0.2509753478222348,27.1,87.8
Panchther,2000,532.02,-1.1452298854964162,1,14.936666666666667,21.55,9.51,12.040000000000001,45.96999999999999,6.660000000000001,79.87333333333333,2.5533333333333332,113.55,6.523333333333333,43.69,6.59,585.83,-0.7828544304753474,27.1,87.8
Panchther,2001,576.8,-0.8436656246556166,1,15.25,21.993333333333336,9.643333333333333,12.35,44.076666666666675,6.433333333333333,79.95,2.546666666666667,115.71000000000001,7.696666666666666,36.03666666666667,3.13,532.02,-1.1452298854964162,27.1,87.8
Panchther,2002,556.42,-0.9809117085309068,1,14.946666666666667,21.28333333333333,9.840000000000002,11.443333333333333,54.553333333333335,7.526666666666666,79.97666666666667,2.4600000000000004,144.13,7.486666666666667,48.31,11.71,576.8,-0.8436656246556166,27.1,87.8
Panchther,2003,608.02,-0.6334191703579438,0,14.86,21.44333333333333,9.283333333333333,12.166666666666666,48.870000000000005,6.646666666666667,80.00333333333333,2.5166666666666666,67.38,7.206666666666667,46.04666666666666,40.29,556.42,-0.9809117085309068,27.1,87.8
Panchther,2004,849.05,0.9897615752976613,0,15.856666666666667,22.28333333333333,10.549999999999999,11.733333333333334,51.4,7.43,79.95666666666666,2.5033333333333334,115.4,6.906666666666666,54.59,26.57,608.02,-0.6334191703579438,27.1,87.8
Panchther,2005,794.48,0.6222680131252085,0,14.893333333333333,21.406666666666666,9.31,12.096666666666666,51.23,6.903333333333333,80.05666666666667,2.473333333333333,139.01,7.403333333333333,58.45333333333334,15.3,849.05,0.9897615752976613,27.1,87.8
Panchther,2006,813.8299999999999,0.752577714940069,0,15.173333333333332,21.633333333333336,9.766666666666666,11.866666666666667,50.00333333333333,7.09,80.0,2.48,106.97999999999999,8.756666666666666,47.21,0.07,794.48,0.6222680131252085,27.1,87.8
Panchther,2007,913.4399999999999,1.423386469347217,0,15.37,21.709999999999997,10.066666666666666,11.64,54.28666666666667,7.646666666666667,80.03333333333333,2.38,176.51999999999998,7.006666666666667,57.29666666666666,31.009999999999998,813.8299999999999,0.752577714940069,27.1,87.8
Panchther,2008,836.16,0.9029557842695705,0,15.006666666666668,21.353333333333335,9.663333333333334,11.69,53.61333333333334,7.3500000000000005,79.94666666666666,2.44,124.92,6.493333333333333,54.27666666666667,17.490000000000002,913.4399999999999,1.423386469347217,27.1,87.8
Panchther,2009,654.41,-0.3210126035780264,0,15.323333333333332,21.96666666666667,9.746666666666668,12.223333333333334,47.403333333333336,6.716666666666666,79.98,2.533333333333333,209.42000000000002,8.89,54.120000000000005,1.52,836.16,0.9029557842695705,27.1,87.8
Panchther,2010,1149.3,3.0117506176703763,0,16.246666666666666,22.893333333333334,10.663333333333334,12.229999999999999,47.17666666666667,7.0,80.00333333333333,2.533333333333333,193.28,7.463333333333334,48.373333333333335,3.34,654.41,-0.3210126035780264,27.1,87.8
Panchther,2011,1134.9,2.9147759558546666,0,14.596666666666666,20.796666666666667,9.386666666666668,11.409999999999998,55.68333333333334,7.573333333333333,80.00666666666666,2.39,156.01,6.536666666666666,55.65333333333333,19.89,1149.3,3.0117506176703763,27.1,87.8
Panchther,2012,859.03,1.0569704034171608,0,15.056666666666667,21.62,9.346666666666666,12.273333333333333,47.70333333333334,6.636666666666667,79.92,2.5500000000000003,136.43,6.523333333333333,58.75,17.85,1134.9,2.9147759558546666,27.1,87.8
Panchther,2013,993.22,1.960653033212314,0,15.299999999999999,21.956666666666667,9.833333333333334,12.126666666666667,49.22,6.833333333333333,79.93333333333334,2.51,226.41,7.543333333333333,41.300000000000004,36.08,859.03,1.0569704034171608,27.1,87.8
Panchther,2014,811.1800000000001,0.7347316834253732,0,15.200000000000001,21.63,9.686666666666666,11.946666666666667,48.27333333333333,6.640000000000001,80.05666666666666,2.5033333333333334,212.75,7.243333333333333,60.24,8.87,993.22,1.960653033212314,27.1,87.8
Panchther,2015,970.3900000000001,1.8069077881253233,0,14.946666666666667,20.69,10.13,10.563333333333333,59.92666666666667,8.17,80.08666666666666,2.42,260.99,8.273333333333333,53.67666666666667,16.09,811.1800000000001,0.7347316834253732,27.1,87.8
Panchther,2016,1083.13,2.5661385779241574,0,16.113333333333333,22.206666666666667,11.1,11.103333333333333,50.67666666666667,7.363333333333333,79.99333333333334,2.5900000000000003,252.05,7.463333333333334,55.67666666666667,14.850000000000001,970.3900000000001,1.8069077881253233,27.1,87.8
Panchther,2017,947.82,1.6549134744322267,0,14.816666666666668,20.646666666666665,9.88,10.766666666666666,59.65,8.186666666666667,79.98333333333333,2.46,258.43,8.836666666666668,56.596666666666664,4.41,1083.13,2.5661385779241574,27.1,87.8
Panchther,2018,29.5,-4.529376208804115,1,14.49,20.086666666666666,9.836666666666668,10.25,62.089999999999996,8.28,80.03,2.393333333333333,8.02,8.36,53.45666666666667,0.2,947.82,1.6549134744322267,27.1,87.8
Panchther,2019,35.35,-4.489980252441483,1,14.616666666666667,20.686666666666667,9.47,11.216666666666667,57.620000000000005,7.760000000000001,80.02333333333333,2.3833333333333333,7.54,7.0200000000000005,57.45666666666667,1.33,29.5,-4.529376208804115,27.1,87.8
Parbat,1982,660.38,0.05331411709987951,0,14.416666666666666,21.153333333333332,8.493333333333332,12.663333333333334,45.47333333333333,5.8500000000000005,79.26,2.563333333333333,64.03999999999999,5.78,51.096666666666664,77.44999999999999,941.49,1.0673994020586246,28.2,83.7
Parbat,1983,407.71,-0.8581757941467006,1,14.63,21.743333333333336,8.446666666666667,13.296666666666667,37.04,5.023333333333333,79.21333333333332,2.763333333333333,71.37,5.803333333333334,38.669999999999995,9.45,660.38,0.05331411709987951,28.2,83.7
Parbat,1984,826.21,0.651534610162057,0,16.793333333333333,24.353333333333335,10.106666666666667,14.25,29.426666666666666,4.576666666666667,79.15333333333334,2.8433333333333337,25.229999999999997,5.993333333333333,37.153333333333336,29.790000000000003,407.71,-0.8581757941467006,28.2,83.7
Parbat,1985,612.03,-0.12110523307533784,0,16.713333333333335,24.316666666666666,10.023333333333333,14.293333333333335,28.01,4.29,79.12333333333333,2.84,30.48,6.086666666666666,41.70666666666667,45.04,826.21,0.651534610162057,28.2,83.7
Parbat,1986,487.19,-0.5714570774574292,0,15.0,22.263333333333332,8.61,13.656666666666666,32.47666666666667,4.3966666666666665,79.19666666666667,2.793333333333333,34.230000000000004,6.890000000000001,45.43333333333334,19.92,612.03,-0.12110523307533784,28.2,83.7
Parbat,1987,605.94,-0.14307449558965135,0,15.363333333333335,22.666666666666668,9.113333333333333,13.546666666666667,32.276666666666664,4.403333333333333,79.31,2.7533333333333334,34.29,6.789999999999999,37.663333333333334,42.65,487.19,-0.5714570774574292,28.2,83.7
Parbat,1988,798.3100000000001,0.5508872498748066,0,16.123333333333335,23.526666666666667,9.556666666666667,13.973333333333334,33.65,4.863333333333333,79.20333333333333,2.78,81.52000000000001,8.043333333333335,37.84666666666667,23.31,605.94,-0.14307449558965135,28.2,83.7
Parbat,1989,555.68,-0.32438404139743704,0,15.896666666666667,23.516666666666666,9.256666666666666,14.263333333333334,28.876666666666665,4.2299999999999995,79.14,2.8433333333333333,54.67,6.413333333333334,42.43666666666667,54.86,798.3100000000001,0.5508872498748066,28.2,83.7
Parbat,1990,820.4100000000001,0.6306115030055679,0,15.160000000000002,22.093333333333334,8.966666666666667,13.126666666666665,36.62,5.116666666666666,79.19666666666666,2.736666666666667,33.17,7.403333333333333,36.99666666666667,32.519999999999996,555.68,-0.32438404139743704,28.2,83.7
Parbat,1991,424.9,-0.7961640334535882,0,16.293333333333333,23.876666666666665,9.566666666666668,14.306666666666667,26.756666666666664,3.893333333333333,79.28333333333335,2.86,40.51,7.033333333333334,40.806666666666665,8.76,820.4100000000001,0.6306115030055679,28.2,83.7
Parbat,1992,502.93,-0.5146760935534391,0,16.343333333333334,24.046666666666667,9.823333333333332,14.223333333333334,26.456666666666667,3.9133333333333336,79.23,3.0033333333333334,18.27,6.286666666666666,39.78666666666667,34.43,424.9,-0.7961640334535882,28.2,83.7
Parbat,1993,466.56,-0.6458784051537009,0,14.786666666666667,22.076666666666664,8.583333333333334,13.493333333333334,34.39666666666667,4.6433333333333335,79.28,2.7866666666666666,71.62,7.09,37.37,8.35,502.93,-0.5146760935534391,28.2,83.7
Parbat,1994,475.24,-0.614565893064334,0,16.27,23.930000000000003,9.700000000000001,14.223333333333334,27.333333333333332,4.146666666666667,79.27,2.8800000000000003,13.32,7.403333333333333,32.62,20.73,466.56,-0.6458784051537009,28.2,83.7
Parbat,1995,535.74,-0.3963162408285399,0,16.19,23.73,9.536666666666667,14.193333333333333,28.08,4.25,79.26666666666667,2.91,26.57,6.126666666666666,34.92666666666667,20.060000000000002,475.24,-0.614565893064334,28.2,83.7
Parbat,1996,460.23,-0.668713451412421,0,16.209999999999997,23.673333333333336,9.486666666666666,14.186666666666667,32.153333333333336,4.723333333333334,79.19,2.8166666666666664,71.80000000000001,6.56,41.3,61.54,535.74,-0.3963162408285399,28.2,83.7
Parbat,1997,259.9,-1.3913903577330267,1,14.733333333333334,21.923333333333336,8.433333333333334,13.49,32.656666666666666,4.329999999999999,79.29666666666667,2.7433333333333336,38.79,6.363333333333333,29.343333333333334,4.21,460.23,-0.668713451412421,28.2,83.7
Parbat,1998,574.51,-0.2564560917842137,0,15.613333333333335,22.853333333333335,9.416666666666666,13.436666666666667,35.64,5.1066666666666665,79.33,2.7266666666666666,48.11,6.446666666666666,37.693333333333335,21.48,259.9,-1.3913903577330267,28.2,83.7
Parbat,1999,286.89,-1.2940257608099839,1,16.826666666666668,24.703333333333333,10.093333333333334,14.613333333333335,25.22,4.02,79.11333333333333,2.866666666666667,56.42,8.193333333333333,32.04666666666667,10.940000000000001,574.51,-0.2564560917842137,28.2,83.7
Parbat,2000,611.2,-0.12409940185807657,0,15.883333333333335,23.116666666666664,9.603333333333333,13.513333333333334,31.27333333333333,4.843333333333333,79.15333333333334,2.7600000000000002,59.97,6.489999999999999,31.77333333333333,6.32,286.89,-1.2940257608099839,28.2,83.7
Parbat,2001,527.13,-0.42737623265912156,0,15.603333333333333,22.613333333333333,9.473333333333334,13.143333333333333,35.88,5.366666666666667,79.23666666666666,2.6733333333333333,71.9,7.706666666666666,30.006666666666664,0.31,611.2,-0.12409940185807657,28.2,83.7
Parbat,2002,273.56,-1.3421128329472258,1,16.133333333333333,23.183333333333334,10.1,13.083333333333334,35.57,5.266666666666667,79.25,2.706666666666667,45.870000000000005,7.1000000000000005,37.99666666666667,25.97,527.13,-0.42737623265912156,28.2,83.7
Parbat,2003,396.66,-0.898037920712081,1,15.570000000000002,22.766666666666666,9.270000000000001,13.496666666666668,32.199999999999996,4.483333333333333,79.28666666666668,2.716666666666667,19.380000000000003,6.953333333333333,36.803333333333335,51.58,273.56,-1.3421128329472258,28.2,83.7
Parbat,2004,982.1899999999999,1.2142218953808859,0,16.613333333333333,23.669999999999998,10.743333333333332,12.926666666666668,36.94,5.626666666666666,79.23,2.6799999999999997,130.02,6.883333333333333,40.63333333333333,34.7,396.66,-0.898037920712081,28.2,83.7
Parbat,2005,882.89,0.8560038711327149,0,15.149999999999999,21.94666666666667,9.116666666666667,12.833333333333334,38.973333333333336,5.206666666666667,79.33999999999999,2.5533333333333332,57.1,6.69,52.656666666666666,50.900000000000006,982.1899999999999,1.2142218953808859,28.2,83.7
Parbat,2006,929.1,1.0227033162536414,0,14.790000000000001,21.226666666666667,9.146666666666667,12.083333333333334,47.593333333333334,6.579999999999999,79.28333333333335,2.44,202.32,8.416666666666666,43.81333333333333,0.8,882.89,0.8560038711327149,28.2,83.7
Parbat,2007,1099.28,1.6366161396831858,0,15.01,21.38,9.28,12.096666666666666,50.699999999999996,6.960000000000001,79.32666666666667,2.35,128.91,6.580000000000001,49.53333333333333,127.85,929.1,1.0227033162536414,28.2,83.7
Parbat,2008,1496.03,3.067864892155108,0,15.25,22.006666666666664,9.213333333333333,12.793333333333331,40.70333333333333,5.656666666666666,79.22666666666667,2.5766666666666667,117.48,6.213333333333334,48.48333333333333,6.38,1099.28,1.6366161396831858,28.2,83.7
Parbat,2009,822.1400000000001,0.6368523608298312,0,15.593333333333334,22.506666666666664,9.673333333333334,12.83,39.593333333333334,5.676666666666667,79.27,2.57,145.99,8.533333333333333,47.73666666666667,6.279999999999999,1496.03,3.067864892155108,28.2,83.7
Parbat,2010,1010.25,1.3154464448310743,0,17.27,24.536666666666665,10.826666666666666,13.713333333333333,33.75333333333334,5.333333333333333,79.29,2.776666666666667,34.37,7.173333333333333,44.28666666666667,17.240000000000002,822.1400000000001,0.6368523608298312,28.2,83.7
Parbat,2011,1067.64,1.5224769827122684,0,14.983333333333334,21.413333333333338,9.336666666666666,12.073333333333332,45.88333333333333,6.43,79.29333333333334,2.4966666666666666,163.87,6.286666666666666,49.406666666666666,21.93,1010.25,1.3154464448310743,28.2,83.7
Parbat,2012,1276.44,2.2757088403458847,0,15.49,22.616666666666664,9.13,13.479999999999999,35.9,5.006666666666667,79.21666666666665,2.7366666666666664,47.14,6.0566666666666675,51.403333333333336,35.32,1067.64,1.5224769827122684,28.2,83.7
Parbat,2013,1429.04,2.826203004497656,0,15.29,22.063333333333333,9.263333333333334,12.796666666666667,45.93666666666667,6.313333333333333,79.24,2.66,168.16,6.173333333333333,52.35666666666666,81.25,1276.44,2.2757088403458847,28.2,83.7
Parbat,2014,1659.1999999999998,3.656489615383447,0,15.0,21.5,9.196666666666667,12.303333333333333,47.50666666666666,6.386666666666667,79.35333333333334,2.56,143.89,6.453333333333333,60.77,41.65,1429.04,2.826203004497656,28.2,83.7
Parbat,2015,1502.91,3.092684026161427,0,14.106666666666667,19.959999999999997,8.783333333333333,11.176666666666668,58.660000000000004,7.44,79.39666666666666,2.283333333333333,318.84000000000003,6.656666666666666,57.199999999999996,86.03999999999999,1659.1999999999998,3.656489615383447,28.2,83.7
Parbat,2016,1522.94,3.164940894496682,0,16.116666666666664,22.656666666666666,10.593333333333334,12.056666666666667,43.74,6.34,79.30333333333333,2.563333333333333,207.84,7.056666666666666,48.81666666666666,10.92,1502.91,3.092684026161427,28.2,83.7
Parbat,2017,1466.4499999999998,2.961157045657012,0,14.613333333333335,20.796666666666667,9.096666666666666,11.696666666666667,51.95333333333334,7.083333333333333,79.28000000000002,2.29,348.84000000000003,8.196666666666667,50.15333333333333,13.44,1522.94,3.164940894496682,28.2,83.7
Parbat,2018,39.0,-2.188272145813802,1,14.773333333333333,20.833333333333332,9.473333333333334,11.37,53.00333333333333,7.2,79.31,2.3866666666666667,12.889999999999999,7.963333333333334,46.46,0.88,1466.4499999999998,2.961157045657012,28.2,83.7
Parbat,2019,44.239999999999995,-2.169369200727594,1,14.426666666666668,20.900000000000002,8.586666666666666,12.316666666666668,51.843333333333334,6.8,79.32666666666667,2.3800000000000003,8.83,5.8500000000000005,57.833333333333336,4.74,39.0,-2.188272145813802,28.2,83.7
Rasuwa,1982,437.4,-0.004847563101335816,0,5.579999999999999,12.076666666666668,0.06999999999999984,12.006666666666668,55.11666666666667,4.6066666666666665,68.68333333333334,2.733333333333333,48.18,-2.4066666666666667,52.94333333333333,82.22000000000001,616.19,1.1680025722111242,28.1,85.3
Rasuwa,1983,266.31,-1.1271862266205968,1,5.609999999999999,12.273333333333333,0.043333333333333446,12.223333333333334,47.56,4.13,68.64,2.896666666666667,63.599999999999994,-2.1266666666666665,41.1,4.12,437.4,-0.004847563101335816,28.1,85.3
Rasuwa,1984,570.54,0.8685417037228761,0,7.616666666666667,14.94,1.5433333333333332,13.393333333333333,39.516666666666666,3.983333333333333,68.65,2.796666666666667,40.39,-1.8966666666666665,35.74666666666666,17.72,266.31,-1.1271862266205968,28.1,85.3
Rasuwa,1985,477.04999999999995,0.25525371697662713,0,7.5200000000000005,14.766666666666666,1.43,13.336666666666666,38.38333333333333,3.7433333333333336,68.62666666666667,2.8800000000000003,27.1,-1.64,44.51,25.849999999999998,570.54,0.8685417037228761,28.1,85.3
Rasuwa,1986,361.12,-0.5052391304240853,0,5.706666666666667,12.596666666666666,-0.1566666666666666,12.753333333333336,44.330000000000005,3.776666666666667,68.63,2.853333333333333,36.34,-0.6866666666666666,46.79333333333333,15.719999999999999,477.04999999999995,0.25525371697662713,28.1,85.3
Rasuwa,1987,443.76,0.036873600613565795,0,6.216666666666666,13.229999999999999,0.36666666666666653,12.866666666666667,41.89000000000001,3.626666666666667,68.73333333333333,2.796666666666667,25.41,-1.5333333333333332,41.67333333333333,37.019999999999996,361.12,-0.5052391304240853,28.1,85.3
Rasuwa,1988,502.96,0.425221539595039,0,6.923333333333333,13.94,0.9833333333333334,12.953333333333333,47.0,4.376666666666666,68.67666666666668,2.82,116.52000000000001,0.7433333333333333,40.95666666666667,5.02,443.76,0.036873600613565795,28.1,85.3
Rasuwa,1989,323.82,-0.7499245717080204,0,6.773333333333333,13.863333333333335,0.7499999999999999,13.113333333333335,38.77333333333333,3.6766666666666663,68.62666666666667,2.9066666666666667,62.589999999999996,-1.4133333333333333,45.083333333333336,49.3,502.96,0.425221539595039,28.1,85.3
Rasuwa,1990,520.99,0.5434971027679439,0,6.140000000000001,12.85,0.4499999999999999,12.4,47.32333333333333,4.286666666666667,68.62666666666667,2.89,26.42,-0.26666666666666666,40.10666666666666,19.83,323.82,-0.7499245717080204,28.1,85.3
Rasuwa,1991,295.12,-0.9381946029372142,1,6.946666666666666,14.206666666666665,0.7533333333333334,13.450000000000001,37.56333333333333,3.483333333333333,68.74666666666667,2.8866666666666667,31.5,-0.85,42.48666666666667,3.84,520.99,0.5434971027679439,28.1,85.3
Rasuwa,1992,312.05,-0.8271349643061949,1,7.010000000000001,14.270000000000001,1.0599999999999998,13.206666666666665,36.86,3.4599999999999995,68.71,2.9600000000000004,17.080000000000002,-1.7866666666666668,42.76333333333333,23.130000000000003,295.12,-0.9381946029372142,28.1,85.3
Rasuwa,1993,315.1,-0.807127173530967,1,5.713333333333334,12.700000000000001,-0.12333333333333323,12.823333333333332,46.61666666666667,4.1033333333333335,68.7,2.8066666666666666,90.22,-0.7766666666666667,42.74666666666667,10.19,312.05,-0.8271349643061949,28.1,85.3
Rasuwa,1994,278.86,-1.044859087529085,1,6.916666666666667,14.253333333333332,0.81,13.446666666666667,39.00333333333333,3.7466666666666666,68.72666666666667,2.856666666666667,21.45,-0.5266666666666667,37.02333333333333,14.82,315.1,-0.807127173530967,28.1,85.3
Rasuwa,1995,372.81,-0.42855353233804777,0,6.923333333333333,14.123333333333333,0.7399999999999999,13.383333333333333,37.79666666666666,3.67,68.73,2.94,21.06,-2.1,38.443333333333335,9.42,278.86,-1.044859087529085,28.1,85.3
Rasuwa,1996,374.59,-0.4168768544429969,0,7.0633333333333335,14.196666666666667,0.8833333333333334,13.31,42.089999999999996,3.956666666666667,68.67333333333333,2.8000000000000003,44.25,-1.5233333333333334,47.04666666666666,41.53,372.81,-0.42855353233804777,28.1,85.3
Rasuwa,1997,279.59,-1.040070337605834,1,5.6933333333333325,12.476666666666667,0.02333333333333328,12.446666666666667,43.72,3.716666666666667,68.7,2.7733333333333334,36.06,-1.5899999999999999,33.03666666666667,4.140000000000001,374.59,-0.4168768544429969,28.1,85.3
Rasuwa,1998,389.15999999999997,-0.3212986539200229,0,6.946666666666666,14.036666666666667,1.1300000000000001,12.910000000000002,45.86666666666667,4.3999999999999995,68.75666666666666,2.8000000000000003,47.36,-1.1866666666666668,39.50666666666667,15.6,279.59,-1.040070337605834,28.1,85.3
Rasuwa,1999,267.02,-1.12252867532538,1,8.06,15.49,2.0433333333333334,13.446666666666667,32.89,3.5033333333333334,68.62666666666667,2.9066666666666663,40.82,0.43666666666666676,32.09666666666667,2.83,389.15999999999997,-0.3212986539200229,28.1,85.3
Rasuwa,2000,445.34,0.04723829222827393,0,6.853333333333333,13.663333333333334,1.2733333333333334,12.393333333333333,42.42666666666667,4.28,68.61333333333333,2.8066666666666666,52.04,-1.64,37.76333333333333,2.03,267.02,-1.12252867532538,28.1,85.3
Rasuwa,2001,380.51,-0.37804206054484946,0,6.719999999999999,13.409999999999998,1.1266666666666667,12.283333333333333,45.946666666666665,4.476666666666667,68.68333333333334,2.8033333333333332,43.43,0.12333333333333334,31.30333333333333,0.26,445.34,0.04723829222827393,28.1,85.3
Rasuwa,2002,263.46,-1.145882031115482,1,7.016666666666667,13.780000000000001,1.5599999999999998,12.219999999999999,50.14666666666667,4.786666666666666,68.7,2.7466666666666666,61.39,-0.75,40.36,18.72,380.51,-0.37804206054484946,28.1,85.3
Rasuwa,2003,277.87,-1.051353419616782,1,6.343333333333334,13.316666666666668,0.5633333333333334,12.756666666666666,46.04,4.066666666666666,68.71333333333332,2.78,13.49,-1.0933333333333335,41.57,50.989999999999995,263.46,-1.145882031115482,28.1,85.3
Rasuwa,2004,682.89,1.6055499967054525,0,7.44,13.983333333333334,2.0566666666666666,11.93,52.63,5.1433333333333335,68.71333333333332,2.5666666666666664,219.41,-1.12,43.88333333333333,27.85,277.87,-1.051353419616782,28.1,85.3
Rasuwa,2005,596.6700000000001,1.0399527112496656,0,5.996666666666666,12.576666666666666,0.4133333333333333,12.156666666666666,52.41,4.496666666666667,68.77333333333333,2.706666666666667,60.4,-1.5533333333333335,59.446666666666665,54.11,682.89,1.6055499967054525,28.1,85.3
Rasuwa,2006,645.8399999999999,1.3625045382719456,0,6.486666666666667,12.83,1.2000000000000002,11.626666666666667,54.95333333333334,5.18,68.71333333333332,2.64,139.65,0.9566666666666666,40.196666666666665,0.09,596.6700000000001,1.0399527112496656,28.1,85.3
Rasuwa,2007,703.5,1.7407501828947798,0,6.4366666666666665,12.826666666666668,0.6466666666666666,12.183333333333332,60.47,5.493333333333333,68.76666666666667,2.5500000000000003,110.17,-1.36,54.14666666666667,95.1,645.8399999999999,1.3625045382719456,28.1,85.3
Rasuwa,2008,807.72,2.424426233581421,0,6.373333333333332,12.923333333333332,0.8700000000000001,12.053333333333333,53.36333333333334,4.82,68.67,2.6633333333333336,119.14,-1.3166666666666667,44.919999999999995,9.110000000000001,703.5,1.7407501828947798,28.1,85.3
Rasuwa,2009,497.78999999999996,0.3913066942481771,0,6.853333333333334,13.666666666666666,1.1533333333333333,12.513333333333334,48.199999999999996,4.536666666666666,68.72000000000001,2.766666666666667,105.34,1.2866666666666668,46.13333333333333,1.5,807.72,2.424426233581421,28.1,85.3
Rasuwa,2010,712.61,1.800511157964395,0,8.156666666666666,15.200000000000001,2.21,12.99,45.21666666666667,4.64,68.79,2.8166666666666664,44.27,-0.2866666666666667,41.556666666666665,10.41,497.78999999999996,0.3913066942481771,28.1,85.3
Rasuwa,2011,674.86,1.5528737475496888,0,6.239999999999999,12.436666666666667,0.9599999999999999,11.473333333333334,56.72666666666667,5.203333333333333,68.72000000000001,2.6166666666666667,132.11,-1.49,49.03,13.280000000000001,712.61,1.800511157964395,28.1,85.3
Rasuwa,2012,724.53,1.8787055402728265,0,6.466666666666666,13.26,0.4400000000000001,12.82,46.57,4.223333333333334,68.66666666666667,2.876666666666667,32.83,-1.6466666666666665,50.98333333333333,16.24,674.86,1.5528737475496888,28.1,85.3
Rasuwa,2013,852.8,2.720147941170691,0,6.62,13.196666666666667,0.9,12.299999999999999,55.65333333333333,5.043333333333333,68.69333333333333,2.7133333333333334,143.34,-1.5599999999999998,46.586666666666666,51.95,724.53,1.8787055402728265,28.1,85.3
Rasuwa,2014,945.5899999999999,3.3288439759357398,0,6.1066666666666665,12.29,0.6933333333333332,11.596666666666666,57.620000000000005,5.05,68.78666666666668,2.61,145.07,-1.1766666666666667,59.92666666666667,23.36,852.8,2.720147941170691,28.1,85.3
Rasuwa,2015,828.55,2.561069604679125,0,5.823333333333333,11.44,0.7066666666666667,10.733333333333334,67.30666666666667,5.746666666666667,68.81666666666666,2.4366666666666665,208.89,-1.1366666666666667,59.553333333333335,42.900000000000006,945.5899999999999,3.3288439759357398,28.1,85.3
Rasuwa,2016,847.1400000000001,2.68301872943699,0,7.373333333333332,13.61,2.263333333333333,11.346666666666666,54.336666666666666,5.2,68.78,2.686666666666667,124.72,-0.7199999999999998,52.330000000000005,11.0,828.55,2.561069604679125,28.1,85.3
Rasuwa,2017,714.1600000000001,1.8106790516370523,0,5.9433333333333325,11.963333333333333,0.7366666666666667,11.223333333333334,63.26,5.646666666666667,68.72,2.5766666666666667,258.25,0.6666666666666666,50.54,8.37,847.1400000000001,2.68301872943699,28.1,85.3
Rasuwa,2018,21.880000000000003,-2.7306302591415683,1,6.323333333333333,12.200000000000001,1.4033333333333333,10.796666666666667,63.85666666666666,5.773333333333333,68.73666666666666,2.5066666666666664,8.35,0.7633333333333333,45.70333333333334,0.22999999999999998,714.1600000000001,1.8106790516370523,28.1,85.3
Rasuwa,2019,26.4,-2.700979369205821,1,5.876666666666668,12.113333333333335,0.3366666666666666,11.770000000000001,62.22666666666667,5.390000000000001,68.76333333333334,2.53,6.38,-2.14,59.419999999999995,2.73,21.880000000000003,-2.7306302591415683,28.1,85.3
Routahat,1982,724.49,-0.4379472745105475,0,28.483333333333334,36.38666666666666,21.026666666666667,15.363333333333335,32.96,7.903333333333333,98.72666666666667,2.8866666666666667,138.82999999999998,17.106666666666666,46.21333333333333,72.57,1075.8100000000002,0.9829814893861845,26.8,85.3
Routahat,1983,486.07,-1.4022471603361728,1,29.123333333333335,37.18666666666667,21.396666666666665,15.790000000000001,23.093333333333334,6.113333333333333,98.68,3.3733333333333335,39.06,17.286666666666665,31.103333333333335,5.55,724.49,-0.4379472745105475,26.8,85.3
Routahat,1984,1007.0300000000001,0.7047978380688177,0,30.476666666666663,39.06666666666666,22.409999999999997,16.656666666666666,21.593333333333334,6.206666666666666,98.47333333333334,3.41,41.54,16.99,32.68666666666667,39.53,486.07,-1.4022471603361728,26.8,85.3
Routahat,1985,1086.75,1.0272287872258463,0,30.743333333333336,39.31333333333333,22.52333333333333,16.796666666666667,19.106666666666666,5.676666666666667,98.42666666666666,3.373333333333333,26.509999999999998,17.263333333333332,33.556666666666665,19.33,1007.0300000000001,0.7047978380688177,26.8,85.3
Routahat,1986,795.87,-0.149247812006424,0,29.150000000000002,37.36000000000001,21.279999999999998,16.076666666666668,24.983333333333334,6.453333333333333,98.62666666666667,3.14,72.64,16.75,51.85999999999999,21.13,1086.75,1.0272287872258463,26.8,85.3
Routahat,1987,1129.33,1.199445418122814,0,29.62,37.75666666666667,21.76,15.996666666666664,22.483333333333334,5.796666666666667,98.75666666666666,3.0966666666666662,49.19,18.293333333333333,36.42666666666667,35.29,795.87,-0.149247812006424,26.8,85.3
Routahat,1988,924.65,0.3716084051591829,0,29.336666666666662,37.696666666666665,21.58,16.11,28.593333333333334,7.54,98.57333333333334,2.9933333333333336,127.61999999999999,17.603333333333335,41.93333333333333,8.809999999999999,1129.33,1.199445418122814,26.8,85.3
Routahat,1989,607.22,-0.9122508044609337,1,29.599999999999998,38.28,21.53,16.75,20.656666666666666,5.61,98.53000000000002,3.813333333333333,58.910000000000004,17.12666666666667,36.656666666666666,50.97,924.65,0.3716084051591829,26.8,85.3
Routahat,1990,969.78,0.5541386201047012,0,29.736666666666665,37.47,22.24333333333333,15.226666666666667,23.77333333333333,6.586666666666666,98.63,3.0500000000000003,26.31,18.353333333333335,30.736666666666665,33.88,607.22,-0.9122508044609337,26.8,85.3
Routahat,1991,594.15,-0.9651129783882089,1,30.92,39.42333333333334,22.863333333333333,16.563333333333333,17.653333333333332,5.173333333333333,98.63666666666666,3.15,17.44,18.836666666666666,31.266666666666666,7.14,969.78,0.5541386201047012,26.8,85.3
Routahat,1992,529.86,-1.2251366326945985,1,30.316666666666663,38.98,22.24,16.736666666666668,19.156666666666666,5.37,98.62,4.09,40.51,17.576666666666668,32.809999999999995,21.95,594.15,-0.9651129783882089,26.8,85.3
Routahat,1993,630.44,-0.8183365214776644,1,28.843333333333334,37.0,21.236666666666665,15.76,26.36,6.793333333333334,98.74666666666667,3.3166666666666664,91.83,18.323333333333334,29.80333333333333,11.06,529.86,-1.2251366326945985,26.8,85.3
Routahat,1994,613.06,-0.8886306747183719,1,30.423333333333332,38.82333333333333,22.44666666666667,16.37666666666667,19.796666666666667,5.739999999999999,98.64666666666666,3.2133333333333334,35.81,18.14,32.67,28.099999999999998,630.44,-0.8183365214776644,26.8,85.3
Routahat,1995,793.07,-0.16057253174600838,0,30.72666666666667,39.29333333333333,22.71666666666667,16.583333333333332,18.016666666666666,5.23,98.64333333333333,3.5833333333333335,9.25,17.74,29.403333333333332,25.82,613.06,-0.8886306747183719,26.8,85.3
Routahat,1996,783.71,-0.19842945201833395,0,30.74,39.26,22.679999999999996,16.58,20.813333333333333,5.830000000000001,98.52333333333333,3.296666666666667,26.020000000000003,17.466666666666665,40.92333333333333,74.28,793.07,-0.16057253174600838,26.8,85.3
Routahat,1997,770.35,-0.2524645433472089,0,29.293333333333333,37.39666666666667,21.606666666666666,15.790000000000001,21.473333333333333,5.673333333333333,98.77,3.236666666666667,55.14,16.94,28.209999999999997,8.809999999999999,783.71,-0.19842945201833395,26.8,85.3
Routahat,1998,759.57,-0.29606471434460935,0,29.253333333333334,37.153333333333336,21.883333333333336,15.273333333333333,28.296666666666667,7.566666666666666,98.78333333333335,3.2900000000000005,49.66,16.849999999999998,41.093333333333334,40.489999999999995,770.35,-0.2524645433472089,26.8,85.3
Routahat,1999,536.56,-1.1980381961748785,1,30.486666666666668,39.25666666666667,22.393333333333334,16.866666666666667,19.47,5.756666666666667,98.39999999999999,3.276666666666667,54.52,18.55666666666667,34.04,2.9299999999999997,759.57,-0.29606471434460935,26.8,85.3
Routahat,2000,881.46,0.19692460317609128,0,29.793333333333333,37.699999999999996,22.22,15.479999999999999,24.45,7.073333333333333,98.52,3.0666666666666664,85.75999999999999,17.89,28.983333333333334,3.46,536.56,-1.1980381961748785,26.8,85.3
Routahat,2001,782.17,-0.20465804787510578,0,30.016666666666666,37.86666666666667,22.86,15.006666666666666,24.24,7.073333333333333,98.61666666666667,3.17,81.18,17.30666666666667,30.84,3.0999999999999996,881.46,0.19692460317609128,26.8,85.3
Routahat,2002,504.49,-1.327746682620763,1,29.433333333333334,37.12,22.353333333333335,14.766666666666666,32.06333333333333,8.606666666666667,98.64666666666666,3.2533333333333334,138.4,17.30666666666667,43.173333333333325,25.509999999999998,782.17,-0.20465804787510578,26.8,85.3
Routahat,2003,644.47,-0.7615915864968176,0,29.710000000000004,37.53666666666667,22.08,15.456666666666665,25.103333333333335,6.650000000000001,98.71333333333332,2.986666666666667,24.490000000000002,17.006666666666664,40.82,63.33,504.49,-1.327746682620763,26.8,85.3
Routahat,2004,928.14,0.3857238594060223,0,29.726666666666663,37.5,22.42,15.083333333333334,31.47,8.479999999999999,98.58,2.83,191.23,17.336666666666666,44.46333333333333,38.660000000000004,644.47,-0.7615915864968176,26.8,85.3
Routahat,2005,885.3199999999999,0.21253653824566104,0,29.78,37.556666666666665,22.403333333333336,15.15,27.846666666666664,7.29,98.75666666666666,2.873333333333333,60.480000000000004,17.89,48.85333333333333,56.339999999999996,928.14,0.3857238594060223,26.8,85.3
Routahat,2006,1064.25,0.9362265750327561,0,29.24,36.553333333333335,22.486666666666668,14.063333333333333,32.54333333333333,8.656666666666666,98.71333333333332,2.9133333333333336,140.92000000000002,17.96,42.660000000000004,0.04,885.3199999999999,0.21253653824566104,26.8,85.3
Routahat,2007,1247.66,1.6780361634031864,0,28.7,36.026666666666664,21.763333333333332,14.263333333333334,37.94,9.59,98.74666666666667,2.7133333333333334,147.0,16.703333333333333,49.11666666666667,82.74000000000001,1064.25,0.9362265750327561,26.8,85.3
Routahat,2008,1563.38,2.9549792048966284,0,29.090000000000003,36.53,21.873333333333335,14.660000000000002,32.61333333333334,8.453333333333333,98.62333333333333,2.563333333333333,163.56,15.803333333333335,50.85666666666666,32.28,1247.66,1.6780361634031864,26.8,85.3
Routahat,2009,831.25,-0.00615188901124483,0,29.633333333333336,37.39666666666667,22.429999999999996,14.963333333333333,27.333333333333332,7.466666666666666,98.65333333333335,3.043333333333333,96.59,18.036666666666665,52.43333333333334,1.48,1563.38,2.9549792048966284,26.8,85.3
Routahat,2010,888.61,0.2258430839396732,0,30.963333333333328,38.973333333333336,23.69333333333333,15.283333333333331,25.763333333333332,7.503333333333334,98.59333333333332,3.28,81.04,17.14,42.873333333333335,17.630000000000003,831.25,-0.00615188901124483,26.8,85.3
Routahat,2011,1075.08,0.9800289731683631,0,28.89,36.39333333333334,22.03,14.366666666666667,33.223333333333336,8.729999999999999,98.73,2.99,172.6,16.483333333333334,47.76,14.16,888.61,0.2258430839396732,26.8,85.3
Routahat,2012,997.79,0.6674262629281881,0,30.080000000000002,37.98,22.583333333333332,15.4,24.05666666666667,6.57,98.59666666666668,3.1933333333333334,36.07,16.87,48.48,20.68,1075.08,0.9800289731683631,26.8,85.3
Routahat,2013,982.0999999999999,0.603967386958873,0,28.649999999999995,36.6,21.363333333333333,15.236666666666666,32.04666666666667,7.843333333333334,98.65666666666668,3.02,141.52,14.916666666666666,51.596666666666664,46.449999999999996,997.79,0.6674262629281881,26.8,85.3
Routahat,2014,1043.95,0.8541223569207682,0,29.373333333333335,37.22666666666667,22.026666666666667,15.196666666666667,30.01666666666667,7.57,98.78000000000002,3.2533333333333334,136.94,16.383333333333333,57.74333333333334,35.72,982.0999999999999,0.603967386958873,26.8,85.3
Routahat,2015,1009.81,0.7160416669531189,0,28.930000000000003,36.31666666666667,22.166666666666668,14.153333333333334,37.629999999999995,9.476666666666667,98.83666666666666,2.9499999999999997,152.77,16.976666666666667,51.67333333333334,22.73,1043.95,0.8541223569207682,26.8,85.3
Routahat,2016,833.0899999999999,0.0012900696747675492,0,31.24,39.03666666666667,24.073333333333334,14.963333333333333,26.209999999999997,7.57,98.63333333333333,3.5433333333333334,123.77,18.486666666666668,37.89,9.67,1009.81,0.7160416669531189,26.8,85.3
Routahat,2017,879.27,0.18806705452263028,0,29.61,37.07,22.703333333333333,14.37,33.49666666666666,9.123333333333333,98.66333333333334,2.9433333333333334,179.7,18.45,43.97666666666667,6.05,833.0899999999999,0.0012900696747675492,26.8,85.3
Routahat,2018,22.21,-3.2783487669089206,1,29.343333333333334,36.72666666666667,22.52,14.213333333333333,34.24333333333333,9.166666666666666,98.73,3.1233333333333335,4.66,17.89666666666667,39.20333333333333,0.04,879.27,0.18806705452263028,26.8,85.3
Routahat,2019,31.369999999999997,-3.2413007551894224,1,29.633333333333336,37.54,22.423333333333332,15.116666666666667,31.046666666666667,8.213333333333333,98.73666666666666,3.143333333333333,3.08,18.14,41.78666666666667,1.8,22.21,-3.2783487669089206,26.8,85.3
Rukum,1982,636.51,-0.004422159440407981,0,10.273333333333333,16.903333333333332,4.383333333333334,12.520000000000001,54.28333333333333,5.7,74.77333333333333,2.5766666666666667,80.09,2.396666666666667,53.32,104.33000000000001,921.24,1.046355459741,28.65,82.35
Rukum,1983,730.34,0.3418513769196228,0,10.76,18.01666666666667,4.536666666666666,13.479999999999999,43.01666666666667,4.773333333333333,74.74333333333334,2.8266666666666667,63.25,2.48,43.68666666666667,30.450000000000003,636.51,-0.004422159440407981,28.65,82.35
Rukum,1984,688.86,0.1887721241410437,0,12.479999999999999,20.08,5.653333333333333,14.43,40.053333333333335,4.906666666666667,74.72,2.76,36.08,2.06,48.41,77.9,730.34,0.3418513769196228,28.65,82.35
Rukum,1985,655.54,0.06580682272874233,0,12.893333333333333,20.813333333333333,5.8933333333333335,14.92,32.79666666666667,4.126666666666667,74.69333333333334,2.9933333333333336,67.61,2.67,42.46666666666667,48.050000000000004,688.86,0.1887721241410437,28.65,82.35
Rukum,1986,730.27,0.3415930464544707,0,10.936666666666667,18.21666666666667,4.3566666666666665,13.863333333333335,40.43333333333334,4.3999999999999995,74.73,2.78,53.03,3.6133333333333333,48.69333333333333,45.0,655.54,0.06580682272874233,28.65,82.35
Rukum,1987,423.38,-0.7909646171235938,0,11.303333333333333,18.686666666666667,4.8566666666666665,13.833333333333334,40.656666666666666,4.53,74.83666666666666,2.74,71.75,3.2066666666666666,45.52,50.29,730.27,0.3415930464544707,28.65,82.35
Rukum,1988,904.25,0.9836549654134191,0,12.5,20.273333333333333,5.373333333333334,14.906666666666666,36.403333333333336,4.336666666666667,74.75666666666667,2.9033333333333338,86.75999999999999,4.88,38.660000000000004,107.82,423.38,-0.7909646171235938,28.65,82.35
Rukum,1989,525.78,-0.4130640509585386,0,11.916666666666666,19.726666666666667,5.043333333333334,14.683333333333332,32.986666666666665,3.866666666666667,74.70333333333333,2.9466666666666668,33.28,3.1666666666666665,45.53,54.96,904.25,0.9836549654134191,28.65,82.35
Rukum,1990,687.9499999999999,0.18541382809406878,0,11.293333333333335,18.53333333333333,4.8566666666666665,13.68,43.346666666666664,4.9799999999999995,74.72,2.783333333333333,65.95,4.29,40.949999999999996,68.08,525.78,-0.4130640509585386,28.65,82.35
Rukum,1991,399.67,-0.8784648361057564,1,12.35,20.066666666666666,5.47,14.589999999999998,32.906666666666666,3.853333333333333,74.83,2.856666666666667,53.39,3.633333333333333,43.29666666666666,17.830000000000002,687.9499999999999,0.18541382809406878,28.65,82.35
Rukum,1992,590.53,-0.17410837069303736,0,12.273333333333333,20.21,5.54,14.673333333333332,31.666666666666668,3.793333333333333,74.80333333333333,3.06,24.990000000000002,3.2600000000000002,41.806666666666665,45.800000000000004,399.67,-0.8784648361057564,28.65,82.35
Rukum,1993,377.61,-0.9598758369807674,1,11.13,18.68,4.523333333333333,14.163333333333334,38.03,4.24,74.80666666666667,2.85,70.76,3.9599999999999995,41.48666666666667,17.58,590.53,-0.17410837069303736,28.65,82.35
Rukum,1994,421.82000000000005,-0.7967216960612643,0,12.546666666666667,20.576666666666668,5.59,14.99,31.376666666666665,3.8966666666666665,74.81333333333333,2.9766666666666666,18.76,4.07,34.98333333333333,36.79,377.61,-0.9598758369807674,28.65,82.35
Rukum,1995,443.3,-0.7174511476117978,0,12.39,20.099999999999998,5.613333333333333,14.486666666666666,32.11333333333334,3.943333333333333,74.81,2.86,12.67,2.6266666666666665,39.72666666666667,35.81,421.82000000000005,-0.7967216960612643,28.65,82.35
Rukum,1996,379.57000000000005,-0.9526425839565142,1,12.49,20.169999999999998,5.543333333333333,14.623333333333333,36.36666666666667,4.376666666666666,74.74666666666667,2.8433333333333337,43.989999999999995,3.44,41.54333333333333,72.89,443.3,-0.7174511476117978,28.65,82.35
Rukum,1997,254.51,-1.414168412126454,1,11.173333333333332,18.643333333333334,4.696666666666666,13.936666666666667,36.12,3.986666666666667,74.81,2.7933333333333334,29.18,3.3200000000000003,31.776666666666667,7.09,379.57000000000005,-0.9526425839565142,28.65,82.35
Rukum,1998,374.09000000000003,-0.9728661689426911,1,12.01,19.62333333333333,5.253333333333334,14.373333333333333,39.766666666666666,4.663333333333333,74.85000000000001,2.7866666666666666,72.16,3.126666666666667,40.28333333333333,59.29,254.51,-1.414168412126454,28.65,82.35
Rukum,1999,262.78000000000003,-1.3836485128863658,1,13.396666666666667,21.74,6.196666666666666,15.540000000000001,24.83,3.313333333333333,74.67666666666666,3.02,38.39,5.010000000000001,32.43666666666667,16.060000000000002,374.09000000000003,-0.9728661689426911,28.65,82.35
Rukum,2000,708.5,0.261252271792232,0,12.483333333333334,20.22,5.796666666666667,14.43,32.69,4.296666666666667,74.69,2.9033333333333338,75.8,3.2266666666666666,34.080000000000005,23.880000000000003,262.78000000000003,-1.3836485128863658,28.65,82.35
Rukum,2001,583.23,-0.2010485477731632,0,11.933333333333332,19.273333333333333,5.623333333333332,13.653333333333334,38.47666666666667,4.72,74.76666666666667,2.706666666666667,49.85,4.43,34.0,0.87,708.5,0.261252271792232,28.65,82.35
Rukum,2002,307.09,-1.2201253284452176,1,12.81,20.38,6.23,14.153333333333334,35.74333333333333,4.45,74.79,2.8466666666666662,25.689999999999998,3.823333333333333,39.17333333333334,47.589999999999996,583.23,-0.2010485477731632,28.65,82.35
Rukum,2003,488.12,-0.552045841210257,0,11.963333333333333,19.61,5.27,14.339999999999998,35.38666666666666,4.083333333333333,74.80333333333333,2.83,10.92,3.8033333333333332,37.21333333333333,78.99,307.09,-1.2201253284452176,28.65,82.35
Rukum,2004,795.86,0.5836486923017948,0,13.229999999999999,20.743333333333336,6.803333333333334,13.94,37.586666666666666,4.8933333333333335,74.79333333333334,2.8633333333333333,140.42000000000002,3.7566666666666664,41.81333333333333,36.63,488.12,-0.552045841210257,28.65,82.35
Rukum,2005,972.13,1.2341617079064264,0,11.313333333333333,18.19666666666667,5.223333333333334,12.973333333333334,45.86333333333334,5.096666666666667,74.86,2.5766666666666667,95.55,3.356666666666667,53.11333333333334,69.86,795.86,0.5836486923017948,28.65,82.35
Rukum,2006,895.59,0.9516957964389137,0,11.160000000000002,17.753333333333334,5.256666666666667,12.493333333333332,52.28333333333333,6.0633333333333335,74.79666666666667,2.4633333333333334,190.57999999999998,5.1866666666666665,42.333333333333336,5.78,972.13,1.2341617079064264,28.65,82.35
Rukum,2007,1121.1299999999999,1.784036555158313,0,11.086666666666666,17.536666666666665,5.09,12.450000000000001,57.00333333333333,6.446666666666666,74.85333333333334,2.4266666666666667,204.74,3.453333333333333,50.51666666666667,159.38,895.59,0.9516957964389137,28.65,82.35
Rukum,2008,1400.06,2.813409650084279,0,11.54,18.44666666666667,5.3,13.15,45.10666666666666,5.21,74.76,2.5866666666666664,111.13999999999999,2.9299999999999997,48.20333333333334,11.99,1121.1299999999999,1.784036555158313,28.65,82.35
Rukum,2009,813.8299999999999,0.6499658131415019,0,12.066666666666668,19.220000000000002,5.696666666666666,13.523333333333333,43.04666666666666,5.173333333333333,74.81,2.6366666666666667,91.25,5.45,45.78,15.87,1400.06,2.813409650084279,28.65,82.35
Rukum,2010,1055.92,1.543383274693243,0,13.36,20.766666666666666,6.62,14.156666666666666,39.63666666666666,5.09,74.86333333333334,2.8200000000000003,42.86,3.8366666666666664,48.28666666666667,32.56,813.8299999999999,0.6499658131415019,28.65,82.35
Rukum,2011,1294.99,2.4256556218912873,0,11.14,17.80666666666667,5.223333333333334,12.58,51.91,5.9433333333333325,74.82333333333332,2.5733333333333333,111.92999999999999,2.793333333333333,51.333333333333336,67.47,1055.92,1.543383274693243,28.65,82.35
Rukum,2012,1037.6100000000001,1.4758114058799408,0,11.290000000000001,18.41,4.760000000000001,13.65,44.48,4.973333333333333,74.76333333333334,2.67,50.14,2.3233333333333337,55.38333333333333,76.00999999999999,1294.99,2.4256556218912873,28.65,82.35
Rukum,2013,1365.88,2.6872705743858263,0,11.743333333333332,18.36,5.57,12.793333333333335,51.550000000000004,5.890000000000001,74.79333333333334,2.6566666666666667,69.24,2.6633333333333336,57.86666666666667,161.26999999999998,1037.6100000000001,1.4758114058799408,28.65,82.35
Rukum,2014,1018.06,1.4036633973982329,0,11.313333333333333,17.786666666666665,5.446666666666666,12.343333333333334,52.24333333333334,5.836666666666666,74.88666666666667,2.52,80.98,3.1199999999999997,60.346666666666664,70.17,1365.88,2.6872705743858263,28.65,82.35
Rukum,2015,828.64,0.7046211586972099,0,10.69,16.533333333333335,5.203333333333333,11.33,62.31666666666666,6.656666666666666,74.91666666666667,2.33,239.97,3.47,57.28666666666666,114.61,1018.06,1.4036633973982329,28.65,82.35
Rukum,2016,957.52,1.1802444493940099,0,12.666666666666666,19.470000000000002,6.876666666666666,12.596666666666666,47.29333333333333,5.830000000000001,74.85333333333334,2.6300000000000003,137.42000000000002,3.9933333333333336,46.18666666666667,31.35,828.64,0.7046211586972099,28.65,82.35
Rukum,2017,980.37,1.2645708940900209,0,11.806666666666667,18.49,5.8999999999999995,12.589999999999998,49.68,5.8999999999999995,74.81,2.566666666666667,167.29,5.13,47.27,26.580000000000002,957.52,1.1802444493940099,28.65,82.35
Rukum,2018,37.03,-2.2167642630012216,1,11.906666666666666,18.503333333333334,6.006666666666667,12.5,51.166666666666664,6.033333333333334,74.83666666666666,2.64,7.57,5.06,45.71333333333333,2.79,980.37,1.2645708940900209,28.65,82.35
Rukum,2019,32.34,-2.2340724041663984,1,10.866666666666667,17.613333333333333,4.426666666666666,13.18,54.68333333333334,5.94,74.86,2.526666666666667,3.48,2.38,61.40333333333333,5.82,37.03,-2.2167642630012216,28.65,82.35
Rupandehi,1982,776.28,-0.0024960076076507125,0,24.676666666666666,32.10333333333333,18.073333333333334,14.033333333333333,34.24,6.986666666666667,92.73666666666668,2.9499999999999997,84.28,14.203333333333333,45.79,78.33,1160.5900000000001,1.2311172884983759,27.57,83.47
Rupandehi,1983,464.92,-1.0019439425444783,1,25.090000000000003,32.71666666666667,18.209999999999997,14.51,25.97,5.726666666666667,92.69333333333333,3.1233333333333335,68.78,14.076666666666668,33.190000000000005,10.379999999999999,776.28,-0.0024960076076507125,27.57,83.47
Rupandehi,1984,925.13,0.4753040473619884,0,26.956666666666667,35.17,19.493333333333336,15.670000000000002,21.33666666666667,5.246666666666666,92.52,3.1966666666666668,24.169999999999998,14.233333333333334,34.63333333333333,35.19,464.92,-1.0019439425444783,27.57,83.47
Rupandehi,1985,744.8199999999999,-0.10348082271913786,0,26.963333333333335,35.32666666666667,19.27,16.05666666666667,19.063333333333333,4.713333333333334,92.48,3.3066666666666666,28.5,14.446666666666667,35.053333333333335,39.629999999999995,925.13,0.4753040473619884,27.57,83.47
Rupandehi,1986,565.38,-0.6794730421598635,0,25.540000000000003,33.46333333333333,18.276666666666667,15.19,23.150000000000002,5.09,92.64666666666666,3.0733333333333337,35.47,14.660000000000002,44.29333333333333,20.830000000000002,744.8199999999999,-0.10348082271913786,27.57,83.47
Rupandehi,1987,747.51,-0.09484607533675052,0,25.72,33.54666666666667,18.683333333333334,14.866666666666667,23.189999999999998,5.086666666666667,92.77,3.0833333333333335,34.18,15.406666666666666,33.77333333333333,49.14,565.38,-0.6794730421598635,27.57,83.47
Rupandehi,1988,966.38,0.607714207036141,0,26.30666666666667,34.343333333333334,18.95,15.393333333333333,25.153333333333336,5.783333333333334,92.60000000000001,2.92,79.5,15.479999999999999,35.63,21.32,747.51,-0.09484607533675052,27.57,83.47
Rupandehi,1989,697.62,-0.2549901448190165,0,26.003333333333334,34.333333333333336,18.51666666666667,15.816666666666668,20.94,4.86,92.55666666666666,3.44,46.66,14.4,37.199999999999996,56.39,966.38,0.607714207036141,27.57,83.47
Rupandehi,1990,1051.49,0.8809124783056471,0,25.763333333333335,33.193333333333335,18.88,14.32,25.566666666666666,5.833333333333333,92.64666666666666,2.973333333333333,32.78,15.473333333333334,32.11666666666667,38.879999999999995,697.62,-0.2549901448190165,27.57,83.47
Rupandehi,1991,567.13,-0.6738556414464145,0,26.883333333333336,35.04,19.44333333333333,15.589999999999998,18.173333333333336,4.33,92.68333333333334,3.1333333333333333,36.21,15.709999999999999,33.586666666666666,8.86,1051.49,0.8809124783056471,27.57,83.47
Rupandehi,1992,603.21,-0.5580408884514223,0,26.516666666666666,34.70666666666667,19.150000000000002,15.56,19.363333333333333,4.553333333333334,92.64999999999999,3.81,20.22,14.383333333333333,35.92333333333334,34.94,567.13,-0.6738556414464145,27.57,83.47
Rupandehi,1993,586.87,-0.610491361398711,0,25.003333333333334,32.82,18.06,14.756666666666666,25.38,5.433333333333334,92.75999999999999,3.0666666666666664,74.17999999999999,15.196666666666667,32.526666666666664,7.8500000000000005,603.21,-0.5580408884514223,27.57,83.47
Rupandehi,1994,605.89,-0.5494382405016836,0,26.680000000000003,34.75333333333333,19.396666666666665,15.356666666666667,19.416666666666668,4.773333333333333,92.68333333333334,3.1933333333333334,12.7,15.5,29.763333333333332,27.400000000000002,586.87,-0.610491361398711,27.57,83.47
Rupandehi,1995,661.62,-0.3705481023528224,0,26.76,34.76333333333333,19.529999999999998,15.24,19.36,4.746666666666667,92.68333333333334,3.4,17.28,14.846666666666666,30.073333333333334,25.48,605.89,-0.5494382405016836,27.57,83.47
Rupandehi,1996,585.1700000000001,-0.6159482649489183,0,26.55666666666667,34.6,19.19666666666667,15.406666666666666,23.28,5.419999999999999,92.57666666666667,3.2266666666666666,58.42,14.746666666666668,38.24333333333333,77.13,661.62,-0.3705481023528224,27.57,83.47
Rupandehi,1997,349.34,-1.372949185093292,1,25.19666666666667,32.9,18.133333333333333,14.76,22.823333333333334,4.953333333333333,92.78000000000002,3.0833333333333335,43.82,14.383333333333333,26.343333333333334,4.989999999999999,585.1700000000001,-0.6159482649489183,27.57,83.47
Rupandehi,1998,764.23,-0.04117582394882726,0,25.493333333333336,33.01,18.793333333333333,14.216666666666667,27.69666666666667,6.18,92.80333333333333,2.936666666666666,52.07,14.39,36.72,28.78,349.34,-1.372949185093292,27.57,83.47
Rupandehi,1999,373.13,-1.2965846348230352,1,26.840000000000003,35.29,19.27,16.023333333333337,18.546666666666667,4.693333333333333,92.46,3.15,54.83,16.103333333333335,31.28,12.43,764.23,-0.04117582394882726,27.57,83.47
Rupandehi,2000,775.61,-0.004646669595085301,0,26.23,33.906666666666666,19.323333333333334,14.586666666666666,22.849999999999998,5.68,92.55666666666667,2.966666666666667,67.7,15.04,26.709999999999997,6.75,373.13,-1.2965846348230352,27.57,83.47
Rupandehi,2001,649.15,-0.4105760948652269,0,26.080000000000002,33.583333333333336,19.343333333333334,14.243333333333332,25.41,6.210000000000001,92.66333333333334,2.9233333333333333,75.09,15.123333333333335,28.123333333333335,0.52,775.61,-0.004646669595085301,27.57,83.47
Rupandehi,2002,329.78999999999996,-1.4357035759206782,1,26.383333333333336,33.88,19.583333333333332,14.296666666666667,26.736666666666668,6.316666666666666,92.66333333333334,2.953333333333333,49.339999999999996,15.006666666666668,37.31333333333333,30.65,649.15,-0.4105760948652269,27.57,83.47
Rupandehi,2003,489.71000000000004,-0.9223694490093937,1,25.97,33.583333333333336,18.863333333333333,14.713333333333333,22.866666666666664,5.126666666666666,92.73333333333333,2.8666666666666667,20.09,14.82,35.943333333333335,53.2,329.78999999999996,-1.4357035759206782,27.57,83.47
Rupandehi,2004,1048.08,0.8699665717725836,0,26.646666666666665,34.21,19.896666666666665,14.303333333333333,28.076666666666668,6.716666666666666,92.61333333333334,2.92,117.58,14.926666666666668,39.56,38.800000000000004,489.71000000000004,-0.9223694490093937,27.57,83.47
Rupandehi,2005,1014.99,0.7637495491394273,0,25.766666666666666,33.296666666666674,18.919999999999998,14.376666666666667,27.316666666666663,5.923333333333333,92.78666666666668,2.8366666666666664,55.269999999999996,15.026666666666666,46.61333333333334,49.459999999999994,1048.08,0.8699665717725836,27.57,83.47
Rupandehi,2006,1046.8,0.8658578443936039,0,24.993333333333336,31.97,18.753333333333334,13.219999999999999,36.20666666666667,7.93,92.74666666666667,2.5866666666666664,206.45,15.783333333333333,42.266666666666666,0.79,1014.99,0.7637495491394273,27.57,83.47
Rupandehi,2007,1284.74,1.6296317448267643,0,25.113333333333333,32.0,18.900000000000002,13.103333333333333,39.416666666666664,8.53,92.76666666666667,2.606666666666667,132.43,14.283333333333333,45.85666666666666,126.39999999999999,1046.8,0.8658578443936039,27.57,83.47
Rupandehi,2008,1759.19,3.152589326824381,0,25.599999999999998,32.96333333333333,18.830000000000002,14.136666666666665,29.89,6.653333333333333,92.64999999999999,2.686666666666667,117.39999999999999,13.856666666666667,45.79,7.470000000000001,1284.74,1.6296317448267643,27.57,83.47
Rupandehi,2009,939.9,0.5227149093834971,0,25.72,33.13,19.16,13.976666666666667,29.540000000000003,6.75,92.69,2.8266666666666667,146.23,15.88,47.92333333333334,6.51,1759.19,3.152589326824381,27.57,83.47
Rupandehi,2010,1198.37,1.3523889450435747,0,27.64,35.39,20.63,14.756666666666666,24.423333333333332,6.173333333333333,92.64333333333333,3.1166666666666667,35.65,14.956666666666665,41.666666666666664,20.32,939.9,0.5227149093834971,27.57,83.47
Rupandehi,2011,1207.34,1.3811821361290815,0,25.13,32.199999999999996,18.76,13.443333333333333,34.67666666666667,7.723333333333334,92.74666666666667,2.723333333333333,160.52,14.083333333333334,47.72666666666667,24.46,1198.37,1.3523889450435747,27.57,83.47
Rupandehi,2012,1322.96,1.7523157764084885,0,25.99666666666667,33.666666666666664,19.05333333333333,14.613333333333335,25.2,5.66,92.64333333333333,3.0766666666666667,41.709999999999994,14.31,46.88666666666666,40.6,1207.34,1.3811821361290815,27.57,83.47
Rupandehi,2013,1529.96,2.416774032227872,0,25.263333333333332,32.656666666666666,18.77,13.883333333333333,34.96666666666667,7.489999999999999,92.66666666666667,2.893333333333333,144.58,13.43,52.73666666666666,78.03999999999999,1322.96,1.7523157764084885,27.57,83.47
Rupandehi,2014,1504.3899999999999,2.334695782946221,0,25.49,32.833333333333336,18.83666666666667,13.996666666666668,33.72666666666667,7.296666666666667,92.8,3.0033333333333334,121.16999999999999,14.273333333333333,57.836666666666666,50.230000000000004,1529.96,2.416774032227872,27.57,83.47
Rupandehi,2015,1284.86,1.6300169380185434,0,24.603333333333335,31.326666666666668,18.58666666666667,12.74,43.54666666666666,8.926666666666668,92.86,2.646666666666667,248.85,14.723333333333334,52.73333333333333,74.59,1504.3899999999999,2.334695782946221,27.57,83.47
Rupandehi,2016,1378.27,1.9298577383861217,0,26.88,34.14666666666667,20.5,13.646666666666667,29.83666666666667,7.1000000000000005,92.69,3.15,184.07,15.483333333333334,38.833333333333336,8.629999999999999,1284.86,1.6300169380185434,27.57,83.47
Rupandehi,2017,1422.15,2.070710048846772,0,25.566666666666666,32.51333333333333,19.266666666666666,13.25,35.73666666666667,8.146666666666667,92.7,2.5700000000000003,233.89999999999998,16.04,45.086666666666666,15.88,1378.27,1.9298577383861217,27.57,83.47
Rupandehi,2018,41.410000000000004,-2.36138701463176,1,25.22666666666667,32.15333333333333,19.05333333333333,13.103333333333333,38.32666666666666,8.483333333333334,92.74666666666667,2.7133333333333334,8.98,15.426666666666668,42.02666666666667,0.49,1422.15,2.070710048846772,27.57,83.47
Rupandehi,2019,43.67,-2.354132542853249,1,25.16333333333333,32.46666666666667,18.7,13.770000000000001,36.660000000000004,7.8933333333333335,92.77333333333333,2.7433333333333336,5.71,14.783333333333333,48.54,4.21,41.410000000000004,-2.36138701463176,27.57,83.47
Salyan,1982,866.67,0.36014030096308847,0,21.313333333333333,28.436666666666667,14.976666666666667,13.456666666666669,41.19,7.23,89.01666666666667,3.0666666666666664,107.85000000000001,11.589999999999998,49.20333333333334,117.51,1110.45,1.2081610428801441,28.4,82.1
Salyan,1983,842.61,0.27644443152948317,0,22.05333333333333,29.713333333333335,15.230000000000002,14.486666666666666,29.38,5.593333333333334,88.97333333333334,3.223333333333333,59.269999999999996,11.526666666666666,38.60666666666666,34.45,866.67,0.36014030096308847,28.4,82.1
Salyan,1984,797.45,0.11934944135402092,0,23.69666666666667,31.77,16.34,15.43,27.400000000000002,5.66,88.83,3.2133333333333334,34.83,11.200000000000001,44.660000000000004,80.94,842.61,0.27644443152948317,28.4,82.1
Salyan,1985,807.85,0.1555272070277323,0,24.096666666666668,32.39666666666667,16.416666666666668,15.973333333333334,21.593333333333334,4.683333333333334,88.79666666666667,3.4633333333333334,65.02000000000001,12.29,34.42333333333333,33.62,797.45,0.11934944135402092,28.4,82.1
Salyan,1986,794.73,0.10988756417781936,0,22.39,30.2,15.126666666666665,15.07,27.7,5.183333333333334,88.92666666666666,3.1566666666666663,46.04,12.229999999999999,48.343333333333334,48.0,807.85,0.1555272070277323,28.4,82.1
Salyan,1987,489.01,-0.9535996013767059,1,22.503333333333334,30.23,15.523333333333333,14.706666666666669,28.136666666666667,5.343333333333334,89.05333333333334,3.263333333333333,66.85,12.799999999999999,38.20666666666667,58.42,794.73,0.10988756417781936,28.4,82.1
Salyan,1988,1153.53,1.358020479920864,0,23.686666666666667,31.746666666666666,16.186666666666667,15.563333333333333,26.203333333333333,5.283333333333333,88.88333333333333,3.1166666666666667,88.03999999999999,13.566666666666668,34.36333333333334,103.28999999999999,489.01,-0.9535996013767059,28.4,82.1
Salyan,1989,693.7,-0.24155855755439848,0,23.01,31.346666666666664,15.473333333333334,15.876666666666665,22.916666666666668,4.533333333333333,88.86333333333334,3.5500000000000003,28.740000000000002,12.126666666666665,39.29333333333333,57.199999999999996,1153.53,1.358020479920864,28.4,82.1
Salyan,1990,919.99,0.5456209226671553,0,22.576666666666668,30.03333333333333,15.636666666666668,14.4,30.676666666666666,5.976666666666667,88.92666666666666,3.0766666666666667,62.379999999999995,13.243333333333334,36.126666666666665,77.58,693.7,-0.24155855755439848,28.4,82.1
Salyan,1991,580.9300000000001,-0.6338438109221329,0,24.00333333333333,32.07666666666666,16.613333333333333,15.463333333333333,20.673333333333332,4.22,88.97666666666667,3.233333333333333,36.2,13.066666666666668,37.03,16.29,919.99,0.5456209226671553,28.4,82.1
Salyan,1992,733.9,-0.10171757870024489,0,23.30333333333333,31.49666666666667,16.040000000000003,15.456666666666665,22.429999999999996,4.489999999999999,88.97666666666667,3.77,24.73,12.18,39.10999999999999,51.33,580.9300000000001,-0.6338438109221329,28.4,82.1
Salyan,1993,492.51,-0.941424391774976,1,22.22666666666667,30.05,15.143333333333333,14.909999999999998,27.043333333333333,5.013333333333333,89.02666666666666,3.1366666666666667,83.73,12.933333333333332,35.656666666666666,17.799999999999997,733.9,-0.10171757870024489,28.4,82.1
Salyan,1994,561.96,-0.6998334469635086,0,23.826666666666664,31.893333333333334,16.46,15.433333333333332,21.593333333333334,4.59,88.97666666666667,3.3066666666666666,19.439999999999998,13.186666666666667,31.056666666666672,44.07000000000001,492.51,-0.941424391774976,28.4,82.1
Salyan,1995,538.08,-0.7829031627604537,0,23.766666666666666,31.686666666666667,16.580000000000002,15.106666666666667,21.53,4.523333333333333,88.98666666666666,3.356666666666667,8.2,12.25,34.10333333333333,32.16,561.96,-0.6998334469635086,28.4,82.1
Salyan,1996,489.5,-0.9518950720324636,1,23.73,31.62,16.396666666666665,15.223333333333334,25.33,5.113333333333333,88.88666666666666,3.2933333333333334,31.84,12.676666666666668,37.63666666666666,86.49000000000001,538.08,-0.7829031627604537,28.4,82.1
Salyan,1997,316.03,-1.555333246207341,1,22.473333333333333,30.083333333333332,15.486666666666666,14.6,24.409999999999997,4.636666666666667,89.05666666666667,3.1966666666666668,28.339999999999996,12.183333333333332,28.746666666666666,7.8500000000000005,489.5,-0.9518950720324636,28.4,82.1
Salyan,1998,523.48,-0.833691179956241,1,22.713333333333335,30.276666666666667,15.716666666666669,14.556666666666667,30.19666666666667,5.75,89.06666666666666,3.016666666666667,71.8,11.9,40.81666666666667,67.92,316.03,-1.555333246207341,28.4,82.1
Salyan,1999,351.86,-1.4306938861987755,1,24.27,32.78333333333333,16.653333333333332,16.13,17.54,3.9233333333333333,88.77666666666666,3.3800000000000003,40.93,13.756666666666666,32.10666666666666,18.18,523.48,-0.833691179956241,28.4,82.1
Salyan,2000,854.32,0.31717920422555645,0,23.713333333333335,31.486666666666668,16.62,14.866666666666665,22.703333333333333,5.073333333333333,88.83666666666666,3.09,83.69999999999999,12.523333333333333,29.44333333333333,24.46,351.86,-1.4306938861987755,28.4,82.1
Salyan,2001,651.03,-0.38999175575605904,0,23.346666666666664,30.986666666666668,16.44666666666667,14.540000000000001,25.416666666666668,5.463333333333334,88.94333333333333,2.9966666666666666,51.03,13.033333333333333,30.21666666666667,2.15,854.32,0.31717920422555645,28.4,82.1
Salyan,2002,386.39,-1.3105767468994238,1,24.063333333333333,31.75333333333333,16.993333333333336,14.76,24.80333333333333,5.25,88.92999999999999,2.9933333333333336,25.740000000000002,12.916666666666666,36.48666666666667,50.43,651.03,-0.38999175575605904,28.4,82.1
Salyan,2003,576.55,-0.6490802160808695,0,23.189999999999998,30.919999999999998,16.0,14.916666666666666,24.349999999999998,4.736666666666667,89.00333333333333,3.09,12.77,12.68,37.343333333333334,79.8,386.39,-1.3105767468994238,28.4,82.1
Salyan,2004,875.0,0.3891172998152056,0,24.25,31.866666666666664,17.44,14.423333333333334,27.49,5.960000000000001,88.90333333333335,3.17,133.72,12.65,41.73,42.63,576.55,-0.6490802160808695,28.4,82.1
Salyan,2005,1059.67,1.0315161447156185,0,22.603333333333335,29.99333333333333,15.86,14.13,32.53333333333333,6.123333333333334,89.07333333333334,2.9166666666666665,95.23,12.703333333333333,46.76333333333333,65.41,875.0,0.3891172998152056,28.4,82.1
Salyan,2006,985.76,0.7744105042402324,0,22.27,29.28333333333333,15.876666666666665,13.403333333333334,38.52,7.503333333333334,89.00666666666666,2.6199999999999997,183.02,13.983333333333334,38.82666666666667,5.56,1059.67,1.0315161447156185,28.4,82.1
Salyan,2007,1216.72,1.5778351927018088,0,22.19666666666667,28.983333333333334,16.006666666666664,12.976666666666667,43.46333333333333,8.203333333333333,89.04,2.796666666666667,198.76,12.520000000000001,45.166666666666664,148.78,985.76,0.7744105042402324,28.4,82.1
Salyan,2008,1565.87,2.7923993162572267,0,22.986666666666665,30.396666666666665,16.336666666666666,14.056666666666667,30.936666666666667,6.136666666666667,88.92666666666666,2.94,115.2,11.950000000000001,42.76666666666666,11.11,1216.72,1.5778351927018088,28.4,82.1
Salyan,2009,895.53,0.46053360070763777,0,23.253333333333334,30.75666666666667,16.44666666666667,14.31,30.333333333333332,6.213333333333334,88.96333333333332,2.9266666666666663,81.78,13.953333333333333,46.20333333333334,14.860000000000001,1565.87,2.7923993162572267,28.4,82.1
Salyan,2010,1136.8700000000001,1.3000664822166306,0,24.820000000000004,32.60333333333333,17.753333333333334,14.85,26.826666666666668,5.859999999999999,88.95,3.1966666666666668,47.93,12.540000000000001,46.43666666666667,34.620000000000005,895.53,0.46053360070763777,28.4,82.1
Salyan,2011,1439.15,2.3515871560483124,0,22.52,29.790000000000003,15.979999999999999,13.81,36.223333333333336,7.103333333333334,89.01666666666667,2.9,100.91,11.883333333333333,49.72333333333333,61.05,1136.8700000000001,1.3000664822166306,28.4,82.1
Salyan,2012,1141.6,1.3165204083355388,0,22.766666666666666,30.39,15.756666666666666,14.636666666666665,29.98,5.736666666666667,88.94,3.14,41.190000000000005,11.663333333333334,51.303333333333335,82.42,1439.15,2.3515871560483124,28.4,82.1
Salyan,2013,1499.3600000000001,2.561035547511213,0,23.146666666666665,30.386666666666667,16.69666666666667,13.69,35.64333333333334,6.876666666666666,88.94666666666667,3.0500000000000003,48.760000000000005,11.746666666666664,54.653333333333336,147.05,1141.6,1.3165204083355388,28.4,82.1
Salyan,2014,1081.47,1.1073503073778213,0,22.72,29.883333333333336,16.32,13.563333333333333,36.330000000000005,6.88,89.09666666666665,3.046666666666667,68.21000000000001,12.133333333333333,58.57,71.56,1499.3600000000001,2.561035547511213,28.4,82.1
Salyan,2015,910.37,0.5121564894189723,0,21.919999999999998,28.353333333333335,16.060000000000002,12.293333333333335,46.5,8.303333333333333,89.13333333333333,2.776666666666667,222.69,12.729999999999999,50.21,93.95,1081.47,1.1073503073778213,28.4,82.1
Salyan,2016,1121.58,1.2468782094136444,0,24.123333333333335,31.37666666666667,17.73,13.65,31.83,6.73,89.0,3.1166666666666667,150.32999999999998,13.329999999999998,37.526666666666664,22.39,910.37,0.5121564894189723,28.4,82.1
Salyan,2017,1115.91,1.2271543698588427,0,23.423333333333336,30.49,17.043333333333333,13.446666666666667,34.06666666666667,7.043333333333333,88.97333333333334,2.8000000000000003,151.4,13.966666666666667,42.626666666666665,31.150000000000002,1121.58,1.2468782094136444,28.4,82.1
Salyan,2018,44.34,-2.5004425881199044,1,23.236666666666668,30.290000000000003,16.80333333333333,13.486666666666666,36.22,7.363333333333333,89.01,2.8433333333333337,6.96,13.666666666666666,40.983333333333334,1.56,1115.91,1.2271543698588427,28.4,82.1
Salyan,2019,39.26,-2.5181140351989866,1,22.48,29.72,15.803333333333333,13.916666666666666,38.32333333333333,7.133333333333333,89.06,2.97,2.41,12.103333333333333,53.04333333333333,5.279999999999999,44.34,-2.5004425881199044,28.4,82.1
Sankhuwasabha,1982,603.22,0.08456340863827931,0,16.093333333333334,22.55,10.44,12.11,48.47,6.81,81.90666666666668,2.61,148.17,7.986666666666667,51.69333333333333,66.9,875.35,1.8853539625909244,27.3,87.3
Sankhuwasabha,1983,607.4,0.11222410211390481,0,16.083333333333332,23.01,10.106666666666667,12.906666666666666,39.346666666666664,5.7299999999999995,81.86333333333333,2.7866666666666666,115.55,7.293333333333333,38.71333333333333,1.76,603.22,0.08456340863827931,27.3,87.3
Sankhuwasabha,1984,728.88,0.916104734510801,0,17.503333333333334,24.583333333333332,11.42,13.163333333333334,38.25333333333333,6.109999999999999,81.8,2.793333333333333,117.43,7.45,39.166666666666664,37.51,607.4,0.11222410211390481,27.3,87.3
Sankhuwasabha,1985,674.0699999999999,0.5534055456593528,0,17.703333333333333,24.823333333333334,11.406666666666666,13.416666666666666,36.11,5.81,81.76666666666667,2.7733333333333334,77.87,7.963333333333334,41.31666666666667,9.309999999999999,728.88,0.916104734510801,27.3,87.3
Sankhuwasabha,1986,622.97,0.21525687661521953,0,16.436666666666664,23.453333333333333,10.183333333333332,13.270000000000001,38.32666666666666,5.596666666666667,81.84666666666666,2.8033333333333332,82.75,8.5,50.38666666666666,22.040000000000003,674.0699999999999,0.5534055456593528,27.3,87.3
Sankhuwasabha,1987,814.65,1.4836783420238218,0,16.513333333333332,23.473333333333333,10.403333333333334,13.07,38.15,5.476666666666667,81.97000000000001,2.706666666666667,95.75,8.726666666666667,43.303333333333335,25.490000000000002,622.97,0.21525687661521953,27.3,87.3
Sankhuwasabha,1988,693.6700000000001,0.6831064050187476,0,17.123333333333335,24.106666666666666,11.113333333333335,12.993333333333334,42.21333333333333,6.5,81.84666666666666,2.6633333333333336,107.97,9.496666666666668,46.06333333333333,8.79,814.65,1.4836783420238218,27.3,87.3
Sankhuwasabha,1989,660.12,0.4610929442275398,0,17.099999999999998,24.346666666666668,10.826666666666668,13.516666666666666,33.839999999999996,5.22,81.78333333333333,2.85,113.15,8.25,41.77333333333333,50.56,693.6700000000001,0.6831064050187476,27.3,87.3
Sankhuwasabha,1990,534.8299999999999,-0.36799994705503486,0,16.33666666666667,22.96666666666667,10.479999999999999,12.486666666666666,42.653333333333336,6.396666666666667,81.86333333333333,2.6833333333333336,65.67,8.76,39.72666666666667,9.42,660.12,0.4610929442275398,27.3,87.3
Sankhuwasabha,1991,634.31,0.2902980881017254,0,17.69,25.03,11.036666666666667,13.996666666666668,31.560000000000002,5.036666666666666,81.92999999999999,2.866666666666667,29.11,9.026666666666666,38.36,6.72,534.8299999999999,-0.36799994705503486,27.3,87.3
Sankhuwasabha,1992,515.38,-0.49670819779688186,0,17.23,24.75,10.763333333333334,13.986666666666666,32.95333333333333,5.053333333333334,81.86666666666667,2.986666666666667,64.42,7.596666666666667,43.05666666666667,12.23,634.31,0.2902980881017254,27.3,87.3
Sankhuwasabha,1993,364.67,-1.4940151627996494,1,16.273333333333333,23.123333333333335,10.286666666666667,12.839999999999998,40.97666666666667,6.083333333333333,81.93666666666667,2.7566666666666664,97.71000000000001,8.496666666666668,38.52333333333333,17.67,515.38,-0.49670819779688186,27.3,87.3
Sankhuwasabha,1994,339.85,-1.6582588020496571,1,17.56,24.810000000000002,11.229999999999999,13.583333333333334,32.82,5.283333333333333,81.91333333333334,2.813333333333334,45.19,9.143333333333333,35.99666666666667,20.77,364.67,-1.4940151627996494,27.3,87.3
Sankhuwasabha,1995,445.01,-0.9623739872418076,1,17.763333333333332,25.19333333333333,11.166666666666666,14.023333333333333,30.05666666666667,4.983333333333333,81.89999999999999,2.903333333333333,50.93,8.043333333333333,32.28333333333333,9.41,339.85,-1.6582588020496571,27.3,87.3
Sankhuwasabha,1996,443.13,-0.9748146819150556,1,17.849999999999998,25.083333333333332,11.37,13.71,33.74333333333333,5.43,81.82,2.893333333333333,42.1,8.113333333333333,45.419999999999995,38.59,445.01,-0.9623739872418076,27.3,87.3
Sankhuwasabha,1997,459.09,-0.8692011250081207,1,16.13,23.040000000000003,9.996666666666668,13.04,37.29,5.336666666666666,81.95,2.75,83.97,7.896666666666666,31.30666666666667,6.15,443.13,-0.9748146819150556,27.3,87.3
Sankhuwasabha,1998,485.39,-0.6951637473983218,0,16.69,23.486666666666668,10.913333333333334,12.576666666666666,44.826666666666675,6.88,81.97666666666667,2.72,102.7,8.12,40.60666666666666,20.07,459.09,-0.8692011250081207,27.3,87.3
Sankhuwasabha,1999,411.99,-1.1808802309176842,1,18.133333333333333,25.456666666666667,11.836666666666668,13.62,33.4,5.656666666666666,81.74333333333334,2.81,75.28,10.143333333333333,34.88,9.83,485.39,-0.6951637473983218,27.3,87.3
Sankhuwasabha,2000,448.9,-0.9366323370934382,1,16.796666666666667,23.513333333333332,11.12,12.393333333333333,41.123333333333335,6.543333333333334,81.80666666666667,2.706666666666667,91.45,8.07,38.22333333333333,4.27,411.99,-1.1808802309176842,27.3,87.3
Sankhuwasabha,2001,461.07,-0.8560986912565084,1,17.18,24.03333333333333,11.386666666666665,12.643333333333333,39.15,6.3,81.88,2.6966666666666668,73.72999999999999,9.026666666666667,32.699999999999996,1.95,448.9,-0.9366323370934382,27.3,87.3
Sankhuwasabha,2002,407.11,-1.2131730979418598,1,16.763333333333335,23.186666666666667,11.433333333333332,11.753333333333332,49.64333333333334,7.496666666666667,81.91333333333333,2.6,123.18,8.863333333333333,44.160000000000004,13.04,461.07,-0.8560986912565084,27.3,87.3
Sankhuwasabha,2003,497.89,-0.61244636260279,0,16.76,23.47666666666667,10.946666666666667,12.533333333333333,43.13333333333333,6.4433333333333325,81.94333333333333,2.67,51.39,8.576666666666666,42.586666666666666,35.44,407.11,-1.2131730979418598,27.3,87.3
Sankhuwasabha,2004,800.87,1.3924906970252278,0,17.55,24.05333333333333,12.026666666666666,12.023333333333333,47.14666666666667,7.38,81.88333333333333,2.6166666666666667,132.26999999999998,8.313333333333334,50.49666666666667,29.06,497.89,-0.61244636260279,27.3,87.3
Sankhuwasabha,2005,719.59,0.854629174130762,0,16.61,23.173333333333332,10.843333333333334,12.333333333333334,47.21333333333333,6.903333333333333,81.99666666666667,2.6,137.36,8.646666666666667,56.27666666666667,19.509999999999998,800.87,1.3924906970252278,27.3,87.3
Sankhuwasabha,2006,751.9200000000001,1.0685694181659258,0,16.896666666666665,23.346666666666668,11.343333333333334,12.006666666666666,46.553333333333335,7.170000000000001,81.93666666666667,2.5933333333333333,99.58,10.02,43.580000000000005,0.02,719.59,0.854629174130762,27.3,87.3
Sankhuwasabha,2007,804.43,1.4160486082149948,0,17.006666666666664,23.376666666666665,11.583333333333334,11.793333333333331,51.0,7.766666666666667,81.97000000000001,2.486666666666667,167.62,8.216666666666667,54.35666666666666,33.47,751.9200000000001,1.0685694181659258,27.3,87.3
Sankhuwasabha,2008,748.93,1.0487834197228336,0,16.743333333333332,23.153333333333336,11.193333333333333,11.956666666666669,49.06,7.316666666666666,81.88333333333334,2.55,116.99000000000001,7.716666666666666,51.49,20.28,804.43,1.4160486082149948,27.3,87.3
Sankhuwasabha,2009,568.1,-0.14783935568324683,0,17.12333333333333,23.823333333333334,11.383333333333335,12.44,43.19333333333333,6.69,81.91333333333334,2.6466666666666665,162.17999999999998,10.223333333333334,50.656666666666666,0.99,748.93,1.0487834197228336,27.3,87.3
Sankhuwasabha,2010,956.26,2.420767050895442,0,18.116666666666664,24.883333333333336,12.356666666666667,12.526666666666666,42.6,6.916666666666667,81.92666666666666,2.6933333333333334,155.52,8.799999999999999,44.879999999999995,4.62,568.1,-0.14783935568324683,27.3,87.3
Sankhuwasabha,2011,975.28,2.5466298236003233,0,16.283333333333335,22.49,10.923333333333332,11.566666666666668,51.68333333333334,7.626666666666666,81.95,2.483333333333333,147.81,7.763333333333333,53.48666666666667,16.48,956.26,2.420767050895442,27.3,87.3
Sankhuwasabha,2012,752.57,1.0728707221752931,0,16.906666666666666,23.603333333333335,10.973333333333334,12.633333333333333,42.69333333333333,6.483333333333333,81.85000000000001,2.6999999999999997,109.02000000000001,7.756666666666667,56.576666666666675,14.8,975.28,2.5466298236003233,27.3,87.3
Sankhuwasabha,2013,853.02,1.7375876263921861,0,16.95,23.69666666666667,11.326666666666668,12.37,45.656666666666666,6.833333333333333,81.86333333333333,2.6533333333333333,194.24,8.586666666666666,40.06,36.589999999999996,752.57,1.0728707221752931,27.3,87.3
Sankhuwasabha,2014,738.89,0.9823448162550628,0,16.929999999999996,23.453333333333333,11.266666666666666,12.186666666666667,44.48333333333333,6.626666666666666,81.99333333333333,2.653333333333333,175.5,8.306666666666667,58.82333333333333,11.0,853.02,1.7375876263921861,27.3,87.3
Sankhuwasabha,2015,873.05,1.8701339637885461,0,16.56,22.396666666666665,11.573333333333332,10.826666666666668,55.74666666666667,8.19,82.02999999999999,2.4899999999999998,247.95999999999998,9.526666666666666,50.916666666666664,14.94,738.89,0.9823448162550628,27.3,87.3
Sankhuwasabha,2016,968.47,2.501565392363718,0,17.87333333333333,24.113333333333333,12.726666666666667,11.39,46.72666666666667,7.383333333333333,81.92,2.7266666666666666,213.02,8.723333333333334,53.083333333333336,15.49,873.05,1.8701339637885461,27.3,87.3
Sankhuwasabha,2017,813.64,1.4769947773323429,0,16.516666666666666,22.45,11.42,11.030000000000001,55.373333333333335,8.236666666666666,81.92,2.563333333333333,221.42,9.996666666666668,55.34666666666667,3.62,968.47,2.501565392363718,27.3,87.3
Sankhuwasabha,2018,24.27,-3.7465749855515713,1,16.143333333333334,21.886666666666667,11.280000000000001,10.61,57.74333333333333,8.333333333333334,81.97333333333334,2.48,6.8100000000000005,9.453333333333333,51.45666666666667,0.13,813.64,1.4769947773323429,27.3,87.3
Sankhuwasabha,2019,30.4,-3.7060103800478426,1,16.400000000000002,22.666666666666668,11.013333333333334,11.653333333333334,52.40333333333333,7.696666666666666,81.96666666666667,2.5433333333333334,6.24,8.383333333333333,54.910000000000004,1.25,24.27,-3.7465749855515713,27.3,87.3
Saptari,1982,623.44,-0.10816017949928244,0,25.766666666666666,32.79666666666667,19.30666666666667,13.49,37.17,8.073333333333332,94.89,2.813333333333333,166.76999999999998,16.05666666666667,44.126666666666665,74.06,907.95,1.4353424709510811,26.6,86.8
Saptari,1983,619.4300000000001,-0.12991493549487468,0,26.080000000000002,33.38666666666666,19.459999999999997,13.93,28.583333333333332,6.603333333333333,94.85000000000001,3.2600000000000002,85.67,15.773333333333333,30.95,1.98,623.44,-0.10816017949928244,26.6,86.8
Saptari,1984,776.07,0.7198768298790839,0,27.23,34.71333333333333,20.58,14.136666666666665,28.64,7.0566666666666675,94.69,3.1533333333333338,117.38999999999999,15.32,33.98,46.22,619.4300000000001,-0.12991493549487468,26.6,86.8
Saptari,1985,789.13,0.7907289778348031,0,27.636666666666667,35.14666666666667,20.646666666666665,14.503333333333332,25.793333333333333,6.583333333333333,94.64666666666666,3.14,76.09,16.02,32.97666666666667,10.04,776.07,0.7198768298790839,26.6,86.8
Saptari,1986,732.46,0.4832870770192885,0,26.429999999999996,33.839999999999996,19.583333333333332,14.256666666666666,28.713333333333335,6.633333333333333,94.81333333333333,3.1,100.21000000000001,15.950000000000001,46.873333333333335,24.869999999999997,789.13,0.7907289778348031,26.6,86.8
Saptari,1987,949.62,1.6614074790150037,0,26.526666666666667,33.843333333333334,19.793333333333333,14.053333333333333,28.11,6.3566666666666665,94.93333333333334,2.856666666666667,90.64,16.84,37.63,28.91,732.46,0.4832870770192885,26.6,86.8
Saptari,1988,755.93,0.6106147885446124,0,26.616666666666664,34.03333333333333,19.893333333333334,14.14,33.07666666666667,7.8066666666666675,94.77666666666666,2.8866666666666667,123.92000000000002,16.746666666666666,41.32,11.26,949.62,1.6614074790150037,26.6,86.8
Saptari,1989,634.8299999999999,-0.04636799226990757,0,26.853333333333335,34.60666666666666,19.82,14.79,24.89,5.923333333333333,94.71333333333332,3.42,82.4,16.076666666666664,35.376666666666665,53.809999999999995,755.93,0.6106147885446124,26.6,86.8
Saptari,1990,606.9,-0.1978917665733717,0,26.396666666666665,33.473333333333336,19.78333333333333,13.686666666666667,30.516666666666666,7.273333333333333,94.83,2.8333333333333335,54.72,16.776666666666667,32.35333333333333,16.89,634.8299999999999,-0.04636799226990757,26.6,86.8
Saptari,1991,602.29,-0.22290159827902772,0,27.963333333333335,35.653333333333336,20.813333333333333,14.836666666666666,22.226666666666663,5.713333333333334,94.84333333333332,3.09,26.98,17.38,31.666666666666668,5.76,606.9,-0.1978917665733717,26.6,86.8
Saptari,1992,457.7,-1.0073205931425406,1,27.22,35.13,19.89333333333333,15.236666666666666,23.686666666666667,5.766666666666666,94.8,3.7133333333333334,60.290000000000006,15.833333333333334,35.11333333333334,16.310000000000002,602.29,-0.22290159827902772,26.6,86.8
Saptari,1993,441.29,-1.0963469138127822,1,26.066666666666666,33.300000000000004,19.53,13.770000000000001,31.150000000000002,7.199999999999999,94.92,3.116666666666667,100.66999999999999,16.716666666666665,30.896666666666665,19.2,457.7,-1.0073205931425406,26.6,86.8
Saptari,1994,340.06,-1.6455324373623599,1,27.61,35.18666666666667,20.689999999999998,14.5,23.903333333333336,6.1000000000000005,94.83999999999999,3.06,42.74,16.896666666666665,32.330000000000005,22.44,441.29,-1.0963469138127822,26.6,86.8
Saptari,1995,542.8000000000001,-0.5456423549318412,0,27.866666666666664,35.71333333333333,20.793333333333333,14.920000000000002,21.616666666666664,5.613333333333333,94.82333333333332,3.393333333333333,35.55,16.496666666666666,26.69333333333333,12.92,340.06,-1.6455324373623599,26.6,86.8
Saptari,1996,461.77,-0.985240329575942,1,27.973333333333333,35.67666666666667,20.866666666666664,14.81,24.25,6.170000000000001,94.71666666666665,3.283333333333333,33.4,16.066666666666666,40.153333333333336,48.85,542.8000000000001,-0.5456423549318412,26.6,86.8
Saptari,1997,485.69000000000005,-0.8554713112680695,1,26.313333333333333,33.653333333333336,19.48,14.18,26.363333333333333,6.076666666666667,94.94,3.1,69.2,16.06,25.570000000000004,8.26,461.77,-0.985240329575942,26.6,86.8
Saptari,1998,478.34000000000003,-0.8953459887163497,1,26.24,33.42666666666667,19.866666666666667,13.563333333333333,34.29333333333333,8.106666666666667,94.96,3.1766666666666663,84.30000000000001,15.793333333333331,37.26,27.62,485.69000000000005,-0.8554713112680695,26.6,86.8
Saptari,1999,403.41,-1.3018506936414693,1,27.72,35.403333333333336,20.726666666666667,14.676666666666668,25.406666666666666,6.57,94.60666666666667,3.073333333333333,73.94,17.763333333333332,31.766666666666666,9.09,478.34000000000003,-0.8953459887163497,26.6,86.8
Saptari,2000,500.58,-0.7746911823966561,0,26.52,33.63666666666666,20.03333333333333,13.603333333333333,31.75,7.82,94.73666666666666,2.94,95.42,16.38,31.843333333333334,5.0600000000000005,403.41,-1.3018506936414693,26.6,86.8
Saptari,2001,492.19,-0.8202079910757132,1,27.26,34.47666666666667,20.823333333333334,13.65,28.169999999999998,7.213333333333334,94.81333333333333,3.046666666666667,51.53,16.466666666666665,28.683333333333334,1.55,500.58,-0.7746911823966561,26.6,86.8
Saptari,2002,422.21999999999997,-1.1998040701309731,1,26.363333333333333,33.153333333333336,20.33666666666667,12.813333333333333,38.656666666666666,9.016666666666667,94.85666666666667,2.956666666666667,145.96,16.57,40.10333333333333,15.610000000000001,492.19,-0.8202079910757132,26.6,86.8
Saptari,2003,527.1800000000001,-0.6303828259171658,0,26.679999999999996,33.666666666666664,20.186666666666667,13.483333333333334,32.05,7.546666666666667,94.90666666666668,2.8433333333333333,56.51,15.943333333333333,40.086666666666666,41.989999999999995,422.21999999999997,-1.1998040701309731,26.6,86.8
Saptari,2004,887.3599999999999,1.3236391228340618,0,27.00666666666667,33.800000000000004,20.86,12.936666666666667,37.02,8.85,94.79333333333334,2.72,168.37,15.979999999999999,46.406666666666666,35.38,527.1800000000001,-0.6303828259171658,26.6,86.8
Saptari,2005,815.61,0.9343863191722803,0,26.606666666666666,33.51333333333333,20.273333333333333,13.243333333333334,35.580000000000005,8.223333333333334,94.95333333333333,2.7166666666666663,137.2,16.453333333333333,50.02666666666667,29.479999999999997,887.3599999999999,1.3236391228340618,26.6,86.8
Saptari,2006,910.08,1.4468979897218073,0,26.650000000000002,33.38666666666666,20.566666666666666,12.823333333333332,35.64333333333334,8.493333333333334,94.89666666666666,2.81,112.88999999999999,17.150000000000002,40.67666666666667,0.03,815.61,0.9343863191722803,26.6,86.8
Saptari,2007,901.6700000000001,1.4012726785190814,0,26.236666666666668,32.77,20.266666666666666,12.506666666666666,41.21,9.466666666666667,94.92333333333333,2.563333333333333,191.53,15.496666666666664,49.67333333333334,44.14,910.08,1.4468979897218073,26.6,86.8
Saptari,2008,907.0500000000001,1.4304598573859857,0,26.573333333333334,33.203333333333326,20.400000000000002,12.803333333333333,37.15333333333333,8.683333333333334,94.82333333333334,2.51,132.45000000000002,14.969999999999999,47.63333333333333,31.71,901.6700000000001,1.4012726785190814,26.6,86.8
Saptari,2009,684.88,0.22515957321123828,0,26.88,33.836666666666666,20.656666666666666,13.18,32.126666666666665,7.746666666666667,94.84333333333332,2.8266666666666667,125.28,17.39,47.81666666666666,0.64,907.0500000000001,1.4304598573859857,26.6,86.8
Saptari,2010,906.33,1.4265537665339092,0,27.97,35.083333333333336,21.76,13.329999999999998,31.876666666666665,8.026666666666666,94.81333333333333,2.9899999999999998,138.91,16.080000000000002,41.93333333333333,7.630000000000001,684.88,0.22515957321123828,26.6,86.8
Saptari,2011,1026.32,2.077514657284811,0,25.933333333333334,32.54666666666666,19.903333333333332,12.643333333333333,39.35,9.016666666666667,94.91666666666667,2.706666666666667,182.83999999999997,15.346666666666666,47.553333333333335,14.04,906.33,1.4265537665339092,26.6,86.8
Saptari,2012,785.9300000000001,0.7733685740477971,0,27.080000000000002,34.23666666666667,20.493333333333336,13.743333333333334,30.266666666666666,7.3066666666666675,94.78666666666668,3.1733333333333333,93.42,15.576666666666668,49.42333333333334,14.4,1026.32,2.077514657284811,26.6,86.8
Saptari,2013,779.9200000000001,0.740763565685326,0,26.25,33.36333333333334,20.206666666666667,13.156666666666666,35.593333333333334,8.0,94.81333333333333,3.046666666666667,179.32999999999998,14.956666666666665,41.43,32.42,785.9300000000001,0.7733685740477971,26.6,86.8
Saptari,2014,818.57,0.9504446926752613,0,26.956666666666667,34.086666666666666,20.80666666666667,13.280000000000001,32.10333333333333,7.44,94.94666666666667,3.1533333333333338,139.88,15.563333333333333,53.876666666666665,19.43,779.9200000000001,0.740763565685326,26.6,86.8
Saptari,2015,927.4100000000001,1.5409154264808136,0,26.14333333333333,32.51666666666667,20.53,11.986666666666666,43.37,9.85,95.0,2.8200000000000003,260.4,16.81,45.95333333333334,13.56,818.57,0.9504446926752613,26.6,86.8
Saptari,2016,1068.72,2.3075400074626446,0,28.003333333333334,34.96666666666667,22.026666666666667,12.933333333333332,33.556666666666665,8.366666666666667,94.81666666666666,3.356666666666667,225.22,16.963333333333335,41.75333333333333,14.84,927.4100000000001,1.5409154264808136,26.6,86.8
Saptari,2017,875.62,1.259948141440483,0,26.33,32.81,20.523333333333333,12.29,42.556666666666665,9.933333333333334,94.86666666666667,2.7533333333333334,237.82,17.316666666666666,49.373333333333335,2.45,1068.72,2.3075400074626446,26.6,86.8
Saptari,2018,24.68,-3.3565087330955,1,25.923333333333332,32.29,20.273333333333333,12.013333333333334,43.626666666666665,9.86,94.94,2.74,6.609999999999999,16.713333333333335,43.826666666666675,0.07,875.62,1.259948141440483,26.6,86.8
Saptari,2019,33.78,-3.307140084826201,1,26.333333333333332,33.24,20.223333333333333,13.020000000000001,38.833333333333336,9.036666666666667,94.92333333333333,2.9,5.95,16.779999999999998,44.669999999999995,1.31,24.68,-3.3565087330955,26.6,86.8
Sarlahi,1982,677.14,-0.32980822074552774,0,25.923333333333336,33.39666666666667,19.093333333333334,14.306666666666667,34.403333333333336,7.446666666666666,94.75666666666666,2.796666666666667,124.41,15.346666666666666,45.35999999999999,78.89,994.44,1.0704060032641645,27.0,85.45
Sarlahi,1983,473.66,-1.227745788667028,1,26.33666666666667,34.00333333333333,19.246666666666666,14.756666666666666,25.320000000000004,5.8999999999999995,94.71333333333332,3.1733333333333333,47.81,15.299999999999999,31.436666666666667,5.23,677.14,-0.32980822074552774,27.0,85.45
Sarlahi,1984,919.69,0.7405414799590132,0,27.763333333333335,35.85,20.41333333333333,15.433333333333332,23.706666666666667,6.026666666666666,94.54,3.186666666666667,53.63,15.209999999999999,31.976666666666663,36.24,473.66,-1.227745788667028,27.0,85.45
Sarlahi,1985,962.96,0.9314878066936472,0,28.0,36.096666666666664,20.436666666666667,15.666666666666666,21.22,5.52,94.49333333333334,3.1733333333333333,33.05,15.516666666666666,33.559999999999995,17.439999999999998,919.69,0.7405414799590132,27.0,85.45
Sarlahi,1986,732.8900000000001,-0.08378886055472887,0,26.423333333333332,34.22666666666667,19.13,15.093333333333334,26.78,6.140000000000001,94.66666666666667,3.0033333333333334,71.04,15.203333333333333,49.919999999999995,20.91,962.96,0.9314878066936472,27.0,85.45
Sarlahi,1987,978.51,1.000108453347762,0,26.849999999999998,34.623333333333335,19.613333333333333,15.006666666666666,24.24,5.523333333333333,94.79333333333334,2.956666666666667,48.72,16.413333333333334,35.75333333333334,36.28,732.8900000000001,-0.08378886055472887,27.0,85.45
Sarlahi,1988,835.79,0.3702988912593181,0,26.736666666666665,34.589999999999996,19.613333333333333,14.973333333333334,30.546666666666667,7.196666666666666,94.62333333333333,2.8366666666666664,138.64,16.083333333333332,40.96666666666667,7.7,978.51,1.000108453347762,27.0,85.45
Sarlahi,1989,557.37,-0.8583416515984769,1,26.96666666666667,35.17,19.583333333333332,15.589999999999998,22.47666666666667,5.413333333333334,94.57666666666667,3.466666666666667,64.85000000000001,15.4,36.68,53.57,835.79,0.3702988912593181,27.0,85.45
Sarlahi,1990,871.02,0.5257654752866155,0,26.873333333333335,34.27,19.923333333333332,14.343333333333334,26.236666666666668,6.366666666666667,94.67333333333333,2.8866666666666667,28.77,16.429999999999996,31.486666666666668,29.160000000000004,557.37,-0.8583416515984769,27.0,85.45
Sarlahi,1991,530.98,-0.974798170260991,1,28.076666666666668,36.193333333333335,20.563333333333333,15.636666666666665,19.633333333333333,5.026666666666666,94.69666666666667,3.016666666666667,24.16,16.896666666666665,31.94666666666667,6.42,871.02,0.5257654752866155,27.0,85.45
Sarlahi,1992,480.4,-1.198002820278042,1,27.593333333333334,35.85333333333333,20.136666666666667,15.719999999999999,20.540000000000003,5.09,94.66666666666667,3.7433333333333336,36.620000000000005,15.56,33.306666666666665,22.410000000000004,530.98,-0.974798170260991,27.0,85.45
Sarlahi,1993,552.88,-0.8781555875133951,1,26.083333333333332,33.81666666666666,19.063333333333333,14.746666666666668,28.503333333333334,6.516666666666667,94.77666666666666,3.1,103.08000000000001,16.326666666666668,31.113333333333333,13.18,480.4,-1.198002820278042,27.0,85.45
Sarlahi,1994,521.8399999999999,-1.0151321066223171,1,27.69333333333333,35.73666666666667,20.290000000000003,15.443333333333333,21.37,5.493333333333333,94.69666666666667,3.0666666666666664,35.129999999999995,16.436666666666667,31.756666666666664,24.439999999999998,552.88,-0.8781555875133951,27.0,85.45
Sarlahi,1995,705.61,-0.20417286317365266,0,27.98333333333333,36.16,20.560000000000002,15.606666666666667,19.44,5.026666666666666,94.69333333333333,3.39,13.1,15.866666666666667,28.893333333333334,20.799999999999997,521.8399999999999,-1.0151321066223171,27.0,85.45
Sarlahi,1996,680.06,-0.31692254304584844,0,27.996666666666666,36.10333333333333,20.54,15.563333333333334,22.44666666666667,5.6066666666666665,94.58,3.1799999999999997,29.770000000000003,15.676666666666668,39.95333333333333,66.86,705.61,-0.20417286317365266,27.0,85.45
Sarlahi,1997,642.57,-0.4823622885804315,0,26.459999999999997,34.21,19.326666666666664,14.886666666666665,23.59,5.46,94.8,3.0666666666666664,55.0,15.246666666666668,27.686666666666667,8.08,680.06,-0.31692254304584844,27.0,85.45
Sarlahi,1998,661.13,-0.40045880292767444,0,26.583333333333332,34.166666666666664,19.75,14.426666666666668,30.016666666666666,7.169999999999999,94.81666666666666,3.0866666666666664,54.95,15.213333333333333,38.85666666666666,34.230000000000004,642.57,-0.4823622885804315,27.0,85.45
Sarlahi,1999,471.34999999999997,-1.2379395953404049,1,27.91,36.19,20.486666666666668,15.703333333333333,20.916666666666668,5.493333333333333,94.46333333333332,3.103333333333333,53.67,17.076666666666668,31.84,3.02,661.13,-0.40045880292767444,27.0,85.45
Sarlahi,2000,777.28,0.11209991790032957,0,27.060000000000002,34.583333333333336,20.096666666666668,14.483333333333334,26.406666666666666,6.746666666666666,94.58,2.89,81.88,16.006666666666664,29.323333333333334,2.97,471.34999999999997,-1.2379395953404049,27.0,85.45
Sarlahi,2001,681.65,-0.3099060267641735,0,27.30333333333333,34.846666666666664,20.58,14.266666666666666,26.153333333333332,6.75,94.66666666666667,3.02,70.1,15.856666666666667,29.75333333333333,2.16,777.28,0.11209991790032957,27.0,85.45
Sarlahi,2002,449.36,-1.3349793393869636,1,26.77333333333333,34.086666666666666,20.253333333333334,13.833333333333334,34.06666666666667,8.143333333333333,94.69333333333334,2.983333333333333,128.97,15.806666666666667,40.776666666666664,23.91,681.65,-0.3099060267641735,27.0,85.45
Sarlahi,2003,558.48,-0.85344332891127,1,26.956666666666667,34.449999999999996,19.906666666666666,14.54,27.22,6.383333333333333,94.75333333333333,2.8366666666666664,24.31,15.43,39.57333333333333,61.29,449.36,-1.3349793393869636,27.0,85.45
Sarlahi,2004,911.9100000000001,0.7062090921153468,0,27.026666666666667,34.28333333333333,20.436666666666667,13.85,34.306666666666665,8.183333333333332,94.64,2.6566666666666667,223.01999999999998,15.64,43.51,37.77,558.48,-0.85344332891127,27.0,85.45
Sarlahi,2005,860.46,0.4791652162083228,0,26.88,34.22666666666667,20.08,14.143333333333333,30.873333333333335,7.096666666666667,94.8,2.73,71.93,15.94,50.056666666666665,57.09,911.9100000000001,0.7062090921153468,27.0,85.45
Sarlahi,2006,1007.9100000000001,1.129847811008919,0,26.45,33.45666666666667,20.156666666666666,13.299999999999999,35.28666666666667,8.290000000000001,94.75666666666666,2.723333333333333,149.07,16.61,40.803333333333335,0.02,860.46,0.4791652162083228,27.0,85.45
Sarlahi,2007,1139.4099999999999,1.7101445978266754,0,26.096666666666664,32.98666666666667,19.76,13.229999999999999,40.5,9.156666666666666,94.78333333333335,2.56,151.07,15.053333333333335,49.24,84.78,1007.9100000000001,1.129847811008919,27.0,85.45
Sarlahi,2008,1386.56,2.8007936538115334,0,26.45,33.559999999999995,19.77,13.793333333333331,34.68666666666667,8.023333333333333,94.67333333333333,2.526666666666667,167.34,14.43,48.44333333333333,28.590000000000003,1139.4099999999999,1.7101445978266754,27.0,85.45
Sarlahi,2009,781.13,0.12908959568929063,0,26.923333333333336,34.28666666666667,20.293333333333333,13.993333333333332,29.866666666666664,7.21,94.70333333333333,2.8366666666666664,106.06,16.606666666666666,50.70666666666667,1.27,1386.56,2.8007936538115334,27.0,85.45
Sarlahi,2010,887.04,0.5964601865019803,0,28.290000000000003,35.85333333333333,21.566666666666666,14.286666666666667,27.96666666666667,7.22,94.66000000000001,3.046666666666667,83.37,15.69,41.35333333333333,16.02,781.13,0.12908959568929063,27.0,85.45
Sarlahi,2011,1026.71,1.2128103934589098,0,26.126666666666665,33.21666666666667,19.76,13.463333333333333,36.1,8.37,94.76666666666665,2.796666666666667,176.78,14.923333333333334,46.98,14.32,887.04,0.5964601865019803,27.0,85.45
Sarlahi,2012,967.15,0.9499778716120226,0,27.290000000000003,34.809999999999995,20.313333333333333,14.496666666666668,26.463333333333335,6.3933333333333335,94.64999999999999,3.0500000000000003,43.88,15.183333333333332,48.13333333333333,19.55,1026.71,1.2128103934589098,27.0,85.45
Sarlahi,2013,985.39,1.0304692282018013,0,26.143333333333334,33.64333333333334,19.496666666666666,14.143333333333333,34.24666666666667,7.566666666666667,94.69333333333333,2.9233333333333333,151.49,13.853333333333333,48.129999999999995,46.48,967.15,0.9499778716120226,27.0,85.45
Sarlahi,2014,1032.96,1.2403910392202102,0,26.689999999999998,34.06666666666666,19.996666666666666,14.07,32.550000000000004,7.3566666666666665,94.82,3.0400000000000005,147.28,14.9,57.01666666666667,31.08,985.39,1.0304692282018013,27.0,85.45
Sarlahi,2015,1000.5,1.097148197394321,0,26.19333333333333,33.050000000000004,20.05333333333333,13.003333333333332,40.79666666666667,9.11,94.87333333333333,2.77,172.14,15.673333333333334,50.73333333333333,22.689999999999998,1032.96,1.2403910392202102,27.0,85.45
Sarlahi,2016,900.74,0.6569169620107507,0,28.30666666666667,35.699999999999996,21.80333333333333,13.896666666666667,29.583333333333332,7.466666666666666,94.69333333333333,3.28,130.37,16.52,40.126666666666665,12.209999999999999,1000.5,1.097148197394321,27.0,85.45
Sarlahi,2017,853.77,0.44964289298542676,0,26.713333333333335,33.723333333333336,20.41,13.313333333333333,37.123333333333335,8.836666666666666,94.71333333333332,2.736666666666667,196.42000000000002,16.923333333333336,44.913333333333334,7.06,900.74,0.6569169620107507,27.0,85.45
Sarlahi,2018,22.599999999999998,-3.2182299610017635,1,26.406666666666666,33.32666666666666,20.16,13.166666666666666,38.44,8.926666666666668,94.77666666666669,2.8533333333333335,5.55,16.356666666666666,40.026666666666664,0.06,853.77,0.44964289298542676,27.0,85.45
Sarlahi,2019,30.830000000000002,-3.1819117666632835,1,26.793333333333333,34.16,20.23,13.926666666666668,34.35333333333333,8.01,94.78333333333335,2.9133333333333336,3.7800000000000002,16.256666666666664,42.99333333333333,1.82,22.599999999999998,-3.2182299610017635,27.0,85.45
Sindhuli,1982,629.8,-0.19548604542977788,0,23.36,30.41,17.156666666666666,13.253333333333332,35.84,6.986666666666667,90.78666666666668,2.706666666666667,110.01,13.589999999999998,44.50333333333333,85.21,913.04,1.148928166129864,27.2,85.9
Sindhuli,1983,461.28000000000003,-0.9953754781794981,1,23.546666666666667,30.816666666666666,17.093333333333334,13.723333333333334,27.546666666666667,5.6933333333333325,90.74666666666667,2.973333333333333,56.57,13.31,31.766666666666666,4.92,629.8,-0.19548604542977788,27.2,85.9
Sindhuli,1984,832.34,0.7658811852201656,0,25.043333333333333,32.63666666666666,18.423333333333332,14.213333333333333,25.823333333333334,5.846666666666667,90.60333333333334,2.966666666666667,65.72,13.43,31.27333333333333,32.95,461.28000000000003,-0.9953754781794981,27.2,85.9
Sindhuli,1985,839.1700000000001,0.7983001552277648,0,25.256666666666664,32.88,18.349999999999998,14.533333333333333,23.333333333333332,5.366666666666667,90.56333333333333,2.9766666666666666,39.59,13.766666666666666,33.56333333333333,15.549999999999999,832.34,0.7658811852201656,27.2,85.9
Sindhuli,1986,669.91,-0.005101728152354991,0,23.703333333333333,31.093333333333334,16.983333333333334,14.113333333333335,28.573333333333334,5.833333333333333,90.71333333333332,2.8666666666666667,69.42,13.656666666666666,47.98,20.71,839.1700000000001,0.7983001552277648,27.2,85.9
Sindhuli,1987,827.69,0.7438097049075251,0,24.076666666666668,31.486666666666668,17.473333333333333,14.016666666666666,25.993333333333336,5.25,90.83,2.81,48.24,14.536666666666667,35.083333333333336,37.260000000000005,669.91,-0.005101728152354991,27.2,85.9
Sindhuli,1988,746.94,0.360525396252529,0,24.133333333333336,31.48,17.650000000000002,13.833333333333334,32.49333333333333,6.853333333333333,90.67666666666666,2.6833333333333336,149.68,14.566666666666665,40.00333333333334,6.59,827.69,0.7438097049075251,27.2,85.9
Sindhuli,1989,507.51,-0.7759422448776968,0,24.333333333333332,32.06333333333333,17.636666666666667,14.426666666666668,24.290000000000003,5.22,90.62333333333333,3.1166666666666667,70.78,13.676666666666668,36.70666666666666,56.16,746.94,0.360525396252529,27.2,85.9
Sindhuli,1990,772.25,0.480660700921977,0,24.003333333333334,31.070000000000004,17.61,13.459999999999999,28.7,6.1499999999999995,90.71666666666665,2.716666666666667,31.240000000000002,14.506666666666666,32.233333333333334,24.44,507.51,-0.7759422448776968,27.2,85.9
Sindhuli,1991,467.81,-0.9643804746436825,1,25.23,32.96666666666667,18.263333333333332,14.703333333333333,21.61,4.876666666666667,90.75333333333333,2.8866666666666667,30.9,14.956666666666665,32.623333333333335,5.6899999999999995,772.25,0.480660700921977,27.2,85.9
Sindhuli,1992,430.96,-1.139291022927727,1,24.866666666666664,32.723333333333336,18.026666666666667,14.700000000000001,21.923333333333332,4.816666666666666,90.71666666666665,3.4,32.74,13.543333333333335,33.806666666666665,22.88,467.81,-0.9643804746436825,27.2,85.9
Sindhuli,1993,475.35,-0.9285914506528629,1,23.326666666666668,30.626666666666665,16.896666666666665,13.729999999999999,30.646666666666665,6.239999999999999,90.81,2.8800000000000003,114.33,14.326666666666666,32.42666666666667,15.29,430.96,-1.139291022927727,27.2,85.9
Sindhuli,1994,430.62,-1.140904851595748,1,24.96666666666667,32.64333333333334,18.136666666666667,14.506666666666666,22.939999999999998,5.25,90.75,2.9233333333333333,34.44,14.729999999999999,30.849999999999998,20.78,475.35,-0.9285914506528629,27.2,85.9
Sindhuli,1995,618.15,-0.250783410084028,0,25.236666666666668,33.02333333333333,18.400000000000002,14.62,20.866666666666664,4.819999999999999,90.74000000000001,3.1966666666666668,16.94,13.99,28.38,15.78,430.62,-1.140904851595748,27.2,85.9
Sindhuli,1996,576.43,-0.4488096807600211,0,25.26,32.946666666666665,18.400000000000002,14.546666666666667,24.076666666666664,5.383333333333333,90.64,3.06,33.54,13.886666666666665,38.98666666666667,59.45,618.15,-0.250783410084028,27.2,85.9
Sindhuli,1997,514.79,-0.741387325162423,0,23.626666666666665,31.026666666666667,17.046666666666667,13.979999999999999,25.709999999999997,5.24,90.83,2.9,54.849999999999994,13.549999999999999,27.156666666666666,7.35,576.43,-0.4488096807600211,27.2,85.9
Sindhuli,1998,562.71,-0.5139324140695755,0,23.913333333333338,31.186666666666667,17.61,13.576666666666668,31.733333333333334,6.776666666666666,90.85000000000001,2.8833333333333333,60.25,13.573333333333332,36.62,27.98,514.79,-0.741387325162423,27.2,85.9
Sindhuli,1999,406.13,-1.2571479812423223,1,25.323333333333334,33.12,18.576666666666668,14.543333333333335,22.356666666666666,5.22,90.53333333333335,2.9333333333333336,52.809999999999995,15.596666666666666,29.646666666666665,3.11,562.71,-0.5139324140695755,27.2,85.9
Sindhuli,2000,673.11,0.01008724754666674,0,24.316666666666666,31.463333333333335,17.976666666666667,13.486666666666666,28.37,6.416666666666667,90.63666666666666,2.716666666666667,78.0,14.116666666666667,29.663333333333338,2.49,406.13,-1.2571479812423223,27.2,85.9
Sindhuli,2001,581.12,-0.42654833825114247,0,24.59,31.826666666666664,18.30666666666667,13.520000000000001,28.069999999999997,6.419999999999999,90.71999999999998,2.8699999999999997,59.03,14.410000000000002,28.676666666666666,1.23,673.11,0.01008724754666674,27.2,85.9
Sindhuli,2002,394.22,-1.3136794501721178,1,24.113333333333333,31.05,18.153333333333332,12.893333333333333,36.06666666666667,7.676666666666667,90.74666666666667,2.7133333333333334,119.52000000000001,14.306666666666667,38.38333333333333,22.31,581.12,-0.42654833825114247,27.2,85.9
Sindhuli,2003,472.49,-0.9421665976838635,1,24.2,31.36,17.73333333333333,13.626666666666665,29.336666666666662,6.123333333333334,90.79666666666667,2.686666666666667,24.119999999999997,13.86,38.32666666666667,59.26,394.22,-1.3136794501721178,27.2,85.9
Sindhuli,2004,895.7,1.0666229040607917,0,24.333333333333332,31.063333333333333,18.453333333333333,12.61,37.14666666666667,7.8933333333333335,90.70333333333333,2.4833333333333334,254.82,13.936666666666667,42.553333333333335,36.89,472.49,-0.9421665976838635,27.2,85.9
Sindhuli,2005,835.5799999999999,0.7812600231154243,0,23.983333333333334,30.896666666666665,17.75,13.143333333333333,33.89666666666667,6.903333333333333,90.85333333333334,2.59,83.39,13.993333333333332,51.26666666666667,57.85,895.7,1.0666229040607917,27.2,85.9
Sindhuli,2006,951.5799999999999,1.3318603922049543,0,23.66,30.356666666666666,17.823333333333334,12.533333333333333,38.03333333333333,7.926666666666667,90.79333333333334,2.533333333333333,157.2,15.253333333333332,38.943333333333335,0.01,835.5799999999999,0.7812600231154243,27.2,85.9
Sindhuli,2007,1031.15,1.709543766070937,0,23.493333333333336,29.953333333333333,17.76,12.19,43.05666666666667,8.72,90.82666666666667,2.4033333333333333,155.11,13.4,49.36666666666667,86.84,951.5799999999999,1.3318603922049543,27.2,85.9
Sindhuli,2008,1209.73,2.557183541174456,0,23.80666666666667,30.59,17.656666666666666,12.933333333333332,36.763333333333335,7.593333333333334,90.71999999999998,2.4833333333333334,171.13,13.053333333333333,46.03666666666667,24.9,1031.15,1.709543766070937,27.2,85.9
Sindhuli,2009,731.0,0.28486531105177776,0,24.213333333333335,31.176666666666666,18.156666666666666,13.020000000000001,32.39333333333334,6.953333333333333,90.75,2.6333333333333333,115.53999999999999,15.176666666666668,48.973333333333336,1.0499999999999998,1209.73,2.557183541174456,27.2,85.9
Sindhuli,2010,885.44,1.017923250725804,0,25.606666666666666,32.733333333333334,19.436666666666667,13.296666666666667,30.173333333333336,6.933333333333334,90.73,2.8166666666666664,85.7,14.236666666666666,39.830000000000005,14.4,731.0,0.28486531105177776,27.2,85.9
Sindhuli,2011,978.35,1.4589256670370816,0,23.36,30.046666666666667,17.49,12.556666666666667,38.97666666666667,8.01,90.80666666666667,2.6033333333333335,180.95,13.363333333333335,46.196666666666665,14.47,885.44,1.017923250725804,27.2,85.9
Sindhuli,2012,936.5,1.2602823442233158,0,24.493333333333336,31.646666666666665,18.046666666666667,13.596666666666666,28.863333333333333,6.213333333333334,90.7,2.9066666666666667,51.71,13.503333333333332,47.79,18.43,978.35,1.4589256670370816,27.2,85.9
Sindhuli,2013,988.69,1.508005044764545,0,23.633333333333336,30.683333333333337,17.626666666666665,13.053333333333333,36.449999999999996,7.293333333333333,90.72666666666667,2.8266666666666667,161.47,12.796666666666667,44.656666666666666,46.5,936.5,1.2602823442233158,27.2,85.9
Sindhuli,2014,1021.97,1.6659703920343687,0,24.013333333333335,30.909999999999997,17.966666666666665,12.94,35.089999999999996,7.146666666666667,90.86,2.83,157.6,13.413333333333334,56.29,26.46,988.69,1.508005044764545,27.2,85.9
Sindhuli,2015,991.17,1.5197765009312862,0,23.456666666666667,29.786666666666665,17.93,11.853333333333333,43.96333333333333,8.746666666666668,90.90666666666668,2.5866666666666664,191.51,14.373333333333335,49.79,22.650000000000002,1021.97,1.6659703920343687,27.2,85.9
Sindhuli,2016,968.3900000000001,1.4116499801738775,0,25.373333333333335,32.36333333333334,19.536666666666665,12.83,32.95333333333333,7.359999999999999,90.75333333333333,3.013333333333333,136.94,14.546666666666667,42.36333333333334,14.739999999999998,991.17,1.5197765009312862,27.2,85.9
Sindhuli,2017,828.26,0.746515241203913,0,23.816666666666666,30.376666666666665,18.12,12.26,40.75,8.549999999999999,90.76666666666667,2.53,213.15,15.393333333333333,45.85,8.07,968.3900000000001,1.4116499801738775,27.2,85.9
Sindhuli,2018,22.98,-3.0757904934548512,1,23.46666666666667,29.926666666666666,17.80333333333333,12.123333333333335,42.63999999999999,8.693333333333333,90.82333333333334,2.5866666666666664,6.45,14.816666666666668,40.846666666666664,0.08,828.26,0.746515241203913,27.2,85.9
Sindhuli,2019,30.29,-3.0410931770923995,1,23.94666666666667,30.78,18.036666666666665,12.743333333333332,37.660000000000004,7.8066666666666675,90.82666666666667,2.6833333333333336,4.46,14.373333333333333,44.199999999999996,1.8399999999999999,22.98,-3.0757904934548512,27.2,85.9
Solukhumbu,1982,197.31,-1.4361159954886749,1,-4.6433333333333335,2.1733333333333333,-10.27,12.443333333333333,57.86333333333334,2.9133333333333336,56.06333333333333,3.9066666666666663,28.02,-13.586666666666666,54.32666666666666,51.53,478.67,1.91255452671456,28.0,86.8
Solukhumbu,1983,200.97,-1.3925556666883343,1,-4.756666666666667,2.27,-10.706666666666665,12.976666666666667,52.36666666666667,2.676666666666667,56.01666666666667,4.543333333333334,45.53999999999999,-12.69,41.5,1.29,197.31,-1.4361159954886749,28.0,86.8
Solukhumbu,1984,420.1,1.215470248617306,0,-2.5566666666666666,4.9799999999999995,-8.786666666666667,13.770000000000001,45.29666666666666,2.7399999999999998,56.11666666666667,3.6099999999999994,29.47,-12.340000000000002,34.27,13.829999999999998,200.97,-1.3925556666883343,28.0,86.8
Solukhumbu,1985,289.22,-0.3422280665161863,0,-2.876666666666667,4.536666666666666,-8.903333333333334,13.44,48.93333333333334,2.8000000000000003,56.093333333333334,4.086666666666667,21.93,-11.676666666666668,46.903333333333336,10.57,420.1,1.215470248617306,28.0,86.8
Solukhumbu,1986,278.19,-0.4735041393762296,0,-4.803333333333334,2.4133333333333336,-10.83,13.243333333333334,50.413333333333334,2.4933333333333336,56.01333333333334,4.12,26.16,-11.293333333333335,41.78333333333333,9.58,289.22,-0.3422280665161863,28.0,86.8
Solukhumbu,1987,373.85999999999996,0.665134291314641,0,-4.319999999999999,2.99,-10.406666666666666,13.396666666666667,48.376666666666665,2.46,56.11333333333334,3.7866666666666666,23.57,-12.236666666666666,45.45666666666667,19.509999999999998,278.19,-0.4735041393762296,28.0,86.8
Solukhumbu,1988,392.18,0.8831739698999531,0,-3.1966666666666668,4.27,-9.44,13.706666666666665,50.89666666666667,2.85,56.120000000000005,3.973333333333333,50.55,-9.536666666666667,42.84,1.38,373.85999999999996,0.665134291314641,28.0,86.8
Solukhumbu,1989,260.17,-0.6879732992074147,0,-3.6199999999999997,3.76,-9.746666666666666,13.506666666666666,47.24,2.6833333333333336,56.06,4.413333333333333,35.32,-11.42,46.81666666666666,30.509999999999998,392.18,0.8831739698999531,28.0,86.8
Solukhumbu,1990,333.58,0.18573263992728592,0,-3.97,3.1,-9.986666666666666,13.083333333333334,51.65,2.853333333333333,56.01333333333333,3.99,21.490000000000002,-10.463333333333333,42.76,6.79,260.17,-0.6879732992074147,28.0,86.8
Solukhumbu,1991,324.91,0.08254464793303688,0,-3.766666666666666,3.9166666666666665,-10.1,14.020000000000001,48.35,2.5933333333333333,56.163333333333334,4.176666666666667,10.48,-11.533333333333333,45.79,4.23,333.58,0.18573263992728592,28.0,86.8
Solukhumbu,1992,278.03,-0.47540841604509726,0,-3.53,4.093333333333334,-9.49,13.58,47.28,2.5833333333333335,56.126666666666665,4.443333333333333,15.76,-11.96,43.46666666666667,8.15,324.91,0.08254464793303688,28.0,86.8
Solukhumbu,1993,187.65,-1.551086699371541,1,-4.3133333333333335,3.09,-10.513333333333334,13.606666666666667,51.05666666666667,2.7533333333333334,56.086666666666666,3.966666666666667,46.32,-10.94,44.86333333333334,9.94,278.03,-0.47540841604509726,28.0,86.8
Solukhumbu,1994,206.56,-1.3260250005697813,1,-3.4566666666666666,4.140000000000001,-9.66,13.799999999999999,46.59,2.6233333333333335,56.13666666666666,4.0200000000000005,17.84,-10.973333333333334,38.85333333333333,9.99,187.65,-1.551086699371541,28.0,86.8
Solukhumbu,1995,253.02,-0.7730706628474244,0,-3.483333333333333,4.413333333333334,-9.91,14.323333333333332,45.76,2.64,56.14333333333334,4.403333333333333,15.6,-12.383333333333333,40.800000000000004,5.07,206.56,-1.3260250005697813,28.0,86.8
Solukhumbu,1996,300.91,-0.2030968523970656,0,-3.2866666666666666,4.486666666666666,-9.566666666666666,14.053333333333333,47.906666666666666,2.6799999999999997,56.10333333333333,4.083333333333333,9.84,-12.223333333333334,47.446666666666665,21.8,253.02,-0.7730706628474244,28.0,86.8
Solukhumbu,1997,258.25,-0.710824619233823,0,-4.473333333333334,2.5733333333333333,-10.226666666666667,12.799999999999999,49.74666666666667,2.5366666666666666,56.05666666666667,3.8866666666666667,35.519999999999996,-11.776666666666666,36.13333333333333,3.27,300.91,-0.2030968523970656,28.0,86.8
Solukhumbu,1998,349.24,0.3721137188926781,0,-2.7566666666666664,4.75,-9.1,13.853333333333333,48.54333333333333,2.9133333333333336,56.163333333333334,3.926666666666667,24.549999999999997,-11.586666666666666,41.6,9.92,258.25,-0.710824619233823,28.0,86.8
Solukhumbu,1999,307.33,-0.12668775105876368,0,-1.9633333333333332,5.826666666666667,-8.273333333333333,14.1,39.23,2.546666666666667,56.123333333333335,3.8166666666666664,30.549999999999997,-10.09,37.583333333333336,2.4,349.24,0.3721137188926781,28.0,86.8
Solukhumbu,2000,384.29999999999995,0.7893883439582354,0,-3.49,3.6799999999999997,-9.473333333333333,13.15,49.79333333333333,2.9599999999999995,56.050000000000004,3.7066666666666666,36.72,-12.286666666666667,41.626666666666665,0.91,307.33,-0.12668775105876368,28.0,86.8
Solukhumbu,2001,293.69,-0.28902733707970507,0,-3.566666666666667,3.3066666666666666,-9.296666666666667,12.603333333333333,52.696666666666665,2.9966666666666666,56.093333333333334,3.7433333333333336,35.2,-10.203333333333333,35.81,0.79,384.29999999999995,0.7893883439582354,28.0,86.8
Solukhumbu,2002,273.55,-0.5287281627733826,0,-2.7066666666666666,4.123333333333334,-8.363333333333333,12.486666666666666,52.29,3.0799999999999996,56.120000000000005,3.4866666666666664,35.94,-10.923333333333334,40.63,8.620000000000001,293.69,-0.28902733707970507,28.0,86.8
Solukhumbu,2003,279.03,-0.46350668686467633,0,-3.8333333333333335,3.44,-9.729999999999999,13.17,51.21666666666667,2.7466666666666666,56.10666666666666,3.89,9.969999999999999,-11.469999999999999,41.026666666666664,21.32,273.55,-0.5287281627733826,28.0,86.8
Solukhumbu,2004,437.15,1.4183947311434824,0,-2.11,5.216666666666668,-8.126666666666667,13.343333333333334,50.98666666666667,3.17,56.17666666666667,3.6666666666666665,81.43,-11.743333333333334,42.73,14.950000000000001,279.03,-0.46350668686467633,28.0,86.8
Solukhumbu,2005,347.95,0.35676048824993484,0,-4.176666666666667,2.9499999999999997,-10.156666666666666,13.106666666666667,55.54333333333333,2.8666666666666667,56.163333333333334,3.9933333333333336,42.95,-11.603333333333333,52.903333333333336,17.580000000000002,437.15,1.4183947311434824,28.0,86.8
Solukhumbu,2006,330.14,0.14479069154663793,0,-3.1666666666666665,3.643333333333333,-8.973333333333334,12.62,53.550000000000004,3.1566666666666663,56.126666666666665,3.5866666666666664,47.370000000000005,-9.49,37.623333333333335,0.05,347.95,0.35676048824993484,28.0,86.8
Solukhumbu,2007,504.53000000000003,2.2203332433202454,0,-2.6933333333333334,4.406666666666667,-8.693333333333333,13.103333333333333,53.17666666666667,3.1533333333333338,56.199999999999996,3.47,45.67,-11.116666666666667,45.38666666666666,26.72,330.14,0.14479069154663793,28.0,86.8
Solukhumbu,2008,437.33000000000004,1.4205370423959587,0,-3.5233333333333334,3.5,-9.48,12.976666666666667,57.79333333333333,3.19,56.080000000000005,3.533333333333333,57.17,-11.853333333333333,43.57,6.199999999999999,504.53000000000003,2.2203332433202454,28.0,86.8
Solukhumbu,2009,243.44,-0.8870892283958571,1,-3.0933333333333333,4.146666666666667,-9.173333333333334,13.316666666666668,50.49666666666667,2.8800000000000003,56.15,3.8699999999999997,58.02,-9.283333333333333,43.11000000000001,0.47,437.33000000000004,1.4205370423959587,28.0,86.8
Solukhumbu,2010,483.31,1.967778550111713,0,-2.0833333333333335,5.34,-8.056666666666667,13.403333333333334,49.60333333333333,3.0533333333333332,56.25,3.8699999999999997,39.24,-10.736666666666666,37.72,2.49,243.44,-0.8870892283958571,28.0,86.8
Solukhumbu,2011,464.4,1.7427168513099527,0,-3.7133333333333334,2.7533333333333334,-9.54,12.293333333333331,58.336666666666666,3.23,56.123333333333335,3.516666666666667,57.230000000000004,-12.203333333333333,45.36000000000001,7.1,483.31,1.967778550111713,28.0,86.8
Solukhumbu,2012,397.97,0.9520849818545906,0,-3.8166666666666664,3.296666666666667,-9.84,13.136666666666668,52.50666666666666,2.856666666666667,56.06999999999999,4.216666666666667,23.07,-12.13,46.94,6.26,464.4,1.7427168513099527,28.0,86.8
Solukhumbu,2013,441.26,1.4673108380750124,0,-3.06,3.9633333333333334,-9.08,13.043333333333331,54.343333333333334,3.0733333333333337,56.13333333333333,3.5400000000000005,61.29,-11.93,42.95000000000001,23.48,397.97,0.9520849818545906,28.0,86.8
Solukhumbu,2014,429.39,1.326037312703416,0,-4.090000000000001,2.7266666666666666,-9.923333333333334,12.65,58.06333333333333,3.0766666666666667,56.166666666666664,3.7733333333333334,70.81,-11.796666666666667,48.330000000000005,7.16,441.26,1.4673108380750124,28.0,86.8
Solukhumbu,2015,409.65,1.0910971786819066,0,-3.533333333333333,2.986666666666667,-9.156666666666666,12.146666666666667,59.51333333333333,3.263333333333333,56.20333333333334,3.58,94.41,-10.943333333333333,49.02666666666667,12.07,429.39,1.326037312703416,28.0,86.8
Solukhumbu,2016,511.05,2.29793251757659,0,-2.5733333333333333,4.0,-8.056666666666667,12.053333333333335,57.163333333333334,3.34,56.21666666666667,3.896666666666667,73.13,-10.726666666666667,45.803333333333335,8.780000000000001,409.65,1.0910971786819066,28.0,86.8
Solukhumbu,2017,461.28,1.7055834562670393,0,-3.5399999999999996,3.106666666666667,-9.356666666666667,12.463333333333333,59.35333333333333,3.3266666666666667,56.129999999999995,3.983333333333333,95.38,-9.673333333333334,46.21666666666667,4.67,511.05,2.29793251757659,28.0,86.8
Solukhumbu,2018,16.88,-3.5835449915120248,1,-2.8633333333333333,3.44,-8.186666666666667,11.626666666666665,58.82333333333333,3.3866666666666667,56.14000000000001,3.35,2.94,-9.336666666666666,44.473333333333336,0.09,461.28,1.7055834562670393,28.0,86.8
Solukhumbu,2019,14.8,-3.6083005882073,1,-3.706666666666667,3.1833333333333336,-9.546666666666667,12.729999999999999,59.85666666666666,3.2533333333333334,56.160000000000004,3.73,2.4,-12.823333333333332,56.18000000000001,0.88,16.88,-3.5835449915120248,28.0,86.8
Sunsari,1982,824.46,0.3702009333959581,0,24.72666666666667,31.533333333333335,18.406666666666666,13.13,40.833333333333336,8.486666666666666,93.85666666666667,2.61,211.99,15.530000000000001,45.916666666666664,72.26,1099.05,1.8087800710805708,26.75,87.3
Sunsari,1983,789.19,0.18542113010328073,0,24.956666666666667,32.166666666666664,18.430000000000003,13.74,31.709999999999997,6.916666666666667,93.81666666666668,3.013333333333333,138.14,15.063333333333333,33.23,1.5499999999999998,824.46,0.3702009333959581,26.75,87.3
Sunsari,1984,890.06,0.7138798417032908,0,26.206666666666667,33.56,19.59,13.969999999999999,31.35666666666667,7.34,93.67333333333333,2.9633333333333334,147.09,14.64,36.54,43.52,789.19,0.18542113010328073,26.75,87.3
Sunsari,1985,906.41,0.7995376183926949,0,26.593333333333334,33.99,19.69,14.299999999999999,28.706666666666667,6.95,93.62666666666667,2.9266666666666663,95.05,15.36,35.29333333333333,9.04,890.06,0.7138798417032908,26.75,87.3
Sunsari,1986,803.53,0.2605485012180236,0,25.55,32.88333333333333,18.773333333333333,14.113333333333335,30.399999999999995,6.756666666666667,93.77666666666666,2.936666666666666,110.53,15.51,47.65,24.8,906.41,0.7995376183926949,26.75,87.3
Sunsari,1987,1052.89,1.5669474734057773,0,25.5,32.74333333333333,18.80333333333333,13.94,30.833333333333332,6.676666666666667,93.90666666666668,2.69,121.2,16.273333333333333,39.61333333333334,27.0,803.53,0.2605485012180236,26.75,87.3
Sunsari,1988,832.91,0.41447054887152124,0,25.723333333333333,33.03,19.073333333333334,13.953333333333333,34.98333333333333,7.946666666666666,93.75333333333333,2.7533333333333334,129.45999999999998,16.459999999999997,40.97,14.07,1052.89,1.5669474734057773,26.75,87.3
Sunsari,1989,801.09,0.24776532231147064,0,25.866666666666664,33.51333333333333,18.926666666666666,14.586666666666668,26.923333333333332,6.1000000000000005,93.68,3.1166666666666667,121.87,15.636666666666665,35.666666666666664,53.44,832.91,0.41447054887152124,26.75,87.3
Sunsari,1990,654.0200000000001,-0.5227355472732773,0,25.236666666666665,32.24,18.756666666666664,13.483333333333334,34.153333333333336,7.6866666666666665,93.81,2.676666666666667,85.22999999999999,16.166666666666668,33.800000000000004,13.16,801.09,0.24776532231147064,26.75,87.3
Sunsari,1991,790.12,0.19029340730946676,0,26.95,34.586666666666666,19.753333333333334,14.83,24.34,5.953333333333333,93.82,2.936666666666666,32.57,16.80666666666667,32.663333333333334,5.64,654.0200000000001,-0.5227355472732773,26.75,87.3
Sunsari,1992,586.02,-0.8789880741772209,1,26.093333333333334,33.906666666666666,18.903333333333332,15.006666666666668,26.253333333333334,6.04,93.77666666666666,3.3666666666666667,86.11,15.126666666666665,37.68333333333333,14.18,790.12,0.19029340730946676,26.75,87.3
Sunsari,1993,472.75,-1.4724104818597152,1,25.166666666666668,32.35,18.650000000000002,13.700000000000001,33.156666666666666,7.366666666666667,93.88666666666666,2.9066666666666667,105.0,16.08666666666667,32.02333333333333,18.56,586.02,-0.8789880741772209,26.75,87.3
Sunsari,1994,420.4,-1.7466725374982655,1,26.66,34.199999999999996,19.776666666666667,14.423333333333332,25.763333333333332,6.266666666666667,93.81666666666666,2.8866666666666667,50.269999999999996,16.46666666666667,32.50333333333333,22.86,472.75,-1.4724104818597152,26.75,87.3
Sunsari,1995,565.38,-0.9871211941080646,1,26.91,34.699999999999996,19.80333333333333,14.9,23.37,5.833333333333333,93.79333333333334,3.106666666666667,50.879999999999995,15.923333333333334,27.12,11.11,420.4,-1.7466725374982655,26.75,87.3
Sunsari,1996,553.73,-1.0481556343791076,1,26.96666666666667,34.550000000000004,19.916666666666668,14.636666666666665,26.49,6.4799999999999995,93.69333333333333,3.0399999999999996,58.43,15.476666666666667,41.69,42.34,565.38,-0.9871211941080646,26.75,87.3
Sunsari,1997,604.83,-0.7804423384262916,0,25.256666666666664,32.48666666666667,18.496666666666666,13.99,29.24666666666667,6.38,93.91333333333334,2.8800000000000003,94.11,15.579999999999998,26.09,6.880000000000001,553.73,-1.0481556343791076,26.75,87.3
Sunsari,1998,661.68,-0.4826047479190987,0,25.099999999999998,32.16,18.856666666666666,13.303333333333333,38.17666666666667,8.543333333333335,93.93,2.9233333333333333,129.29000000000002,15.31,38.09666666666667,24.81,604.83,-0.7804423384262916,26.75,87.3
Sunsari,1999,579.33,-0.9140370360152703,1,26.66,34.18666666666667,19.816666666666666,14.37,28.766666666666666,7.06,93.58999999999999,2.8733333333333335,111.17,17.233333333333334,34.06666666666667,9.91,661.68,-0.4826047479190987,26.75,87.3
Sunsari,2000,526.6600000000001,-1.1899755741333682,1,25.38,32.39333333333333,19.043333333333333,13.343333333333334,35.28,8.17,93.71666666666665,2.7900000000000005,119.22,15.63,35.21333333333333,7.99,579.33,-0.9140370360152703,26.75,87.3
Sunsari,2001,579.66,-0.9123081634582368,1,26.073333333333334,33.20666666666667,19.723333333333333,13.486666666666666,31.756666666666664,7.6000000000000005,93.79333333333334,2.813333333333333,88.5,15.986666666666666,29.503333333333334,1.74,526.6600000000001,-1.1899755741333682,26.75,87.3
Sunsari,2002,568.61,-0.9701991990801273,1,25.236666666666668,31.92,19.34,12.58,42.28,9.313333333333334,93.83999999999999,2.8000000000000003,168.5,16.06,42.26333333333333,13.46,579.66,-0.9123081634582368,26.75,87.3
Sunsari,2003,634.6999999999999,-0.6239531769759867,0,25.593333333333334,32.45666666666667,19.236666666666668,13.223333333333334,35.75,7.986666666666667,93.88,2.6833333333333336,75.57,15.536666666666667,41.00666666666667,43.6,568.61,-0.9701991990801273,26.75,87.3
Sunsari,2004,994.61,1.2616181018181034,0,26.123333333333335,32.833333333333336,20.046666666666667,12.783333333333333,39.346666666666664,9.020000000000001,93.77333333333333,2.6266666666666665,149.98000000000002,15.413333333333332,49.1,33.48,634.6999999999999,-0.6239531769759867,26.75,87.3
Sunsari,2005,929.27,0.9193013355254028,0,25.613333333333333,32.42333333333333,19.326666666666668,13.096666666666666,38.49666666666666,8.516666666666667,93.92666666666666,2.5833333333333335,155.82999999999998,15.87,52.1,20.83,994.61,1.2616181018181034,26.75,87.3
Sunsari,2006,984.11,1.2066085204579358,0,25.709999999999997,32.42666666666667,19.62,12.816666666666668,37.72,8.603333333333333,93.86333333333334,2.6566666666666667,118.12,16.633333333333333,43.31666666666666,0.08,929.27,0.9193013355254028,26.75,87.3
Sunsari,2007,1022.3199999999999,1.4067910065314597,0,25.363333333333333,31.830000000000002,19.433333333333334,12.396666666666667,43.29666666666666,9.549999999999999,93.89999999999999,2.4433333333333334,220.38,14.976666666666667,51.906666666666666,36.67,984.11,1.2066085204579358,26.75,87.3
Sunsari,2008,957.34,1.0663602830282513,0,25.61,32.18333333333333,19.48,12.703333333333333,39.836666666666666,8.903333333333334,93.79666666666667,2.4433333333333334,136.33,14.469999999999999,49.72666666666667,27.43,1022.3199999999999,1.4067910065314597,26.75,87.3
Sunsari,2009,775.0,0.1110796101508253,0,25.80333333333333,32.64666666666667,19.666666666666668,12.983333333333334,35.303333333333335,8.063333333333333,93.82,2.7099999999999995,175.87,16.919999999999998,49.78666666666667,0.8500000000000001,957.34,1.0663602830282513,26.75,87.3
Sunsari,2010,1206.46,2.3715018933563434,0,26.816666666666666,33.766666666666666,20.74,13.033333333333333,35.50333333333333,8.413333333333334,93.79666666666667,2.763333333333333,193.97,15.566666666666668,44.01333333333333,5.28,775.0,0.1110796101508253,26.75,87.3
Sunsari,2011,1251.75,2.608776554289866,0,24.91,31.436666666666667,18.956666666666667,12.476666666666667,42.53333333333333,9.263333333333334,93.88666666666667,2.5566666666666666,198.20000000000002,14.806666666666667,49.830000000000005,17.310000000000002,1206.46,2.3715018933563434,26.75,87.3
Sunsari,2012,910.63,0.8216462310917338,0,25.94666666666667,33.0,19.526666666666667,13.473333333333334,33.87666666666667,7.78,93.75666666666666,2.92,133.54000000000002,15.01,51.69333333333333,15.77,1251.75,2.608776554289866,26.75,87.3
Sunsari,2013,990.1700000000001,1.2383569074143757,0,25.413333333333338,32.43666666666667,19.456666666666667,12.976666666666667,38.02666666666667,8.263333333333334,93.78000000000002,2.8233333333333337,225.7,14.87,40.68,32.0,910.63,0.8216462310917338,26.75,87.3
Sunsari,2014,890.23,0.7147704730205511,0,25.993333333333336,33.056666666666665,19.85333333333333,13.206666666666665,34.46666666666667,7.703333333333333,93.91000000000001,2.9066666666666667,183.57999999999998,15.143333333333333,55.14666666666667,16.0,990.1700000000001,1.2383569074143757,26.75,87.3
Sunsari,2015,937.6500000000001,0.9632042204585658,0,25.293333333333333,31.51666666666667,19.8,11.716666666666667,46.07,10.076666666666666,93.96666666666665,2.6199999999999997,270.90999999999997,16.62333333333333,46.199999999999996,13.04,890.23,0.7147704730205511,26.75,87.3
Sunsari,2016,1109.67,1.8644183333705695,0,27.136666666666667,33.93333333333333,21.346666666666664,12.583333333333334,35.72666666666667,8.533333333333333,93.78333333333335,3.1199999999999997,238.59,16.51666666666667,42.75333333333333,14.42,937.6500000000001,0.9632042204585658,26.75,87.3
Sunsari,2017,905.95,0.797127674828345,0,25.38,31.74,19.76,11.979999999999999,45.45666666666667,10.133333333333333,93.83999999999999,2.6666666666666665,241.11,17.07,49.699999999999996,2.5799999999999996,1109.67,1.8644183333705695,26.75,87.3
Sunsari,2018,25.48,-3.8156614775703996,1,24.89,31.096666666666664,19.396666666666665,11.700000000000001,47.00666666666666,10.076666666666666,93.91333333333334,2.606666666666667,7.0600000000000005,16.386666666666667,45.06333333333333,0.08,905.95,0.797127674828345,26.75,87.3
Sunsari,2019,35.41,-3.763638130626927,1,25.293333333333333,32.03333333333333,19.349999999999998,12.683333333333332,42.169999999999995,9.356666666666667,93.89666666666666,2.7433333333333336,6.32,16.326666666666664,45.85,1.29,25.48,-3.8156614775703996,26.75,87.3
Surkhet,1982,680.4,0.0780626193498253,0,20.793333333333333,27.853333333333335,14.256666666666668,13.586666666666666,42.336666666666666,7.246666666666667,88.32,2.6566666666666667,105.51,11.036666666666667,48.23666666666667,113.85000000000001,920.75,0.9964816428141154,28.75,81.4
Surkhet,1983,810.48,0.5751208534760366,0,21.573333333333334,29.24,14.543333333333335,14.700000000000001,30.153333333333336,5.573333333333333,88.27666666666666,2.7866666666666666,57.36,11.11,38.34,37.98,680.4,0.0780626193498253,28.75,81.4
Surkhet,1984,694.16,0.13064196514915388,0,23.28333333333333,31.376666666666665,15.293333333333335,16.086666666666666,28.006666666666664,5.626666666666666,88.13666666666666,2.7566666666666664,39.76,10.526666666666666,46.00333333333333,88.14,810.48,0.5751208534760366,28.75,81.4
Surkhet,1985,737.75,0.2972069130701376,0,23.713333333333335,32.00666666666667,15.6,16.393333333333334,21.813333333333333,4.64,88.11,2.9466666666666668,74.25,11.806666666666667,33.43666666666667,32.940000000000005,694.16,0.13064196514915388,28.75,81.4
Surkhet,1986,780.1999999999999,0.45941572333042074,0,21.923333333333332,29.73333333333333,14.253333333333332,15.486666666666666,28.543333333333333,5.1866666666666665,88.23333333333333,2.776666666666667,58.76,11.969999999999999,46.330000000000005,52.54,737.75,0.2972069130701376,28.75,81.4
Surkhet,1987,383.53,-1.0563291239239163,1,21.99,29.69666666666667,14.566666666666668,15.123333333333335,29.033333333333335,5.346666666666667,88.35666666666667,2.783333333333333,76.86,12.223333333333334,38.276666666666664,51.97,780.1999999999999,0.45941572333042074,28.75,81.4
Surkhet,1988,958.38,1.1402723973510875,0,23.189999999999998,31.349999999999998,15.090000000000002,16.26,26.513333333333335,5.163333333333334,88.18333333333334,2.823333333333333,95.34,13.033333333333333,34.07666666666667,127.89000000000001,383.53,-1.0563291239239163,28.75,81.4
Surkhet,1989,531.08,-0.49251499073416777,0,22.566666666666666,30.850000000000005,14.673333333333332,16.176666666666666,22.743333333333336,4.336666666666667,88.17666666666666,2.9499999999999997,29.95,11.623333333333333,39.336666666666666,54.31,958.38,1.1402723973510875,28.75,81.4
Surkhet,1990,716.1999999999999,0.21486062658935742,0,21.97,29.416666666666668,14.700000000000001,14.719999999999999,32.43666666666667,6.080000000000001,88.22666666666667,2.7066666666666666,73.0,12.873333333333333,35.46666666666667,80.85,531.08,-0.49251499073416777,28.75,81.4
Surkhet,1991,443.69,-0.8264473329873168,1,23.336666666666662,31.46666666666667,15.486666666666666,15.983333333333334,22.266666666666666,4.346666666666667,88.28000000000002,2.873333333333333,47.71,12.586666666666666,36.17333333333334,21.729999999999997,716.1999999999999,0.21486062658935742,28.75,81.4
Surkhet,1992,637.74,-0.0849486373216396,0,22.849999999999998,31.043333333333333,15.356666666666667,15.68,22.59,4.416666666666667,88.29666666666667,3.02,27.619999999999997,11.81,38.73,48.69,443.69,-0.8264473329873168,28.75,81.4
Surkhet,1993,392.98,-1.0202190354207434,1,21.75333333333333,29.603333333333335,14.223333333333334,15.38,27.616666666666664,4.933333333333334,88.33,2.783333333333333,76.18,12.553333333333333,34.88666666666666,21.59,637.74,-0.0849486373216396,28.75,81.4
Surkhet,1994,441.75,-0.8338604093572802,1,23.36,31.47666666666667,15.566666666666668,15.909999999999998,22.333333333333332,4.603333333333333,88.28000000000002,2.893333333333333,21.259999999999998,12.799999999999999,30.19666666666667,44.589999999999996,392.98,-1.0202190354207434,28.75,81.4
Surkhet,1995,456.07,-0.7791412064614673,0,23.290000000000003,31.159999999999997,15.85,15.31,22.44333333333333,4.556666666666667,88.29,2.813333333333333,9.67,11.83,33.96666666666667,39.540000000000006,441.75,-0.8338604093572802,28.75,81.4
Surkhet,1996,420.91999999999996,-0.9134554509997234,1,23.27,31.236666666666668,15.57,15.666666666666666,26.150000000000002,5.133333333333333,88.19,2.8466666666666662,36.269999999999996,12.326666666666668,37.13,80.47999999999999,456.07,-0.7791412064614673,28.75,81.4
Surkhet,1997,288.39,-1.4198755599230533,1,21.91,29.573333333333334,14.549999999999999,15.023333333333333,25.956666666666667,4.756666666666667,88.36,2.7866666666666666,30.89,11.866666666666667,27.95,7.970000000000001,420.91999999999996,-0.9134554509997234,28.75,81.4
Surkhet,1998,360.15,-1.145668157702136,1,22.206666666666667,29.873333333333335,14.82,15.049999999999999,30.866666666666664,5.673333333333333,88.37,2.6833333333333336,81.88,11.420000000000002,41.086666666666666,71.11,288.39,-1.4198755599230533,28.75,81.4
Surkhet,1999,301.2,-1.3709263288409748,1,23.933333333333334,32.49666666666667,15.719999999999999,16.776666666666667,17.293333333333333,3.7866666666666666,88.08333333333333,2.966666666666667,33.73,13.356666666666667,30.936666666666667,17.5,360.15,-1.145668157702136,28.75,81.4
Surkhet,2000,733.37,0.28047017363692106,0,23.263333333333335,31.163333333333338,15.653333333333334,15.503333333333332,23.03333333333333,5.023333333333333,88.13666666666666,2.793333333333333,94.11,12.036666666666667,29.34,29.29,301.2,-1.3709263288409748,28.75,81.4
Surkhet,2001,599.4399999999999,-0.2312995780276199,0,22.853333333333335,30.51,15.533333333333333,14.973333333333334,25.49666666666667,5.319999999999999,88.24333333333334,2.7133333333333334,46.63,12.706666666666669,28.913333333333338,2.0,733.37,0.28047017363692106,28.75,81.4
Surkhet,2002,339.32,-1.2252631993445788,1,23.723333333333333,31.463333333333335,16.24,15.226666666666667,24.320000000000004,5.01,88.22333333333334,2.7699999999999996,22.53,12.463333333333333,35.35666666666667,58.400000000000006,599.4399999999999,-0.2312995780276199,28.75,81.4
Surkhet,2003,571.23,-0.33909487926301646,0,22.743333333333336,30.51,15.156666666666666,15.353333333333333,25.02,4.723333333333334,88.3,2.76,9.35,12.26,36.87,87.31,339.32,-1.2252631993445788,28.75,81.4
Surkhet,2004,763.72,0.3964427859195973,0,23.916666666666668,31.566666666666666,16.646666666666665,14.920000000000002,27.44333333333334,5.853333333333333,88.21,2.736666666666667,149.56,12.196666666666667,42.10666666666666,38.099999999999994,571.23,-0.33909487926301646,28.75,81.4
Surkhet,2005,1006.59,1.3244911663180667,0,22.03,29.336666666666662,15.033333333333333,14.296666666666667,34.31666666666667,6.260000000000001,88.37333333333333,2.54,108.59,12.11,47.01666666666667,75.91,763.72,0.3964427859195973,28.75,81.4
Surkhet,2006,889.6800000000001,0.8777577856931026,0,21.76,28.75,15.033333333333333,13.71,39.50666666666667,7.460000000000001,88.3,2.3766666666666665,177.51,13.579999999999998,38.806666666666665,7.0200000000000005,1006.59,1.3244911663180667,28.75,81.4
Surkhet,2007,1139.2,1.8312169691123232,0,21.69666666666667,28.413333333333338,15.146666666666667,13.266666666666666,44.38666666666666,8.15,88.34666666666668,2.4066666666666667,221.23000000000002,12.156666666666666,44.36666666666667,151.54,889.6800000000001,0.8777577856931026,28.75,81.4
Surkhet,2008,1323.46,2.5353063773233906,0,22.483333333333334,29.89,15.263333333333334,14.633333333333333,31.753333333333334,6.113333333333333,88.23,2.5700000000000003,107.69,11.473333333333334,43.35666666666666,14.11,1139.2,1.8312169691123232,28.75,81.4
Surkhet,2009,817.33,0.6012958911741036,0,22.823333333333334,30.393333333333334,15.583333333333334,14.806666666666667,30.543333333333333,6.103333333333333,88.26666666666667,2.64,62.5,13.553333333333333,46.06,17.639999999999997,1323.46,2.5353063773233906,28.75,81.4
Surkhet,2010,1126.2,1.7815417150867947,0,24.483333333333334,32.23,16.91,15.323333333333332,26.77333333333333,5.683333333333334,88.25999999999999,2.7600000000000002,45.23,12.076666666666668,46.703333333333326,37.0,817.33,0.6012958911741036,28.75,81.4
Surkhet,2011,1416.25,2.8898730558640664,0,21.916666666666668,29.13333333333333,14.913333333333332,14.219999999999999,37.97333333333333,7.176666666666667,88.32000000000001,2.5500000000000003,95.34,11.216666666666669,52.343333333333334,77.83,1126.2,1.7815417150867947,28.75,81.4
Surkhet,2012,972.45,1.1940363069002558,0,22.213333333333335,29.76,14.86,14.896666666666667,31.403333333333336,5.8066666666666675,88.24666666666667,2.66,46.72,11.023333333333333,53.60999999999999,83.7,1416.25,2.8898730558640664,28.75,81.4
Surkhet,2013,1420.08,2.904508149934664,0,22.906666666666666,29.900000000000002,16.416666666666668,13.479999999999999,36.583333333333336,6.94,88.24333333333334,2.606666666666667,38.28,11.453333333333333,56.120000000000005,174.42000000000002,972.45,1.1940363069002558,28.75,81.4
Surkhet,2014,922.5999999999999,1.0035508135792865,0,22.149999999999995,29.110000000000003,15.780000000000001,13.326666666666668,38.486666666666665,7.036666666666666,88.39999999999999,2.5866666666666664,71.58,11.646666666666667,59.94,82.26,1420.08,2.904508149934664,28.75,81.4
Surkhet,2015,777.1,0.4475700858320258,0,21.473333333333333,27.653333333333336,15.516666666666666,12.133333333333333,48.13666666666666,8.316666666666668,88.42666666666666,2.3866666666666667,230.44,12.33,50.51666666666667,116.28,922.5999999999999,1.0035508135792865,28.75,81.4
Surkhet,2016,930.64,1.034273047607383,0,23.75,30.786666666666665,17.28,13.503333333333332,33.11,6.823333333333333,88.3,2.6266666666666665,128.14,12.969999999999999,37.32333333333333,30.82,777.1,0.4475700858320258,28.75,81.4
Surkhet,2017,950.72,1.1110022092098917,0,23.076666666666668,30.086666666666662,16.430000000000003,13.656666666666666,33.99333333333333,6.843333333333334,88.27333333333333,2.4833333333333334,145.35,13.673333333333332,41.09,28.529999999999998,930.64,1.034273047607383,28.75,81.4
Surkhet,2018,37.04,-2.3803274906397136,1,22.896666666666665,30.01,16.080000000000002,13.933333333333332,36.28333333333333,7.216666666666668,88.30333333333333,2.6033333333333335,6.869999999999999,13.409999999999998,39.93,2.8,950.72,1.1110022092098917,28.75,81.4
Surkhet,2019,31.66,-2.400885403459509,1,21.883333333333336,28.986666666666665,14.806666666666667,14.18,40.11333333333334,7.176666666666667,88.36333333333333,2.526666666666667,2.77,11.323333333333332,55.82,5.73,37.04,-2.3803274906397136,28.75,81.4
Syangja,1982,709.47,0.01338179812792832,0,19.523333333333333,26.603333333333335,13.223333333333334,13.38,39.74666666666667,6.39,85.91333333333334,2.7066666666666666,73.2,9.943333333333333,48.53333333333333,76.98,1034.74,1.124545766746441,28.0,83.85
Syangja,1983,420.68,-0.9731618194738803,1,19.793333333333333,27.153333333333336,13.25,13.903333333333334,31.613333333333333,5.386666666666667,85.87,2.8833333333333333,71.04,9.893333333333333,35.79333333333333,9.049999999999999,709.47,0.01338179812792832,28.0,83.85
Syangja,1984,877.4000000000001,0.5870521804260403,0,21.823333333333334,29.69333333333334,14.746666666666664,14.950000000000001,25.346666666666668,4.8999999999999995,85.75999999999999,2.966666666666667,25.44,10.083333333333334,35.56666666666667,30.630000000000003,420.68,-0.9731618194738803,28.0,83.85
Syangja,1985,683.42,-0.0756083373979804,0,21.786666666666665,29.756666666666664,14.596666666666666,15.166666666666666,23.536666666666665,4.493333333333333,85.71999999999998,3.0066666666666664,28.37,10.200000000000001,38.49333333333333,41.82,877.4000000000001,0.5870521804260403,28.0,83.85
Syangja,1986,516.52,-0.6457601078115744,0,20.22,27.793333333333333,13.373333333333333,14.426666666666668,27.86,4.75,85.83666666666666,2.8800000000000003,36.01,10.733333333333334,44.86333333333334,19.43,683.42,-0.0756083373979804,28.0,83.85
Syangja,1987,683.26,-0.07615491788489566,0,20.486666666666668,28.043333333333333,13.829999999999998,14.21,27.72666666666667,4.726666666666667,85.95666666666666,2.8533333333333335,33.53,11.06,35.57,44.94,516.52,-0.6457601078115744,28.0,83.85
Syangja,1988,860.09,0.5279190039978836,0,21.12,28.813333333333333,14.166666666666666,14.646666666666667,29.709999999999997,5.376666666666666,85.82,2.8033333333333332,83.99,11.700000000000001,36.84,19.47,683.26,-0.07615491788489566,28.0,83.85
Syangja,1989,614.34,-0.3115944626236906,0,20.893333333333334,28.866666666666664,13.836666666666668,15.033333333333333,24.97,4.553333333333334,85.76333333333334,3.0500000000000003,52.83,10.340000000000002,39.93333333333334,55.68,860.09,0.5279190039978836,28.0,83.85
Syangja,1990,929.53,0.7651349353191536,0,20.403333333333332,27.573333333333334,13.863333333333335,13.709999999999999,31.116666666666664,5.466666666666666,85.84333333333332,2.81,32.22,11.383333333333333,34.403333333333336,33.870000000000005,614.34,-0.3115944626236906,28.0,83.85
Syangja,1991,485.55999999999995,-0.7515234320296984,0,21.52333333333333,29.386666666666667,14.43,14.950000000000001,22.55,4.126666666666667,85.90333333333332,2.9433333333333334,38.73,11.333333333333334,37.13666666666666,8.56,929.53,0.7651349353191536,28.0,83.85
Syangja,1992,542.52,-0.556940778687827,0,21.38,29.326666666666668,14.426666666666668,14.903333333333334,22.939999999999998,4.233333333333333,85.85666666666667,3.3066666666666666,19.42,10.276666666666666,37.77333333333333,33.93,485.55999999999995,-0.7515234320296984,28.0,83.85
Syangja,1993,521.58,-0.6284744999128756,0,19.826666666666664,27.366666666666664,13.263333333333334,14.096666666666666,30.09,5.07,85.94,2.8800000000000003,73.74,11.08,34.906666666666666,7.96,542.52,-0.556940778687827,28.0,83.85
Syangja,1994,532.97,-0.5895648015005879,0,21.41,29.27,14.476666666666667,14.786666666666667,23.48,4.4799999999999995,85.89333333333333,2.986666666666667,13.34,11.406666666666666,31.08,23.06,521.58,-0.6284744999128756,28.0,83.85
Syangja,1995,598.3199999999999,-0.36632083387609227,0,21.41,29.189999999999998,14.450000000000001,14.74,23.813333333333333,4.513333333333333,85.89333333333333,3.0933333333333333,22.95,10.443333333333333,32.36666666666667,22.11,532.97,-0.5895648015005879,28.0,83.85
Syangja,1996,522.36,-0.6258099200391634,0,21.326666666666668,29.076666666666668,14.273333333333333,14.799999999999999,27.80333333333333,5.09,85.80333333333333,2.9633333333333334,67.31,10.573333333333332,39.97666666666667,67.97999999999999,598.3199999999999,-0.36632083387609227,28.0,83.85
Syangja,1997,306.35,-1.3637277386553435,1,19.89,27.333333333333332,13.193333333333333,14.143333333333333,27.896666666666665,4.66,85.95666666666666,2.8633333333333333,42.16,10.32,27.753333333333334,4.51,522.36,-0.6258099200391634,28.0,83.85
Syangja,1998,662.71,-0.14635634917308818,0,20.49,27.86,14.046666666666667,13.813333333333333,31.833333333333332,5.676666666666667,85.98666666666668,2.7866666666666666,49.97,10.383333333333333,37.07666666666667,23.42,306.35,-1.3637277386553435,28.0,83.85
Syangja,1999,329.53,-1.2845418906134796,1,21.77,29.906666666666666,14.616666666666667,15.296666666666667,22.066666666666663,4.39,85.70666666666666,2.9433333333333334,56.25,12.13,31.48,11.07,662.71,-0.14635634917308818,28.0,83.85
Syangja,2000,681.63,-0.08172320659534596,0,20.970000000000002,28.406666666666666,14.38,14.023333333333333,27.313333333333333,5.296666666666667,85.77333333333333,2.82,63.77,10.719999999999999,29.23,5.9,329.53,-1.2845418906134796,28.0,83.85
Syangja,2001,583.37,-0.4173919481222468,0,20.776666666666667,28.006666666666664,14.343333333333334,13.659999999999998,30.866666666666664,5.823333333333333,85.86666666666667,2.76,74.58,11.36,28.97666666666667,0.39,681.63,-0.08172320659534596,28.0,83.85
Syangja,2002,299.25,-1.387982247762213,1,21.166666666666668,28.41333333333333,14.766666666666667,13.653333333333334,31.51,5.853333333333333,85.88,2.793333333333333,49.879999999999995,11.01,37.65,27.6,583.37,-0.4173919481222468,28.0,83.85
Syangja,2003,436.89,-0.917786383893267,1,20.703333333333333,28.076666666666668,14.0,14.083333333333334,27.753333333333334,4.84,85.92666666666666,2.7399999999999998,19.9,10.823333333333332,36.53666666666667,52.099999999999994,299.25,-1.387982247762213,28.0,83.85
Syangja,2004,1020.78,1.0768566192630749,0,21.51,28.8,15.223333333333334,13.573333333333332,33.00333333333334,6.253333333333333,85.84333333333335,2.733333333333333,129.16,10.86,40.13666666666666,36.46,436.89,-0.917786383893267,28.0,83.85
Syangja,2005,941.6,0.8063676008008318,0,20.406666666666666,27.55,13.96,13.586666666666668,33.24333333333333,5.573333333333333,85.98333333333333,2.643333333333333,55.980000000000004,10.796666666666667,49.910000000000004,50.75,1020.78,1.0768566192630749,28.0,83.85
Syangja,2006,988.0799999999999,0.9651492322497461,0,19.826666666666664,26.516666666666666,13.893333333333333,12.62,42.050000000000004,7.263333333333333,85.93333333333334,2.486666666666667,205.3,12.023333333333333,43.47666666666667,0.62,941.6,0.8063676008008318,28.0,83.85
Syangja,2007,1184.55,1.636315908901387,0,20.006666666666664,26.616666666666664,14.033333333333333,12.576666666666666,45.199999999999996,7.760000000000001,85.96666666666665,2.4266666666666667,130.26999999999998,10.356666666666667,47.96333333333334,126.1,988.0799999999999,0.9651492322497461,28.0,83.85
Syangja,2008,1615.54,3.1086329342492296,0,20.349999999999998,27.383333333333336,13.933333333333332,13.450000000000001,35.556666666666665,6.19,85.86,2.5866666666666664,119.84,9.950000000000001,47.67333333333334,7.23,1184.55,1.636315908901387,28.0,83.85
Syangja,2009,877.99,0.5890676959715405,0,20.576666666666668,27.723333333333333,14.340000000000002,13.38,34.75,6.226666666666667,85.89666666666666,2.6533333333333333,148.85999999999999,12.13,48.32,6.02,1615.54,3.1086329342492296,28.0,83.85
Syangja,2010,1095.91,1.333510319150273,0,22.386666666666667,29.876666666666665,15.660000000000002,14.216666666666667,29.223333333333333,5.773333333333333,85.88666666666666,2.89,35.53,11.023333333333333,42.97,18.22,877.99,0.5890676959715405,28.0,83.85
Syangja,2011,1126.7,1.4386929016010492,0,19.98,26.69666666666667,13.986666666666666,12.706666666666665,40.50333333333333,7.1000000000000005,85.93666666666667,2.5700000000000003,166.28000000000003,10.12,48.81666666666666,21.990000000000002,1095.91,1.333510319150273,28.0,83.85
Syangja,2012,1302.27,2.0384625021493696,0,20.69666666666667,28.08666666666667,14.04,14.043333333333335,30.599999999999998,5.34,85.84666666666665,2.86,45.03,10.13,49.35666666666666,35.8,1126.7,1.4386929016010492,28.0,83.85
Syangja,2013,1475.27,2.629452653626612,0,20.186666666666667,27.25,13.920000000000002,13.323333333333332,40.74,6.94,85.87333333333333,2.72,162.81,9.733333333333333,52.75,76.9,1302.27,2.0384625021493696,28.0,83.85
Syangja,2014,1609.41,3.0876920693442846,0,20.166666666666668,27.090000000000003,13.923333333333332,13.163333333333334,40.89333333333333,6.876666666666666,85.99333333333334,2.7266666666666666,138.27,10.286666666666667,59.79,44.18,1475.27,2.629452653626612,28.0,83.85
Syangja,2015,1432.59,2.483652308741937,0,19.283333333333335,25.55333333333333,13.61,11.946666666666667,51.39333333333334,8.226666666666667,86.04666666666667,2.4166666666666665,290.14,10.623333333333333,55.52333333333333,79.69,1609.41,3.0876920693442846,28.0,83.85
Syangja,2016,1474.5300000000002,2.6269247188746294,0,21.42,28.310000000000002,15.486666666666666,12.823333333333332,37.06333333333333,6.760000000000001,85.91333333333334,2.793333333333333,199.06,11.18,44.54333333333333,9.21,1432.59,2.483652308741937,28.0,83.85
Syangja,2017,1464.39,2.5922851805163676,0,19.956666666666667,26.49,14.07,12.416666666666666,44.50333333333333,7.713333333333334,85.91000000000001,2.376666666666667,303.66,12.049999999999999,48.19333333333333,13.44,1474.5300000000002,2.6269247188746294,28.0,83.85
Syangja,2018,39.61,-2.274945732904128,1,19.873333333333335,26.326666666666668,14.163333333333332,12.163333333333334,46.276666666666664,7.923333333333332,85.94666666666667,2.5,11.36,11.613333333333335,44.69333333333333,0.66,1464.39,2.5922851805163676,28.0,83.85
Syangja,2019,44.16,-2.259402350307472,1,19.686666666666667,26.546666666666667,13.56,12.983333333333334,44.79333333333333,7.4366666666666665,85.97000000000001,2.4966666666666666,7.699999999999999,10.273333333333333,53.38666666666666,4.46,39.61,-2.274945732904128,28.0,83.85
Tanahun,1982,559.33,0.08295453852090345,0,12.893333333333333,19.470000000000002,7.05,12.420000000000002,46.656666666666666,5.580000000000001,77.59666666666668,2.51,56.44,4.573333333333333,50.28333333333333,80.24,763.9300000000001,1.0439871432927108,28.0,84.1
Tanahun,1983,326.37,-1.0112886462671722,1,12.959999999999999,19.77,7.02,12.75,39.233333333333334,4.906666666666667,77.55333333333333,2.676666666666667,70.02000000000001,4.593333333333333,38.35333333333333,6.41,559.33,0.08295453852090345,28.0,84.1
Tanahun,1984,698.19,0.7351978791788368,0,15.033333333333333,22.333333333333332,8.563333333333333,13.770000000000001,31.55,4.523333333333333,77.50333333333333,2.7366666666666664,33.56,4.829999999999999,35.50333333333334,22.48,326.37,-1.0112886462671722,28.0,84.1
Tanahun,1985,555.85,0.0666085294074826,0,15.0,22.286666666666665,8.549999999999999,13.74,29.926666666666666,4.213333333333334,77.47333333333334,2.7266666666666666,27.59,4.943333333333333,41.413333333333334,35.55,698.19,0.7351978791788368,28.0,84.1
Tanahun,1986,413.43,-0.602356590688318,0,13.276666666666666,20.26,7.113333333333333,13.146666666666667,35.10666666666666,4.363333333333333,77.53666666666668,2.686666666666667,36.28,5.75,45.69,17.34,555.85,0.0666085294074826,28.0,84.1
Tanahun,1987,528.9300000000001,-0.05983818476874913,0,13.67,20.733333333333334,7.53,13.206666666666665,34.11666666666667,4.266666666666667,77.64666666666666,2.6633333333333336,28.96,5.47,37.71,40.1,413.43,-0.602356590688318,28.0,84.1
Tanahun,1988,640.0799999999999,0.4622477097590429,0,14.36,21.406666666666666,8.133333333333335,13.273333333333333,37.49666666666666,4.993333333333333,77.55,2.6633333333333336,104.6,6.923333333333333,38.163333333333334,11.84,528.9300000000001,-0.05983818476874913,28.0,84.1
Tanahun,1989,431.76,-0.5162582150995242,0,14.18,21.463333333333335,7.733333333333333,13.729999999999999,31.143333333333334,4.21,77.49,2.74,61.69,5.223333333333334,42.04333333333333,52.09,640.0799999999999,0.4622477097590429,28.0,84.1
Tanahun,1990,675.1700000000001,0.6270699683193697,0,13.543333333333335,20.21666666666667,7.576666666666667,12.64,38.54333333333333,4.989999999999999,77.53333333333333,2.6666666666666665,29.17,6.19,36.98666666666667,25.290000000000003,431.76,-0.5162582150995242,28.0,84.1
Tanahun,1991,354.77,-0.8778901810886809,1,14.54,21.87,7.963333333333334,13.906666666666666,28.933333333333334,3.876666666666667,77.62666666666667,2.7433333333333336,37.33,5.853333333333334,39.56,5.93,675.1700000000001,0.6270699683193697,28.0,84.1
Tanahun,1992,400.71,-0.6621040722753044,0,14.563333333333333,21.95,8.22,13.726666666666667,28.853333333333335,3.91,77.57666666666667,2.8200000000000003,18.09,4.986666666666667,39.913333333333334,28.48,354.77,-0.8778901810886809,28.0,84.1
Tanahun,1993,393.31,-0.6968628272866013,0,13.073333333333332,20.113333333333333,7.003333333333333,13.11,37.52333333333333,4.69,77.62,2.6633333333333336,83.19,5.8,38.080000000000005,8.73,400.71,-0.6621040722753044,28.0,84.1
Tanahun,1994,377.24,-0.7723456912097828,0,14.456666666666665,21.87,8.026666666666666,13.843333333333334,30.263333333333335,4.203333333333333,77.61,2.7699999999999996,17.85,6.140000000000001,33.40333333333333,17.6,393.31,-0.6968628272866013,28.0,84.1
Tanahun,1995,454.77,-0.4081772755306128,0,14.459999999999999,21.723333333333333,7.91,13.81,30.16,4.2,77.61,2.813333333333333,25.560000000000002,4.81,35.36333333333333,14.41,377.24,-0.7723456912097828,28.0,84.1
Tanahun,1996,425.49,-0.545709214278015,0,14.520000000000001,21.706666666666667,7.946666666666666,13.756666666666666,34.156666666666666,4.62,77.53666666666668,2.6833333333333336,62.92999999999999,5.31,42.46666666666667,51.41,454.77,-0.4081772755306128,28.0,84.1
Tanahun,1997,277.25,-1.2420116254772953,1,13.066666666666665,19.98,6.956666666666667,13.023333333333333,35.07,4.28,77.62666666666667,2.6333333333333333,38.24,5.053333333333334,30.183333333333337,4.12,425.49,-0.545709214278015,28.0,84.1
Tanahun,1998,483.91999999999996,-0.2712559635604361,0,14.023333333333333,21.026666666666667,8.01,13.016666666666666,38.080000000000005,5.096666666666667,77.66666666666667,2.6133333333333333,49.07,5.296666666666667,37.98666666666667,18.1,277.25,-1.2420116254772953,28.0,84.1
Tanahun,1999,279.99,-1.229141491865004,1,15.219999999999999,22.77333333333333,8.696666666666667,14.083333333333334,27.02,4.003333333333333,77.46333333333332,2.783333333333333,49.9,6.97,31.173333333333336,6.37,483.91999999999996,-0.2712559635604361,28.0,84.1
Tanahun,2000,525.87,-0.0742113996788263,0,14.193333333333333,21.08,8.22,12.856666666666667,34.163333333333334,4.88,77.49666666666667,2.65,57.2,5.23,33.23666666666667,3.76,279.99,-1.229141491865004,28.0,84.1
Tanahun,2001,456.9,-0.398172390642226,0,14.01,20.786666666666665,8.046666666666667,12.736666666666666,37.89333333333334,5.260000000000001,77.57333333333334,2.6266666666666665,60.099999999999994,6.47,30.200000000000003,0.27,525.87,-0.0742113996788263,28.0,84.1
Tanahun,2002,269.65,-1.2777098062997085,1,14.346666666666666,21.123333333333335,8.64,12.49,39.76,5.403333333333333,77.58999999999999,2.6366666666666667,56.34,5.84,38.50333333333333,22.369999999999997,456.9,-0.398172390642226,28.0,84.1
Tanahun,2003,333.28999999999996,-0.978784513202554,1,13.840000000000002,20.786666666666665,7.710000000000001,13.073333333333332,35.693333333333335,4.553333333333334,77.62,2.6133333333333333,16.51,5.66,38.086666666666666,51.78,269.65,-1.2777098062997085,28.0,84.1
Tanahun,2004,841.53,1.4084843580057713,0,14.729999999999999,21.330000000000002,9.17,12.156666666666666,42.25666666666667,5.8566666666666665,77.57666666666667,2.4933333333333336,183.93,5.623333333333334,41.376666666666665,31.44,333.28999999999996,-0.978784513202554,28.0,84.1
Tanahun,2005,737.47,0.9197011084820459,0,13.443333333333333,20.01,7.59,12.42,42.18333333333334,5.183333333333334,77.67666666666666,2.4933333333333336,58.96,5.37,54.52333333333333,53.77,841.53,1.4084843580057713,28.0,84.1
Tanahun,2006,795.88,1.1940604166185134,0,13.373333333333335,19.650000000000002,7.830000000000001,11.823333333333332,48.86333333333334,6.349999999999999,77.62,2.466666666666667,174.82,7.296666666666667,41.949999999999996,0.33,737.47,0.9197011084820459,28.0,84.1
Tanahun,2007,893.27,1.6515138153415156,0,13.540000000000001,19.776666666666667,7.84,11.936666666666667,52.53333333333333,6.73,77.66333333333334,2.356666666666667,121.78999999999999,5.286666666666666,50.84,112.3,795.88,1.1940604166185134,28.0,84.1
Tanahun,2008,1149.08,2.8530863990496096,0,13.623333333333335,20.133333333333336,7.79,12.346666666666666,43.52,5.586666666666666,77.56666666666666,2.5233333333333334,122.19999999999999,5.156666666666667,46.34666666666667,7.77,893.27,1.6515138153415156,28.0,84.1
Tanahun,2009,664.98,0.5792062232430023,0,14.01,20.72,8.21,12.506666666666668,41.25,5.496666666666667,77.60666666666667,2.533333333333333,131.45999999999998,7.45,47.083333333333336,3.54,1149.08,2.8530863990496096,28.0,84.1
Tanahun,2010,858.5799999999999,1.4885704084034217,0,15.556666666666667,22.51,9.38,13.13,36.70666666666667,5.353333333333334,77.64,2.6666666666666665,39.47,6.073333333333333,42.86666666666667,13.9,664.98,0.5792062232430023,28.0,84.1
Tanahun,2011,866.8,1.527180809240295,0,13.403333333333334,19.580000000000002,7.949999999999999,11.626666666666665,48.31,6.283333333333334,77.63333333333334,2.44,155.1,5.153333333333333,48.28333333333333,16.83,858.5799999999999,1.4885704084034217,28.0,84.1
Tanahun,2012,1002.23,2.1633129972375866,0,13.86,20.7,7.599999999999999,13.1,37.98,4.91,77.55666666666666,2.64,40.57,4.96,50.10333333333333,24.42,866.8,1.527180809240295,28.0,84.1
Tanahun,2013,1146.02,2.8387131841395328,0,13.656666666666666,20.27,7.73,12.543333333333331,48.38333333333333,6.153333333333333,77.57666666666667,2.58,164.36,5.053333333333334,49.66,65.3,1002.23,2.1633129972375866,28.0,84.1
Tanahun,2014,1330.35,3.704534982954719,0,13.383333333333333,19.7,7.733333333333333,11.966666666666667,49.696666666666665,6.186666666666667,77.69,2.4833333333333334,153.02,5.353333333333333,60.56666666666666,31.77,1146.02,2.8387131841395328,28.0,84.1
Tanahun,2015,1436.45,4.20290037575183,0,12.566666666666668,18.19666666666667,7.286666666666666,10.910000000000002,61.06666666666666,7.21,77.73333333333333,2.203333333333333,332.68,5.47,57.04333333333333,72.54,1330.35,3.704534982954719,28.0,84.1
Tanahun,2016,1426.21,4.154801774222684,0,14.49,20.766666666666666,9.183333333333332,11.576666666666666,46.69,6.266666666666667,77.64666666666666,2.44,212.06,5.760000000000001,50.61333333333334,9.23,1436.45,4.20290037575183,28.0,84.1
Tanahun,2017,1310.74,3.6124242821747825,0,12.796666666666667,18.71666666666667,7.489999999999999,11.229999999999999,56.86000000000001,7.083333333333333,77.61666666666666,2.203333333333333,405.99,7.006666666666667,50.36333333333334,9.96,1426.21,4.154801774222684,28.0,84.1
Tanahun,2018,33.01,-2.3892384260123207,1,13.016666666666666,18.81,7.886666666666666,10.923333333333332,57.56333333333333,7.166666666666667,77.64666666666666,2.28,14.21,6.816666666666666,46.623333333333335,0.53,1310.74,3.6124242821747825,28.0,84.1
Tanahun,2019,41.85,-2.347715805160987,1,12.729999999999999,18.94333333333333,7.03,11.906666666666666,55.79666666666666,6.736666666666667,77.67,2.28,10.290000000000001,4.6433333333333335,57.70666666666667,4.25,33.01,-2.3892384260123207,28.0,84.1
Taplejung,1982,767.28,0.43909365191775496,0,14.326666666666668,20.62,8.913333333333334,11.71,53.416666666666664,6.906666666666666,79.97,2.4266666666666663,177.15,6.6933333333333325,54.379999999999995,63.79,1024.8,2.1733238540553788,27.4,87.7
Taplejung,1983,715.21,0.088435968532752,0,14.206666666666669,21.06,8.44,12.623333333333333,43.593333333333334,5.79,79.92666666666666,2.59,147.91,5.79,43.29333333333333,2.27,767.28,0.43909365191775496,27.4,87.7
Taplejung,1984,856.4399999999999,1.0395284329933627,0,15.693333333333333,22.733333333333334,9.766666666666666,12.969999999999999,42.06,6.173333333333333,79.87333333333333,2.6333333333333333,127.18,6.140000000000001,42.833333333333336,33.34,715.21,0.088435968532752,27.4,87.7
Taplejung,1985,821.48,0.8040955040296659,0,15.88,22.906666666666666,9.833333333333334,13.073333333333332,40.45333333333333,5.953333333333333,79.84333333333333,2.606666666666667,84.52000000000001,6.5566666666666675,45.60999999999999,7.91,856.4399999999999,1.0395284329933627,27.4,87.7
Taplejung,1986,695.83,-0.04207576382755844,0,14.62,21.560000000000002,8.549999999999999,13.013333333333334,42.13333333333333,5.626666666666666,79.91333333333334,2.64,87.73,7.196666666666666,53.64000000000001,20.72,821.48,0.8040955040296659,27.4,87.7
Taplejung,1987,908.6,1.3907922080147148,0,14.686666666666667,21.573333333333334,8.756666666666666,12.816666666666668,42.26333333333333,5.566666666666666,80.03,2.5566666666666666,115.18,7.303333333333334,47.11666666666667,24.02,695.83,-0.04207576382755844,27.4,87.7
Taplejung,1988,780.49,0.5280544354306397,0,15.43,22.363333333333333,9.646666666666667,12.716666666666667,45.50333333333333,6.47,79.91333333333334,2.526666666666667,111.15,8.283333333333333,47.21333333333333,10.94,908.6,1.3907922080147148,27.4,87.7
Taplejung,1989,797.41,0.6419996630640993,0,15.273333333333333,22.426666666666666,9.159999999999998,13.270000000000001,37.20666666666667,5.26,79.85666666666667,2.686666666666667,162.19,6.946666666666666,43.96,48.919999999999995,780.49,0.5280544354306397,27.4,87.7
Taplejung,1990,615.79,-0.5810932590865502,0,14.46,21.02,8.816666666666666,12.206666666666665,47.6,6.516666666666667,79.92333333333333,2.5500000000000003,87.88,7.346666666666667,43.20666666666667,9.13,797.41,0.6419996630640993,27.4,87.7
Taplejung,1991,776.03,0.4980192276738291,0,15.756666666666668,23.063333333333333,9.24,13.82,35.696666666666665,5.183333333333334,80.0,2.7133333333333334,37.67,7.573333333333334,41.57666666666667,8.49,615.79,-0.5810932590865502,27.4,87.7
Taplejung,1992,634.11,-0.4577199393321181,0,15.326666666666668,22.723333333333333,9.123333333333333,13.603333333333333,36.949999999999996,5.16,79.94,2.723333333333333,86.30000000000001,6.16,47.06333333333333,10.68,776.03,0.4980192276738291,27.4,87.7
Taplejung,1993,424.07,-1.8722031315384964,1,14.5,21.27333333333333,8.663333333333332,12.61,44.913333333333334,6.133333333333333,79.99666666666667,2.5833333333333335,101.63,7.05,41.806666666666665,16.73,634.11,-0.4577199393321181,27.4,87.7
Taplejung,1994,458.33,-1.6414842486352852,1,15.666666666666666,22.886666666666667,9.476666666666667,13.42,36.77,5.38,79.98333333333333,2.6633333333333336,56.3,7.766666666666667,38.733333333333334,22.69,424.07,-1.8722031315384964,27.4,87.7
Taplejung,1995,512.25,-1.2783680149475687,1,15.893333333333333,23.27,9.443333333333333,13.823333333333332,33.556666666666665,5.093333333333334,79.97333333333334,2.72,60.76,6.536666666666666,35.54333333333333,10.83,458.33,-1.6414842486352852,27.4,87.7
Taplejung,1996,563.38,-0.9340406219866465,1,15.933333333333332,23.060000000000002,9.703333333333333,13.356666666666667,38.18333333333334,5.603333333333334,79.89333333333333,2.6799999999999997,62.1,6.760000000000001,48.89000000000001,39.019999999999996,512.25,-1.2783680149475687,27.4,87.7
Taplejung,1997,623.49,-0.5292387524212047,0,14.286666666666667,21.05666666666667,8.393333333333333,12.666666666666666,41.92333333333333,5.47,80.01333333333334,2.5900000000000003,106.25999999999999,6.48,34.66,4.85,563.38,-0.9340406219866465,27.4,87.7
Taplejung,1998,664.8100000000001,-0.2509753478222348,0,14.853333333333333,21.513333333333332,9.306666666666667,12.21,50.19,7.03,80.04,2.533333333333333,138.28,6.716666666666666,44.51333333333333,18.51,623.49,-0.5292387524212047,27.4,87.7
Taplejung,1999,585.83,-0.7828544304753474,0,16.316666666666666,23.543333333333333,10.303333333333333,13.24,38.056666666666665,5.920000000000001,79.81666666666666,2.6533333333333333,107.16,8.706666666666667,39.00333333333333,8.46,664.8100000000001,-0.2509753478222348,27.4,87.7
Taplejung,2000,532.02,-1.1452298854964162,1,14.936666666666667,21.55,9.51,12.040000000000001,45.96999999999999,6.660000000000001,79.87333333333333,2.5533333333333332,113.55,6.523333333333333,43.69,6.59,585.83,-0.7828544304753474,27.4,87.7
Taplejung,2001,576.8,-0.8436656246556166,1,15.25,21.993333333333336,9.643333333333333,12.35,44.076666666666675,6.433333333333333,79.95,2.546666666666667,115.71000000000001,7.696666666666666,36.03666666666667,3.13,532.02,-1.1452298854964162,27.4,87.7
Taplejung,2002,556.42,-0.9809117085309068,1,14.946666666666667,21.28333333333333,9.840000000000002,11.443333333333333,54.553333333333335,7.526666666666666,79.97666666666667,2.4600000000000004,144.13,7.486666666666667,48.31,11.71,576.8,-0.8436656246556166,27.4,87.7
Taplejung,2003,608.02,-0.6334191703579438,0,14.86,21.44333333333333,9.283333333333333,12.166666666666666,48.870000000000005,6.646666666666667,80.00333333333333,2.5166666666666666,67.38,7.206666666666667,46.04666666666666,40.29,556.42,-0.9809117085309068,27.4,87.7
Taplejung,2004,849.05,0.9897615752976613,0,15.856666666666667,22.28333333333333,10.549999999999999,11.733333333333334,51.4,7.43,79.95666666666666,2.5033333333333334,115.4,6.906666666666666,54.59,26.57,608.02,-0.6334191703579438,27.4,87.7
Taplejung,2005,794.48,0.6222680131252085,0,14.893333333333333,21.406666666666666,9.31,12.096666666666666,51.23,6.903333333333333,80.05666666666667,2.473333333333333,139.01,7.403333333333333,58.45333333333334,15.3,849.05,0.9897615752976613,27.4,87.7
Taplejung,2006,813.8299999999999,0.752577714940069,0,15.173333333333332,21.633333333333336,9.766666666666666,11.866666666666667,50.00333333333333,7.09,80.0,2.48,106.97999999999999,8.756666666666666,47.21,0.07,794.48,0.6222680131252085,27.4,87.7
Taplejung,2007,913.4399999999999,1.423386469347217,0,15.37,21.709999999999997,10.066666666666666,11.64,54.28666666666667,7.646666666666667,80.03333333333333,2.38,176.51999999999998,7.006666666666667,57.29666666666666,31.009999999999998,813.8299999999999,0.752577714940069,27.4,87.7
Taplejung,2008,836.16,0.9029557842695705,0,15.006666666666668,21.353333333333335,9.663333333333334,11.69,53.61333333333334,7.3500000000000005,79.94666666666666,2.44,124.92,6.493333333333333,54.27666666666667,17.490000000000002,913.4399999999999,1.423386469347217,27.4,87.7
Taplejung,2009,654.41,-0.3210126035780264,0,15.323333333333332,21.96666666666667,9.746666666666668,12.223333333333334,47.403333333333336,6.716666666666666,79.98,2.533333333333333,209.42000000000002,8.89,54.120000000000005,1.52,836.16,0.9029557842695705,27.4,87.7
Taplejung,2010,1149.3,3.0117506176703763,0,16.246666666666666,22.893333333333334,10.663333333333334,12.229999999999999,47.17666666666667,7.0,80.00333333333333,2.533333333333333,193.28,7.463333333333334,48.373333333333335,3.34,654.41,-0.3210126035780264,27.4,87.7
Taplejung,2011,1134.9,2.9147759558546666,0,14.596666666666666,20.796666666666667,9.386666666666668,11.409999999999998,55.68333333333334,7.573333333333333,80.00666666666666,2.39,156.01,6.536666666666666,55.65333333333333,19.89,1149.3,3.0117506176703763,27.4,87.7
Taplejung,2012,859.03,1.0569704034171608,0,15.056666666666667,21.62,9.346666666666666,12.273333333333333,47.70333333333334,6.636666666666667,79.92,2.5500000000000003,136.43,6.523333333333333,58.75,17.85,1134.9,2.9147759558546666,27.4,87.7
Taplejung,2013,993.22,1.960653033212314,0,15.299999999999999,21.956666666666667,9.833333333333334,12.126666666666667,49.22,6.833333333333333,79.93333333333334,2.51,226.41,7.543333333333333,41.300000000000004,36.08,859.03,1.0569704034171608,27.4,87.7
Taplejung,2014,811.1800000000001,0.7347316834253732,0,15.200000000000001,21.63,9.686666666666666,11.946666666666667,48.27333333333333,6.640000000000001,80.05666666666666,2.5033333333333334,212.75,7.243333333333333,60.24,8.87,993.22,1.960653033212314,27.4,87.7
Taplejung,2015,970.3900000000001,1.8069077881253233,0,14.946666666666667,20.69,10.13,10.563333333333333,59.92666666666667,8.17,80.08666666666666,2.42,260.99,8.273333333333333,53.67666666666667,16.09,811.1800000000001,0.7347316834253732,27.4,87.7
Taplejung,2016,1083.13,2.5661385779241574,0,16.113333333333333,22.206666666666667,11.1,11.103333333333333,50.67666666666667,7.363333333333333,79.99333333333334,2.5900000000000003,252.05,7.463333333333334,55.67666666666667,14.850000000000001,970.3900000000001,1.8069077881253233,27.4,87.7
Taplejung,2017,947.82,1.6549134744322267,0,14.816666666666668,20.646666666666665,9.88,10.766666666666666,59.65,8.186666666666667,79.98333333333333,2.46,258.43,8.836666666666668,56.596666666666664,4.41,1083.13,2.5661385779241574,27.4,87.7
Taplejung,2018,29.5,-4.529376208804115,1,14.49,20.086666666666666,9.836666666666668,10.25,62.089999999999996,8.28,80.03,2.393333333333333,8.02,8.36,53.45666666666667,0.2,947.82,1.6549134744322267,27.4,87.7
Taplejung,2019,35.35,-4.489980252441483,1,14.616666666666667,20.686666666666667,9.47,11.216666666666667,57.620000000000005,7.760000000000001,80.02333333333333,2.3833333333333333,7.54,7.0200000000000005,57.45666666666667,1.33,29.5,-4.529376208804115,27.4,87.7
Terhathum,1982,767.28,0.43909365191775496,0,14.326666666666668,20.62,8.913333333333334,11.71,53.416666666666664,6.906666666666666,79.97,2.4266666666666663,177.15,6.6933333333333325,54.379999999999995,63.79,1024.8,2.1733238540553788,27.1,87.5
Terhathum,1983,715.21,0.088435968532752,0,14.206666666666669,21.06,8.44,12.623333333333333,43.593333333333334,5.79,79.92666666666666,2.59,147.91,5.79,43.29333333333333,2.27,767.28,0.43909365191775496,27.1,87.5
Terhathum,1984,856.4399999999999,1.0395284329933627,0,15.693333333333333,22.733333333333334,9.766666666666666,12.969999999999999,42.06,6.173333333333333,79.87333333333333,2.6333333333333333,127.18,6.140000000000001,42.833333333333336,33.34,715.21,0.088435968532752,27.1,87.5
Terhathum,1985,821.48,0.8040955040296659,0,15.88,22.906666666666666,9.833333333333334,13.073333333333332,40.45333333333333,5.953333333333333,79.84333333333333,2.606666666666667,84.52000000000001,6.5566666666666675,45.60999999999999,7.91,856.4399999999999,1.0395284329933627,27.1,87.5
Terhathum,1986,695.83,-0.04207576382755844,0,14.62,21.560000000000002,8.549999999999999,13.013333333333334,42.13333333333333,5.626666666666666,79.91333333333334,2.64,87.73,7.196666666666666,53.64000000000001,20.72,821.48,0.8040955040296659,27.1,87.5
Terhathum,1987,908.6,1.3907922080147148,0,14.686666666666667,21.573333333333334,8.756666666666666,12.816666666666668,42.26333333333333,5.566666666666666,80.03,2.5566666666666666,115.18,7.303333333333334,47.11666666666667,24.02,695.83,-0.04207576382755844,27.1,87.5
Terhathum,1988,780.49,0.5280544354306397,0,15.43,22.363333333333333,9.646666666666667,12.716666666666667,45.50333333333333,6.47,79.91333333333334,2.526666666666667,111.15,8.283333333333333,47.21333333333333,10.94,908.6,1.3907922080147148,27.1,87.5
Terhathum,1989,797.41,0.6419996630640993,0,15.273333333333333,22.426666666666666,9.159999999999998,13.270000000000001,37.20666666666667,5.26,79.85666666666667,2.686666666666667,162.19,6.946666666666666,43.96,48.919999999999995,780.49,0.5280544354306397,27.1,87.5
Terhathum,1990,615.79,-0.5810932590865502,0,14.46,21.02,8.816666666666666,12.206666666666665,47.6,6.516666666666667,79.92333333333333,2.5500000000000003,87.88,7.346666666666667,43.20666666666667,9.13,797.41,0.6419996630640993,27.1,87.5
Terhathum,1991,776.03,0.4980192276738291,0,15.756666666666668,23.063333333333333,9.24,13.82,35.696666666666665,5.183333333333334,80.0,2.7133333333333334,37.67,7.573333333333334,41.57666666666667,8.49,615.79,-0.5810932590865502,27.1,87.5
Terhathum,1992,634.11,-0.4577199393321181,0,15.326666666666668,22.723333333333333,9.123333333333333,13.603333333333333,36.949999999999996,5.16,79.94,2.723333333333333,86.30000000000001,6.16,47.06333333333333,10.68,776.03,0.4980192276738291,27.1,87.5
Terhathum,1993,424.07,-1.8722031315384964,1,14.5,21.27333333333333,8.663333333333332,12.61,44.913333333333334,6.133333333333333,79.99666666666667,2.5833333333333335,101.63,7.05,41.806666666666665,16.73,634.11,-0.4577199393321181,27.1,87.5
Terhathum,1994,458.33,-1.6414842486352852,1,15.666666666666666,22.886666666666667,9.476666666666667,13.42,36.77,5.38,79.98333333333333,2.6633333333333336,56.3,7.766666666666667,38.733333333333334,22.69,424.07,-1.8722031315384964,27.1,87.5
Terhathum,1995,512.25,-1.2783680149475687,1,15.893333333333333,23.27,9.443333333333333,13.823333333333332,33.556666666666665,5.093333333333334,79.97333333333334,2.72,60.76,6.536666666666666,35.54333333333333,10.83,458.33,-1.6414842486352852,27.1,87.5
Terhathum,1996,563.38,-0.9340406219866465,1,15.933333333333332,23.060000000000002,9.703333333333333,13.356666666666667,38.18333333333334,5.603333333333334,79.89333333333333,2.6799999999999997,62.1,6.760000000000001,48.89000000000001,39.019999999999996,512.25,-1.2783680149475687,27.1,87.5
Terhathum,1997,623.49,-0.5292387524212047,0,14.286666666666667,21.05666666666667,8.393333333333333,12.666666666666666,41.92333333333333,5.47,80.01333333333334,2.5900000000000003,106.25999999999999,6.48,34.66,4.85,563.38,-0.9340406219866465,27.1,87.5
Terhathum,1998,664.8100000000001,-0.2509753478222348,0,14.853333333333333,21.513333333333332,9.306666666666667,12.21,50.19,7.03,80.04,2.533333333333333,138.28,6.716666666666666,44.51333333333333,18.51,623.49,-0.5292387524212047,27.1,87.5
Terhathum,1999,585.83,-0.7828544304753474,0,16.316666666666666,23.543333333333333,10.303333333333333,13.24,38.056666666666665,5.920000000000001,79.81666666666666,2.6533333333333333,107.16,8.706666666666667,39.00333333333333,8.46,664.8100000000001,-0.2509753478222348,27.1,87.5
Terhathum,2000,532.02,-1.1452298854964162,1,14.936666666666667,21.55,9.51,12.040000000000001,45.96999999999999,6.660000000000001,79.87333333333333,2.5533333333333332,113.55,6.523333333333333,43.69,6.59,585.83,-0.7828544304753474,27.1,87.5
Terhathum,2001,576.8,-0.8436656246556166,1,15.25,21.993333333333336,9.643333333333333,12.35,44.076666666666675,6.433333333333333,79.95,2.546666666666667,115.71000000000001,7.696666666666666,36.03666666666667,3.13,532.02,-1.1452298854964162,27.1,87.5
Terhathum,2002,556.42,-0.9809117085309068,1,14.946666666666667,21.28333333333333,9.840000000000002,11.443333333333333,54.553333333333335,7.526666666666666,79.97666666666667,2.4600000000000004,144.13,7.486666666666667,48.31,11.71,576.8,-0.8436656246556166,27.1,87.5
Terhathum,2003,608.02,-0.6334191703579438,0,14.86,21.44333333333333,9.283333333333333,12.166666666666666,48.870000000000005,6.646666666666667,80.00333333333333,2.5166666666666666,67.38,7.206666666666667,46.04666666666666,40.29,556.42,-0.9809117085309068,27.1,87.5
Terhathum,2004,849.05,0.9897615752976613,0,15.856666666666667,22.28333333333333,10.549999999999999,11.733333333333334,51.4,7.43,79.95666666666666,2.5033333333333334,115.4,6.906666666666666,54.59,26.57,608.02,-0.6334191703579438,27.1,87.5
Terhathum,2005,794.48,0.6222680131252085,0,14.893333333333333,21.406666666666666,9.31,12.096666666666666,51.23,6.903333333333333,80.05666666666667,2.473333333333333,139.01,7.403333333333333,58.45333333333334,15.3,849.05,0.9897615752976613,27.1,87.5
Terhathum,2006,813.8299999999999,0.752577714940069,0,15.173333333333332,21.633333333333336,9.766666666666666,11.866666666666667,50.00333333333333,7.09,80.0,2.48,106.97999999999999,8.756666666666666,47.21,0.07,794.48,0.6222680131252085,27.1,87.5
Terhathum,2007,913.4399999999999,1.423386469347217,0,15.37,21.709999999999997,10.066666666666666,11.64,54.28666666666667,7.646666666666667,80.03333333333333,2.38,176.51999999999998,7.006666666666667,57.29666666666666,31.009999999999998,813.8299999999999,0.752577714940069,27.1,87.5
Terhathum,2008,836.16,0.9029557842695705,0,15.006666666666668,21.353333333333335,9.663333333333334,11.69,53.61333333333334,7.3500000000000005,79.94666666666666,2.44,124.92,6.493333333333333,54.27666666666667,17.490000000000002,913.4399999999999,1.423386469347217,27.1,87.5
Terhathum,2009,654.41,-0.3210126035780264,0,15.323333333333332,21.96666666666667,9.746666666666668,12.223333333333334,47.403333333333336,6.716666666666666,79.98,2.533333333333333,209.42000000000002,8.89,54.120000000000005,1.52,836.16,0.9029557842695705,27.1,87.5
Terhathum,2010,1149.3,3.0117506176703763,0,16.246666666666666,22.893333333333334,10.663333333333334,12.229999999999999,47.17666666666667,7.0,80.00333333333333,2.533333333333333,193.28,7.463333333333334,48.373333333333335,3.34,654.41,-0.3210126035780264,27.1,87.5
Terhathum,2011,1134.9,2.9147759558546666,0,14.596666666666666,20.796666666666667,9.386666666666668,11.409999999999998,55.68333333333334,7.573333333333333,80.00666666666666,2.39,156.01,6.536666666666666,55.65333333333333,19.89,1149.3,3.0117506176703763,27.1,87.5
Terhathum,2012,859.03,1.0569704034171608,0,15.056666666666667,21.62,9.346666666666666,12.273333333333333,47.70333333333334,6.636666666666667,79.92,2.5500000000000003,136.43,6.523333333333333,58.75,17.85,1134.9,2.9147759558546666,27.1,87.5
Terhathum,2013,993.22,1.960653033212314,0,15.299999999999999,21.956666666666667,9.833333333333334,12.126666666666667,49.22,6.833333333333333,79.93333333333334,2.51,226.41,7.543333333333333,41.300000000000004,36.08,859.03,1.0569704034171608,27.1,87.5
Terhathum,2014,811.1800000000001,0.7347316834253732,0,15.200000000000001,21.63,9.686666666666666,11.946666666666667,48.27333333333333,6.640000000000001,80.05666666666666,2.5033333333333334,212.75,7.243333333333333,60.24,8.87,993.22,1.960653033212314,27.1,87.5
Terhathum,2015,970.3900000000001,1.8069077881253233,0,14.946666666666667,20.69,10.13,10.563333333333333,59.92666666666667,8.17,80.08666666666666,2.42,260.99,8.273333333333333,53.67666666666667,16.09,811.1800000000001,0.7347316834253732,27.1,87.5
Terhathum,2016,1083.13,2.5661385779241574,0,16.113333333333333,22.206666666666667,11.1,11.103333333333333,50.67666666666667,7.363333333333333,79.99333333333334,2.5900000000000003,252.05,7.463333333333334,55.67666666666667,14.850000000000001,970.3900000000001,1.8069077881253233,27.1,87.5
Terhathum,2017,947.82,1.6549134744322267,0,14.816666666666668,20.646666666666665,9.88,10.766666666666666,59.65,8.186666666666667,79.98333333333333,2.46,258.43,8.836666666666668,56.596666666666664,4.41,1083.13,2.5661385779241574,27.1,87.5
Terhathum,2018,29.5,-4.529376208804115,1,14.49,20.086666666666666,9.836666666666668,10.25,62.089999999999996,8.28,80.03,2.393333333333333,8.02,8.36,53.45666666666667,0.2,947.82,1.6549134744322267,27.1,87.5
Terhathum,2019,35.35,-4.489980252441483,1,14.616666666666667,20.686666666666667,9.47,11.216666666666667,57.620000000000005,7.760000000000001,80.02333333333333,2.3833333333333333,7.54,7.0200000000000005,57.45666666666667,1.33,29.5,-4.529376208804115,27.1,87.5
Udayapur,1982,623.44,-0.10816017949928244,0,25.766666666666666,32.79666666666667,19.30666666666667,13.49,37.17,8.073333333333332,94.89,2.813333333333333,166.76999999999998,16.05666666666667,44.126666666666665,74.06,907.95,1.4353424709510811,26.9,86.5
Udayapur,1983,619.4300000000001,-0.12991493549487468,0,26.080000000000002,33.38666666666666,19.459999999999997,13.93,28.583333333333332,6.603333333333333,94.85000000000001,3.2600000000000002,85.67,15.773333333333333,30.95,1.98,623.44,-0.10816017949928244,26.9,86.5
Udayapur,1984,776.07,0.7198768298790839,0,27.23,34.71333333333333,20.58,14.136666666666665,28.64,7.0566666666666675,94.69,3.1533333333333338,117.38999999999999,15.32,33.98,46.22,619.4300000000001,-0.12991493549487468,26.9,86.5
Udayapur,1985,789.13,0.7907289778348031,0,27.636666666666667,35.14666666666667,20.646666666666665,14.503333333333332,25.793333333333333,6.583333333333333,94.64666666666666,3.14,76.09,16.02,32.97666666666667,10.04,776.07,0.7198768298790839,26.9,86.5
Udayapur,1986,732.46,0.4832870770192885,0,26.429999999999996,33.839999999999996,19.583333333333332,14.256666666666666,28.713333333333335,6.633333333333333,94.81333333333333,3.1,100.21000000000001,15.950000000000001,46.873333333333335,24.869999999999997,789.13,0.7907289778348031,26.9,86.5
Udayapur,1987,949.62,1.6614074790150037,0,26.526666666666667,33.843333333333334,19.793333333333333,14.053333333333333,28.11,6.3566666666666665,94.93333333333334,2.856666666666667,90.64,16.84,37.63,28.91,732.46,0.4832870770192885,26.9,86.5
Udayapur,1988,755.93,0.6106147885446124,0,26.616666666666664,34.03333333333333,19.893333333333334,14.14,33.07666666666667,7.8066666666666675,94.77666666666666,2.8866666666666667,123.92000000000002,16.746666666666666,41.32,11.26,949.62,1.6614074790150037,26.9,86.5
Udayapur,1989,634.8299999999999,-0.04636799226990757,0,26.853333333333335,34.60666666666666,19.82,14.79,24.89,5.923333333333333,94.71333333333332,3.42,82.4,16.076666666666664,35.376666666666665,53.809999999999995,755.93,0.6106147885446124,26.9,86.5
Udayapur,1990,606.9,-0.1978917665733717,0,26.396666666666665,33.473333333333336,19.78333333333333,13.686666666666667,30.516666666666666,7.273333333333333,94.83,2.8333333333333335,54.72,16.776666666666667,32.35333333333333,16.89,634.8299999999999,-0.04636799226990757,26.9,86.5
Udayapur,1991,602.29,-0.22290159827902772,0,27.963333333333335,35.653333333333336,20.813333333333333,14.836666666666666,22.226666666666663,5.713333333333334,94.84333333333332,3.09,26.98,17.38,31.666666666666668,5.76,606.9,-0.1978917665733717,26.9,86.5
Udayapur,1992,457.7,-1.0073205931425406,1,27.22,35.13,19.89333333333333,15.236666666666666,23.686666666666667,5.766666666666666,94.8,3.7133333333333334,60.290000000000006,15.833333333333334,35.11333333333334,16.310000000000002,602.29,-0.22290159827902772,26.9,86.5
Udayapur,1993,441.29,-1.0963469138127822,1,26.066666666666666,33.300000000000004,19.53,13.770000000000001,31.150000000000002,7.199999999999999,94.92,3.116666666666667,100.66999999999999,16.716666666666665,30.896666666666665,19.2,457.7,-1.0073205931425406,26.9,86.5
Udayapur,1994,340.06,-1.6455324373623599,1,27.61,35.18666666666667,20.689999999999998,14.5,23.903333333333336,6.1000000000000005,94.83999999999999,3.06,42.74,16.896666666666665,32.330000000000005,22.44,441.29,-1.0963469138127822,26.9,86.5
Udayapur,1995,542.8000000000001,-0.5456423549318412,0,27.866666666666664,35.71333333333333,20.793333333333333,14.920000000000002,21.616666666666664,5.613333333333333,94.82333333333332,3.393333333333333,35.55,16.496666666666666,26.69333333333333,12.92,340.06,-1.6455324373623599,26.9,86.5
Udayapur,1996,461.77,-0.985240329575942,1,27.973333333333333,35.67666666666667,20.866666666666664,14.81,24.25,6.170000000000001,94.71666666666665,3.283333333333333,33.4,16.066666666666666,40.153333333333336,48.85,542.8000000000001,-0.5456423549318412,26.9,86.5
Udayapur,1997,485.69000000000005,-0.8554713112680695,1,26.313333333333333,33.653333333333336,19.48,14.18,26.363333333333333,6.076666666666667,94.94,3.1,69.2,16.06,25.570000000000004,8.26,461.77,-0.985240329575942,26.9,86.5
Udayapur,1998,478.34000000000003,-0.8953459887163497,1,26.24,33.42666666666667,19.866666666666667,13.563333333333333,34.29333333333333,8.106666666666667,94.96,3.1766666666666663,84.30000000000001,15.793333333333331,37.26,27.62,485.69000000000005,-0.8554713112680695,26.9,86.5
Udayapur,1999,403.41,-1.3018506936414693,1,27.72,35.403333333333336,20.726666666666667,14.676666666666668,25.406666666666666,6.57,94.60666666666667,3.073333333333333,73.94,17.763333333333332,31.766666666666666,9.09,478.34000000000003,-0.8953459887163497,26.9,86.5
Udayapur,2000,500.58,-0.7746911823966561,0,26.52,33.63666666666666,20.03333333333333,13.603333333333333,31.75,7.82,94.73666666666666,2.94,95.42,16.38,31.843333333333334,5.0600000000000005,403.41,-1.3018506936414693,26.9,86.5
Udayapur,2001,492.19,-0.8202079910757132,1,27.26,34.47666666666667,20.823333333333334,13.65,28.169999999999998,7.213333333333334,94.81333333333333,3.046666666666667,51.53,16.466666666666665,28.683333333333334,1.55,500.58,-0.7746911823966561,26.9,86.5
Udayapur,2002,422.21999999999997,-1.1998040701309731,1,26.363333333333333,33.153333333333336,20.33666666666667,12.813333333333333,38.656666666666666,9.016666666666667,94.85666666666667,2.956666666666667,145.96,16.57,40.10333333333333,15.610000000000001,492.19,-0.8202079910757132,26.9,86.5
Udayapur,2003,527.1800000000001,-0.6303828259171658,0,26.679999999999996,33.666666666666664,20.186666666666667,13.483333333333334,32.05,7.546666666666667,94.90666666666668,2.8433333333333333,56.51,15.943333333333333,40.086666666666666,41.989999999999995,422.21999999999997,-1.1998040701309731,26.9,86.5
Udayapur,2004,887.3599999999999,1.3236391228340618,0,27.00666666666667,33.800000000000004,20.86,12.936666666666667,37.02,8.85,94.79333333333334,2.72,168.37,15.979999999999999,46.406666666666666,35.38,527.1800000000001,-0.6303828259171658,26.9,86.5
Udayapur,2005,815.61,0.9343863191722803,0,26.606666666666666,33.51333333333333,20.273333333333333,13.243333333333334,35.580000000000005,8.223333333333334,94.95333333333333,2.7166666666666663,137.2,16.453333333333333,50.02666666666667,29.479999999999997,887.3599999999999,1.3236391228340618,26.9,86.5
Udayapur,2006,910.08,1.4468979897218073,0,26.650000000000002,33.38666666666666,20.566666666666666,12.823333333333332,35.64333333333334,8.493333333333334,94.89666666666666,2.81,112.88999999999999,17.150000000000002,40.67666666666667,0.03,815.61,0.9343863191722803,26.9,86.5
Udayapur,2007,901.6700000000001,1.4012726785190814,0,26.236666666666668,32.77,20.266666666666666,12.506666666666666,41.21,9.466666666666667,94.92333333333333,2.563333333333333,191.53,15.496666666666664,49.67333333333334,44.14,910.08,1.4468979897218073,26.9,86.5
Udayapur,2008,907.0500000000001,1.4304598573859857,0,26.573333333333334,33.203333333333326,20.400000000000002,12.803333333333333,37.15333333333333,8.683333333333334,94.82333333333334,2.51,132.45000000000002,14.969999999999999,47.63333333333333,31.71,901.6700000000001,1.4012726785190814,26.9,86.5
Udayapur,2009,684.88,0.22515957321123828,0,26.88,33.836666666666666,20.656666666666666,13.18,32.126666666666665,7.746666666666667,94.84333333333332,2.8266666666666667,125.28,17.39,47.81666666666666,0.64,907.0500000000001,1.4304598573859857,26.9,86.5
Udayapur,2010,906.33,1.4265537665339092,0,27.97,35.083333333333336,21.76,13.329999999999998,31.876666666666665,8.026666666666666,94.81333333333333,2.9899999999999998,138.91,16.080000000000002,41.93333333333333,7.630000000000001,684.88,0.22515957321123828,26.9,86.5
Udayapur,2011,1026.32,2.077514657284811,0,25.933333333333334,32.54666666666666,19.903333333333332,12.643333333333333,39.35,9.016666666666667,94.91666666666667,2.706666666666667,182.83999999999997,15.346666666666666,47.553333333333335,14.04,906.33,1.4265537665339092,26.9,86.5
Udayapur,2012,785.9300000000001,0.7733685740477971,0,27.080000000000002,34.23666666666667,20.493333333333336,13.743333333333334,30.266666666666666,7.3066666666666675,94.78666666666668,3.1733333333333333,93.42,15.576666666666668,49.42333333333334,14.4,1026.32,2.077514657284811,26.9,86.5
Udayapur,2013,779.9200000000001,0.740763565685326,0,26.25,33.36333333333334,20.206666666666667,13.156666666666666,35.593333333333334,8.0,94.81333333333333,3.046666666666667,179.32999999999998,14.956666666666665,41.43,32.42,785.9300000000001,0.7733685740477971,26.9,86.5
Udayapur,2014,818.57,0.9504446926752613,0,26.956666666666667,34.086666666666666,20.80666666666667,13.280000000000001,32.10333333333333,7.44,94.94666666666667,3.1533333333333338,139.88,15.563333333333333,53.876666666666665,19.43,779.9200000000001,0.740763565685326,26.9,86.5
Udayapur,2015,927.4100000000001,1.5409154264808136,0,26.14333333333333,32.51666666666667,20.53,11.986666666666666,43.37,9.85,95.0,2.8200000000000003,260.4,16.81,45.95333333333334,13.56,818.57,0.9504446926752613,26.9,86.5
Udayapur,2016,1068.72,2.3075400074626446,0,28.003333333333334,34.96666666666667,22.026666666666667,12.933333333333332,33.556666666666665,8.366666666666667,94.81666666666666,3.356666666666667,225.22,16.963333333333335,41.75333333333333,14.84,927.4100000000001,1.5409154264808136,26.9,86.5
Udayapur,2017,875.62,1.259948141440483,0,26.33,32.81,20.523333333333333,12.29,42.556666666666665,9.933333333333334,94.86666666666667,2.7533333333333334,237.82,17.316666666666666,49.373333333333335,2.45,1068.72,2.3075400074626446,26.9,86.5
Udayapur,2018,24.68,-3.3565087330955,1,25.923333333333332,32.29,20.273333333333333,12.013333333333334,43.626666666666665,9.86,94.94,2.74,6.609999999999999,16.713333333333335,43.826666666666675,0.07,875.62,1.259948141440483,26.9,86.5
Udayapur,2019,33.78,-3.307140084826201,1,26.333333333333332,33.24,20.223333333333333,13.020000000000001,38.833333333333336,9.036666666666667,94.92333333333333,2.9,5.95,16.779999999999998,44.669999999999995,1.31,24.68,-3.3565087330955,26.9,86.5
