Year,Districts,Area,yield_kg/ha,crop_type,avg_temp_C,max_temp_C,min_temp_C,avg_relative_humidity,avg_rainfall_mm_per_year,total_solar_radiation_kWh/m2,total_PAR_MJ/m2,avg_wind_speed_m/s,avg_pH_value,fertilizer_in_MT
2067,Achham,9450,2400,Paddy,13.05808219,18.9710137,8.114109589,61.27663014,1245.93,6522.01,2827.55,1.555643836,6.1,76
2067,Achham,6351,1550,Maize,13.05808219,18.9710137,8.114109589,61.27663014,1245.93,6522.01,2827.55,1.555643836,6.1,76
2067,Achham,3412,950,Millet,13.05808219,18.9710137,8.114109589,61.27663014,1245.93,6522.01,2827.55,1.555643836,6.1,76
2067,Achham,0,0,Buckwheat,13.05808219,18.9710137,8.114109589,61.27663014,1245.93,6522.01,2827.55,1.555643836,6.1,76
2067,Achham,16139,1450,Wheat,13.05808219,18.9710137,8.114109589,61.27663014,1245.93,6522.01,2827.55,1.555643836,6.1,76
2067,Achham,514,1298,Barley,13.05808219,18.9710137,8.114109589,61.27663014,1245.93,6522.01,2827.55,1.555643836,6.1,76
2067,Arghakhanchi,8768,2600,Paddy,20.5630137,26.14350685,16.21063014,55.35613699,1325.35,6438.57,2996.83,1.769232877,5.9,612
2067,Arghakhanchi,16915,1507,Maize,20.5630137,26.14350685,16.21063014,55.35613699,1325.35,6438.57,2996.83,1.769232877,5.9,612
2067,Arghakhanchi,820,1073,Millet,20.5630137,26.14350685,16.21063014,55.35613699,1325.35,6438.57,2996.83,1.769232877,5.9,612
2067,Arghakhanchi,336,982,Buckwheat,20.5630137,26.14350685,16.21063014,55.35613699,1325.35,6438.57,2996.83,1.769232877,5.9,612
2067,Arghakhanchi,7340,1836,Wheat,20.5630137,26.14350685,16.21063014,55.35613699,1325.35,6438.57,2996.83,1.769232877,5.9,612
2067,Arghakhanchi,485,1223,Barley,20.5630137,26.14350685,16.21063014,55.35613699,1325.35,6438.57,2996.83,1.769232877,5.9,612
2067,Baglung,5792,2956,Paddy,20.00545205,25.42309589,15.70890411,57.22178082,1226.86,6385.99,2761.53,1.593342466,5.7,439
2067,Baglung,20327,2592,Maize,20.00545205,25.42309589,15.70890411,57.22178082,1226.86,6385.99,2761.53,1.593342466,5.7,439
2067,Baglung,17700,1301,Millet,20.00545205,25.42309589,15.70890411,57.22178082,1226.86,6385.99,2761.53,1.593342466,5.7,439
2067,Baglung,100,1100,Buckwheat,20.00545205,25.42309589,15.70890411,57.22178082,1226.86,6385.99,2761.53,1.593342466,5.7,439
2067,Baglung,7035,1886,Wheat,20.00545205,25.42309589,15.70890411,57.22178082,1226.86,6385.99,2761.53,1.593342466,5.7,439
2067,Baglung,1005,1259,Barley,20.00545205,25.42309589,15.70890411,57.22178082,1226.86,6385.99,2761.53,1.593342466,5.7,439
2067,Baitadi,5300,1890,Paddy,11.7809863,18.10432877,6.420657534,57.7809589,905.5,6708.83,2953.94,1.683589041,6,109
2067,Baitadi,9500,1800,Maize,11.7809863,18.10432877,6.420657534,57.7809589,905.5,6708.83,2953.94,1.683589041,6,109
2067,Baitadi,850,1118,Millet,11.7809863,18.10432877,6.420657534,57.7809589,905.5,6708.83,2953.94,1.683589041,6,109
2067,Baitadi,0,0,Buckwheat,11.7809863,18.10432877,6.420657534,57.7809589,905.5,6708.83,2953.94,1.683589041,6,109
2067,Baitadi,12000,2058,Wheat,11.7809863,18.10432877,6.420657534,57.7809589,905.5,6708.83,2953.94,1.683589041,6,109
2067,Baitadi,600,1000,Barley,11.7809863,18.10432877,6.420657534,57.7809589,905.5,6708.83,2953.94,1.683589041,6,109
2067,Bajhang,7005,2315,Paddy,11.7809863,18.10432877,6.420657534,57.7809589,905.5,6522.01,2827.55,1.683589041,5.6,147
2067,Bajhang,3650,1500,Maize,11.7809863,18.10432877,6.420657534,57.7809589,905.5,6522.01,2827.55,1.683589041,5.6,147
2067,Bajhang,2285,1007,Millet,11.7809863,18.10432877,6.420657534,57.7809589,905.5,6522.01,2827.55,1.683589041,5.6,147
2067,Bajhang,0,0,Buckwheat,11.7809863,18.10432877,6.420657534,57.7809589,905.5,6522.01,2827.55,1.683589041,5.6,147
2067,Bajhang,6100,1361,Wheat,11.7809863,18.10432877,6.420657534,57.7809589,905.5,6522.01,2827.55,1.683589041,5.6,147
2067,Bajhang,1500,1000,Barley,11.7809863,18.10432877,6.420657534,57.7809589,905.5,6522.01,2827.55,1.683589041,5.6,147
2067,Bajura,3010,1800,Paddy,9.54939726,16.17224658,4.111917808,59.92967123,937.29,6522.01,2827.55,1.642383562,6,154
2067,Bajura,790,2214,Maize,9.54939726,16.17224658,4.111917808,59.92967123,937.29,6522.01,2827.55,1.642383562,6,154
2067,Bajura,2610,1000,Millet,9.54939726,16.17224658,4.111917808,59.92967123,937.29,6522.01,2827.55,1.642383562,6,154
2067,Bajura,7,1500,Buckwheat,9.54939726,16.17224658,4.111917808,59.92967123,937.29,6522.01,2827.55,1.642383562,6,154
2067,Bajura,4950,2000,Wheat,9.54939726,16.17224658,4.111917808,59.92967123,937.29,6522.01,2827.55,1.642383562,6,154
2067,Bajura,1072,1650,Barley,9.54939726,16.17224658,4.111917808,59.92967123,937.29,6522.01,2827.55,1.642383562,6,154
2067,Banke,36500,3280,Paddy,20.73353425,26.48753425,16.01060274,55.95624658,1335.67,6092.79,2704.96,1.542273973,6.4,5913
2067,Banke,8660,2130,Maize,20.73353425,26.48753425,16.01060274,55.95624658,1335.67,6092.79,2704.96,1.542273973,6.4,5913
2067,Banke,0,0,Millet,20.73353425,26.48753425,16.01060274,55.95624658,1335.67,6092.79,2704.96,1.542273973,6.4,5913
2067,Banke,0,0,Buckwheat,20.73353425,26.48753425,16.01060274,55.95624658,1335.67,6092.79,2704.96,1.542273973,6.4,5913
2067,Banke,17913,2130,Wheat,20.73353425,26.48753425,16.01060274,55.95624658,1335.67,6092.79,2704.96,1.542273973,6.4,5913
2067,Banke,10,1000,Barley,20.73353425,26.48753425,16.01060274,55.95624658,1335.67,6092.79,2704.96,1.542273973,6.4,5913
2067,Bara,52725,3200,Paddy,25.72378082,32.0569589,20.59476712,54.83873973,1114.3,6402.98,2974.38,1.812136986,6.7,7732
2067,Bara,7500,2800,Maize,25.72378082,32.0569589,20.59476712,54.83873973,1114.3,6402.98,2974.38,1.812136986,6.7,7732
2067,Bara,78,1090,Millet,25.72378082,32.0569589,20.59476712,54.83873973,1114.3,6402.98,2974.38,1.812136986,6.7,7732
2067,Bara,0,0,Buckwheat,25.72378082,32.0569589,20.59476712,54.83873973,1114.3,6402.98,2974.38,1.812136986,6.7,7732
2067,Bara,29000,3341,Wheat,25.72378082,32.0569589,20.59476712,54.83873973,1114.3,6402.98,2974.38,1.812136986,6.7,7732
2067,Bara,68,971,Barley,25.72378082,32.0569589,20.59476712,54.83873973,1114.3,6402.98,2974.38,1.812136986,6.7,7732
2067,Bardiya,42550,3500,Paddy,25.55323288,31.69134247,20.56035616,52.89049315,1200.41,6092.79,2704.96,1.740684932,6.8,7655
2067,Bardiya,9000,2023,Maize,25.55323288,31.69134247,20.56035616,52.89049315,1200.41,6092.79,2704.96,1.740684932,6.8,7655
2067,Bardiya,0,0,Millet,25.55323288,31.69134247,20.56035616,52.89049315,1200.41,6092.79,2704.96,1.740684932,6.8,7655
2067,Bardiya,0,0,Buckwheat,25.55323288,31.69134247,20.56035616,52.89049315,1200.41,6092.79,2704.96,1.740684932,6.8,7655
2067,Bardiya,18890,2795,Wheat,25.55323288,31.69134247,20.56035616,52.89049315,1200.41,6092.79,2704.96,1.740684932,6.8,7655
2067,Bardiya,10,1000,Barley,25.55323288,31.69134247,20.56035616,52.89049315,1200.41,6092.79,2704.96,1.740684932,6.8,7655
2067,Bhaktapur,4300,5400,Paddy,19.62460274,25.02857534,15.5249863,58.33276712,1044.95,6421.67,2868.84,1.509808219,5.8,2771
2067,Bhaktapur,2000,3000,Maize,19.62460274,25.02857534,15.5249863,58.33276712,1044.95,6421.67,2868.84,1.509808219,5.8,2771
2067,Bhaktapur,100,1400,Millet,19.62460274,25.02857534,15.5249863,58.33276712,1044.95,6421.67,2868.84,1.509808219,5.8,2771
2067,Bhaktapur,0,0,Buckwheat,19.62460274,25.02857534,15.5249863,58.33276712,1044.95,6421.67,2868.84,1.509808219,5.8,2771
2067,Bhaktapur,3200,3089,Wheat,19.62460274,25.02857534,15.5249863,58.33276712,1044.95,6421.67,2868.84,1.509808219,5.8,2771
2067,Bhaktapur,50,1000,Barley,19.62460274,25.02857534,15.5249863,58.33276712,1044.95,6421.67,2868.84,1.509808219,5.8,2771
2067,Bhojpur,16103,2337,Paddy,5.662410959,11.09339726,1.640931507,71.61832877,1213.87,5773.57,2540.43,1.581178082,5.4,15732
2067,Bhojpur,22776,2134,Maize,5.662410959,11.09339726,1.640931507,71.61832877,1213.87,5773.57,2540.43,1.581178082,5.4,15732
2067,Bhojpur,5100,1000,Millet,5.662410959,11.09339726,1.640931507,71.61832877,1213.87,5773.57,2540.43,1.581178082,5.4,15732
2067,Bhojpur,75,700,Buckwheat,5.662410959,11.09339726,1.640931507,71.61832877,1213.87,5773.57,2540.43,1.581178082,5.4,15732
2067,Bhojpur,2510,1657,Wheat,5.662410959,11.09339726,1.640931507,71.61832877,1213.87,5773.57,2540.43,1.581178082,5.4,15732
2067,Bhojpur,30,1333,Barley,5.662410959,11.09339726,1.640931507,71.61832877,1213.87,5773.57,2540.43,1.581178082,5.4,15732
2067,Chitwan,32770,3386,Paddy,25.18041096,31.25084932,20.21728767,53.93690411,1182.25,6402.98,2974.38,1.488986301,6.1,615
2067,Chitwan,20660,2539,Maize,25.18041096,31.25084932,20.21728767,53.93690411,1182.25,6402.98,2974.38,1.488986301,6.1,615
2067,Chitwan,1810,1032,Millet,25.18041096,31.25084932,20.21728767,53.93690411,1182.25,6402.98,2974.38,1.488986301,6.1,615
2067,Chitwan,700,1107,Buckwheat,25.18041096,31.25084932,20.21728767,53.93690411,1182.25,6402.98,2974.38,1.488986301,6.1,615
2067,Chitwan,8728,3040,Wheat,25.18041096,31.25084932,20.21728767,53.93690411,1182.25,6402.98,2974.38,1.488986301,6.1,615
2067,Chitwan,61,1000,Barley,25.18041096,31.25084932,20.21728767,53.93690411,1182.25,6402.98,2974.38,1.488986301,6.1,615
2067,Dadeldhura,6221,2280,Paddy,16.60326027,22.62317808,11.56394521,54.036,1219.07,6708.83,2953.94,1.476657534,5.9,10437
2067,Dadeldhura,3744,1707,Maize,16.60326027,22.62317808,11.56394521,54.036,1219.07,6708.83,2953.94,1.476657534,5.9,10437
2067,Dadeldhura,302,1291,Millet,16.60326027,22.62317808,11.56394521,54.036,1219.07,6708.83,2953.94,1.476657534,5.9,10437
2067,Dadeldhura,0,0,Buckwheat,16.60326027,22.62317808,11.56394521,54.036,1219.07,6708.83,2953.94,1.476657534,5.9,10437
2067,Dadeldhura,7500,1600,Wheat,16.60326027,22.62317808,11.56394521,54.036,1219.07,6708.83,2953.94,1.476657534,5.9,10437
2067,Dadeldhura,218,1032,Barley,16.60326027,22.62317808,11.56394521,54.036,1219.07,6708.83,2953.94,1.476657534,5.9,10437
2067,Dailekh,8507,3130,Paddy,13.05808219,18.9710137,8.114109589,61.27663014,1245.93,6092.79,2704.96,1.555643836,5.9,18
2067,Dailekh,20150,1940,Maize,13.05808219,18.9710137,8.114109589,61.27663014,1245.93,6092.79,2704.96,1.555643836,5.9,18
2067,Dailekh,2422,1085,Millet,13.05808219,18.9710137,8.114109589,61.27663014,1245.93,6092.79,2704.96,1.555643836,5.9,18
2067,Dailekh,0,0,Buckwheat,13.05808219,18.9710137,8.114109589,61.27663014,1245.93,6092.79,2704.96,1.555643836,5.9,18
2067,Dailekh,7300,1352,Wheat,13.05808219,18.9710137,8.114109589,61.27663014,1245.93,6092.79,2704.96,1.555643836,5.9,18
2067,Dailekh,195,1462,Barley,13.05808219,18.9710137,8.114109589,61.27663014,1245.93,6092.79,2704.96,1.555643836,5.9,18
2067,Dang,38500,3012,Paddy,22.61468493,28.44019178,17.948,54.894,1278.14,6452.09,2802.61,1.861013699,5.8,24
2067,Dang,25200,2185,Maize,22.61468493,28.44019178,17.948,54.894,1278.14,6452.09,2802.61,1.861013699,5.8,24
2067,Dang,150,1000,Millet,22.61468493,28.44019178,17.948,54.894,1278.14,6452.09,2802.61,1.861013699,5.8,24
2067,Dang,0,0,Buckwheat,22.61468493,28.44019178,17.948,54.894,1278.14,6452.09,2802.61,1.861013699,5.8,24
2067,Dang,12750,2275,Wheat,22.61468493,28.44019178,17.948,54.894,1278.14,6452.09,2802.61,1.861013699,5.8,24
2067,Dang,30,833,Barley,22.61468493,28.44019178,17.948,54.894,1278.14,6452.09,2802.61,1.861013699,5.8,24
2067,Darchula,4290,2500,Paddy,6.551890411,12.70087671,1.238821918,59.17432877,761.71,6708.83,2953.94,1.779369863,6,11824
2067,Darchula,5520,2276,Maize,6.551890411,12.70087671,1.238821918,59.17432877,761.71,6708.83,2953.94,1.779369863,6,11824
2067,Darchula,1300,1000,Millet,6.551890411,12.70087671,1.238821918,59.17432877,761.71,6708.83,2953.94,1.779369863,6,11824
2067,Darchula,100,750,Buckwheat,6.551890411,12.70087671,1.238821918,59.17432877,761.71,6708.83,2953.94,1.779369863,6,11824
2067,Darchula,5265,1140,Wheat,6.551890411,12.70087671,1.238821918,59.17432877,761.71,6708.83,2953.94,1.779369863,6,11824
2067,Darchula,1200,917,Barley,6.551890411,12.70087671,1.238821918,59.17432877,761.71,6708.83,2953.94,1.779369863,6,11824
2067,Dhading,16670,2452,Paddy,15.64268493,21.13356164,11.25421918,58.718,962.18,6402.98,2974.38,1.60939726,5.5,16
2067,Dhading,17468,2500,Maize,15.64268493,21.13356164,11.25421918,58.718,962.18,6402.98,2974.38,1.60939726,5.5,16
2067,Dhading,7140,1003,Millet,15.64268493,21.13356164,11.25421918,58.718,962.18,6402.98,2974.38,1.60939726,5.5,16
2067,Dhading,0,0,Buckwheat,15.64268493,21.13356164,11.25421918,58.718,962.18,6402.98,2974.38,1.60939726,5.5,16
2067,Dhading,4680,1691,Wheat,15.64268493,21.13356164,11.25421918,58.718,962.18,6402.98,2974.38,1.60939726,5.5,16
2067,Dhading,350,1000,Barley,15.64268493,21.13356164,11.25421918,58.718,962.18,6402.98,2974.38,1.60939726,5.5,16
2067,Dhankuta,9412,2333,Paddy,20.19216438,25.39715068,16.15945205,63.81884932,1557.64,5870.95,2655.1,1.468410959,5.8,6572
2067,Dhankuta,17779,2235,Maize,20.19216438,25.39715068,16.15945205,63.81884932,1557.64,5870.95,2655.1,1.468410959,5.8,6572
2067,Dhankuta,8000,1010,Millet,20.19216438,25.39715068,16.15945205,63.81884932,1557.64,5870.95,2655.1,1.468410959,5.8,6572
2067,Dhankuta,25,500,Buckwheat,20.19216438,25.39715068,16.15945205,63.81884932,1557.64,5870.95,2655.1,1.468410959,5.8,6572
2067,Dhankuta,1498,2200,Wheat,20.19216438,25.39715068,16.15945205,63.81884932,1557.64,5870.95,2655.1,1.468410959,5.8,6572
2067,Dhankuta,10,1000,Barley,20.19216438,25.39715068,16.15945205,63.81884932,1557.64,5870.95,2655.1,1.468410959,5.8,6572
2067,Dhanusha,61972,2800,Paddy,23.13506849,28.95416438,18.67791781,55.94189041,995.41,6205.61,2798.51,1.701205479,6.6,1542
2067,Dhanusha,2365,2100,Maize,23.13506849,28.95416438,18.67791781,55.94189041,995.41,6205.61,2798.51,1.701205479,6.6,1542
2067,Dhanusha,425,1000,Millet,23.13506849,28.95416438,18.67791781,55.94189041,995.41,6205.61,2798.51,1.701205479,6.6,1542
2067,Dhanusha,0,0,Buckwheat,23.13506849,28.95416438,18.67791781,55.94189041,995.41,6205.61,2798.51,1.701205479,6.6,1542
2067,Dhanusha,38450,2500,Wheat,23.13506849,28.95416438,18.67791781,55.94189041,995.41,6205.61,2798.51,1.701205479,6.6,1542
2067,Dhanusha,5,1000,Barley,23.13506849,28.95416438,18.67791781,55.94189041,995.41,6205.61,2798.51,1.701205479,6.6,1542
2067,Dolakha,3133,2012,Paddy,2.402630137,8.398520548,-2.210876712,64.09180822,676.75,6170.27,2715.89,2.132109589,6.5,11408
2067,Dolakha,5387,2290,Maize,2.402630137,8.398520548,-2.210876712,64.09180822,676.75,6170.27,2715.89,2.132109589,6.5,11408
2067,Dolakha,3555,1152,Millet,2.402630137,8.398520548,-2.210876712,64.09180822,676.75,6170.27,2715.89,2.132109589,6.5,11408
2067,Dolakha,0,0,Buckwheat,2.402630137,8.398520548,-2.210876712,64.09180822,676.75,6170.27,2715.89,2.132109589,6.5,11408
2067,Dolakha,4400,1160,Wheat,2.402630137,8.398520548,-2.210876712,64.09180822,676.75,6170.27,2715.89,2.132109589,6.5,11408
2067,Dolakha,231,996,Barley,2.402630137,8.398520548,-2.210876712,64.09180822,676.75,6170.27,2715.89,2.132109589,6.5,11408
2067,Dolpa,270,1700,Paddy,-0.561424658,5.743178082,-5.62969863,62.76506849,945.58,6452.09,2802.61,1.902547945,6.6,1248
2067,Dolpa,2300,1500,Maize,-0.561424658,5.743178082,-5.62969863,62.76506849,945.58,6452.09,2802.61,1.902547945,6.6,1248
2067,Dolpa,325,800,Millet,-0.561424658,5.743178082,-5.62969863,62.76506849,945.58,6452.09,2802.61,1.902547945,6.6,1248
2067,Dolpa,300,800,Buckwheat,-0.561424658,5.743178082,-5.62969863,62.76506849,945.58,6452.09,2802.61,1.902547945,6.6,1248
2067,Dolpa,2500,2280,Wheat,-0.561424658,5.743178082,-5.62969863,62.76506849,945.58,6452.09,2802.61,1.902547945,6.6,1248
2067,Dolpa,250,832,Barley,-0.561424658,5.743178082,-5.62969863,62.76506849,945.58,6452.09,2802.61,1.902547945,6.6,1248
2067,Doti,7570,2378,Paddy,16.60326027,22.62317808,11.56394521,54.036,1219.07,6708.83,2953.94,1.476657534,5.9,22
2067,Doti,2545,1648,Maize,16.60326027,22.62317808,11.56394521,54.036,1219.07,6708.83,2953.94,1.476657534,5.9,22
2067,Doti,4953,1081,Millet,16.60326027,22.62317808,11.56394521,54.036,1219.07,6708.83,2953.94,1.476657534,5.9,22
2067,Doti,0,0,Buckwheat,16.60326027,22.62317808,11.56394521,54.036,1219.07,6708.83,2953.94,1.476657534,5.9,22
2067,Doti,16150,1734,Wheat,16.60326027,22.62317808,11.56394521,54.036,1219.07,6708.83,2953.94,1.476657534,5.9,22
2067,Doti,250,1000,Barley,16.60326027,22.62317808,11.56394521,54.036,1219.07,6708.83,2953.94,1.476657534,5.9,22
2067,Gorkha,17785,2771,Paddy,15.64268493,21.13356164,11.25421918,58.718,962.18,6402.98,2974.38,1.60939726,5.5,348
2067,Gorkha,19350,2250,Maize,15.64268493,21.13356164,11.25421918,58.718,962.18,6402.98,2974.38,1.60939726,5.5,348
2067,Gorkha,11605,1000,Millet,15.64268493,21.13356164,11.25421918,58.718,962.18,6402.98,2974.38,1.60939726,5.5,348
2067,Gorkha,380,1000,Buckwheat,15.64268493,21.13356164,11.25421918,58.718,962.18,6402.98,2974.38,1.60939726,5.5,348
2067,Gorkha,4120,1757,Wheat,15.64268493,21.13356164,11.25421918,58.718,962.18,6402.98,2974.38,1.60939726,5.5,348
2067,Gorkha,110,1000,Barley,15.64268493,21.13356164,11.25421918,58.718,962.18,6402.98,2974.38,1.60939726,5.5,348
2067,Gulmi,10426,2350,Paddy,20.5630137,26.14350685,16.21063014,55.35613699,1325.35,6438.57,2996.83,1.769232877,6.1,980
2067,Gulmi,24845,1767,Maize,20.5630137,26.14350685,16.21063014,55.35613699,1325.35,6438.57,2996.83,1.769232877,6.1,980
2067,Gulmi,2916,980,Millet,20.5630137,26.14350685,16.21063014,55.35613699,1325.35,6438.57,2996.83,1.769232877,6.1,980
2067,Gulmi,195,1046,Buckwheat,20.5630137,26.14350685,16.21063014,55.35613699,1325.35,6438.57,2996.83,1.769232877,6.1,980
2067,Gulmi,8100,1950,Wheat,20.5630137,26.14350685,16.21063014,55.35613699,1325.35,6438.57,2996.83,1.769232877,6.1,980
2067,Gulmi,380,1500,Barley,20.5630137,26.14350685,16.21063014,55.35613699,1325.35,6438.57,2996.83,1.769232877,6.1,980
2067,Humla,565,1382,Paddy,-0.023616438,6.600931507,-5.543424658,66.24153425,566.41,7263.37,3036.87,2.001260274,6.5,529
2067,Humla,105,1524,Maize,-0.023616438,6.600931507,-5.543424658,66.24153425,566.41,7263.37,3036.87,2.001260274,6.5,529
2067,Humla,1302,1010,Millet,-0.023616438,6.600931507,-5.543424658,66.24153425,566.41,7263.37,3036.87,2.001260274,6.5,529
2067,Humla,0,0,Buckwheat,-0.023616438,6.600931507,-5.543424658,66.24153425,566.41,7263.37,3036.87,2.001260274,6.5,529
2067,Humla,1091,752,Wheat,-0.023616438,6.600931507,-5.543424658,66.24153425,566.41,7263.37,3036.87,2.001260274,6.5,529
2067,Humla,687,1020,Barley,-0.023616438,6.600931507,-5.543424658,66.24153425,566.41,7263.37,3036.87,2.001260274,6.5,529
2067,Illam,14825,3082,Paddy,18.64413699,23.80090411,14.8510137,65.76739726,1879.69,5773.57,2540.43,1.215287671,5.5,0
2067,Illam,31480,2462,Maize,18.64413699,23.80090411,14.8510137,65.76739726,1879.69,5773.57,2540.43,1.215287671,5.5,0
2067,Illam,3312,1000,Millet,18.64413699,23.80090411,14.8510137,65.76739726,1879.69,5773.57,2540.43,1.215287671,5.5,0
2067,Illam,28,714,Buckwheat,18.64413699,23.80090411,14.8510137,65.76739726,1879.69,5773.57,2540.43,1.215287671,5.5,0
2067,Illam,4800,2784,Wheat,18.64413699,23.80090411,14.8510137,65.76739726,1879.69,5773.57,2540.43,1.215287671,5.5,0
2067,Illam,75,1000,Barley,18.64413699,23.80090411,14.8510137,65.76739726,1879.69,5773.57,2540.43,1.215287671,5.5,0
2067,Jajarkot,3455,3325,Paddy,22.61468493,28.44019178,17.948,54.894,1278.14,6452.09,2802.61,1.861013699,6.2,1033
2067,Jajarkot,7406,1900,Maize,22.61468493,28.44019178,17.948,54.894,1278.14,6452.09,2802.61,1.861013699,6.2,1033
2067,Jajarkot,2525,1791,Millet,22.61468493,28.44019178,17.948,54.894,1278.14,6452.09,2802.61,1.861013699,6.2,1033
2067,Jajarkot,24,1100,Buckwheat,22.61468493,28.44019178,17.948,54.894,1278.14,6452.09,2802.61,1.861013699,6.2,1033
2067,Jajarkot,11800,1240,Wheat,22.61468493,28.44019178,17.948,54.894,1278.14,6452.09,2802.61,1.861013699,6.2,1033
2067,Jajarkot,735,650,Barley,22.61468493,28.44019178,17.948,54.894,1278.14,6452.09,2802.61,1.861013699,6.2,1033
2067,Jhapa,82400,3300,Paddy,24.2890411,29.58449315,19.99950685,64.76947945,2201.73,5870.95,2655.1,1.491205479,5.7,90
2067,Jhapa,24600,2533,Maize,24.2890411,29.58449315,19.99950685,64.76947945,2201.73,5870.95,2655.1,1.491205479,5.7,90
2067,Jhapa,1800,1200,Millet,24.2890411,29.58449315,19.99950685,64.76947945,2201.73,5870.95,2655.1,1.491205479,5.7,90
2067,Jhapa,1300,1000,Buckwheat,24.2890411,29.58449315,19.99950685,64.76947945,2201.73,5870.95,2655.1,1.491205479,5.7,90
2067,Jhapa,11500,2100,Wheat,24.2890411,29.58449315,19.99950685,64.76947945,2201.73,5870.95,2655.1,1.491205479,5.7,90
2067,Jhapa,9,778,Barley,24.2890411,29.58449315,19.99950685,64.76947945,2201.73,5870.95,2655.1,1.491205479,5.7,90
2067,Jumla,2750,1789,Paddy,9.54939726,16.17224658,4.111917808,59.92967123,937.29,6910.08,2915,1.642383562,6.5,11618
2067,Jumla,4550,1600,Maize,9.54939726,16.17224658,4.111917808,59.92967123,937.29,6910.08,2915,1.642383562,6.5,11618
2067,Jumla,3950,1100,Millet,9.54939726,16.17224658,4.111917808,59.92967123,937.29,6910.08,2915,1.642383562,6.5,11618
2067,Jumla,930,700,Buckwheat,9.54939726,16.17224658,4.111917808,59.92967123,937.29,6910.08,2915,1.642383562,6.5,11618
2067,Jumla,2300,1100,Wheat,9.54939726,16.17224658,4.111917808,59.92967123,937.29,6910.08,2915,1.642383562,6.5,11618
2067,Jumla,4900,900,Barley,9.54939726,16.17224658,4.111917808,59.92967123,937.29,6910.08,2915,1.642383562,6.5,11618
2067,Kailali,60000,2900,Paddy,25.78260274,31.964,20.56986301,54.50528767,1512.03,6097.45,2735.4,1.57030137,6.6,0
2067,Kailali,16500,1727,Maize,25.78260274,31.964,20.56986301,54.50528767,1512.03,6097.45,2735.4,1.57030137,6.6,0
2067,Kailali,300,1033,Millet,25.78260274,31.964,20.56986301,54.50528767,1512.03,6097.45,2735.4,1.57030137,6.6,0
2067,Kailali,0,0,Buckwheat,25.78260274,31.964,20.56986301,54.50528767,1512.03,6097.45,2735.4,1.57030137,6.6,0
2067,Kailali,34500,2000,Wheat,25.78260274,31.964,20.56986301,54.50528767,1512.03,6097.45,2735.4,1.57030137,6.6,0
2067,Kailali,550,1200,Barley,25.78260274,31.964,20.56986301,54.50528767,1512.03,6097.45,2735.4,1.57030137,6.6,0
2067,Kalikot,3522,2111,Paddy,13.05808219,18.9710137,8.114109589,61.27663014,1245.93,6522.01,2827.55,1.555643836,6.2,17454
2067,Kalikot,5455,1795,Maize,13.05808219,18.9710137,8.114109589,61.27663014,1245.93,6522.01,2827.55,1.555643836,6.2,17454
2067,Kalikot,1252,1100,Millet,13.05808219,18.9710137,8.114109589,61.27663014,1245.93,6522.01,2827.55,1.555643836,6.2,17454
2067,Kalikot,0,0,Buckwheat,13.05808219,18.9710137,8.114109589,61.27663014,1245.93,6522.01,2827.55,1.555643836,6.2,17454
2067,Kalikot,5398,1670,Wheat,13.05808219,18.9710137,8.114109589,61.27663014,1245.93,6522.01,2827.55,1.555643836,6.2,17454
2067,Kalikot,1028,700,Barley,13.05808219,18.9710137,8.114109589,61.27663014,1245.93,6522.01,2827.55,1.555643836,6.2,17454
2067,Kanchanpur,46655,3000,Paddy,22.26112329,28.67156164,16.97635616,54.15408219,1521.27,6242.82,2794.86,1.03339726,6.2,35
2067,Kanchanpur,5950,1932,Maize,22.26112329,28.67156164,16.97635616,54.15408219,1521.27,6242.82,2794.86,1.03339726,6.2,35
2067,Kanchanpur,170,1059,Millet,22.26112329,28.67156164,16.97635616,54.15408219,1521.27,6242.82,2794.86,1.03339726,6.2,35
2067,Kanchanpur,0,0,Buckwheat,22.26112329,28.67156164,16.97635616,54.15408219,1521.27,6242.82,2794.86,1.03339726,6.2,35
2067,Kanchanpur,32250,1992,Wheat,22.26112329,28.67156164,16.97635616,54.15408219,1521.27,6242.82,2794.86,1.03339726,6.2,35
2067,Kanchanpur,5,1000,Barley,22.26112329,28.67156164,16.97635616,54.15408219,1521.27,6242.82,2794.86,1.03339726,6.2,35
2067,Kapilbastu,72000,3125,Paddy,25.93473973,32.16328767,20.7379726,53.22120548,1374.1,6438.57,2996.83,1.863342466,6.9,7607
2067,Kapilbastu,1390,2537,Maize,25.93473973,32.16328767,20.7379726,53.22120548,1374.1,6438.57,2996.83,1.863342466,6.9,7607
2067,Kapilbastu,100,1000,Millet,25.93473973,32.16328767,20.7379726,53.22120548,1374.1,6438.57,2996.83,1.863342466,6.9,7607
2067,Kapilbastu,0,0,Buckwheat,25.93473973,32.16328767,20.7379726,53.22120548,1374.1,6438.57,2996.83,1.863342466,6.9,7607
2067,Kapilbastu,29995,3233,Wheat,25.93473973,32.16328767,20.7379726,53.22120548,1374.1,6438.57,2996.83,1.863342466,6.9,7607
2067,Kapilbastu,200,1400,Barley,25.93473973,32.16328767,20.7379726,53.22120548,1374.1,6438.57,2996.83,1.863342466,6.9,7607
2067,Kaski,23000,2900,Paddy,5.840027397,11.46972603,1.379342466,65.28052055,784,6145.23,2716,1.774520548,6.7,14589
2067,Kaski,20800,2500,Maize,5.840027397,11.46972603,1.379342466,65.28052055,784,6145.23,2716,1.774520548,6.7,14589
2067,Kaski,16640,1056,Millet,5.840027397,11.46972603,1.379342466,65.28052055,784,6145.23,2716,1.774520548,6.7,14589
2067,Kaski,18,778,Buckwheat,5.840027397,11.46972603,1.379342466,65.28052055,784,6145.23,2716,1.774520548,6.7,14589
2067,Kaski,7000,2029,Wheat,5.840027397,11.46972603,1.379342466,65.28052055,784,6145.23,2716,1.774520548,6.7,14589
2067,Kaski,129,845,Barley,5.840027397,11.46972603,1.379342466,65.28052055,784,6145.23,2716,1.774520548,6.7,14589
2067,Kathmandu,8025,5200,Paddy,19.62460274,25.02857534,15.5249863,58.33276712,1044.95,6421.67,2868.84,1.509808219,6.5,1638
2067,Kathmandu,7400,2873,Maize,19.62460274,25.02857534,15.5249863,58.33276712,1044.95,6421.67,2868.84,1.509808219,6.5,1638
2067,Kathmandu,714,1001,Millet,19.62460274,25.02857534,15.5249863,58.33276712,1044.95,6421.67,2868.84,1.509808219,6.5,1638
2067,Kathmandu,0,0,Buckwheat,19.62460274,25.02857534,15.5249863,58.33276712,1044.95,6421.67,2868.84,1.509808219,6.5,1638
2067,Kathmandu,5000,2857,Wheat,19.62460274,25.02857534,15.5249863,58.33276712,1044.95,6421.67,2868.84,1.509808219,6.5,1638
2067,Kathmandu,7,1000,Barley,19.62460274,25.02857534,15.5249863,58.33276712,1044.95,6421.67,2868.84,1.509808219,6.5,1638
2067,Kavre,11350,2900,Paddy,19.62460274,25.02857534,15.5249863,58.33276712,1044.95,6421.67,2868.84,1.509808219,5.7,4293
2067,Kavre,24279,2310,Maize,19.62460274,25.02857534,15.5249863,58.33276712,1044.95,6421.67,2868.84,1.509808219,5.7,4293
2067,Kavre,3505,1013,Millet,19.62460274,25.02857534,15.5249863,58.33276712,1044.95,6421.67,2868.84,1.509808219,5.7,4293
2067,Kavre,950,0,Buckwheat,19.62460274,25.02857534,15.5249863,58.33276712,1044.95,6421.67,2868.84,1.509808219,5.7,4293
2067,Kavre,9995,2101,Wheat,19.62460274,25.02857534,15.5249863,58.33276712,1044.95,6421.67,2868.84,1.509808219,5.7,4293
2067,Kavre,750,1000,Barley,19.62460274,25.02857534,15.5249863,58.33276712,1044.95,6421.67,2868.84,1.509808219,5.7,4293
2067,Khotang,14129,1943,Paddy,14.31553425,19.87221918,10.11956164,60.18016438,875.55,6170.27,2715.89,1.660246575,5.7,11448
2067,Khotang,23000,2261,Maize,14.31553425,19.87221918,10.11956164,60.18016438,875.55,6170.27,2715.89,1.660246575,5.7,11448
2067,Khotang,16500,1200,Millet,14.31553425,19.87221918,10.11956164,60.18016438,875.55,6170.27,2715.89,1.660246575,5.7,11448
2067,Khotang,720,625,Buckwheat,14.31553425,19.87221918,10.11956164,60.18016438,875.55,6170.27,2715.89,1.660246575,5.7,11448
2067,Khotang,5535,2023,Wheat,14.31553425,19.87221918,10.11956164,60.18016438,875.55,6170.27,2715.89,1.660246575,5.7,11448
2067,Khotang,550,791,Barley,14.31553425,19.87221918,10.11956164,60.18016438,875.55,6170.27,2715.89,1.660246575,5.7,11448
2067,Lalitpur,4650,4600,Paddy,19.62460274,25.02857534,15.5249863,58.33276712,1044.95,6421.67,2868.84,1.509808219,6.9,193
2067,Lalitpur,8589,2675,Maize,19.62460274,25.02857534,15.5249863,58.33276712,1044.95,6421.67,2868.84,1.509808219,6.9,193
2067,Lalitpur,580,1159,Millet,19.62460274,25.02857534,15.5249863,58.33276712,1044.95,6421.67,2868.84,1.509808219,6.9,193
2067,Lalitpur,48,500,Buckwheat,19.62460274,25.02857534,15.5249863,58.33276712,1044.95,6421.67,2868.84,1.509808219,6.9,193
2067,Lalitpur,4070,3100,Wheat,19.62460274,25.02857534,15.5249863,58.33276712,1044.95,6421.67,2868.84,1.509808219,6.9,193
2067,Lalitpur,80,900,Barley,19.62460274,25.02857534,15.5249863,58.33276712,1044.95,6421.67,2868.84,1.509808219,6.9,193
2067,Lamjung,16135,2100,Paddy,5.840027397,11.46972603,1.379342466,65.28052055,784,6145.23,2716,1.774520548,5.4,1406
2067,Lamjung,15900,2461,Maize,5.840027397,11.46972603,1.379342466,65.28052055,784,6145.23,2716,1.774520548,5.4,1406
2067,Lamjung,7919,1000,Millet,5.840027397,11.46972603,1.379342466,65.28052055,784,6145.23,2716,1.774520548,5.4,1406
2067,Lamjung,19,842,Buckwheat,5.840027397,11.46972603,1.379342466,65.28052055,784,6145.23,2716,1.774520548,5.4,1406
2067,Lamjung,3740,1738,Wheat,5.840027397,11.46972603,1.379342466,65.28052055,784,6145.23,2716,1.774520548,5.4,1406
2067,Lamjung,28,964,Barley,5.840027397,11.46972603,1.379342466,65.28052055,784,6145.23,2716,1.774520548,5.4,1406
2067,Mahottari,34776,2256,Paddy,26.3259726,32.88819178,20.7870137,55.5030137,994.99,6205.61,2798.51,2.025506849,6.8,447
2067,Mahottari,1935,2093,Maize,26.3259726,32.88819178,20.7870137,55.5030137,994.99,6205.61,2798.51,2.025506849,6.8,447
2067,Mahottari,232,1000,Millet,26.3259726,32.88819178,20.7870137,55.5030137,994.99,6205.61,2798.51,2.025506849,6.8,447
2067,Mahottari,0,0,Buckwheat,26.3259726,32.88819178,20.7870137,55.5030137,994.99,6205.61,2798.51,2.025506849,6.8,447
2067,Mahottari,21540,2101,Wheat,26.3259726,32.88819178,20.7870137,55.5030137,994.99,6205.61,2798.51,2.025506849,6.8,447
2067,Mahottari,50,1000,Barley,26.3259726,32.88819178,20.7870137,55.5030137,994.99,6205.61,2798.51,2.025506849,6.8,447
2067,Makwanpur,11100,3300,Paddy,22.6539726,28.30983562,18.2650137,55.81147945,1123.21,6402.98,2974.38,1.519808219,5.9,10709
2067,Makwanpur,15560,2600,Maize,22.6539726,28.30983562,18.2650137,55.81147945,1123.21,6402.98,2974.38,1.519808219,5.9,10709
2067,Makwanpur,2850,1125,Millet,22.6539726,28.30983562,18.2650137,55.81147945,1123.21,6402.98,2974.38,1.519808219,5.9,10709
2067,Makwanpur,300,600,Buckwheat,22.6539726,28.30983562,18.2650137,55.81147945,1123.21,6402.98,2974.38,1.519808219,5.9,10709
2067,Makwanpur,4213,2800,Wheat,22.6539726,28.30983562,18.2650137,55.81147945,1123.21,6402.98,2974.38,1.519808219,5.9,10709
2067,Makwanpur,25,1000,Barley,22.6539726,28.30983562,18.2650137,55.81147945,1123.21,6402.98,2974.38,1.519808219,5.9,10709
2067,Manang,0,0,Paddy,5.840027397,11.46972603,1.379342466,65.28052055,784,6145.23,2716,1.774520548,6.3,6257
2067,Manang,185,2800,Maize,5.840027397,11.46972603,1.379342466,65.28052055,784,6145.23,2716,1.774520548,6.3,6257
2067,Manang,0,0,Millet,5.840027397,11.46972603,1.379342466,65.28052055,784,6145.23,2716,1.774520548,6.3,6257
2067,Manang,410,1402,Buckwheat,5.840027397,11.46972603,1.379342466,65.28052055,784,6145.23,2716,1.774520548,6.3,6257
2067,Manang,293,2198,Wheat,5.840027397,11.46972603,1.379342466,65.28052055,784,6145.23,2716,1.774520548,6.3,6257
2067,Manang,184,1484,Barley,5.840027397,11.46972603,1.379342466,65.28052055,784,6145.23,2716,1.774520548,6.3,6257
2067,Morang,78200,3300,Paddy,24.42972603,30.01715068,19.89030137,62.28306849,1803.83,5870.95,2655.1,1.563835616,6.8,12
2067,Morang,16100,2814,Maize,24.42972603,30.01715068,19.89030137,62.28306849,1803.83,5870.95,2655.1,1.563835616,6.8,12
2067,Morang,1430,1200,Millet,24.42972603,30.01715068,19.89030137,62.28306849,1803.83,5870.95,2655.1,1.563835616,6.8,12
2067,Morang,0,0,Buckwheat,24.42972603,30.01715068,19.89030137,62.28306849,1803.83,5870.95,2655.1,1.563835616,6.8,12
2067,Morang,22200,2365,Wheat,24.42972603,30.01715068,19.89030137,62.28306849,1803.83,5870.95,2655.1,1.563835616,6.8,12
2067,Morang,0,0,Barley,24.42972603,30.01715068,19.89030137,62.28306849,1803.83,5870.95,2655.1,1.563835616,6.8,12
2067,Mugu,1265,2001,Paddy,13.05808219,18.9710137,8.114109589,61.27663014,1245.93,6522.01,2827.55,1.555643836,5.7,15693
2067,Mugu,607,1000,Maize,13.05808219,18.9710137,8.114109589,61.27663014,1245.93,6522.01,2827.55,1.555643836,5.7,15693
2067,Mugu,1800,917,Millet,13.05808219,18.9710137,8.114109589,61.27663014,1245.93,6522.01,2827.55,1.555643836,5.7,15693
2067,Mugu,500,1500,Buckwheat,13.05808219,18.9710137,8.114109589,61.27663014,1245.93,6522.01,2827.55,1.555643836,5.7,15693
2067,Mugu,4325,1800,Wheat,13.05808219,18.9710137,8.114109589,61.27663014,1245.93,6522.01,2827.55,1.555643836,5.7,15693
2067,Mugu,1837,1000,Barley,13.05808219,18.9710137,8.114109589,61.27663014,1245.93,6522.01,2827.55,1.555643836,5.7,15693
2067,Mustang,0,0,Paddy,8.88509589,14.69452055,4.340849315,61.93958904,986.69,6385.99,2761.53,1.690931507,7.3,10
2067,Mustang,525,1543,Maize,8.88509589,14.69452055,4.340849315,61.93958904,986.69,6385.99,2761.53,1.690931507,7.3,10
2067,Mustang,0,0,Millet,8.88509589,14.69452055,4.340849315,61.93958904,986.69,6385.99,2761.53,1.690931507,7.3,10
2067,Mustang,575,1661,Buckwheat,8.88509589,14.69452055,4.340849315,61.93958904,986.69,6385.99,2761.53,1.690931507,7.3,10
2067,Mustang,601,1799,Wheat,8.88509589,14.69452055,4.340849315,61.93958904,986.69,6385.99,2761.53,1.690931507,7.3,10
2067,Mustang,270,1759,Barley,8.88509589,14.69452055,4.340849315,61.93958904,986.69,6385.99,2761.53,1.690931507,7.3,10
2067,Myagdi,3895,2633,Paddy,8.88509589,14.69452055,4.340849315,61.93958904,986.69,6385.99,2761.53,1.690931507,5.8,15
2067,Myagdi,11115,3045,Maize,8.88509589,14.69452055,4.340849315,61.93958904,986.69,6385.99,2761.53,1.690931507,5.8,15
2067,Myagdi,3048,1089,Millet,8.88509589,14.69452055,4.340849315,61.93958904,986.69,6385.99,2761.53,1.690931507,5.8,15
2067,Myagdi,0,0,Buckwheat,8.88509589,14.69452055,4.340849315,61.93958904,986.69,6385.99,2761.53,1.690931507,5.8,15
2067,Myagdi,3045,1920,Wheat,8.88509589,14.69452055,4.340849315,61.93958904,986.69,6385.99,2761.53,1.690931507,5.8,15
2067,Myagdi,560,998,Barley,8.88509589,14.69452055,4.340849315,61.93958904,986.69,6385.99,2761.53,1.690931507,5.8,15
2067,Nawalparasi,46690,3863,Paddy,25.54709589,31.70972603,20.39764384,54.1729589,1341.32,6438.57,2996.83,1.649260274,5.9,115
2067,Nawalparasi,10750,3133,Maize,25.54709589,31.70972603,20.39764384,54.1729589,1341.32,6438.57,2996.83,1.649260274,5.9,115
2067,Nawalparasi,500,1000,Millet,25.54709589,31.70972603,20.39764384,54.1729589,1341.32,6438.57,2996.83,1.649260274,5.9,115
2067,Nawalparasi,220,909,Buckwheat,25.54709589,31.70972603,20.39764384,54.1729589,1341.32,6438.57,2996.83,1.649260274,5.9,115
2067,Nawalparasi,18830,2450,Wheat,25.54709589,31.70972603,20.39764384,54.1729589,1341.32,6438.57,2996.83,1.649260274,5.9,115
2067,Nawalparasi,88,1000,Barley,25.54709589,31.70972603,20.39764384,54.1729589,1341.32,6438.57,2996.83,1.649260274,5.9,115
2067,Nuwakot,16625,3299,Paddy,9.669287671,15.43912329,5.127506849,61.61794521,858.68,6421.67,2868.84,1.79309589,5.7,6146
2067,Nuwakot,20115,2660,Maize,9.669287671,15.43912329,5.127506849,61.61794521,858.68,6421.67,2868.84,1.79309589,5.7,6146
2067,Nuwakot,5805,1800,Millet,9.669287671,15.43912329,5.127506849,61.61794521,858.68,6421.67,2868.84,1.79309589,5.7,6146
2067,Nuwakot,0,0,Buckwheat,9.669287671,15.43912329,5.127506849,61.61794521,858.68,6421.67,2868.84,1.79309589,5.7,6146
2067,Nuwakot,5477,2750,Wheat,9.669287671,15.43912329,5.127506849,61.61794521,858.68,6421.67,2868.84,1.79309589,5.7,6146
2067,Nuwakot,200,1250,Barley,9.669287671,15.43912329,5.127506849,61.61794521,858.68,6421.67,2868.84,1.79309589,5.7,6146
2067,Okhaldhunga,5030,1958,Paddy,14.31553425,19.87221918,10.11956164,60.18016438,875.55,6170.27,2715.89,1.660246575,5.7,8047
2067,Okhaldhunga,12097,1918,Maize,14.31553425,19.87221918,10.11956164,60.18016438,875.55,6170.27,2715.89,1.660246575,5.7,8047
2067,Okhaldhunga,8785,1351,Millet,14.31553425,19.87221918,10.11956164,60.18016438,875.55,6170.27,2715.89,1.660246575,5.7,8047
2067,Okhaldhunga,94,850,Buckwheat,14.31553425,19.87221918,10.11956164,60.18016438,875.55,6170.27,2715.89,1.660246575,5.7,8047
2067,Okhaldhunga,2842,2000,Wheat,14.31553425,19.87221918,10.11956164,60.18016438,875.55,6170.27,2715.89,1.660246575,5.7,8047
2067,Okhaldhunga,115,1200,Barley,14.31553425,19.87221918,10.11956164,60.18016438,875.55,6170.27,2715.89,1.660246575,5.7,8047
2067,Palpa,9561,2637,Paddy,20.00545205,25.42309589,15.70890411,57.22178082,1226.86,6438.57,2996.83,1.593342466,5.9,193
2067,Palpa,21563,1967,Maize,20.00545205,25.42309589,15.70890411,57.22178082,1226.86,6438.57,2996.83,1.593342466,5.9,193
2067,Palpa,2580,1132,Millet,20.00545205,25.42309589,15.70890411,57.22178082,1226.86,6438.57,2996.83,1.593342466,5.9,193
2067,Palpa,460,941,Buckwheat,20.00545205,25.42309589,15.70890411,57.22178082,1226.86,6438.57,2996.83,1.593342466,5.9,193
2067,Palpa,6235,2153,Wheat,20.00545205,25.42309589,15.70890411,57.22178082,1226.86,6438.57,2996.83,1.593342466,5.9,193
2067,Palpa,30,1267,Barley,20.00545205,25.42309589,15.70890411,57.22178082,1226.86,6438.57,2996.83,1.593342466,5.9,193
2067,Panchthar,10400,2100,Paddy,11.01819178,16.84468493,6.613506849,68.09054795,1033.73,5773.57,2540.43,1.845506849,5.7,1148
2067,Panchthar,14155,1500,Maize,11.01819178,16.84468493,6.613506849,68.09054795,1033.73,5773.57,2540.43,1.845506849,5.7,1148
2067,Panchthar,5000,1670,Millet,11.01819178,16.84468493,6.613506849,68.09054795,1033.73,5773.57,2540.43,1.845506849,5.7,1148
2067,Panchthar,60,700,Buckwheat,11.01819178,16.84468493,6.613506849,68.09054795,1033.73,5773.57,2540.43,1.845506849,5.7,1148
2067,Panchthar,4000,1850,Wheat,11.01819178,16.84468493,6.613506849,68.09054795,1033.73,5773.57,2540.43,1.845506849,5.7,1148
2067,Panchthar,500,1200,Barley,11.01819178,16.84468493,6.613506849,68.09054795,1033.73,5773.57,2540.43,1.845506849,5.7,1148
2067,Parbat,9595,2406,Paddy,8.88509589,14.69452055,4.340849315,61.93958904,986.69,6385.99,2761.53,1.690931507,5.7,536
2067,Parbat,14205,1918,Maize,8.88509589,14.69452055,4.340849315,61.93958904,986.69,6385.99,2761.53,1.690931507,5.7,536
2067,Parbat,8845,1013,Millet,8.88509589,14.69452055,4.340849315,61.93958904,986.69,6385.99,2761.53,1.690931507,5.7,536
2067,Parbat,34,831,Buckwheat,8.88509589,14.69452055,4.340849315,61.93958904,986.69,6385.99,2761.53,1.690931507,5.7,536
2067,Parbat,2915,2323,Wheat,8.88509589,14.69452055,4.340849315,61.93958904,986.69,6385.99,2761.53,1.690931507,5.7,536
2067,Parbat,198,889,Barley,8.88509589,14.69452055,4.340849315,61.93958904,986.69,6385.99,2761.53,1.690931507,5.7,536
2067,Parsa,46690,3410,Paddy,26.02463014,32.4590137,20.58928767,55.992,1154.89,6402.98,2974.38,1.851808219,6.9,889
2067,Parsa,4065,3062,Maize,26.02463014,32.4590137,20.58928767,55.992,1154.89,6402.98,2974.38,1.851808219,6.9,889
2067,Parsa,81,1025,Millet,26.02463014,32.4590137,20.58928767,55.992,1154.89,6402.98,2974.38,1.851808219,6.9,889
2067,Parsa,0,0,Buckwheat,26.02463014,32.4590137,20.58928767,55.992,1154.89,6402.98,2974.38,1.851808219,6.9,889
2067,Parsa,23600,3208,Wheat,26.02463014,32.4590137,20.58928767,55.992,1154.89,6402.98,2974.38,1.851808219,6.9,889
2067,Parsa,34,1000,Barley,26.02463014,32.4590137,20.58928767,55.992,1154.89,6402.98,2974.38,1.851808219,6.9,889
2067,Pyuthan,6540,2600,Paddy,22.61468493,28.44019178,17.948,54.894,1278.14,6452.09,2802.61,1.861013699,6.5,14230
2067,Pyuthan,12058,2063,Maize,22.61468493,28.44019178,17.948,54.894,1278.14,6452.09,2802.61,1.861013699,6.5,14230
2067,Pyuthan,1985,1007,Millet,22.61468493,28.44019178,17.948,54.894,1278.14,6452.09,2802.61,1.861013699,6.5,14230
2067,Pyuthan,0,0,Buckwheat,22.61468493,28.44019178,17.948,54.894,1278.14,6452.09,2802.61,1.861013699,6.5,14230
2067,Pyuthan,8655,1801,Wheat,22.61468493,28.44019178,17.948,54.894,1278.14,6452.09,2802.61,1.861013699,6.5,14230
2067,Pyuthan,510,1133,Barley,22.61468493,28.44019178,17.948,54.894,1278.14,6452.09,2802.61,1.861013699,6.5,14230
2067,Ramechap,9460,2648,Paddy,14.31553425,19.87221918,10.11956164,60.18016438,875.55,6170.27,2715.89,1.660246575,5.4,295
2067,Ramechap,18041,2040,Maize,14.31553425,19.87221918,10.11956164,60.18016438,875.55,6170.27,2715.89,1.660246575,5.4,295
2067,Ramechap,5060,998,Millet,14.31553425,19.87221918,10.11956164,60.18016438,875.55,6170.27,2715.89,1.660246575,5.4,295
2067,Ramechap,19,1000,Buckwheat,14.31553425,19.87221918,10.11956164,60.18016438,875.55,6170.27,2715.89,1.660246575,5.4,295
2067,Ramechap,4820,1870,Wheat,14.31553425,19.87221918,10.11956164,60.18016438,875.55,6170.27,2715.89,1.660246575,5.4,295
2067,Ramechap,100,810,Barley,14.31553425,19.87221918,10.11956164,60.18016438,875.55,6170.27,2715.89,1.660246575,5.4,295
2067,Rasuwa,1322,2200,Paddy,9.669287671,15.43912329,5.127506849,61.61794521,858.68,6564.4,2868.64,1.79309589,6.1,1151
2067,Rasuwa,2338,1940,Maize,9.669287671,15.43912329,5.127506849,61.61794521,858.68,6564.4,2868.64,1.79309589,6.1,1151
2067,Rasuwa,1045,990,Millet,9.669287671,15.43912329,5.127506849,61.61794521,858.68,6564.4,2868.64,1.79309589,6.1,1151
2067,Rasuwa,0,0,Buckwheat,9.669287671,15.43912329,5.127506849,61.61794521,858.68,6564.4,2868.64,1.79309589,6.1,1151
2067,Rasuwa,850,1480,Wheat,9.669287671,15.43912329,5.127506849,61.61794521,858.68,6564.4,2868.64,1.79309589,6.1,1151
2067,Rasuwa,300,1320,Barley,9.669287671,15.43912329,5.127506849,61.61794521,858.68,6564.4,2868.64,1.79309589,6.1,1151
2067,Rautahat,42396,2651,Paddy,25.01523288,31.13057534,20.16753425,54.87731507,1077.95,6205.61,2798.51,1.732219178,6.8,13654
2067,Rautahat,4950,3200,Maize,25.01523288,31.13057534,20.16753425,54.87731507,1077.95,6205.61,2798.51,1.732219178,6.8,13654
2067,Rautahat,60,750,Millet,25.01523288,31.13057534,20.16753425,54.87731507,1077.95,6205.61,2798.51,1.732219178,6.8,13654
2067,Rautahat,0,0,Buckwheat,25.01523288,31.13057534,20.16753425,54.87731507,1077.95,6205.61,2798.51,1.732219178,6.8,13654
2067,Rautahat,15300,2420,Wheat,25.01523288,31.13057534,20.16753425,54.87731507,1077.95,6205.61,2798.51,1.732219178,6.8,13654
2067,Rautahat,52,1000,Barley,25.01523288,31.13057534,20.16753425,54.87731507,1077.95,6205.61,2798.51,1.732219178,6.8,13654
2067,Rolpa,4715,2750,Paddy,15.53734247,21.5430411,10.67764384,58.56906849,1293.35,6452.09,2802.61,1.706219178,6.1,421
2067,Rolpa,11661,2124,Maize,15.53734247,21.5430411,10.67764384,58.56906849,1293.35,6452.09,2802.61,1.706219178,6.1,421
2067,Rolpa,1061,1000,Millet,15.53734247,21.5430411,10.67764384,58.56906849,1293.35,6452.09,2802.61,1.706219178,6.1,421
2067,Rolpa,0,0,Buckwheat,15.53734247,21.5430411,10.67764384,58.56906849,1293.35,6452.09,2802.61,1.706219178,6.1,421
2067,Rolpa,8537,1375,Wheat,15.53734247,21.5430411,10.67764384,58.56906849,1293.35,6452.09,2802.61,1.706219178,6.1,421
2067,Rolpa,520,1077,Barley,15.53734247,21.5430411,10.67764384,58.56906849,1293.35,6452.09,2802.61,1.706219178,6.1,421
2067,Rukum,3750,3010,Paddy,15.53734247,21.5430411,10.67764384,58.56906849,1293.35,6486.74,2819.94,1.706219178,6.8,11770
2067,Rukum,18650,2200,Maize,15.53734247,21.5430411,10.67764384,58.56906849,1293.35,6486.74,2819.94,1.706219178,6.8,11770
2067,Rukum,960,1020,Millet,15.53734247,21.5430411,10.67764384,58.56906849,1293.35,6486.74,2819.94,1.706219178,6.8,11770
2067,Rukum,0,0,Buckwheat,15.53734247,21.5430411,10.67764384,58.56906849,1293.35,6486.74,2819.94,1.706219178,6.8,11770
2067,Rukum,11800,2300,Wheat,15.53734247,21.5430411,10.67764384,58.56906849,1293.35,6486.74,2819.94,1.706219178,6.8,11770
2067,Rukum,925,1301,Barley,15.53734247,21.5430411,10.67764384,58.56906849,1293.35,6486.74,2819.94,1.706219178,6.8,11770
2067,Rupandehi,71500,3900,Paddy,25.54709589,31.70972603,20.39764384,54.1729589,1341.32,6438.57,2996.83,1.649260274,6.6,399
2067,Rupandehi,2500,2896,Maize,25.54709589,31.70972603,20.39764384,54.1729589,1341.32,6438.57,2996.83,1.649260274,6.6,399
2067,Rupandehi,100,1000,Millet,25.54709589,31.70972603,20.39764384,54.1729589,1341.32,6438.57,2996.83,1.649260274,6.6,399
2067,Rupandehi,0,0,Buckwheat,25.54709589,31.70972603,20.39764384,54.1729589,1341.32,6438.57,2996.83,1.649260274,6.6,399
2067,Rupandehi,30500,3472,Wheat,25.54709589,31.70972603,20.39764384,54.1729589,1341.32,6438.57,2996.83,1.649260274,6.6,399
2067,Rupandehi,30,1000,Barley,25.54709589,31.70972603,20.39764384,54.1729589,1341.32,6438.57,2996.83,1.649260274,6.6,399
2067,Salyan,6961,3125,Paddy,22.61468493,28.44019178,17.948,54.894,1278.14,6452.09,2802.61,1.861013699,5.9,395
2067,Salyan,11588,2127,Maize,22.61468493,28.44019178,17.948,54.894,1278.14,6452.09,2802.61,1.861013699,5.9,395
2067,Salyan,1910,1300,Millet,22.61468493,28.44019178,17.948,54.894,1278.14,6452.09,2802.61,1.861013699,5.9,395
2067,Salyan,80,1100,Buckwheat,22.61468493,28.44019178,17.948,54.894,1278.14,6452.09,2802.61,1.861013699,5.9,395
2067,Salyan,15574,1801,Wheat,22.61468493,28.44019178,17.948,54.894,1278.14,6452.09,2802.61,1.861013699,5.9,395
2067,Salyan,1390,1100,Barley,22.61468493,28.44019178,17.948,54.894,1278.14,6452.09,2802.61,1.861013699,5.9,395
2067,Sankhuwashava,15417,1934,Paddy,11.01819178,16.84468493,6.613506849,68.09054795,1033.73,5773.57,2540.43,1.845506849,5.6,21112
2067,Sankhuwashava,14165,1995,Maize,11.01819178,16.84468493,6.613506849,68.09054795,1033.73,5773.57,2540.43,1.845506849,5.6,21112
2067,Sankhuwashava,9975,990,Millet,11.01819178,16.84468493,6.613506849,68.09054795,1033.73,5773.57,2540.43,1.845506849,5.6,21112
2067,Sankhuwashava,0,0,Buckwheat,11.01819178,16.84468493,6.613506849,68.09054795,1033.73,5773.57,2540.43,1.845506849,5.6,21112
2067,Sankhuwashava,1400,2000,Wheat,11.01819178,16.84468493,6.613506849,68.09054795,1033.73,5773.57,2540.43,1.845506849,5.6,21112
2067,Sankhuwashava,35,743,Barley,11.01819178,16.84468493,6.613506849,68.09054795,1033.73,5773.57,2540.43,1.845506849,5.6,21112
2067,Saptari,37691,3100,Paddy,25.17865753,30.99586301,20.44476712,59.66013699,1182.97,6106.02,2754.95,1.762821918,6.6,742
2067,Saptari,4000,2000,Maize,25.17865753,30.99586301,20.44476712,59.66013699,1182.97,6106.02,2754.95,1.762821918,6.6,742
2067,Saptari,250,1000,Millet,25.17865753,30.99586301,20.44476712,59.66013699,1182.97,6106.02,2754.95,1.762821918,6.6,742
2067,Saptari,0,0,Buckwheat,25.17865753,30.99586301,20.44476712,59.66013699,1182.97,6106.02,2754.95,1.762821918,6.6,742
2067,Saptari,20000,2400,Wheat,25.17865753,30.99586301,20.44476712,59.66013699,1182.97,6106.02,2754.95,1.762821918,6.6,742
2067,Saptari,0,0,Barley,25.17865753,30.99586301,20.44476712,59.66013699,1182.97,6106.02,2754.95,1.762821918,6.6,742
2067,Sarlahi,39350,2830,Paddy,25.01523288,31.13057534,20.16753425,54.87731507,1077.95,6205.61,2798.51,1.732219178,6.6,748
2067,Sarlahi,8125,2100,Maize,25.01523288,31.13057534,20.16753425,54.87731507,1077.95,6205.61,2798.51,1.732219178,6.6,748
2067,Sarlahi,215,1000,Millet,25.01523288,31.13057534,20.16753425,54.87731507,1077.95,6205.61,2798.51,1.732219178,6.6,748
2067,Sarlahi,0,0,Buckwheat,25.01523288,31.13057534,20.16753425,54.87731507,1077.95,6205.61,2798.51,1.732219178,6.6,748
2067,Sarlahi,28000,2000,Wheat,25.01523288,31.13057534,20.16753425,54.87731507,1077.95,6205.61,2798.51,1.732219178,6.6,748
2067,Sarlahi,50,1000,Barley,25.01523288,31.13057534,20.16753425,54.87731507,1077.95,6205.61,2798.51,1.732219178,6.6,748
2067,Sindhuli,8265,2300,Paddy,23.13506849,28.95416438,18.67791781,55.94189041,995.41,6170.27,2715.89,1.701205479,6,12812
2067,Sindhuli,18535,2127,Maize,23.13506849,28.95416438,18.67791781,55.94189041,995.41,6170.27,2715.89,1.701205479,6,12812
2067,Sindhuli,10551,1001,Millet,23.13506849,28.95416438,18.67791781,55.94189041,995.41,6170.27,2715.89,1.701205479,6,12812
2067,Sindhuli,525,495,Buckwheat,23.13506849,28.95416438,18.67791781,55.94189041,995.41,6170.27,2715.89,1.701205479,6,12812
2067,Sindhuli,5600,2452,Wheat,23.13506849,28.95416438,18.67791781,55.94189041,995.41,6170.27,2715.89,1.701205479,6,12812
2067,Sindhuli,56,1607,Barley,23.13506849,28.95416438,18.67791781,55.94189041,995.41,6170.27,2715.89,1.701205479,6,12812
2067,Sindhupalchok,12924,2089,Paddy,9.669287671,15.43912329,5.127506849,61.61794521,858.68,6421.67,2868.84,1.79309589,5.6,7437
2067,Sindhupalchok,23920,2200,Maize,9.669287671,15.43912329,5.127506849,61.61794521,858.68,6421.67,2868.84,1.79309589,5.6,7437
2067,Sindhupalchok,19330,1000,Millet,9.669287671,15.43912329,5.127506849,61.61794521,858.68,6421.67,2868.84,1.79309589,5.6,7437
2067,Sindhupalchok,0,0,Buckwheat,9.669287671,15.43912329,5.127506849,61.61794521,858.68,6421.67,2868.84,1.79309589,5.6,7437
2067,Sindhupalchok,7000,950,Wheat,9.669287671,15.43912329,5.127506849,61.61794521,858.68,6421.67,2868.84,1.79309589,5.6,7437
2067,Sindhupalchok,220,1100,Barley,9.669287671,15.43912329,5.127506849,61.61794521,858.68,6421.67,2868.84,1.79309589,5.6,7437
2067,Siraha,45570,2100,Paddy,25.94569863,32.29112329,20.74682192,56.16720548,986.52,6106.02,2754.95,1.950383562,6.8,4139
2067,Siraha,1800,2000,Maize,25.94569863,32.29112329,20.74682192,56.16720548,986.52,6106.02,2754.95,1.950383562,6.8,4139
2067,Siraha,700,1000,Millet,25.94569863,32.29112329,20.74682192,56.16720548,986.52,6106.02,2754.95,1.950383562,6.8,4139
2067,Siraha,0,0,Buckwheat,25.94569863,32.29112329,20.74682192,56.16720548,986.52,6106.02,2754.95,1.950383562,6.8,4139
2067,Siraha,17500,1791,Wheat,25.94569863,32.29112329,20.74682192,56.16720548,986.52,6106.02,2754.95,1.950383562,6.8,4139
2067,Siraha,0,0,Barley,25.94569863,32.29112329,20.74682192,56.16720548,986.52,6106.02,2754.95,1.950383562,6.8,4139
2067,Solukhumbu,1530,2000,Paddy,9.861424658,15.6289589,5.513123288,64.65216438,835.87,6170.27,2715.89,1.884547945,5.8,4536
2067,Solukhumbu,12955,2500,Maize,9.861424658,15.6289589,5.513123288,64.65216438,835.87,6170.27,2715.89,1.884547945,5.8,4536
2067,Solukhumbu,2100,1250,Millet,9.861424658,15.6289589,5.513123288,64.65216438,835.87,6170.27,2715.89,1.884547945,5.8,4536
2067,Solukhumbu,300,600,Buckwheat,9.861424658,15.6289589,5.513123288,64.65216438,835.87,6170.27,2715.89,1.884547945,5.8,4536
2067,Solukhumbu,3750,1900,Wheat,9.861424658,15.6289589,5.513123288,64.65216438,835.87,6170.27,2715.89,1.884547945,5.8,4536
2067,Solukhumbu,200,1120,Barley,9.861424658,15.6289589,5.513123288,64.65216438,835.87,6170.27,2715.89,1.884547945,5.8,4536
2067,Sunsari,53791,2900,Paddy,24.42972603,30.01715068,19.89030137,62.28306849,1803.83,5870.95,2655.1,1.563835616,6.6,11556
2067,Sunsari,8500,2735,Maize,24.42972603,30.01715068,19.89030137,62.28306849,1803.83,5870.95,2655.1,1.563835616,6.6,11556
2067,Sunsari,1200,1000,Millet,24.42972603,30.01715068,19.89030137,62.28306849,1803.83,5870.95,2655.1,1.563835616,6.6,11556
2067,Sunsari,50,1000,Buckwheat,24.42972603,30.01715068,19.89030137,62.28306849,1803.83,5870.95,2655.1,1.563835616,6.6,11556
2067,Sunsari,18500,2500,Wheat,24.42972603,30.01715068,19.89030137,62.28306849,1803.83,5870.95,2655.1,1.563835616,6.6,11556
2067,Sunsari,0,0,Barley,24.42972603,30.01715068,19.89030137,62.28306849,1803.83,5870.95,2655.1,1.563835616,6.6,11556
2067,Surkhet,13870,3420,Paddy,20.73353425,26.48753425,16.01060274,55.95624658,1335.67,6092.79,2704.96,1.542273973,5.9,194
2067,Surkhet,16100,2580,Maize,20.73353425,26.48753425,16.01060274,55.95624658,1335.67,6092.79,2704.96,1.542273973,5.9,194
2067,Surkhet,2095,1290,Millet,20.73353425,26.48753425,16.01060274,55.95624658,1335.67,6092.79,2704.96,1.542273973,5.9,194
2067,Surkhet,0,0,Buckwheat,20.73353425,26.48753425,16.01060274,55.95624658,1335.67,6092.79,2704.96,1.542273973,5.9,194
2067,Surkhet,16255,2768,Wheat,20.73353425,26.48753425,16.01060274,55.95624658,1335.67,6092.79,2704.96,1.542273973,5.9,194
2067,Surkhet,1030,1291,Barley,20.73353425,26.48753425,16.01060274,55.95624658,1335.67,6092.79,2704.96,1.542273973,5.9,194
2067,Syangja,19455,2994,Paddy,20.00545205,25.42309589,15.70890411,57.22178082,1226.86,6385.99,2761.53,1.593342466,6,6524
2067,Syangja,30900,3140,Maize,20.00545205,25.42309589,15.70890411,57.22178082,1226.86,6385.99,2761.53,1.593342466,6,6524
2067,Syangja,16805,1150,Millet,20.00545205,25.42309589,15.70890411,57.22178082,1226.86,6385.99,2761.53,1.593342466,6,6524
2067,Syangja,205,550,Buckwheat,20.00545205,25.42309589,15.70890411,57.22178082,1226.86,6385.99,2761.53,1.593342466,6,6524
2067,Syangja,6500,2031,Wheat,20.00545205,25.42309589,15.70890411,57.22178082,1226.86,6385.99,2761.53,1.593342466,6,6524
2067,Syangja,200,600,Barley,20.00545205,25.42309589,15.70890411,57.22178082,1226.86,6385.99,2761.53,1.593342466,6,6524
2067,Tanahu,20850,2800,Paddy,20.00545205,25.42309589,15.70890411,57.22178082,1226.86,6402.98,2974.38,1.593342466,5.6,2049
2067,Tanahu,26029,2629,Maize,20.00545205,25.42309589,15.70890411,57.22178082,1226.86,6402.98,2974.38,1.593342466,5.6,2049
2067,Tanahu,6710,1001,Millet,20.00545205,25.42309589,15.70890411,57.22178082,1226.86,6402.98,2974.38,1.593342466,5.6,2049
2067,Tanahu,192,911,Buckwheat,20.00545205,25.42309589,15.70890411,57.22178082,1226.86,6402.98,2974.38,1.593342466,5.6,2049
2067,Tanahu,1905,1803,Wheat,20.00545205,25.42309589,15.70890411,57.22178082,1226.86,6402.98,2974.38,1.593342466,5.6,2049
2067,Tanahu,6,833,Barley,20.00545205,25.42309589,15.70890411,57.22178082,1226.86,6402.98,2974.38,1.593342466,5.6,2049
2067,Taplejung,9710,2070,Paddy,5.662410959,11.09339726,1.640931507,71.61832877,1213.87,5773.57,2540.43,1.581178082,5.4,1277
2067,Taplejung,16075,2289,Maize,5.662410959,11.09339726,1.640931507,71.61832877,1213.87,5773.57,2540.43,1.581178082,5.4,1277
2067,Taplejung,3050,1250,Millet,5.662410959,11.09339726,1.640931507,71.61832877,1213.87,5773.57,2540.43,1.581178082,5.4,1277
2067,Taplejung,0,0,Buckwheat,5.662410959,11.09339726,1.640931507,71.61832877,1213.87,5773.57,2540.43,1.581178082,5.4,1277
2067,Taplejung,1895,2069,Wheat,5.662410959,11.09339726,1.640931507,71.61832877,1213.87,5773.57,2540.43,1.581178082,5.4,1277
2067,Taplejung,240,1250,Barley,5.662410959,11.09339726,1.640931507,71.61832877,1213.87,5773.57,2540.43,1.581178082,5.4,1277
2067,Terhathum,9592,2200,Paddy,20.19216438,25.39715068,16.15945205,63.81884932,1557.64,5773.57,2540.43,1.468410959,5.6,611
2067,Terhathum,12300,1708,Maize,20.19216438,25.39715068,16.15945205,63.81884932,1557.64,5773.57,2540.43,1.468410959,5.6,611
2067,Terhathum,2700,1134,Millet,20.19216438,25.39715068,16.15945205,63.81884932,1557.64,5773.57,2540.43,1.468410959,5.6,611
2067,Terhathum,10,750,Buckwheat,20.19216438,25.39715068,16.15945205,63.81884932,1557.64,5773.57,2540.43,1.468410959,5.6,611
2067,Terhathum,2650,1700,Wheat,20.19216438,25.39715068,16.15945205,63.81884932,1557.64,5773.57,2540.43,1.468410959,5.6,611
2067,Terhathum,100,1100,Barley,20.19216438,25.39715068,16.15945205,63.81884932,1557.64,5773.57,2540.43,1.468410959,5.6,611
2067,Udayapur,15500,2750,Paddy,18.64413699,23.80090411,14.8510137,65.76739726,1879.69,5870.95,2655.1,1.215287671,5.4,1273
2067,Udayapur,15900,2200,Maize,18.64413699,23.80090411,14.8510137,65.76739726,1879.69,5870.95,2655.1,1.215287671,5.4,1273
2067,Udayapur,2575,1540,Millet,18.64413699,23.80090411,14.8510137,65.76739726,1879.69,5870.95,2655.1,1.215287671,5.4,1273
2067,Udayapur,15,950,Buckwheat,18.64413699,23.80090411,14.8510137,65.76739726,1879.69,5870.95,2655.1,1.215287671,5.4,1273
2067,Udayapur,4900,2245,Wheat,18.64413699,23.80090411,14.8510137,65.76739726,1879.69,5870.95,2655.1,1.215287671,5.4,1273
2067,Udayapur,39,923,Barley,18.64413699,23.80090411,14.8510137,65.76739726,1879.69,5870.95,2655.1,1.215287671,5.4,1273
2068,Achham,11570,2650,Paddy,12.04572603,17.52073438,7.522958904,68.33819178,1520.67,6142.08,2683.52,1.476410959,6.1,76
2068,Achham,6351,1650,Maize,12.04572603,17.52073438,7.522958904,68.33819178,1520.67,6142.08,2683.52,1.476410959,6.1,76
2068,Achham,3412,970.11,Millet,12.04572603,17.52073438,7.522958904,68.33819178,1520.67,6142.08,2683.52,1.476410959,6.1,76
2068,Achham,0,0,Buckwheat,12.04572603,17.52073438,7.522958904,68.33819178,1520.67,6142.08,2683.52,1.476410959,6.1,76
2068,Achham,16140,1580,Wheat,12.04572603,17.52073438,7.522958904,68.33819178,1520.67,6142.08,2683.52,1.476410959,6.1,76
2068,Achham,510,1294,Barley,12.04572603,17.52073438,7.522958904,68.33819178,1520.67,6142.08,2683.52,1.476410959,6.1,76
2068,Arghakhanchi,8189,3200,Paddy,19.41764384,24.74928767,15.25928767,60.1740274,1473.06,6379.5,2968.06,1.68109589,5.9,612
2068,Arghakhanchi,16500,2494,Maize,19.41764384,24.74928767,15.25928767,60.1740274,1473.06,6379.5,2968.06,1.68109589,5.9,612
2068,Arghakhanchi,507,1199.2,Millet,19.41764384,24.74928767,15.25928767,60.1740274,1473.06,6379.5,2968.06,1.68109589,5.9,612
2068,Arghakhanchi,325,898,Buckwheat,19.41764384,24.74928767,15.25928767,60.1740274,1473.06,6379.5,2968.06,1.68109589,5.9,612
2068,Arghakhanchi,7340,1700,Wheat,19.41764384,24.74928767,15.25928767,60.1740274,1473.06,6379.5,2968.06,1.68109589,5.9,612
2068,Arghakhanchi,475,1200,Barley,19.41764384,24.74928767,15.25928767,60.1740274,1473.06,6379.5,2968.06,1.68109589,5.9,612
2068,Baglung,5934,2890,Paddy,18.81720548,23.86958904,14.82761644,62.80556164,1368.27,6044.06,2631.1,1.503643836,5.7,439
2068,Baglung,20341,2903,Maize,18.81720548,23.86958904,14.82761644,62.80556164,1368.27,6044.06,2631.1,1.503643836,5.7,439
2068,Baglung,18655,1200,Millet,18.81720548,23.86958904,14.82761644,62.80556164,1368.27,6044.06,2631.1,1.503643836,5.7,439
2068,Baglung,110,1000,Buckwheat,18.81720548,23.86958904,14.82761644,62.80556164,1368.27,6044.06,2631.1,1.503643836,5.7,439
2068,Baglung,7042,1861,Wheat,18.81720548,23.86958904,14.82761644,62.80556164,1368.27,6044.06,2631.1,1.503643836,5.7,439
2068,Baglung,1006,1257,Barley,18.81720548,23.86958904,14.82761644,62.80556164,1368.27,6044.06,2631.1,1.503643836,5.7,439
2068,Baitadi,6000,2500,Paddy,10.6780274,16.42873973,5.889890411,65.92172603,1046.41,6444.32,2861.7,1.575945205,6,109
2068,Baitadi,14500,2000,Maize,10.6780274,16.42873973,5.889890411,65.92172603,1046.41,6444.32,2861.7,1.575945205,6,109
2068,Baitadi,500,1400,Millet,10.6780274,16.42873973,5.889890411,65.92172603,1046.41,6444.32,2861.7,1.575945205,6,109
2068,Baitadi,0,0,Buckwheat,10.6780274,16.42873973,5.889890411,65.92172603,1046.41,6444.32,2861.7,1.575945205,6,109
2068,Baitadi,11550,1991,Wheat,10.6780274,16.42873973,5.889890411,65.92172603,1046.41,6444.32,2861.7,1.575945205,6,109
2068,Baitadi,550,1091,Barley,10.6780274,16.42873973,5.889890411,65.92172603,1046.41,6444.32,2861.7,1.575945205,6,109
2068,Bajhang,7006,2610,Paddy,10.6780274,16.42873973,5.889890411,65.92172603,1046.41,6142.08,2683.52,1.575945205,5.6,147
2068,Bajhang,3652,1090,Maize,10.6780274,16.42873973,5.889890411,65.92172603,1046.41,6142.08,2683.52,1.575945205,5.6,147
2068,Bajhang,2286,899.83,Millet,10.6780274,16.42873973,5.889890411,65.92172603,1046.41,6142.08,2683.52,1.575945205,5.6,147
2068,Bajhang,7,514,Buckwheat,10.6780274,16.42873973,5.889890411,65.92172603,1046.41,6142.08,2683.52,1.575945205,5.6,147
2068,Bajhang,6150,1545,Wheat,10.6780274,16.42873973,5.889890411,65.92172603,1046.41,6142.08,2683.52,1.575945205,5.6,147
2068,Bajhang,1500,1033,Barley,10.6780274,16.42873973,5.889890411,65.92172603,1046.41,6142.08,2683.52,1.575945205,5.6,147
2068,Bajura,3310,2300,Paddy,8.470739726,14.55241096,3.505479452,68.09465753,1084.98,6142.08,2683.52,1.562712329,6,154
2068,Bajura,790,2300,Maize,8.470739726,14.55241096,3.505479452,68.09465753,1084.98,6142.08,2683.52,1.562712329,6,154
2068,Bajura,2610,1100,Millet,8.470739726,14.55241096,3.505479452,68.09465753,1084.98,6142.08,2683.52,1.562712329,6,154
2068,Bajura,7,1600,Buckwheat,8.470739726,14.55241096,3.505479452,68.09465753,1084.98,6142.08,2683.52,1.562712329,6,154
2068,Bajura,5000,1980,Wheat,8.470739726,14.55241096,3.505479452,68.09465753,1084.98,6142.08,2683.52,1.562712329,6,154
2068,Bajura,1000,1700,Barley,8.470739726,14.55241096,3.505479452,68.09465753,1084.98,6142.08,2683.52,1.562712329,6,154
2068,Banke,36462,3400,Paddy,19.5280274,24.96635616,15.06112329,61.66041096,1697.86,6009.41,2679.97,1.477671233,6.4,5913
2068,Banke,8547,2350,Maize,19.5280274,24.96635616,15.06112329,61.66041096,1697.86,6009.41,2679.97,1.477671233,6.4,5913
2068,Banke,0,0,Millet,19.5280274,24.96635616,15.06112329,61.66041096,1697.86,6009.41,2679.97,1.477671233,6.4,5913
2068,Banke,0,0,Buckwheat,19.5280274,24.96635616,15.06112329,61.66041096,1697.86,6009.41,2679.97,1.477671233,6.4,5913
2068,Banke,17920,3008,Wheat,19.5280274,24.96635616,15.06112329,61.66041096,1697.86,6009.41,2679.97,1.477671233,6.4,5913
2068,Banke,10,1000,Barley,19.5280274,24.96635616,15.06112329,61.66041096,1697.86,6009.41,2679.97,1.477671233,6.4,5913
2068,Bara,52700,4200,Paddy,24.63383562,30.57945205,19.77328767,59.22761644,1309.35,6308.44,2927.97,1.669808219,6.7,7732
2068,Bara,7500,4100,Maize,24.63383562,30.57945205,19.77328767,59.22761644,1309.35,6308.44,2927.97,1.669808219,6.7,7732
2068,Bara,77,1280,Millet,24.63383562,30.57945205,19.77328767,59.22761644,1309.35,6308.44,2927.97,1.669808219,6.7,7732
2068,Bara,0,0,Buckwheat,24.63383562,30.57945205,19.77328767,59.22761644,1309.35,6308.44,2927.97,1.669808219,6.7,7732
2068,Bara,29000,3200,Wheat,24.63383562,30.57945205,19.77328767,59.22761644,1309.35,6308.44,2927.97,1.669808219,6.7,7732
2068,Bara,72,889,Barley,24.63383562,30.57945205,19.77328767,59.22761644,1309.35,6308.44,2927.97,1.669808219,6.7,7732
2068,Bardiya,45500,4150,Paddy,24.41167123,30.27553425,19.67369863,57.214,1553.55,6009.41,2679.97,1.63,6.8,7655
2068,Bardiya,5450,2000,Maize,24.41167123,30.27553425,19.67369863,57.214,1553.55,6009.41,2679.97,1.63,6.8,7655
2068,Bardiya,0,0,Millet,24.41167123,30.27553425,19.67369863,57.214,1553.55,6009.41,2679.97,1.63,6.8,7655
2068,Bardiya,0,0,Buckwheat,24.41167123,30.27553425,19.67369863,57.214,1553.55,6009.41,2679.97,1.63,6.8,7655
2068,Bardiya,23500,2907,Wheat,24.41167123,30.27553425,19.67369863,57.214,1553.55,6009.41,2679.97,1.63,6.8,7655
2068,Bardiya,10,1000,Barley,24.41167123,30.27553425,19.67369863,57.214,1553.55,6009.41,2679.97,1.63,6.8,7655
2068,Bhaktapur,4252,5936,Paddy,18.47643836,23.57539726,14.59580822,64.20430137,1146.69,6223.78,2785.1,1.420054795,5.8,2771
2068,Bhaktapur,1970,4050,Maize,18.47643836,23.57539726,14.59580822,64.20430137,1146.69,6223.78,2785.1,1.420054795,5.8,2771
2068,Bhaktapur,100,1400,Millet,18.47643836,23.57539726,14.59580822,64.20430137,1146.69,6223.78,2785.1,1.420054795,5.8,2771
2068,Bhaktapur,0,0,Buckwheat,18.47643836,23.57539726,14.59580822,64.20430137,1146.69,6223.78,2785.1,1.420054795,5.8,2771
2068,Bhaktapur,3150,3511,Wheat,18.47643836,23.57539726,14.59580822,64.20430137,1146.69,6223.78,2785.1,1.420054795,5.8,2771
2068,Bhaktapur,50,1100,Barley,18.47643836,23.57539726,14.59580822,64.20430137,1146.69,6223.78,2785.1,1.420054795,5.8,2771
2068,Bhojpur,16110,2628,Paddy,5.073835616,10.36115068,1.099890411,76.25758904,1136.22,5553.18,2458.75,1.571260274,5.4,15732
2068,Bhojpur,24790,3000,Maize,5.073835616,10.36115068,1.099890411,76.25758904,1136.22,5553.18,2458.75,1.571260274,5.4,15732
2068,Bhojpur,5505,900,Millet,5.073835616,10.36115068,1.099890411,76.25758904,1136.22,5553.18,2458.75,1.571260274,5.4,15732
2068,Bhojpur,17.5,714,Buckwheat,5.073835616,10.36115068,1.099890411,76.25758904,1136.22,5553.18,2458.75,1.571260274,5.4,15732
2068,Bhojpur,2510,1953,Wheat,5.073835616,10.36115068,1.099890411,76.25758904,1136.22,5553.18,2458.75,1.571260274,5.4,15732
2068,Bhojpur,25,1000,Barley,5.073835616,10.36115068,1.099890411,76.25758904,1136.22,5553.18,2458.75,1.571260274,5.4,15732
2068,Chitwan,29655,3490,Paddy,23.98764384,29.78268493,19.19216438,58.51641096,1288.54,6308.44,2927.97,1.374328767,6.1,615
2068,Chitwan,10000,3000,Maize,23.98764384,29.78268493,19.19216438,58.51641096,1288.54,6308.44,2927.97,1.374328767,6.1,615
2068,Chitwan,1750,1000,Millet,23.98764384,29.78268493,19.19216438,58.51641096,1288.54,6308.44,2927.97,1.374328767,6.1,615
2068,Chitwan,0,0,Buckwheat,23.98764384,29.78268493,19.19216438,58.51641096,1288.54,6308.44,2927.97,1.374328767,6.1,615
2068,Chitwan,8750,3100,Wheat,23.98764384,29.78268493,19.19216438,58.51641096,1288.54,6308.44,2927.97,1.374328767,6.1,615
2068,Chitwan,61,1000,Barley,23.98764384,29.78268493,19.19216438,58.51641096,1288.54,6308.44,2927.97,1.374328767,6.1,615
2068,Dadeldhura,6221,2440,Paddy,15.30306849,20.95830137,10.66879452,61.4620274,1304,6444.32,2861.7,1.391835616,5.9,10437
2068,Dadeldhura,3744,1707,Maize,15.30306849,20.95830137,10.66879452,61.4620274,1304,6444.32,2861.7,1.391835616,5.9,10437
2068,Dadeldhura,320,812.5,Millet,15.30306849,20.95830137,10.66879452,61.4620274,1304,6444.32,2861.7,1.391835616,5.9,10437
2068,Dadeldhura,0,0,Buckwheat,15.30306849,20.95830137,10.66879452,61.4620274,1304,6444.32,2861.7,1.391835616,5.9,10437
2068,Dadeldhura,7450,1678,Wheat,15.30306849,20.95830137,10.66879452,61.4620274,1304,6444.32,2861.7,1.391835616,5.9,10437
2068,Dadeldhura,220,1023,Barley,15.30306849,20.95830137,10.66879452,61.4620274,1304,6444.32,2861.7,1.391835616,5.9,10437
2068,Dailekh,8507,3300,Paddy,12.04572603,17.52073438,7.522958904,68.33819178,1520.67,6009.41,2679.97,1.476410959,5.9,18
2068,Dailekh,20150,1840,Maize,12.04572603,17.52073438,7.522958904,68.33819178,1520.67,6009.41,2679.97,1.476410959,5.9,18
2068,Dailekh,2422,1039.6,Millet,12.04572603,17.52073438,7.522958904,68.33819178,1520.67,6009.41,2679.97,1.476410959,5.9,18
2068,Dailekh,28.5,700,Buckwheat,12.04572603,17.52073438,7.522958904,68.33819178,1520.67,6009.41,2679.97,1.476410959,5.9,18
2068,Dailekh,14650,2039,Wheat,12.04572603,17.52073438,7.522958904,68.33819178,1520.67,6009.41,2679.97,1.476410959,5.9,18
2068,Dailekh,190,1500,Barley,12.04572603,17.52073438,7.522958904,68.33819178,1520.67,6009.41,2679.97,1.476410959,5.9,18
2068,Dang,38300,4100,Paddy,21.45383562,27.08805479,16.96084932,59.62912329,1549.57,6163.7,2691.24,1.791479452,5.8,24
2068,Dang,25200,2180,Maize,21.45383562,27.08805479,16.96084932,59.62912329,1549.57,6163.7,2691.24,1.791479452,5.8,24
2068,Dang,100,1000,Millet,21.45383562,27.08805479,16.96084932,59.62912329,1549.57,6163.7,2691.24,1.791479452,5.8,24
2068,Dang,0,0,Buckwheat,21.45383562,27.08805479,16.96084932,59.62912329,1549.57,6163.7,2691.24,1.791479452,5.8,24
2068,Dang,12700,2320,Wheat,21.45383562,27.08805479,16.96084932,59.62912329,1549.57,6163.7,2691.24,1.791479452,5.8,24
2068,Dang,50,900,Barley,21.45383562,27.08805479,16.96084932,59.62912329,1549.57,6163.7,2691.24,1.791479452,5.8,24
2068,Darchula,4480,2614,Paddy,5.716547945,11.51276712,0.912931507,65.66060274,780.03,6444.32,2861.7,1.712739726,6,11824
2068,Darchula,5530,2812,Maize,5.716547945,11.51276712,0.912931507,65.66060274,780.03,6444.32,2861.7,1.712739726,6,11824
2068,Darchula,1310,1000,Millet,5.716547945,11.51276712,0.912931507,65.66060274,780.03,6444.32,2861.7,1.712739726,6,11824
2068,Darchula,100,850,Buckwheat,5.716547945,11.51276712,0.912931507,65.66060274,780.03,6444.32,2861.7,1.712739726,6,11824
2068,Darchula,5300,1226,Wheat,5.716547945,11.51276712,0.912931507,65.66060274,780.03,6444.32,2861.7,1.712739726,6,11824
2068,Darchula,1200,1042,Barley,5.716547945,11.51276712,0.912931507,65.66060274,780.03,6444.32,2861.7,1.712739726,6,11824
2068,Dhading,14750,2589,Paddy,14.55249315,19.75175342,10.45317808,65.11778082,1020.61,6308.44,2927.97,1.515972603,5.5,16
2068,Dhading,15342,1700,Maize,14.55249315,19.75175342,10.45317808,65.11778082,1020.61,6308.44,2927.97,1.515972603,5.5,16
2068,Dhading,6930,1000,Millet,14.55249315,19.75175342,10.45317808,65.11778082,1020.61,6308.44,2927.97,1.515972603,5.5,16
2068,Dhading,0,0,Buckwheat,14.55249315,19.75175342,10.45317808,65.11778082,1020.61,6308.44,2927.97,1.515972603,5.5,16
2068,Dhading,4800,2000,Wheat,14.55249315,19.75175342,10.45317808,65.11778082,1020.61,6308.44,2927.97,1.515972603,5.5,16
2068,Dhading,350,1000,Barley,14.55249315,19.75175342,10.45317808,65.11778082,1020.61,6308.44,2927.97,1.515972603,5.5,16
2068,Dhankuta,8877,2208,Paddy,19.40734247,24.42827397,15.50372603,68.06693151,1519.44,5788.14,2603,1.468054795,5.8,6572
2068,Dhankuta,18200,2332,Maize,19.40734247,24.42827397,15.50372603,68.06693151,1519.44,5788.14,2603,1.468054795,5.8,6572
2068,Dhankuta,7810,1000,Millet,19.40734247,24.42827397,15.50372603,68.06693151,1519.44,5788.14,2603,1.468054795,5.8,6572
2068,Dhankuta,0,0,Buckwheat,19.40734247,24.42827397,15.50372603,68.06693151,1519.44,5788.14,2603,1.468054795,5.8,6572
2068,Dhankuta,1445,2059,Wheat,19.40734247,24.42827397,15.50372603,68.06693151,1519.44,5788.14,2603,1.468054795,5.8,6572
2068,Dhankuta,10,1000,Barley,19.40734247,24.42827397,15.50372603,68.06693151,1519.44,5788.14,2603,1.468054795,5.8,6572
2068,Dhanusha,65000,2850,Paddy,22.08717808,27.54657534,17.85353425,60.90019178,1167.9,6027.74,2710.06,1.60890411,6.6,1542
2068,Dhanusha,2019,3200,Maize,22.08717808,27.54657534,17.85353425,60.90019178,1167.9,6027.74,2710.06,1.60890411,6.6,1542
2068,Dhanusha,300,1000,Millet,22.08717808,27.54657534,17.85353425,60.90019178,1167.9,6027.74,2710.06,1.60890411,6.6,1542
2068,Dhanusha,0,0,Buckwheat,22.08717808,27.54657534,17.85353425,60.90019178,1167.9,6027.74,2710.06,1.60890411,6.6,1542
2068,Dhanusha,38450,2350,Wheat,22.08717808,27.54657534,17.85353425,60.90019178,1167.9,6027.74,2710.06,1.60890411,6.6,1542
2068,Dhanusha,1,1000,Barley,22.08717808,27.54657534,17.85353425,60.90019178,1167.9,6027.74,2710.06,1.60890411,6.6,1542
2068,Dolakha,3135,2950,Paddy,1.677835616,7.347561644,-2.759424658,70.55928767,660.77,5866.04,2621.46,2.019424658,6.5,11408
2068,Dolakha,8454,2500,Maize,1.677835616,7.347561644,-2.759424658,70.55928767,660.77,5866.04,2621.46,2.019424658,6.5,11408
2068,Dolakha,3562,1300,Millet,1.677835616,7.347561644,-2.759424658,70.55928767,660.77,5866.04,2621.46,2.019424658,6.5,11408
2068,Dolakha,445,900,Buckwheat,1.677835616,7.347561644,-2.759424658,70.55928767,660.77,5866.04,2621.46,2.019424658,6.5,11408
2068,Dolakha,4398,1100,Wheat,1.677835616,7.347561644,-2.759424658,70.55928767,660.77,5866.04,2621.46,2.019424658,6.5,11408
2068,Dolakha,219,1050,Barley,1.677835616,7.347561644,-2.759424658,70.55928767,660.77,5866.04,2621.46,2.019424658,6.5,11408
2068,Dolpa,276,2192,Paddy,-1.125342466,4.877534247,-6.019835616,67.0920274,1139.78,6163.7,2691.24,1.915616438,6.6,1248
2068,Dolpa,2400,1667,Maize,-1.125342466,4.877534247,-6.019835616,67.0920274,1139.78,6163.7,2691.24,1.915616438,6.6,1248
2068,Dolpa,325,1500,Millet,-1.125342466,4.877534247,-6.019835616,67.0920274,1139.78,6163.7,2691.24,1.915616438,6.6,1248
2068,Dolpa,350,1000,Buckwheat,-1.125342466,4.877534247,-6.019835616,67.0920274,1139.78,6163.7,2691.24,1.915616438,6.6,1248
2068,Dolpa,276,2192,Wheat,-1.125342466,4.877534247,-6.019835616,67.0920274,1139.78,6163.7,2691.24,1.915616438,6.6,1248
2068,Dolpa,2400,1667,Barley,-1.125342466,4.877534247,-6.019835616,67.0920274,1139.78,6163.7,2691.24,1.915616438,6.6,1248
2068,Doti,9750,2500,Paddy,15.30306849,20.95830137,10.66879452,61.4620274,1304,6444.32,2861.7,1.391835616,5.9,22
2068,Doti,2445,1978,Maize,15.30306849,20.95830137,10.66879452,61.4620274,1304,6444.32,2861.7,1.391835616,5.9,22
2068,Doti,5825,1000,Millet,15.30306849,20.95830137,10.66879452,61.4620274,1304,6444.32,2861.7,1.391835616,5.9,22
2068,Doti,5,1500,Buckwheat,15.30306849,20.95830137,10.66879452,61.4620274,1304,6444.32,2861.7,1.391835616,5.9,22
2068,Doti,16150,1871,Wheat,15.30306849,20.95830137,10.66879452,61.4620274,1304,6444.32,2861.7,1.391835616,5.9,22
2068,Doti,245,1020,Barley,15.30306849,20.95830137,10.66879452,61.4620274,1304,6444.32,2861.7,1.391835616,5.9,22
2068,Gorkha,12085,3050,Paddy,14.55249315,19.75175342,10.45317808,65.11778082,1020.61,6308.44,2927.97,1.515972603,5.5,348
2068,Gorkha,17028,2331,Maize,14.55249315,19.75175342,10.45317808,65.11778082,1020.61,6308.44,2927.97,1.515972603,5.5,348
2068,Gorkha,11605,1000,Millet,14.55249315,19.75175342,10.45317808,65.11778082,1020.61,6308.44,2927.97,1.515972603,5.5,348
2068,Gorkha,390,1000,Buckwheat,14.55249315,19.75175342,10.45317808,65.11778082,1020.61,6308.44,2927.97,1.515972603,5.5,348
2068,Gorkha,4115,1845,Wheat,14.55249315,19.75175342,10.45317808,65.11778082,1020.61,6308.44,2927.97,1.515972603,5.5,348
2068,Gorkha,100,1000,Barley,14.55249315,19.75175342,10.45317808,65.11778082,1020.61,6308.44,2927.97,1.515972603,5.5,348
2068,Gulmi,9964,2301,Paddy,19.41764384,24.74928767,15.25928767,60.1740274,1473.06,6379.5,2968.06,1.68109589,6.1,980
2068,Gulmi,24040,2300,Maize,19.41764384,24.74928767,15.25928767,60.1740274,1473.06,6379.5,2968.06,1.68109589,6.1,980
2068,Gulmi,2922,979.98,Millet,19.41764384,24.74928767,15.25928767,60.1740274,1473.06,6379.5,2968.06,1.68109589,6.1,980
2068,Gulmi,205,1585,Buckwheat,19.41764384,24.74928767,15.25928767,60.1740274,1473.06,6379.5,2968.06,1.68109589,6.1,980
2068,Gulmi,8074,1855,Wheat,19.41764384,24.74928767,15.25928767,60.1740274,1473.06,6379.5,2968.06,1.68109589,6.1,980
2068,Gulmi,370,1500,Barley,19.41764384,24.74928767,15.25928767,60.1740274,1473.06,6379.5,2968.06,1.68109589,6.1,980
2068,Humla,572,1530,Paddy,-0.584027397,5.615917808,-5.751479452,70.54410959,617.5,6988.79,2953.26,1.968383562,6.5,529
2068,Humla,112,1529,Maize,-0.584027397,5.615917808,-5.751479452,70.54410959,617.5,6988.79,2953.26,1.968383562,6.5,529
2068,Humla,1280,950,Millet,-0.584027397,5.615917808,-5.751479452,70.54410959,617.5,6988.79,2953.26,1.968383562,6.5,529
2068,Humla,670,900,Buckwheat,-0.584027397,5.615917808,-5.751479452,70.54410959,617.5,6988.79,2953.26,1.968383562,6.5,529
2068,Humla,572,1530,Wheat,-0.584027397,5.615917808,-5.751479452,70.54410959,617.5,6988.79,2953.26,1.968383562,6.5,529
2068,Humla,112,1529,Barley,-0.584027397,5.615917808,-5.751479452,70.54410959,617.5,6988.79,2953.26,1.968383562,6.5,529
2068,Illam,14825,3082,Paddy,17.89526027,22.92641096,14.13367123,69.93153425,1767.63,5553.18,2458.75,1.220630137,5.5,0
2068,Illam,31480,2462,Maize,17.89526027,22.92641096,14.13367123,69.93153425,1767.63,5553.18,2458.75,1.220630137,5.5,0
2068,Illam,3000,1000,Millet,17.89526027,22.92641096,14.13367123,69.93153425,1767.63,5553.18,2458.75,1.220630137,5.5,0
2068,Illam,28,714,Buckwheat,17.89526027,22.92641096,14.13367123,69.93153425,1767.63,5553.18,2458.75,1.220630137,5.5,0
2068,Illam,4620,2900,Wheat,17.89526027,22.92641096,14.13367123,69.93153425,1767.63,5553.18,2458.75,1.220630137,5.5,0
2068,Illam,55,1000,Barley,17.89526027,22.92641096,14.13367123,69.93153425,1767.63,5553.18,2458.75,1.220630137,5.5,0
2068,Jajarkot,3515,2856,Paddy,21.45383562,27.08805479,16.96084932,59.62912329,1549.57,6163.7,2691.24,1.791479452,6.2,1033
2068,Jajarkot,8386,1500,Maize,21.45383562,27.08805479,16.96084932,59.62912329,1549.57,6163.7,2691.24,1.791479452,6.2,1033
2068,Jajarkot,2060,1800,Millet,21.45383562,27.08805479,16.96084932,59.62912329,1549.57,6163.7,2691.24,1.791479452,6.2,1033
2068,Jajarkot,24,1100,Buckwheat,21.45383562,27.08805479,16.96084932,59.62912329,1549.57,6163.7,2691.24,1.791479452,6.2,1033
2068,Jajarkot,11820,1300,Wheat,21.45383562,27.08805479,16.96084932,59.62912329,1549.57,6163.7,2691.24,1.791479452,6.2,1033
2068,Jajarkot,700,800,Barley,21.45383562,27.08805479,16.96084932,59.62912329,1549.57,6163.7,2691.24,1.791479452,6.2,1033
2068,Jhapa,89400,3600,Paddy,23.65019178,28.88106849,19.35432877,67.40619178,2091.89,5788.14,2603,1.538410959,5.7,90
2068,Jhapa,24600,2946,Maize,23.65019178,28.88106849,19.35432877,67.40619178,2091.89,5788.14,2603,1.538410959,5.7,90
2068,Jhapa,1800,1200,Millet,23.65019178,28.88106849,19.35432877,67.40619178,2091.89,5788.14,2603,1.538410959,5.7,90
2068,Jhapa,1300,1000,Buckwheat,23.65019178,28.88106849,19.35432877,67.40619178,2091.89,5788.14,2603,1.538410959,5.7,90
2068,Jhapa,7500,3353,Wheat,23.65019178,28.88106849,19.35432877,67.40619178,2091.89,5788.14,2603,1.538410959,5.7,90
2068,Jhapa,8,750,Barley,23.65019178,28.88106849,19.35432877,67.40619178,2091.89,5788.14,2603,1.538410959,5.7,90
2068,Jumla,3000,1200,Paddy,8.470739726,14.55241096,3.505479452,68.09465753,1084.98,6422.24,2731.93,1.562712329,6.5,11618
2068,Jumla,4500,1500,Maize,8.470739726,14.55241096,3.505479452,68.09465753,1084.98,6422.24,2731.93,1.562712329,6.5,11618
2068,Jumla,3700,1000,Millet,8.470739726,14.55241096,3.505479452,68.09465753,1084.98,6422.24,2731.93,1.562712329,6.5,11618
2068,Jumla,85,765,Buckwheat,8.470739726,14.55241096,3.505479452,68.09465753,1084.98,6422.24,2731.93,1.562712329,6.5,11618
2068,Jumla,3000,1200,Wheat,8.470739726,14.55241096,3.505479452,68.09465753,1084.98,6422.24,2731.93,1.562712329,6.5,11618
2068,Jumla,4500,1500,Barley,8.470739726,14.55241096,3.505479452,68.09465753,1084.98,6422.24,2731.93,1.562712329,6.5,11618
2068,Kailali,65500,3100,Paddy,24.56167123,30.50068493,19.59449315,59.09273973,1752.67,6017.65,2714.09,1.45230137,6.6,0
2068,Kailali,6000,2000,Maize,24.56167123,30.50068493,19.59449315,59.09273973,1752.67,6017.65,2714.09,1.45230137,6.6,0
2068,Kailali,400,1125,Millet,24.56167123,30.50068493,19.59449315,59.09273973,1752.67,6017.65,2714.09,1.45230137,6.6,0
2068,Kailali,25,1000,Buckwheat,24.56167123,30.50068493,19.59449315,59.09273973,1752.67,6017.65,2714.09,1.45230137,6.6,0
2068,Kailali,34450,2075,Wheat,24.56167123,30.50068493,19.59449315,59.09273973,1752.67,6017.65,2714.09,1.45230137,6.6,0
2068,Kailali,550,1182,Barley,24.56167123,30.50068493,19.59449315,59.09273973,1752.67,6017.65,2714.09,1.45230137,6.6,0
2068,Kalikot,3465,1659,Paddy,12.04572603,17.52073438,7.522958904,68.33819178,1520.67,6142.08,2683.52,1.476410959,6.2,17454
2068,Kalikot,2520,2069,Maize,12.04572603,17.52073438,7.522958904,68.33819178,1520.67,6142.08,2683.52,1.476410959,6.2,17454
2068,Kalikot,3700,1000,Millet,12.04572603,17.52073438,7.522958904,68.33819178,1520.67,6142.08,2683.52,1.476410959,6.2,17454
2068,Kalikot,85,765,Buckwheat,12.04572603,17.52073438,7.522958904,68.33819178,1520.67,6142.08,2683.52,1.476410959,6.2,17454
2068,Kalikot,3465,1659,Wheat,12.04572603,17.52073438,7.522958904,68.33819178,1520.67,6142.08,2683.52,1.476410959,6.2,17454
2068,Kalikot,2520,2069,Barley,12.04572603,17.52073438,7.522958904,68.33819178,1520.67,6142.08,2683.52,1.476410959,6.2,17454
2068,Kanchanpur,46655,3100,Paddy,20.97608219,27.22578082,15.90986301,60.19668493,1698.34,6132.42,2758.13,0.95709589,6.2,35
2068,Kanchanpur,5950,2000,Maize,20.97608219,27.22578082,15.90986301,60.19668493,1698.34,6132.42,2758.13,0.95709589,6.2,35
2068,Kanchanpur,0,0,Millet,20.97608219,27.22578082,15.90986301,60.19668493,1698.34,6132.42,2758.13,0.95709589,6.2,35
2068,Kanchanpur,0,0,Buckwheat,20.97608219,27.22578082,15.90986301,60.19668493,1698.34,6132.42,2758.13,0.95709589,6.2,35
2068,Kanchanpur,32255,2094,Wheat,20.97608219,27.22578082,15.90986301,60.19668493,1698.34,6132.42,2758.13,0.95709589,6.2,35
2068,Kanchanpur,10,1000,Barley,20.97608219,27.22578082,15.90986301,60.19668493,1698.34,6132.42,2758.13,0.95709589,6.2,35
2068,Kapilbastu,71500,2900,Paddy,24.77942466,30.88632877,19.75134247,56.83350685,1400.86,6379.5,2968.06,1.716876712,6.9,7607
2068,Kapilbastu,760,2526,Maize,24.77942466,30.88632877,19.75134247,56.83350685,1400.86,6379.5,2968.06,1.716876712,6.9,7607
2068,Kapilbastu,0,0,Millet,24.77942466,30.88632877,19.75134247,56.83350685,1400.86,6379.5,2968.06,1.716876712,6.9,7607
2068,Kapilbastu,0,0,Buckwheat,24.77942466,30.88632877,19.75134247,56.83350685,1400.86,6379.5,2968.06,1.716876712,6.9,7607
2068,Kapilbastu,29995,2994,Wheat,24.77942466,30.88632877,19.75134247,56.83350685,1400.86,6379.5,2968.06,1.716876712,6.9,7607
2068,Kapilbastu,200,1900,Barley,24.77942466,30.88632877,19.75134247,56.83350685,1400.86,6379.5,2968.06,1.716876712,6.9,7607
2068,Kaski,22500,3416,Paddy,5.119671233,10.33358904,0.975671233,70.3850411,861.84,5805.06,2584.38,1.689150685,6.7,14589
2068,Kaski,14010,2351,Maize,5.119671233,10.33358904,0.975671233,70.3850411,861.84,5805.06,2584.38,1.689150685,6.7,14589
2068,Kaski,15110,1171.4,Millet,5.119671233,10.33358904,0.975671233,70.3850411,861.84,5805.06,2584.38,1.689150685,6.7,14589
2068,Kaski,18,778,Buckwheat,5.119671233,10.33358904,0.975671233,70.3850411,861.84,5805.06,2584.38,1.689150685,6.7,14589
2068,Kaski,7130,2040,Wheat,5.119671233,10.33358904,0.975671233,70.3850411,861.84,5805.06,2584.38,1.689150685,6.7,14589
2068,Kaski,138,877,Barley,5.119671233,10.33358904,0.975671233,70.3850411,861.84,5805.06,2584.38,1.689150685,6.7,14589
2068,Kathmandu,8000,5760,Paddy,18.47643836,23.57539726,14.59580822,64.20430137,1146.69,6223.78,2785.1,1.420054795,6.5,1638
2068,Kathmandu,7124,4000,Maize,18.47643836,23.57539726,14.59580822,64.20430137,1146.69,6223.78,2785.1,1.420054795,6.5,1638
2068,Kathmandu,852,1000,Millet,18.47643836,23.57539726,14.59580822,64.20430137,1146.69,6223.78,2785.1,1.420054795,6.5,1638
2068,Kathmandu,0,0,Buckwheat,18.47643836,23.57539726,14.59580822,64.20430137,1146.69,6223.78,2785.1,1.420054795,6.5,1638
2068,Kathmandu,4742,3354,Wheat,18.47643836,23.57539726,14.59580822,64.20430137,1146.69,6223.78,2785.1,1.420054795,6.5,1638
2068,Kathmandu,7,1000,Barley,18.47643836,23.57539726,14.59580822,64.20430137,1146.69,6223.78,2785.1,1.420054795,6.5,1638
2068,Kavre,10100,3120,Paddy,18.47643836,23.57539726,14.59580822,64.20430137,1146.69,6223.78,2785.1,1.420054795,5.7,4293
2068,Kavre,24300,2590,Maize,18.47643836,23.57539726,14.59580822,64.20430137,1146.69,6223.78,2785.1,1.420054795,5.7,4293
2068,Kavre,3500,1100,Millet,18.47643836,23.57539726,14.59580822,64.20430137,1146.69,6223.78,2785.1,1.420054795,5.7,4293
2068,Kavre,750,1220,Buckwheat,18.47643836,23.57539726,14.59580822,64.20430137,1146.69,6223.78,2785.1,1.420054795,5.7,4293
2068,Kavre,9950,2159,Wheat,18.47643836,23.57539726,14.59580822,64.20430137,1146.69,6223.78,2785.1,1.420054795,5.7,4293
2068,Kavre,750,1100,Barley,18.47643836,23.57539726,14.59580822,64.20430137,1146.69,6223.78,2785.1,1.420054795,5.7,4293
2068,Khotang,15202,2100,Paddy,13.29679452,18.50268493,9.365013699,66.98326027,930.67,5866.04,2621.46,1.566767123,5.5,11448
2068,Khotang,25000,2556,Maize,13.29679452,18.50268493,9.365013699,66.98326027,930.67,5866.04,2621.46,1.566767123,5.5,11448
2068,Khotang,21375,1120,Millet,13.29679452,18.50268493,9.365013699,66.98326027,930.67,5866.04,2621.46,1.566767123,5.5,11448
2068,Khotang,720,600,Buckwheat,13.29679452,18.50268493,9.365013699,66.98326027,930.67,5866.04,2621.46,1.566767123,5.5,11448
2068,Khotang,5545,1727,Wheat,13.29679452,18.50268493,9.365013699,66.98326027,930.67,5866.04,2621.46,1.566767123,5.5,11448
2068,Khotang,470,926,Barley,13.29679452,18.50268493,9.365013699,66.98326027,930.67,5866.04,2621.46,1.566767123,5.5,11448
2068,Lalitpur,4600,5799,Paddy,18.47643836,23.57539726,14.59580822,64.20430137,1146.69,6223.78,2785.1,1.420054795,6.9,193
2068,Lalitpur,10806,3200,Maize,18.47643836,23.57539726,14.59580822,64.20430137,1146.69,6223.78,2785.1,1.420054795,6.9,193
2068,Lalitpur,575,1200,Millet,18.47643836,23.57539726,14.59580822,64.20430137,1146.69,6223.78,2785.1,1.420054795,6.9,193
2068,Lalitpur,50,600,Buckwheat,18.47643836,23.57539726,14.59580822,64.20430137,1146.69,6223.78,2785.1,1.420054795,6.9,193
2068,Lalitpur,4060,3618,Wheat,18.47643836,23.57539726,14.59580822,64.20430137,1146.69,6223.78,2785.1,1.420054795,6.9,193
2068,Lalitpur,70,1000,Barley,18.47643836,23.57539726,14.59580822,64.20430137,1146.69,6223.78,2785.1,1.420054795,6.9,193
2068,Lamjung,15553,2600,Paddy,5.119671233,10.33358904,0.975671233,70.3850411,861.84,5805.06,2584.38,1.689150685,5.4,1406
2068,Lamjung,15900,2490,Maize,5.119671233,10.33358904,0.975671233,70.3850411,861.84,5805.06,2584.38,1.689150685,5.4,1406
2068,Lamjung,7919,1249.9,Millet,5.119671233,10.33358904,0.975671233,70.3850411,861.84,5805.06,2584.38,1.689150685,5.4,1406
2068,Lamjung,19,842,Buckwheat,5.119671233,10.33358904,0.975671233,70.3850411,861.84,5805.06,2584.38,1.689150685,5.4,1406
2068,Lamjung,640,2148,Wheat,5.119671233,10.33358904,0.975671233,70.3850411,861.84,5805.06,2584.38,1.689150685,5.4,1406
2068,Lamjung,28,1000,Barley,5.119671233,10.33358904,0.975671233,70.3850411,861.84,5805.06,2584.38,1.689150685,5.4,1406
2068,Mahottari,34776,2800,Paddy,25.25136986,31.38106849,20.04142466,60.13923288,1246.98,6027.74,2710.06,1.874,6.8,447
2068,Mahottari,2435,2649,Maize,25.25136986,31.38106849,20.04142466,60.13923288,1246.98,6027.74,2710.06,1.874,6.8,447
2068,Mahottari,215,1000,Millet,25.25136986,31.38106849,20.04142466,60.13923288,1246.98,6027.74,2710.06,1.874,6.8,447
2068,Mahottari,0,0,Buckwheat,25.25136986,31.38106849,20.04142466,60.13923288,1246.98,6027.74,2710.06,1.874,6.8,447
2068,Mahottari,26785,2420,Wheat,25.25136986,31.38106849,20.04142466,60.13923288,1246.98,6027.74,2710.06,1.874,6.8,447
2068,Mahottari,10,1000,Barley,25.25136986,31.38106849,20.04142466,60.13923288,1246.98,6027.74,2710.06,1.874,6.8,447
2068,Makwanpur,11110,3380,Paddy,21.49178082,26.85147945,17.30816438,60.86243836,1245.82,6308.44,2927.97,1.415013699,5.9,10709
2068,Makwanpur,23636,3070,Maize,21.49178082,26.85147945,17.30816438,60.86243836,1245.82,6308.44,2927.97,1.415013699,5.9,10709
2068,Makwanpur,2660,1223,Millet,21.49178082,26.85147945,17.30816438,60.86243836,1245.82,6308.44,2927.97,1.415013699,5.9,10709
2068,Makwanpur,150,1060,Buckwheat,21.49178082,26.85147945,17.30816438,60.86243836,1245.82,6308.44,2927.97,1.415013699,5.9,10709
2068,Makwanpur,4210,2852,Wheat,21.49178082,26.85147945,17.30816438,60.86243836,1245.82,6308.44,2927.97,1.415013699,5.9,10709
2068,Makwanpur,20,1300,Barley,21.49178082,26.85147945,17.30816438,60.86243836,1245.82,6308.44,2927.97,1.415013699,5.9,10709
2068,Manang,0,0,Paddy,5.119671233,10.33358904,0.975671233,70.3850411,861.84,5805.06,2584.38,1.689150685,6.3,6257
2068,Manang,175,2429,Maize,5.119671233,10.33358904,0.975671233,70.3850411,861.84,5805.06,2584.38,1.689150685,6.3,6257
2068,Manang,0,0,Millet,5.119671233,10.33358904,0.975671233,70.3850411,861.84,5805.06,2584.38,1.689150685,6.3,6257
2068,Manang,205,2132,Buckwheat,5.119671233,10.33358904,0.975671233,70.3850411,861.84,5805.06,2584.38,1.689150685,6.3,6257
2068,Manang,293,2201,Wheat,5.119671233,10.33358904,0.975671233,70.3850411,861.84,5805.06,2584.38,1.689150685,6.3,6257
2068,Manang,100,2000,Barley,5.119671233,10.33358904,0.975671233,70.3850411,861.84,5805.06,2584.38,1.689150685,6.3,6257
2068,Morang,78200,3550,Paddy,23.75575342,29.1789863,19.22808219,64.99912329,1799.18,5788.14,2603,1.598465753,6.8,12
2068,Morang,15100,3000,Maize,23.75575342,29.1789863,19.22808219,64.99912329,1799.18,5788.14,2603,1.598465753,6.8,12
2068,Morang,1510,1200,Millet,23.75575342,29.1789863,19.22808219,64.99912329,1799.18,5788.14,2603,1.598465753,6.8,12
2068,Morang,65,954,Buckwheat,23.75575342,29.1789863,19.22808219,64.99912329,1799.18,5788.14,2603,1.598465753,6.8,12
2068,Morang,16875,2396,Wheat,23.75575342,29.1789863,19.22808219,64.99912329,1799.18,5788.14,2603,1.598465753,6.8,12
2068,Morang,0,0,Barley,23.75575342,29.1789863,19.22808219,64.99912329,1799.18,5788.14,2603,1.598465753,6.8,12
2068,Mugu,1294,1975,Paddy,12.04572603,17.52073438,7.522958904,68.33819178,1520.67,6142.08,2683.52,1.476410959,5.7,15693
2068,Mugu,610,1572,Maize,12.04572603,17.52073438,7.522958904,68.33819178,1520.67,6142.08,2683.52,1.476410959,5.7,15693
2068,Mugu,4500,1000,Millet,12.04572603,17.52073438,7.522958904,68.33819178,1520.67,6142.08,2683.52,1.476410959,5.7,15693
2068,Mugu,495,1000,Buckwheat,12.04572603,17.52073438,7.522958904,68.33819178,1520.67,6142.08,2683.52,1.476410959,5.7,15693
2068,Mugu,1294,1975,Wheat,12.04572603,17.52073438,7.522958904,68.33819178,1520.67,6142.08,2683.52,1.476410959,5.7,15693
2068,Mugu,610,1572,Barley,12.04572603,17.52073438,7.522958904,68.33819178,1520.67,6142.08,2683.52,1.476410959,5.7,15693
2068,Mustang,0,0,Paddy,8.055315068,13.45608219,3.836876712,67.49780822,1156.56,6044.06,2631.1,1.608520548,7.3,10
2068,Mustang,525,1543,Maize,8.055315068,13.45608219,3.836876712,67.49780822,1156.56,6044.06,2631.1,1.608520548,7.3,10
2068,Mustang,0,0,Millet,8.055315068,13.45608219,3.836876712,67.49780822,1156.56,6044.06,2631.1,1.608520548,7.3,10
2068,Mustang,575,1661,Buckwheat,8.055315068,13.45608219,3.836876712,67.49780822,1156.56,6044.06,2631.1,1.608520548,7.3,10
2068,Mustang,600,1800,Wheat,8.055315068,13.45608219,3.836876712,67.49780822,1156.56,6044.06,2631.1,1.608520548,7.3,10
2068,Mustang,270,1852,Barley,8.055315068,13.45608219,3.836876712,67.49780822,1156.56,6044.06,2631.1,1.608520548,7.3,10
2068,Myagdi,3895,2949,Paddy,8.055315068,13.45608219,3.836876712,67.49780822,1156.56,6044.06,2631.1,1.608520548,5.8,15
2068,Myagdi,11115,3073,Maize,8.055315068,13.45608219,3.836876712,67.49780822,1156.56,6044.06,2631.1,1.608520548,5.8,15
2068,Myagdi,3048,1110.9,Millet,8.055315068,13.45608219,3.836876712,67.49780822,1156.56,6044.06,2631.1,1.608520548,5.8,15
2068,Myagdi,52,962,Buckwheat,8.055315068,13.45608219,3.836876712,67.49780822,1156.56,6044.06,2631.1,1.608520548,5.8,15
2068,Myagdi,3045,1891,Wheat,8.055315068,13.45608219,3.836876712,67.49780822,1156.56,6044.06,2631.1,1.608520548,5.8,15
2068,Myagdi,360,997,Barley,8.055315068,13.45608219,3.836876712,67.49780822,1156.56,6044.06,2631.1,1.608520548,5.8,15
2068,Nawalparasi,44890,4262,Paddy,24.37169863,30.32550685,19.35249315,58.21660274,1395.13,6379.5,2968.06,1.518849315,5.9,115
2068,Nawalparasi,8400,3095,Maize,24.37169863,30.32550685,19.35249315,58.21660274,1395.13,6379.5,2968.06,1.518849315,5.9,115
2068,Nawalparasi,450,1100,Millet,24.37169863,30.32550685,19.35249315,58.21660274,1395.13,6379.5,2968.06,1.518849315,5.9,115
2068,Nawalparasi,220,614,Buckwheat,24.37169863,30.32550685,19.35249315,58.21660274,1395.13,6379.5,2968.06,1.518849315,5.9,115
2068,Nawalparasi,18830,2875,Wheat,24.37169863,30.32550685,19.35249315,58.21660274,1395.13,6379.5,2968.06,1.518849315,5.9,115
2068,Nawalparasi,90,2000,Barley,24.37169863,30.32550685,19.35249315,58.21660274,1395.13,6379.5,2968.06,1.518849315,5.9,115
2068,Nuwakot,14625,3860,Paddy,8.721780822,14.17112329,4.426958904,68.4749863,876.19,6223.78,2785.1,1.706547945,5.7,6146
2068,Nuwakot,19590,2900,Maize,8.721780822,14.17112329,4.426958904,68.4749863,876.19,6223.78,2785.1,1.706547945,5.7,6146
2068,Nuwakot,5805,1840,Millet,8.721780822,14.17112329,4.426958904,68.4749863,876.19,6223.78,2785.1,1.706547945,5.7,6146
2068,Nuwakot,60,1000,Buckwheat,8.721780822,14.17112329,4.426958904,68.4749863,876.19,6223.78,2785.1,1.706547945,5.7,6146
2068,Nuwakot,5475,2758,Wheat,8.721780822,14.17112329,4.426958904,68.4749863,876.19,6223.78,2785.1,1.706547945,5.7,6146
2068,Nuwakot,200,1000,Barley,8.721780822,14.17112329,4.426958904,68.4749863,876.19,6223.78,2785.1,1.706547945,5.7,6146
2068,Okhaldhunga,6573,2130,Paddy,13.29679452,18.50268493,9.365013699,66.98326027,930.67,5866.04,2621.46,1.566767123,5.7,8047
2068,Okhaldhunga,12400,2239,Maize,13.29679452,18.50268493,9.365013699,66.98326027,930.67,5866.04,2621.46,1.566767123,5.7,8047
2068,Okhaldhunga,7790,1520,Millet,13.29679452,18.50268493,9.365013699,66.98326027,930.67,5866.04,2621.46,1.566767123,5.7,8047
2068,Okhaldhunga,75,870,Buckwheat,13.29679452,18.50268493,9.365013699,66.98326027,930.67,5866.04,2621.46,1.566767123,5.7,8047
2068,Okhaldhunga,2425,1990,Wheat,13.29679452,18.50268493,9.365013699,66.98326027,930.67,5866.04,2621.46,1.566767123,5.7,8047
2068,Okhaldhunga,100,1000,Barley,13.29679452,18.50268493,9.365013699,66.98326027,930.67,5866.04,2621.46,1.566767123,5.7,8047
2068,Palpa,8750,3346,Paddy,18.81720548,23.86958904,14.82761644,62.80556164,1368.27,6379.5,2968.06,1.503643836,5.9,193
2068,Palpa,20210,2131,Maize,18.81720548,23.86958904,14.82761644,62.80556164,1368.27,6379.5,2968.06,1.503643836,5.9,193
2068,Palpa,2540,1019.7,Millet,18.81720548,23.86958904,14.82761644,62.80556164,1368.27,6379.5,2968.06,1.503643836,5.9,193
2068,Palpa,450,938,Buckwheat,18.81720548,23.86958904,14.82761644,62.80556164,1368.27,6379.5,2968.06,1.503643836,5.9,193
2068,Palpa,6230,2154,Wheat,18.81720548,23.86958904,14.82761644,62.80556164,1368.27,6379.5,2968.06,1.503643836,5.9,193
2068,Palpa,28,1393,Barley,18.81720548,23.86958904,14.82761644,62.80556164,1368.27,6379.5,2968.06,1.503643836,5.9,193
2068,Panchthar,11500,2000,Paddy,10.28821918,15.82780822,6.132876712,74.26553425,1004.93,5553.18,2458.75,1.773369863,5.7,1148
2068,Panchthar,12800,1700,Maize,10.28821918,15.82780822,6.132876712,74.26553425,1004.93,5553.18,2458.75,1.773369863,5.7,1148
2068,Panchthar,5000,1870,Millet,10.28821918,15.82780822,6.132876712,74.26553425,1004.93,5553.18,2458.75,1.773369863,5.7,1148
2068,Panchthar,60,700,Buckwheat,10.28821918,15.82780822,6.132876712,74.26553425,1004.93,5553.18,2458.75,1.773369863,5.7,1148
2068,Panchthar,4000,1895,Wheat,10.28821918,15.82780822,6.132876712,74.26553425,1004.93,5553.18,2458.75,1.773369863,5.7,1148
2068,Panchthar,494,1200,Barley,10.28821918,15.82780822,6.132876712,74.26553425,1004.93,5553.18,2458.75,1.773369863,5.7,1148
2068,Parbat,8830,2607,Paddy,8.055315068,13.45608219,3.836876712,67.49780822,1156.56,6044.06,2631.1,1.608520548,5.7,536
2068,Parbat,14000,2054,Maize,8.055315068,13.45608219,3.836876712,67.49780822,1156.56,6044.06,2631.1,1.608520548,5.7,536
2068,Parbat,8845,910.01,Millet,8.055315068,13.45608219,3.836876712,67.49780822,1156.56,6044.06,2631.1,1.608520548,5.7,536
2068,Parbat,35,943,Buckwheat,8.055315068,13.45608219,3.836876712,67.49780822,1156.56,6044.06,2631.1,1.608520548,5.7,536
2068,Parbat,2915,2286,Wheat,8.055315068,13.45608219,3.836876712,67.49780822,1156.56,6044.06,2631.1,1.608520548,5.7,536
2068,Parbat,118,890,Barley,8.055315068,13.45608219,3.836876712,67.49780822,1156.56,6044.06,2631.1,1.608520548,5.7,536
2068,Parsa,44360,4350,Paddy,24.95857534,31.00621918,19.79167123,60.04358904,1302.6,6308.44,2927.97,1.684438356,6.9,889
2068,Parsa,4072,4000,Maize,24.95857534,31.00621918,19.79167123,60.04358904,1302.6,6308.44,2927.97,1.684438356,6.9,889
2068,Parsa,82,920,Millet,24.95857534,31.00621918,19.79167123,60.04358904,1302.6,6308.44,2927.97,1.684438356,6.9,889
2068,Parsa,0,0,Buckwheat,24.95857534,31.00621918,19.79167123,60.04358904,1302.6,6308.44,2927.97,1.684438356,6.9,889
2068,Parsa,23600,3500,Wheat,24.95857534,31.00621918,19.79167123,60.04358904,1302.6,6308.44,2927.97,1.684438356,6.9,889
2068,Parsa,40,1200,Barley,24.95857534,31.00621918,19.79167123,60.04358904,1302.6,6308.44,2927.97,1.684438356,6.9,889
2068,Pyuthan,6525,2800,Paddy,21.45383562,27.08805479,16.96084932,59.62912329,1549.57,6163.7,2691.24,1.791479452,6.5,14230
2068,Pyuthan,12058,1691,Maize,21.45383562,27.08805479,16.96084932,59.62912329,1549.57,6163.7,2691.24,1.791479452,6.5,14230
2068,Pyuthan,1985,1007.6,Millet,21.45383562,27.08805479,16.96084932,59.62912329,1549.57,6163.7,2691.24,1.791479452,6.5,14230
2068,Pyuthan,13,808,Buckwheat,21.45383562,27.08805479,16.96084932,59.62912329,1549.57,6163.7,2691.24,1.791479452,6.5,14230
2068,Pyuthan,8650,2220,Wheat,21.45383562,27.08805479,16.96084932,59.62912329,1549.57,6163.7,2691.24,1.791479452,6.5,14230
2068,Pyuthan,510,1539,Barley,21.45383562,27.08805479,16.96084932,59.62912329,1549.57,6163.7,2691.24,1.791479452,6.5,14230
2068,Ramechap,9408,3210,Paddy,13.29679452,18.50268493,9.365013699,66.98326027,930.67,5866.04,2621.46,1.566767123,5.4,295
2068,Ramechap,20041,2500,Maize,13.29679452,18.50268493,9.365013699,66.98326027,930.67,5866.04,2621.46,1.566767123,5.4,295
2068,Ramechap,5057,1200,Millet,13.29679452,18.50268493,9.365013699,66.98326027,930.67,5866.04,2621.46,1.566767123,5.4,295
2068,Ramechap,19,1000,Buckwheat,13.29679452,18.50268493,9.365013699,66.98326027,930.67,5866.04,2621.46,1.566767123,5.4,295
2068,Ramechap,4458,1860,Wheat,13.29679452,18.50268493,9.365013699,66.98326027,930.67,5866.04,2621.46,1.566767123,5.4,295
2068,Ramechap,170,647,Barley,13.29679452,18.50268493,9.365013699,66.98326027,930.67,5866.04,2621.46,1.566767123,5.4,295
2068,Rasuwa,1304,2760,Paddy,8.721780822,14.17112329,4.426958904,68.4749863,876.19,6224.3,2749.98,1.706547945,6.1,1151
2068,Rasuwa,2374,1980,Maize,8.721780822,14.17112329,4.426958904,68.4749863,876.19,6224.3,2749.98,1.706547945,6.1,1151
2068,Rasuwa,980,920,Millet,8.721780822,14.17112329,4.426958904,68.4749863,876.19,6224.3,2749.98,1.706547945,6.1,1151
2068,Rasuwa,0,0,Buckwheat,8.721780822,14.17112329,4.426958904,68.4749863,876.19,6224.3,2749.98,1.706547945,6.1,1151
2068,Rasuwa,700,2350,Wheat,8.721780822,14.17112329,4.426958904,68.4749863,876.19,6224.3,2749.98,1.706547945,6.1,1151
2068,Rasuwa,300,1327,Barley,8.721780822,14.17112329,4.426958904,68.4749863,876.19,6224.3,2749.98,1.706547945,6.1,1151
2068,Rautahat,40650,3350,Paddy,23.88679452,29.6760274,19.25016438,59.72684932,1282.27,6027.74,2710.06,1.610712329,6.8,13654
2068,Rautahat,1680,3150,Maize,23.88679452,29.6760274,19.25016438,59.72684932,1282.27,6027.74,2710.06,1.610712329,6.8,13654
2068,Rautahat,60,850,Millet,23.88679452,29.6760274,19.25016438,59.72684932,1282.27,6027.74,2710.06,1.610712329,6.8,13654
2068,Rautahat,0,0,Buckwheat,23.88679452,29.6760274,19.25016438,59.72684932,1282.27,6027.74,2710.06,1.610712329,6.8,13654
2068,Rautahat,15550,2677,Wheat,23.88679452,29.6760274,19.25016438,59.72684932,1282.27,6027.74,2710.06,1.610712329,6.8,13654
2068,Rautahat,5,1000,Barley,23.88679452,29.6760274,19.25016438,59.72684932,1282.27,6027.74,2710.06,1.610712329,6.8,13654
2068,Rolpa,4715,2757,Paddy,14.44471233,20.11493151,9.879890411,64.71654795,1605.75,6163.7,2691.24,1.640164384,6.1,421
2068,Rolpa,11667,2169,Maize,14.44471233,20.11493151,9.879890411,64.71654795,1605.75,6163.7,2691.24,1.640164384,6.1,421
2068,Rolpa,1059,1000,Millet,14.44471233,20.11493151,9.879890411,64.71654795,1605.75,6163.7,2691.24,1.640164384,6.1,421
2068,Rolpa,122,533,Buckwheat,14.44471233,20.11493151,9.879890411,64.71654795,1605.75,6163.7,2691.24,1.640164384,6.1,421
2068,Rolpa,8860,1900,Wheat,14.44471233,20.11493151,9.879890411,64.71654795,1605.75,6163.7,2691.24,1.640164384,6.1,421
2068,Rolpa,736,1250,Barley,14.44471233,20.11493151,9.879890411,64.71654795,1605.75,6163.7,2691.24,1.640164384,6.1,421
2068,Rukum,3562,2700,Paddy,14.44471233,20.11493151,9.879890411,64.71654795,1605.75,6206.77,2709.3,1.640164384,6.8,11770
2068,Rukum,16785,1800,Maize,14.44471233,20.11493151,9.879890411,64.71654795,1605.75,6206.77,2709.3,1.640164384,6.8,11770
2068,Rukum,960,950,Millet,14.44471233,20.11493151,9.879890411,64.71654795,1605.75,6206.77,2709.3,1.640164384,6.8,11770
2068,Rukum,0,0,Buckwheat,14.44471233,20.11493151,9.879890411,64.71654795,1605.75,6206.77,2709.3,1.640164384,6.8,11770
2068,Rukum,11800,2219,Wheat,14.44471233,20.11493151,9.879890411,64.71654795,1605.75,6206.77,2709.3,1.640164384,6.8,11770
2068,Rukum,925,1600,Barley,14.44471233,20.11493151,9.879890411,64.71654795,1605.75,6206.77,2709.3,1.640164384,6.8,11770
2068,Rupandehi,70500,4270,Paddy,24.37169863,30.32550685,19.35249315,58.21660274,1395.13,6379.5,2968.06,1.518849315,6.6,399
2068,Rupandehi,2300,3000,Maize,24.37169863,30.32550685,19.35249315,58.21660274,1395.13,6379.5,2968.06,1.518849315,6.6,399
2068,Rupandehi,0,0,Millet,24.37169863,30.32550685,19.35249315,58.21660274,1395.13,6379.5,2968.06,1.518849315,6.6,399
2068,Rupandehi,0,0,Buckwheat,24.37169863,30.32550685,19.35249315,58.21660274,1395.13,6379.5,2968.06,1.518849315,6.6,399
2068,Rupandehi,30500,3500,Wheat,24.37169863,30.32550685,19.35249315,58.21660274,1395.13,6379.5,2968.06,1.518849315,6.6,399
2068,Rupandehi,100,2100,Barley,24.37169863,30.32550685,19.35249315,58.21660274,1395.13,6379.5,2968.06,1.518849315,6.6,399
2068,Salyan,6961,3200,Paddy,21.45383562,27.08805479,16.96084932,59.62912329,1549.57,6163.7,2691.24,1.791479452,5.9,395
2068,Salyan,11588,2399,Maize,21.45383562,27.08805479,16.96084932,59.62912329,1549.57,6163.7,2691.24,1.791479452,5.9,395
2068,Salyan,1780,1303.4,Millet,21.45383562,27.08805479,16.96084932,59.62912329,1549.57,6163.7,2691.24,1.791479452,5.9,395
2068,Salyan,75,1067,Buckwheat,21.45383562,27.08805479,16.96084932,59.62912329,1549.57,6163.7,2691.24,1.791479452,5.9,395
2068,Salyan,15120,1902,Wheat,21.45383562,27.08805479,16.96084932,59.62912329,1549.57,6163.7,2691.24,1.791479452,5.9,395
2068,Salyan,1270,1110,Barley,21.45383562,27.08805479,16.96084932,59.62912329,1549.57,6163.7,2691.24,1.791479452,5.9,395
2068,Sankhuwashava,15812,2315,Paddy,10.28821918,15.82780822,6.132876712,74.26553425,1004.93,5553.18,2458.75,1.773369863,5.6,21112
2068,Sankhuwashava,13055,1700,Maize,10.28821918,15.82780822,6.132876712,74.26553425,1004.93,5553.18,2458.75,1.773369863,5.6,21112
2068,Sankhuwashava,9975,1000,Millet,10.28821918,15.82780822,6.132876712,74.26553425,1004.93,5553.18,2458.75,1.773369863,5.6,21112
2068,Sankhuwashava,20,550,Buckwheat,10.28821918,15.82780822,6.132876712,74.26553425,1004.93,5553.18,2458.75,1.773369863,5.6,21112
2068,Sankhuwashava,1450,1966,Wheat,10.28821918,15.82780822,6.132876712,74.26553425,1004.93,5553.18,2458.75,1.773369863,5.6,21112
2068,Sankhuwashava,35,743,Barley,10.28821918,15.82780822,6.132876712,74.26553425,1004.93,5553.18,2458.75,1.773369863,5.6,21112
2068,Saptari,60000,2950,Paddy,24.41008219,29.94216438,19.74950685,62.81591781,1348.84,5938.49,2667.3,1.710219178,6.6,742
2068,Saptari,4000,2000,Maize,24.41008219,29.94216438,19.74950685,62.81591781,1348.84,5938.49,2667.3,1.710219178,6.6,742
2068,Saptari,250,1500,Millet,24.41008219,29.94216438,19.74950685,62.81591781,1348.84,5938.49,2667.3,1.710219178,6.6,742
2068,Saptari,0,0,Buckwheat,24.41008219,29.94216438,19.74950685,62.81591781,1348.84,5938.49,2667.3,1.710219178,6.6,742
2068,Saptari,18000,2533,Wheat,24.41008219,29.94216438,19.74950685,62.81591781,1348.84,5938.49,2667.3,1.710219178,6.6,742
2068,Saptari,0,0,Barley,24.41008219,29.94216438,19.74950685,62.81591781,1348.84,5938.49,2667.3,1.710219178,6.6,742
2068,Sarlahi,39352,3650,Paddy,23.88679452,29.6760274,19.25016438,59.72684932,1282.27,6027.74,2710.06,1.610712329,6.6,748
2068,Sarlahi,10050,4100,Maize,23.88679452,29.6760274,19.25016438,59.72684932,1282.27,6027.74,2710.06,1.610712329,6.6,748
2068,Sarlahi,1000,1000,Millet,23.88679452,29.6760274,19.25016438,59.72684932,1282.27,6027.74,2710.06,1.610712329,6.6,748
2068,Sarlahi,0,0,Buckwheat,23.88679452,29.6760274,19.25016438,59.72684932,1282.27,6027.74,2710.06,1.610712329,6.6,748
2068,Sarlahi,28000,2400,Wheat,23.88679452,29.6760274,19.25016438,59.72684932,1282.27,6027.74,2710.06,1.610712329,6.6,748
2068,Sarlahi,300,1500,Barley,23.88679452,29.6760274,19.25016438,59.72684932,1282.27,6027.74,2710.06,1.610712329,6.6,748
2068,Sindhuli,10265,3200,Paddy,22.08717808,27.54657534,17.85353425,60.90019178,1167.9,5866.04,2621.46,1.60890411,6,12812
2068,Sindhuli,15450,2600,Maize,22.08717808,27.54657534,17.85353425,60.90019178,1167.9,5866.04,2621.46,1.60890411,6,12812
2068,Sindhuli,11610,900,Millet,22.08717808,27.54657534,17.85353425,60.90019178,1167.9,5866.04,2621.46,1.60890411,6,12812
2068,Sindhuli,535,500,Buckwheat,22.08717808,27.54657534,17.85353425,60.90019178,1167.9,5866.04,2621.46,1.60890411,6,12812
2068,Sindhuli,5550,2468,Wheat,22.08717808,27.54657534,17.85353425,60.90019178,1167.9,5866.04,2621.46,1.60890411,6,12812
2068,Sindhuli,56,1161,Barley,22.08717808,27.54657534,17.85353425,60.90019178,1167.9,5866.04,2621.46,1.60890411,6,12812
2068,Sindhupalchok,12300,2300,Paddy,8.721780822,14.17112329,4.426958904,68.4749863,876.19,6223.78,2785.1,1.706547945,5.6,7437
2068,Sindhupalchok,24925,2290,Maize,8.721780822,14.17112329,4.426958904,68.4749863,876.19,6223.78,2785.1,1.706547945,5.6,7437
2068,Sindhupalchok,19330,1100,Millet,8.721780822,14.17112329,4.426958904,68.4749863,876.19,6223.78,2785.1,1.706547945,5.6,7437
2068,Sindhupalchok,25,450,Buckwheat,8.721780822,14.17112329,4.426958904,68.4749863,876.19,6223.78,2785.1,1.706547945,5.6,7437
2068,Sindhupalchok,7010,1000,Wheat,8.721780822,14.17112329,4.426958904,68.4749863,876.19,6223.78,2785.1,1.706547945,5.6,7437
2068,Sindhupalchok,210,1000,Barley,8.721780822,14.17112329,4.426958904,68.4749863,876.19,6223.78,2785.1,1.706547945,5.6,7437
2068,Siraha,61000,2871,Paddy,24.97687671,30.91660274,20.04476712,60.4570137,1253.73,5938.49,2667.3,1.822438356,6.8,4139
2068,Siraha,3100,2200,Maize,24.97687671,30.91660274,20.04476712,60.4570137,1253.73,5938.49,2667.3,1.822438356,6.8,4139
2068,Siraha,600,1000,Millet,24.97687671,30.91660274,20.04476712,60.4570137,1253.73,5938.49,2667.3,1.822438356,6.8,4139
2068,Siraha,0,0,Buckwheat,24.97687671,30.91660274,20.04476712,60.4570137,1253.73,5938.49,2667.3,1.822438356,6.8,4139
2068,Siraha,15725,1900,Wheat,24.97687671,30.91660274,20.04476712,60.4570137,1253.73,5938.49,2667.3,1.822438356,6.8,4139
2068,Siraha,0,0,Barley,24.97687671,30.91660274,20.04476712,60.4570137,1253.73,5938.49,2667.3,1.822438356,6.8,4139
2068,Solukhumbu,1620,2200,Paddy,9.026821918,14.42463014,4.89630137,71.02054795,867.27,5866.04,2621.46,1.792136986,5.8,4536
2068,Solukhumbu,12955,2500,Maize,9.026821918,14.42463014,4.89630137,71.02054795,867.27,5866.04,2621.46,1.792136986,5.8,4536
2068,Solukhumbu,2100,1400,Millet,9.026821918,14.42463014,4.89630137,71.02054795,867.27,5866.04,2621.46,1.792136986,5.8,4536
2068,Solukhumbu,320,700,Buckwheat,9.026821918,14.42463014,4.89630137,71.02054795,867.27,5866.04,2621.46,1.792136986,5.8,4536
2068,Solukhumbu,3750,1949,Wheat,9.026821918,14.42463014,4.89630137,71.02054795,867.27,5866.04,2621.46,1.792136986,5.8,4536
2068,Solukhumbu,200,1000,Barley,9.026821918,14.42463014,4.89630137,71.02054795,867.27,5866.04,2621.46,1.792136986,5.8,4536
2068,Sunsari,53550,3100,Paddy,23.75575342,29.1789863,19.22808219,64.99912329,1799.18,5788.14,2603,1.598465753,6.6,11556
2068,Sunsari,7845,2800,Maize,23.75575342,29.1789863,19.22808219,64.99912329,1799.18,5788.14,2603,1.598465753,6.6,11556
2068,Sunsari,800,930,Millet,23.75575342,29.1789863,19.22808219,64.99912329,1799.18,5788.14,2603,1.598465753,6.6,11556
2068,Sunsari,400,930,Buckwheat,23.75575342,29.1789863,19.22808219,64.99912329,1799.18,5788.14,2603,1.598465753,6.6,11556
2068,Sunsari,17500,2600,Wheat,23.75575342,29.1789863,19.22808219,64.99912329,1799.18,5788.14,2603,1.598465753,6.6,11556
2068,Sunsari,0,0,Barley,23.75575342,29.1789863,19.22808219,64.99912329,1799.18,5788.14,2603,1.598465753,6.6,11556
2068,Surkhet,14600,3719,Paddy,19.5280274,24.96635616,15.06112329,61.66041096,1697.86,6009.41,2679.97,1.477671233,5.9,194
2068,Surkhet,16100,2838,Maize,19.5280274,24.96635616,15.06112329,61.66041096,1697.86,6009.41,2679.97,1.477671233,5.9,194
2068,Surkhet,2095,1336.5,Millet,19.5280274,24.96635616,15.06112329,61.66041096,1697.86,6009.41,2679.97,1.477671233,5.9,194
2068,Surkhet,0,0,Buckwheat,19.5280274,24.96635616,15.06112329,61.66041096,1697.86,6009.41,2679.97,1.477671233,5.9,194
2068,Surkhet,16255,3045,Wheat,19.5280274,24.96635616,15.06112329,61.66041096,1697.86,6009.41,2679.97,1.477671233,5.9,194
2068,Surkhet,1030,1320,Barley,19.5280274,24.96635616,15.06112329,61.66041096,1697.86,6009.41,2679.97,1.477671233,5.9,194
2068,Syangja,17000,3419,Paddy,18.81720548,23.86958904,14.82761644,62.80556164,1368.27,6044.06,2631.1,1.503643836,6,6524
2068,Syangja,26500,3500,Maize,18.81720548,23.86958904,14.82761644,62.80556164,1368.27,6044.06,2631.1,1.503643836,6,6524
2068,Syangja,16805,1150,Millet,18.81720548,23.86958904,14.82761644,62.80556164,1368.27,6044.06,2631.1,1.503643836,6,6524
2068,Syangja,205,634,Buckwheat,18.81720548,23.86958904,14.82761644,62.80556164,1368.27,6044.06,2631.1,1.503643836,6,6524
2068,Syangja,5800,2095,Wheat,18.81720548,23.86958904,14.82761644,62.80556164,1368.27,6044.06,2631.1,1.503643836,6,6524
2068,Syangja,9,889,Barley,18.81720548,23.86958904,14.82761644,62.80556164,1368.27,6044.06,2631.1,1.503643836,6,6524
2068,Tanahu,13150,3278,Paddy,18.81720548,23.86958904,14.82761644,62.80556164,1368.27,6308.44,2927.97,1.503643836,5.6,2049
2068,Tanahu,22150,2888,Maize,18.81720548,23.86958904,14.82761644,62.80556164,1368.27,6308.44,2927.97,1.503643836,5.6,2049
2068,Tanahu,6710,1000,Millet,18.81720548,23.86958904,14.82761644,62.80556164,1368.27,6308.44,2927.97,1.503643836,5.6,2049
2068,Tanahu,191,963,Buckwheat,18.81720548,23.86958904,14.82761644,62.80556164,1368.27,6308.44,2927.97,1.503643836,5.6,2049
2068,Tanahu,1900,1908,Wheat,18.81720548,23.86958904,14.82761644,62.80556164,1368.27,6308.44,2927.97,1.503643836,5.6,2049
2068,Tanahu,6,1000,Barley,18.81720548,23.86958904,14.82761644,62.80556164,1368.27,6308.44,2927.97,1.503643836,5.6,2049
2068,Taplejung,10477,2116,Paddy,5.073835616,10.36115068,1.099890411,76.25758904,1136.22,5553.18,2458.75,1.571260274,5.4,1277
2068,Taplejung,16075,2371,Maize,5.073835616,10.36115068,1.099890411,76.25758904,1136.22,5553.18,2458.75,1.571260274,5.4,1277
2068,Taplejung,3050,1150,Millet,5.073835616,10.36115068,1.099890411,76.25758904,1136.22,5553.18,2458.75,1.571260274,5.4,1277
2068,Taplejung,155,1097,Buckwheat,5.073835616,10.36115068,1.099890411,76.25758904,1136.22,5553.18,2458.75,1.571260274,5.4,1277
2068,Taplejung,1210,2300,Wheat,5.073835616,10.36115068,1.099890411,76.25758904,1136.22,5553.18,2458.75,1.571260274,5.4,1277
2068,Taplejung,240,1167,Barley,5.073835616,10.36115068,1.099890411,76.25758904,1136.22,5553.18,2458.75,1.571260274,5.4,1277
2068,Terhathum,10662,2300,Paddy,19.40734247,24.42827397,15.50372603,68.06693151,1519.44,5553.18,2458.75,1.468054795,5.6,611
2068,Terhathum,12350,2100,Maize,19.40734247,24.42827397,15.50372603,68.06693151,1519.44,5553.18,2458.75,1.468054795,5.6,611
2068,Terhathum,2700,1133.7,Millet,19.40734247,24.42827397,15.50372603,68.06693151,1519.44,5553.18,2458.75,1.468054795,5.6,611
2068,Terhathum,35,743,Buckwheat,19.40734247,24.42827397,15.50372603,68.06693151,1519.44,5553.18,2458.75,1.468054795,5.6,611
2068,Terhathum,2750,1980,Wheat,19.40734247,24.42827397,15.50372603,68.06693151,1519.44,5553.18,2458.75,1.468054795,5.6,611
2068,Terhathum,75,893,Barley,19.40734247,24.42827397,15.50372603,68.06693151,1519.44,5553.18,2458.75,1.468054795,5.6,611
2068,Udayapur,16857,3008,Paddy,17.89526027,22.92641096,14.13367123,69.93153425,1767.63,5788.14,2603,1.220630137,5.4,1273
2068,Udayapur,16880,2068,Maize,17.89526027,22.92641096,14.13367123,69.93153425,1767.63,5788.14,2603,1.220630137,5.4,1273
2068,Udayapur,2575,1700,Millet,17.89526027,22.92641096,14.13367123,69.93153425,1767.63,5788.14,2603,1.220630137,5.4,1273
2068,Udayapur,18,950,Buckwheat,17.89526027,22.92641096,14.13367123,69.93153425,1767.63,5788.14,2603,1.220630137,5.4,1273
2068,Udayapur,5115,2800,Wheat,17.89526027,22.92641096,14.13367123,69.93153425,1767.63,5788.14,2603,1.220630137,5.4,1273
2068,Udayapur,39,949,Barley,17.89526027,22.92641096,14.13367123,69.93153425,1767.63,5788.14,2603,1.220630137,5.4,1273
2069,Achham,12569,2477,Paddy,12.19797814,17.825,7.484918033,64.81412568,1001.08,6272.08,2723.06,1.567650273,6.1,76
2069,Achham,3350,2843,Maize,12.19797814,17.825,7.484918033,64.81412568,1001.08,6272.08,2723.06,1.567650273,6.1,76
2069,Achham,3414,970,Millet,12.19797814,17.825,7.484918033,64.81412568,1001.08,6272.08,2723.06,1.567650273,6.1,76
2069,Achham,0,0,Buckwheat,12.19797814,17.825,7.484918033,64.81412568,1001.08,6272.08,2723.06,1.567650273,6.1,76
2069,Achham,15332,1575,Wheat,12.19797814,17.825,7.484918033,64.81412568,1001.08,6272.08,2723.06,1.567650273,6.1,76
2069,Achham,512,1100,Barley,12.19797814,17.825,7.484918033,64.81412568,1001.08,6272.08,2723.06,1.567650273,6.1,76
2069,Arghakhanchi,8672,2933,Paddy,19.7384153,25.37945355,15.43775956,55.64431694,1503.12,6587.61,3028.14,1.765819672,5.9,612
2069,Arghakhanchi,16914,2923,Maize,19.7384153,25.37945355,15.43775956,55.64431694,1503.12,6587.61,3028.14,1.765819672,5.9,612
2069,Arghakhanchi,505,1200,Millet,19.7384153,25.37945355,15.43775956,55.64431694,1503.12,6587.61,3028.14,1.765819672,5.9,612
2069,Arghakhanchi,275,891,Buckwheat,19.7384153,25.37945355,15.43775956,55.64431694,1503.12,6587.61,3028.14,1.765819672,5.9,612
2069,Arghakhanchi,7340,1866,Wheat,19.7384153,25.37945355,15.43775956,55.64431694,1503.12,6587.61,3028.14,1.765819672,5.9,612
2069,Arghakhanchi,475,1200,Barley,19.7384153,25.37945355,15.43775956,55.64431694,1503.12,6587.61,3028.14,1.765819672,5.9,612
2069,Baglung,5934,3087,Paddy,19.26103825,24.76915301,14.97270492,57.13614754,1519.52,6273.68,2705.23,1.565382514,5.7,439
2069,Baglung,20344,2786,Maize,19.26103825,24.76915301,14.97270492,57.13614754,1519.52,6273.68,2705.23,1.565382514,5.7,439
2069,Baglung,18635,1180,Millet,19.26103825,24.76915301,14.97270492,57.13614754,1519.52,6273.68,2705.23,1.565382514,5.7,439
2069,Baglung,82,1451,Buckwheat,19.26103825,24.76915301,14.97270492,57.13614754,1519.52,6273.68,2705.23,1.565382514,5.7,439
2069,Baglung,7060,1884,Wheat,19.26103825,24.76915301,14.97270492,57.13614754,1519.52,6273.68,2705.23,1.565382514,5.7,439
2069,Baglung,978,1251,Barley,19.26103825,24.76915301,14.97270492,57.13614754,1519.52,6273.68,2705.23,1.565382514,5.7,439
2069,Baitadi,6500,2197,Paddy,10.84035519,16.7192623,5.826885246,63.01948087,679.69,6581.86,2899.42,1.645546448,6,109
2069,Baitadi,14500,1300,Maize,10.84035519,16.7192623,5.826885246,63.01948087,679.69,6581.86,2899.42,1.645546448,6,109
2069,Baitadi,700,1300,Millet,10.84035519,16.7192623,5.826885246,63.01948087,679.69,6581.86,2899.42,1.645546448,6,109
2069,Baitadi,0,0,Buckwheat,10.84035519,16.7192623,5.826885246,63.01948087,679.69,6581.86,2899.42,1.645546448,6,109
2069,Baitadi,12000,2000,Wheat,10.84035519,16.7192623,5.826885246,63.01948087,679.69,6581.86,2899.42,1.645546448,6,109
2069,Baitadi,1000,1600,Barley,10.84035519,16.7192623,5.826885246,63.01948087,679.69,6581.86,2899.42,1.645546448,6,109
2069,Bajhang,7006,2930,Paddy,10.84035519,16.7192623,5.826885246,63.01948087,679.69,6272.08,2723.06,1.645546448,5.6,147
2069,Bajhang,3652,1800,Maize,10.84035519,16.7192623,5.826885246,63.01948087,679.69,6272.08,2723.06,1.645546448,5.6,147
2069,Bajhang,2286,900,Millet,10.84035519,16.7192623,5.826885246,63.01948087,679.69,6272.08,2723.06,1.645546448,5.6,147
2069,Bajhang,7,571,Buckwheat,10.84035519,16.7192623,5.826885246,63.01948087,679.69,6272.08,2723.06,1.645546448,5.6,147
2069,Bajhang,10982,2000,Wheat,10.84035519,16.7192623,5.826885246,63.01948087,679.69,6272.08,2723.06,1.645546448,5.6,147
2069,Bajhang,3726,761,Barley,10.84035519,16.7192623,5.826885246,63.01948087,679.69,6272.08,2723.06,1.645546448,5.6,147
2069,Bajura,3310,2300,Paddy,8.571448087,14.68382514,3.445737705,65.37836066,698.98,6272.08,2723.06,1.633169399,6,154
2069,Bajura,790,2300,Maize,8.571448087,14.68382514,3.445737705,65.37836066,698.98,6272.08,2723.06,1.633169399,6,154
2069,Bajura,2610,1000,Millet,8.571448087,14.68382514,3.445737705,65.37836066,698.98,6272.08,2723.06,1.633169399,6,154
2069,Bajura,7,1571,Buckwheat,8.571448087,14.68382514,3.445737705,65.37836066,698.98,6272.08,2723.06,1.633169399,6,154
2069,Bajura,4950,1784,Wheat,8.571448087,14.68382514,3.445737705,65.37836066,698.98,6272.08,2723.06,1.633169399,6,154
2069,Bajura,1072,1399,Barley,8.571448087,14.68382514,3.445737705,65.37836066,698.98,6272.08,2723.06,1.633169399,6,154
2069,Banke,33675,3244,Paddy,19.8702459,25.56734973,15.15844262,57.30959016,1194.6,6161.09,2718.29,1.575218579,6.4,5913
2069,Banke,10697,2782,Maize,19.8702459,25.56734973,15.15844262,57.30959016,1194.6,6161.09,2718.29,1.575218579,6.4,5913
2069,Banke,0,0,Millet,19.8702459,25.56734973,15.15844262,57.30959016,1194.6,6161.09,2718.29,1.575218579,6.4,5913
2069,Banke,0,0,Buckwheat,19.8702459,25.56734973,15.15844262,57.30959016,1194.6,6161.09,2718.29,1.575218579,6.4,5913
2069,Banke,17836,3134,Wheat,19.8702459,25.56734973,15.15844262,57.30959016,1194.6,6161.09,2718.29,1.575218579,6.4,5913
2069,Banke,10,1000,Barley,19.8702459,25.56734973,15.15844262,57.30959016,1194.6,6161.09,2718.29,1.575218579,6.4,5913
2069,Bara,53400,4342,Paddy,24.72868852,31.20497268,19.40486339,55.01614754,1111.25,6554.75,3003.23,1.735710383,6.7,7732
2069,Bara,5150,4101,Maize,24.72868852,31.20497268,19.40486339,55.01614754,1111.25,6554.75,3003.23,1.735710383,6.7,7732
2069,Bara,70,1300,Millet,24.72868852,31.20497268,19.40486339,55.01614754,1111.25,6554.75,3003.23,1.735710383,6.7,7732
2069,Bara,0,0,Buckwheat,24.72868852,31.20497268,19.40486339,55.01614754,1111.25,6554.75,3003.23,1.735710383,6.7,7732
2069,Bara,29200,3240,Wheat,24.72868852,31.20497268,19.40486339,55.01614754,1111.25,6554.75,3003.23,1.735710383,6.7,7732
2069,Bara,72,875,Barley,24.72868852,31.20497268,19.40486339,55.01614754,1111.25,6554.75,3003.23,1.735710383,6.7,7732
2069,Bardiya,45000,3546,Paddy,24.64915301,30.76404372,19.57398907,53.12789617,1208.13,6161.09,2718.29,1.737650273,6.8,7655
2069,Bardiya,8000,2500,Maize,24.64915301,30.76404372,19.57398907,53.12789617,1208.13,6161.09,2718.29,1.737650273,6.8,7655
2069,Bardiya,0,0,Millet,24.64915301,30.76404372,19.57398907,53.12789617,1208.13,6161.09,2718.29,1.737650273,6.8,7655
2069,Bardiya,0,0,Buckwheat,24.64915301,30.76404372,19.57398907,53.12789617,1208.13,6161.09,2718.29,1.737650273,6.8,7655
2069,Bardiya,23500,3166,Wheat,24.64915301,30.76404372,19.57398907,53.12789617,1208.13,6161.09,2718.29,1.737650273,6.8,7655
2069,Bardiya,10,1000,Barley,24.64915301,30.76404372,19.57398907,53.12789617,1208.13,6161.09,2718.29,1.737650273,6.8,7655
2069,Bhaktapur,4348,5900,Paddy,18.8945082,24.56300546,14.60336066,56.42721311,1029.32,6630.86,2937.65,1.56920765,5.8,2771
2069,Bhaktapur,1969,4000,Maize,18.8945082,24.56300546,14.60336066,56.42721311,1029.32,6630.86,2937.65,1.56920765,5.8,2771
2069,Bhaktapur,106,1415,Millet,18.8945082,24.56300546,14.60336066,56.42721311,1029.32,6630.86,2937.65,1.56920765,5.8,2771
2069,Bhaktapur,0,0,Buckwheat,18.8945082,24.56300546,14.60336066,56.42721311,1029.32,6630.86,2937.65,1.56920765,5.8,2771
2069,Bhaktapur,3150,3670,Wheat,18.8945082,24.56300546,14.60336066,56.42721311,1029.32,6630.86,2937.65,1.56920765,5.8,2771
2069,Bhaktapur,50,1100,Barley,18.8945082,24.56300546,14.60336066,56.42721311,1029.32,6630.86,2937.65,1.56920765,5.8,2771
2069,Bhojpur,16150,2743,Paddy,4.855601093,10.40696721,0.721393443,70.49827869,918.14,5907.77,2588.9,1.661502732,5.4,15732
2069,Bhojpur,25790,2965,Maize,4.855601093,10.40696721,0.721393443,70.49827869,918.14,5907.77,2588.9,1.661502732,5.4,15732
2069,Bhojpur,5505,800,Millet,4.855601093,10.40696721,0.721393443,70.49827869,918.14,5907.77,2588.9,1.661502732,5.4,15732
2069,Bhojpur,17,706,Buckwheat,4.855601093,10.40696721,0.721393443,70.49827869,918.14,5907.77,2588.9,1.661502732,5.4,15732
2069,Bhojpur,2510,2199,Wheat,4.855601093,10.40696721,0.721393443,70.49827869,918.14,5907.77,2588.9,1.661502732,5.4,15732
2069,Bhojpur,25,1000,Barley,4.855601093,10.40696721,0.721393443,70.49827869,918.14,5907.77,2588.9,1.661502732,5.4,15732
2069,Chitwan,28625,3312,Paddy,24.15693989,30.26185792,19.16431694,54.58882514,1200.67,6554.75,3003.23,1.449699454,6.1,615
2069,Chitwan,3490,3009,Maize,24.15693989,30.26185792,19.16431694,54.58882514,1200.67,6554.75,3003.23,1.449699454,6.1,615
2069,Chitwan,1650,1000,Millet,24.15693989,30.26185792,19.16431694,54.58882514,1200.67,6554.75,3003.23,1.449699454,6.1,615
2069,Chitwan,0,0,Buckwheat,24.15693989,30.26185792,19.16431694,54.58882514,1200.67,6554.75,3003.23,1.449699454,6.1,615
2069,Chitwan,8750,3443,Wheat,24.15693989,30.26185792,19.16431694,54.58882514,1200.67,6554.75,3003.23,1.449699454,6.1,615
2069,Chitwan,50,1000,Barley,24.15693989,30.26185792,19.16431694,54.58882514,1200.67,6554.75,3003.23,1.449699454,6.1,615
2069,Dadeldhura,6221,2638,Paddy,15.7352459,21.69699454,10.71967213,56.91737705,810.61,6581.86,2899.42,1.496557377,5.9,10437
2069,Dadeldhura,3744,2200,Maize,15.7352459,21.69699454,10.71967213,56.91737705,810.61,6581.86,2899.42,1.496557377,5.9,10437
2069,Dadeldhura,320,813,Millet,15.7352459,21.69699454,10.71967213,56.91737705,810.61,6581.86,2899.42,1.496557377,5.9,10437
2069,Dadeldhura,0,0,Buckwheat,15.7352459,21.69699454,10.71967213,56.91737705,810.61,6581.86,2899.42,1.496557377,5.9,10437
2069,Dadeldhura,8710,2180,Wheat,15.7352459,21.69699454,10.71967213,56.91737705,810.61,6581.86,2899.42,1.496557377,5.9,10437
2069,Dadeldhura,220,950,Barley,15.7352459,21.69699454,10.71967213,56.91737705,810.61,6581.86,2899.42,1.496557377,5.9,10437
2069,Dailekh,8507,3051,Paddy,12.19797814,17.825,7.484918033,64.81412568,1001.08,6161.09,2718.29,1.567650273,5.9,18
2069,Dailekh,20150,1835,Maize,12.19797814,17.825,7.484918033,64.81412568,1001.08,6161.09,2718.29,1.567650273,5.9,18
2069,Dailekh,2422,1091,Millet,12.19797814,17.825,7.484918033,64.81412568,1001.08,6161.09,2718.29,1.567650273,5.9,18
2069,Dailekh,29,690,Buckwheat,12.19797814,17.825,7.484918033,64.81412568,1001.08,6161.09,2718.29,1.567650273,5.9,18
2069,Dailekh,16850,1615,Wheat,12.19797814,17.825,7.484918033,64.81412568,1001.08,6161.09,2718.29,1.567650273,5.9,18
2069,Dailekh,195,1338,Barley,12.19797814,17.825,7.484918033,64.81412568,1001.08,6161.09,2718.29,1.567650273,5.9,18
2069,Dang,37500,4197,Paddy,21.69521858,27.48163934,17.05005464,55.74281421,1333.71,6396,2763.86,1.875027322,5.8,24
2069,Dang,23400,2004,Maize,21.69521858,27.48163934,17.05005464,55.74281421,1333.71,6396,2763.86,1.875027322,5.8,24
2069,Dang,20,1000,Millet,21.69521858,27.48163934,17.05005464,55.74281421,1333.71,6396,2763.86,1.875027322,5.8,24
2069,Dang,0,0,Buckwheat,21.69521858,27.48163934,17.05005464,55.74281421,1333.71,6396,2763.86,1.875027322,5.8,24
2069,Dang,12650,2371,Wheat,21.69521858,27.48163934,17.05005464,55.74281421,1333.71,6396,2763.86,1.875027322,5.8,24
2069,Dang,50,1000,Barley,21.69521858,27.48163934,17.05005464,55.74281421,1333.71,6396,2763.86,1.875027322,5.8,24
2069,Darchula,4480,2461,Paddy,5.507131148,11.3276776,0.522568306,65.08434426,516.34,6581.86,2899.42,1.798442623,6,11824
2069,Darchula,5530,2036,Maize,5.507131148,11.3276776,0.522568306,65.08434426,516.34,6581.86,2899.42,1.798442623,6,11824
2069,Darchula,1310,600,Millet,5.507131148,11.3276776,0.522568306,65.08434426,516.34,6581.86,2899.42,1.798442623,6,11824
2069,Darchula,100,800,Buckwheat,5.507131148,11.3276776,0.522568306,65.08434426,516.34,6581.86,2899.42,1.798442623,6,11824
2069,Darchula,5965,2232,Wheat,5.507131148,11.3276776,0.522568306,65.08434426,516.34,6581.86,2899.42,1.798442623,6,11824
2069,Darchula,1116,1496,Barley,5.507131148,11.3276776,0.522568306,65.08434426,516.34,6581.86,2899.42,1.798442623,6,11824
2069,Dhading,12262,2720,Paddy,14.78754098,20.41849727,10.24057377,57.50527322,995.72,6554.75,3003.23,1.583743169,5.5,16
2069,Dhading,14873,1639,Maize,14.78754098,20.41849727,10.24057377,57.50527322,995.72,6554.75,3003.23,1.583743169,5.5,16
2069,Dhading,6930,930,Millet,14.78754098,20.41849727,10.24057377,57.50527322,995.72,6554.75,3003.23,1.583743169,5.5,16
2069,Dhading,0,0,Buckwheat,14.78754098,20.41849727,10.24057377,57.50527322,995.72,6554.75,3003.23,1.583743169,5.5,16
2069,Dhading,4810,2516,Wheat,14.78754098,20.41849727,10.24057377,57.50527322,995.72,6554.75,3003.23,1.583743169,5.5,16
2069,Dhading,350,1029,Barley,14.78754098,20.41849727,10.24057377,57.50527322,995.72,6554.75,3003.23,1.583743169,5.5,16
2069,Dhankuta,8495,2220,Paddy,19.87434426,25.57213115,15.47114754,59.79885246,1136.63,6069.62,2704.59,1.478306011,5.8,6572
2069,Dhankuta,18200,2160,Maize,19.87434426,25.57213115,15.47114754,59.79885246,1136.63,6069.62,2704.59,1.478306011,5.8,6572
2069,Dhankuta,7780,1000,Millet,19.87434426,25.57213115,15.47114754,59.79885246,1136.63,6069.62,2704.59,1.478306011,5.8,6572
2069,Dhankuta,0,0,Buckwheat,19.87434426,25.57213115,15.47114754,59.79885246,1136.63,6069.62,2704.59,1.478306011,5.8,6572
2069,Dhankuta,1400,2418,Wheat,19.87434426,25.57213115,15.47114754,59.79885246,1136.63,6069.62,2704.59,1.478306011,5.8,6572
2069,Dhankuta,10,1000,Barley,19.87434426,25.57213115,15.47114754,59.79885246,1136.63,6069.62,2704.59,1.478306011,5.8,6572
2069,Dhanusha,45790,2731,Paddy,22.40521858,28.63081967,17.60581967,53.94174863,984.93,6328.07,2820.79,1.771639344,6.6,1542
2069,Dhanusha,2019,3300,Maize,22.40521858,28.63081967,17.60581967,53.94174863,984.93,6328.07,2820.79,1.771639344,6.6,1542
2069,Dhanusha,300,1000,Millet,22.40521858,28.63081967,17.60581967,53.94174863,984.93,6328.07,2820.79,1.771639344,6.6,1542
2069,Dhanusha,0,0,Buckwheat,22.40521858,28.63081967,17.60581967,53.94174863,984.93,6328.07,2820.79,1.771639344,6.6,1542
2069,Dhanusha,40000,2700,Wheat,22.40521858,28.63081967,17.60581967,53.94174863,984.93,6328.07,2820.79,1.771639344,6.6,1542
2069,Dhanusha,1,1000,Barley,22.40521858,28.63081967,17.60581967,53.94174863,984.93,6328.07,2820.79,1.771639344,6.6,1542
2069,Dolakha,3150,1786,Paddy,1.259344262,7.281639344,-3.481803279,64.23786885,593.53,6323.39,2805.12,2.187513661,6.5,11408
2069,Dolakha,5009,2093,Maize,1.259344262,7.281639344,-3.481803279,64.23786885,593.53,6323.39,2805.12,2.187513661,6.5,11408
2069,Dolakha,3568,1177,Millet,1.259344262,7.281639344,-3.481803279,64.23786885,593.53,6323.39,2805.12,2.187513661,6.5,11408
2069,Dolakha,450,891,Buckwheat,1.259344262,7.281639344,-3.481803279,64.23786885,593.53,6323.39,2805.12,2.187513661,6.5,11408
2069,Dolakha,4650,1350,Wheat,1.259344262,7.281639344,-3.481803279,64.23786885,593.53,6323.39,2805.12,2.187513661,6.5,11408
2069,Dolakha,200,1050,Barley,1.259344262,7.281639344,-3.481803279,64.23786885,593.53,6323.39,2805.12,2.187513661,6.5,11408
2069,Dolpa,276,2065,Paddy,-2.113442623,4.066256831,-7.292595628,68.03666667,1087.98,6396,2763.86,1.964125683,6.6,1248
2069,Dolpa,2177,103,Maize,-2.113442623,4.066256831,-7.292595628,68.03666667,1087.98,6396,2763.86,1.964125683,6.6,1248
2069,Dolpa,390,700,Millet,-2.113442623,4.066256831,-7.292595628,68.03666667,1087.98,6396,2763.86,1.964125683,6.6,1248
2069,Dolpa,703,899,Buckwheat,-2.113442623,4.066256831,-7.292595628,68.03666667,1087.98,6396,2763.86,1.964125683,6.6,1248
2069,Dolpa,2600,2423,Wheat,-2.113442623,4.066256831,-7.292595628,68.03666667,1087.98,6396,2763.86,1.964125683,6.6,1248
2069,Dolpa,300,1667,Barley,-2.113442623,4.066256831,-7.292595628,68.03666667,1087.98,6396,2763.86,1.964125683,6.6,1248
2069,Doti,11715,1950,Paddy,15.7352459,21.69699454,10.71967213,56.91737705,810.61,6581.86,2899.42,1.496557377,5.9,22
2069,Doti,2630,1992,Maize,15.7352459,21.69699454,10.71967213,56.91737705,810.61,6581.86,2899.42,1.496557377,5.9,22
2069,Doti,5810,1000,Millet,15.7352459,21.69699454,10.71967213,56.91737705,810.61,6581.86,2899.42,1.496557377,5.9,22
2069,Doti,5,1600,Buckwheat,15.7352459,21.69699454,10.71967213,56.91737705,810.61,6581.86,2899.42,1.496557377,5.9,22
2069,Doti,16150,2100,Wheat,15.7352459,21.69699454,10.71967213,56.91737705,810.61,6581.86,2899.42,1.496557377,5.9,22
2069,Doti,240,1000,Barley,15.7352459,21.69699454,10.71967213,56.91737705,810.61,6581.86,2899.42,1.496557377,5.9,22
2069,Gorkha,12661,2966,Paddy,14.78754098,20.41849727,10.24057377,57.50527322,995.72,6554.75,3003.23,1.583743169,5.5,348
2069,Gorkha,19353,2350,Maize,14.78754098,20.41849727,10.24057377,57.50527322,995.72,6554.75,3003.23,1.583743169,5.5,348
2069,Gorkha,11605,1200,Millet,14.78754098,20.41849727,10.24057377,57.50527322,995.72,6554.75,3003.23,1.583743169,5.5,348
2069,Gorkha,392,1008,Buckwheat,14.78754098,20.41849727,10.24057377,57.50527322,995.72,6554.75,3003.23,1.583743169,5.5,348
2069,Gorkha,3910,1850,Wheat,14.78754098,20.41849727,10.24057377,57.50527322,995.72,6554.75,3003.23,1.583743169,5.5,348
2069,Gorkha,107,1103,Barley,14.78754098,20.41849727,10.24057377,57.50527322,995.72,6554.75,3003.23,1.583743169,5.5,348
2069,Gulmi,10408,2144,Paddy,19.7384153,25.37945355,15.43775956,55.64431694,1503.12,6587.61,3028.14,1.765819672,6.1,980
2069,Gulmi,24856,2355,Maize,19.7384153,25.37945355,15.43775956,55.64431694,1503.12,6587.61,3028.14,1.765819672,6.1,980
2069,Gulmi,2918,887,Millet,19.7384153,25.37945355,15.43775956,55.64431694,1503.12,6587.61,3028.14,1.765819672,6.1,980
2069,Gulmi,199,1030,Buckwheat,19.7384153,25.37945355,15.43775956,55.64431694,1503.12,6587.61,3028.14,1.765819672,6.1,980
2069,Gulmi,8105,1980,Wheat,19.7384153,25.37945355,15.43775956,55.64431694,1503.12,6587.61,3028.14,1.765819672,6.1,980
2069,Gulmi,380,1650,Barley,19.7384153,25.37945355,15.43775956,55.64431694,1503.12,6587.61,3028.14,1.765819672,6.1,980
2069,Humla,575,1591,Paddy,-1.190846995,4.879836066,-6.317103825,72.93418033,417.37,7354.33,3072.15,2.100983607,6.5,529
2069,Humla,112,1527,Maize,-1.190846995,4.879836066,-6.317103825,72.93418033,417.37,7354.33,3072.15,2.100983607,6.5,529
2069,Humla,1216,1053,Millet,-1.190846995,4.879836066,-6.317103825,72.93418033,417.37,7354.33,3072.15,2.100983607,6.5,529
2069,Humla,670,900,Buckwheat,-1.190846995,4.879836066,-6.317103825,72.93418033,417.37,7354.33,3072.15,2.100983607,6.5,529
2069,Humla,1015,1156,Wheat,-1.190846995,4.879836066,-6.317103825,72.93418033,417.37,7354.33,3072.15,2.100983607,6.5,529
2069,Humla,687,1233,Barley,-1.190846995,4.879836066,-6.317103825,72.93418033,417.37,7354.33,3072.15,2.100983607,6.5,529
2069,Illam,14815,3050,Paddy,18.37101093,23.88368852,14.31838798,61.73382514,1398.04,5907.77,2588.9,1.261530055,5.5,0
2069,Illam,31480,2490,Maize,18.37101093,23.88368852,14.31838798,61.73382514,1398.04,5907.77,2588.9,1.261530055,5.5,0
2069,Illam,3000,890,Millet,18.37101093,23.88368852,14.31838798,61.73382514,1398.04,5907.77,2588.9,1.261530055,5.5,0
2069,Illam,25,680,Buckwheat,18.37101093,23.88368852,14.31838798,61.73382514,1398.04,5907.77,2588.9,1.261530055,5.5,0
2069,Illam,4700,2757,Wheat,18.37101093,23.88368852,14.31838798,61.73382514,1398.04,5907.77,2588.9,1.261530055,5.5,0
2069,Illam,55,909,Barley,18.37101093,23.88368852,14.31838798,61.73382514,1398.04,5907.77,2588.9,1.261530055,5.5,0
2069,Jajarkot,3737,2784,Paddy,21.69521858,27.48163934,17.05005464,55.74281421,1333.71,6396,2763.86,1.875027322,6.2,1033
2069,Jajarkot,7890,1512,Maize,21.69521858,27.48163934,17.05005464,55.74281421,1333.71,6396,2763.86,1.875027322,6.2,1033
2069,Jajarkot,2106,1832,Millet,21.69521858,27.48163934,17.05005464,55.74281421,1333.71,6396,2763.86,1.875027322,6.2,1033
2069,Jajarkot,28,1107,Buckwheat,21.69521858,27.48163934,17.05005464,55.74281421,1333.71,6396,2763.86,1.875027322,6.2,1033
2069,Jajarkot,11900,1251,Wheat,21.69521858,27.48163934,17.05005464,55.74281421,1333.71,6396,2763.86,1.875027322,6.2,1033
2069,Jajarkot,600,600,Barley,21.69521858,27.48163934,17.05005464,55.74281421,1333.71,6396,2763.86,1.875027322,6.2,1033
2069,Jhapa,86700,3700,Paddy,24.03262295,29.88825137,19.47163934,60.68797814,1677.82,6069.62,2704.59,1.605027322,5.7,90
2069,Jhapa,36185,2270,Maize,24.03262295,29.88825137,19.47163934,60.68797814,1677.82,6069.62,2704.59,1.605027322,5.7,90
2069,Jhapa,1785,1000,Millet,24.03262295,29.88825137,19.47163934,60.68797814,1677.82,6069.62,2704.59,1.605027322,5.7,90
2069,Jhapa,1265,1000,Buckwheat,24.03262295,29.88825137,19.47163934,60.68797814,1677.82,6069.62,2704.59,1.605027322,5.7,90
2069,Jhapa,6500,3346,Wheat,24.03262295,29.88825137,19.47163934,60.68797814,1677.82,6069.62,2704.59,1.605027322,5.7,90
2069,Jhapa,8,750,Barley,24.03262295,29.88825137,19.47163934,60.68797814,1677.82,6069.62,2704.59,1.605027322,5.7,90
2069,Jumla,2950,2200,Paddy,8.571448087,14.68382514,3.445737705,65.37836066,698.98,6701.11,2816.56,1.633169399,6.5,11618
2069,Jumla,4500,1200,Maize,8.571448087,14.68382514,3.445737705,65.37836066,698.98,6701.11,2816.56,1.633169399,6.5,11618
2069,Jumla,3800,1200,Millet,8.571448087,14.68382514,3.445737705,65.37836066,698.98,6701.11,2816.56,1.633169399,6.5,11618
2069,Jumla,290,1000,Buckwheat,8.571448087,14.68382514,3.445737705,65.37836066,698.98,6701.11,2816.56,1.633169399,6.5,11618
2069,Jumla,2450,2200,Wheat,8.571448087,14.68382514,3.445737705,65.37836066,698.98,6701.11,2816.56,1.633169399,6.5,11618
2069,Jumla,3950,1853,Barley,8.571448087,14.68382514,3.445737705,65.37836066,698.98,6701.11,2816.56,1.633169399,6.5,11618
2069,Kailali,64400,2888,Paddy,25.00278689,31.4004918,19.57245902,53.0618306,1130.61,6203.38,2761.13,1.637486339,6.6,0
2069,Kailali,5700,2105,Maize,25.00278689,31.4004918,19.57245902,53.0618306,1130.61,6203.38,2761.13,1.637486339,6.6,0
2069,Kailali,400,1125,Millet,25.00278689,31.4004918,19.57245902,53.0618306,1130.61,6203.38,2761.13,1.637486339,6.6,0
2069,Kailali,25,1000,Buckwheat,25.00278689,31.4004918,19.57245902,53.0618306,1130.61,6203.38,2761.13,1.637486339,6.6,0
2069,Kailali,34500,2000,Wheat,25.00278689,31.4004918,19.57245902,53.0618306,1130.61,6203.38,2761.13,1.637486339,6.6,0
2069,Kailali,550,1200,Barley,25.00278689,31.4004918,19.57245902,53.0618306,1130.61,6203.38,2761.13,1.637486339,6.6,0
2069,Kalikot,3062,2038,Paddy,12.19797814,17.825,7.484918033,64.81412568,1001.08,6272.08,2723.06,1.567650273,6.2,17454
2069,Kalikot,2520,2069,Maize,12.19797814,17.825,7.484918033,64.81412568,1001.08,6272.08,2723.06,1.567650273,6.2,17454
2069,Kalikot,1232,1048,Millet,12.19797814,17.825,7.484918033,64.81412568,1001.08,6272.08,2723.06,1.567650273,6.2,17454
2069,Kalikot,105,1410,Buckwheat,12.19797814,17.825,7.484918033,64.81412568,1001.08,6272.08,2723.06,1.567650273,6.2,17454
2069,Kalikot,5450,1751,Wheat,12.19797814,17.825,7.484918033,64.81412568,1001.08,6272.08,2723.06,1.567650273,6.2,17454
2069,Kalikot,1028,730,Barley,12.19797814,17.825,7.484918033,64.81412568,1001.08,6272.08,2723.06,1.567650273,6.2,17454
2069,Kanchanpur,44500,3115,Paddy,21.53188525,27.98038251,16.27579235,54.3192623,1044.89,6328.83,2810.73,1.073196721,6.2,35
2069,Kanchanpur,5950,1756,Maize,21.53188525,27.98038251,16.27579235,54.3192623,1044.89,6328.83,2810.73,1.073196721,6.2,35
2069,Kanchanpur,0,0,Millet,21.53188525,27.98038251,16.27579235,54.3192623,1044.89,6328.83,2810.73,1.073196721,6.2,35
2069,Kanchanpur,0,0,Buckwheat,21.53188525,27.98038251,16.27579235,54.3192623,1044.89,6328.83,2810.73,1.073196721,6.2,35
2069,Kanchanpur,32255,2239,Wheat,21.53188525,27.98038251,16.27579235,54.3192623,1044.89,6328.83,2810.73,1.073196721,6.2,35
2069,Kanchanpur,10,1000,Barley,21.53188525,27.98038251,16.27579235,54.3192623,1044.89,6328.83,2810.73,1.073196721,6.2,35
2069,Kapilbastu,71000,2889,Paddy,24.96748634,31.22442623,19.79620789,53.54174863,1368.77,6587.61,3028.14,1.776994536,6.9,7607
2069,Kapilbastu,1400,2393,Maize,24.96748634,31.22442623,19.79620789,53.54174863,1368.77,6587.61,3028.14,1.776994536,6.9,7607
2069,Kapilbastu,0,0,Millet,24.96748634,31.22442623,19.79620789,53.54174863,1368.77,6587.61,3028.14,1.776994536,6.9,7607
2069,Kapilbastu,0,0,Buckwheat,24.96748634,31.22442623,19.79620789,53.54174863,1368.77,6587.61,3028.14,1.776994536,6.9,7607
2069,Kapilbastu,27250,2982,Wheat,24.96748634,31.22442623,19.79620789,53.54174863,1368.77,6587.61,3028.14,1.776994536,6.9,7607
2069,Kapilbastu,200,2000,Barley,24.96748634,31.22442623,19.79620789,53.54174863,1368.77,6587.61,3028.14,1.776994536,6.9,7607
2069,Kaski,21500,3640,Paddy,4.696311475,10.24994536,0.166857923,66.44325137,934.96,6104.93,2685.68,1.760027322,6.7,14589
2069,Kaski,15573,2732,Maize,4.696311475,10.24994536,0.166857923,66.44325137,934.96,6104.93,2685.68,1.760027322,6.7,14589
2069,Kaski,14757,1158,Millet,4.696311475,10.24994536,0.166857923,66.44325137,934.96,6104.93,2685.68,1.760027322,6.7,14589
2069,Kaski,14,1143,Buckwheat,4.696311475,10.24994536,0.166857923,66.44325137,934.96,6104.93,2685.68,1.760027322,6.7,14589
2069,Kaski,6821,2360,Wheat,4.696311475,10.24994536,0.166857923,66.44325137,934.96,6104.93,2685.68,1.760027322,6.7,14589
2069,Kaski,131,863,Barley,4.696311475,10.24994536,0.166857923,66.44325137,934.96,6104.93,2685.68,1.760027322,6.7,14589
2069,Kathmandu,7950,6101,Paddy,18.8945082,24.56300546,14.60336066,56.42721311,1029.32,6630.86,2937.65,1.56920765,6.5,1638
2069,Kathmandu,7100,3831,Maize,18.8945082,24.56300546,14.60336066,56.42721311,1029.32,6630.86,2937.65,1.56920765,6.5,1638
2069,Kathmandu,850,1000,Millet,18.8945082,24.56300546,14.60336066,56.42721311,1029.32,6630.86,2937.65,1.56920765,6.5,1638
2069,Kathmandu,5,1000,Buckwheat,18.8945082,24.56300546,14.60336066,56.42721311,1029.32,6630.86,2937.65,1.56920765,6.5,1638
2069,Kathmandu,4829,3342,Wheat,18.8945082,24.56300546,14.60336066,56.42721311,1029.32,6630.86,2937.65,1.56920765,6.5,1638
2069,Kathmandu,8,1000,Barley,18.8945082,24.56300546,14.60336066,56.42721311,1029.32,6630.86,2937.65,1.56920765,6.5,1638
2069,Kavre,10310,3526,Paddy,18.8945082,24.56300546,14.60336066,56.42721311,1029.32,6630.86,2937.65,1.56920765,5.7,4293
2069,Kavre,25353,1906,Maize,18.8945082,24.56300546,14.60336066,56.42721311,1029.32,6630.86,2937.65,1.56920765,5.7,4293
2069,Kavre,3505,1000,Millet,18.8945082,24.56300546,14.60336066,56.42721311,1029.32,6630.86,2937.65,1.56920765,5.7,4293
2069,Kavre,750,800,Buckwheat,18.8945082,24.56300546,14.60336066,56.42721311,1029.32,6630.86,2937.65,1.56920765,5.7,4293
2069,Kavre,9950,2101,Wheat,18.8945082,24.56300546,14.60336066,56.42721311,1029.32,6630.86,2937.65,1.56920765,5.7,4293
2069,Kavre,750,1900,Barley,18.8945082,24.56300546,14.60336066,56.42721311,1029.32,6630.86,2937.65,1.56920765,5.7,4293
2069,Khotang,15200,1990,Paddy,13.53948087,19.27797814,9.13010929,57.84948087,836.27,6323.39,2805.12,1.669098361,5.7,11448
2069,Khotang,31066,2229,Maize,13.53948087,19.27797814,9.13010929,57.84948087,836.27,6323.39,2805.12,1.669098361,5.7,11448
2069,Khotang,21315,1150,Millet,13.53948087,19.27797814,9.13010929,57.84948087,836.27,6323.39,2805.12,1.669098361,5.7,11448
2069,Khotang,710,570,Buckwheat,13.53948087,19.27797814,9.13010929,57.84948087,836.27,6323.39,2805.12,1.669098361,5.7,11448
2069,Khotang,5535,2265,Wheat,13.53948087,19.27797814,9.13010929,57.84948087,836.27,6323.39,2805.12,1.669098361,5.7,11448
2069,Khotang,440,977,Barley,13.53948087,19.27797814,9.13010929,57.84948087,836.27,6323.39,2805.12,1.669098361,5.7,11448
2069,Lalitpur,4680,5400,Paddy,18.8945082,24.56300546,14.60336066,56.42721311,1029.32,6630.86,2937.65,1.56920765,6.9,193
2069,Lalitpur,8589,2800,Maize,18.8945082,24.56300546,14.60336066,56.42721311,1029.32,6630.86,2937.65,1.56920765,6.9,193
2069,Lalitpur,575,1200,Millet,18.8945082,24.56300546,14.60336066,56.42721311,1029.32,6630.86,2937.65,1.56920765,6.9,193
2069,Lalitpur,54,1000,Buckwheat,18.8945082,24.56300546,14.60336066,56.42721311,1029.32,6630.86,2937.65,1.56920765,6.9,193
2069,Lalitpur,4050,3047,Wheat,18.8945082,24.56300546,14.60336066,56.42721311,1029.32,6630.86,2937.65,1.56920765,6.9,193
2069,Lalitpur,65,1077,Barley,18.8945082,24.56300546,14.60336066,56.42721311,1029.32,6630.86,2937.65,1.56920765,6.9,193
2069,Lamjung,16153,2607,Paddy,4.696311475,10.24994536,0.166857923,66.44325137,934.96,6104.93,2685.68,1.760027322,5.4,1406
2069,Lamjung,15900,2242,Maize,4.696311475,10.24994536,0.166857923,66.44325137,934.96,6104.93,2685.68,1.760027322,5.4,1406
2069,Lamjung,7919,1255,Millet,4.696311475,10.24994536,0.166857923,66.44325137,934.96,6104.93,2685.68,1.760027322,5.4,1406
2069,Lamjung,19,895,Buckwheat,4.696311475,10.24994536,0.166857923,66.44325137,934.96,6104.93,2685.68,1.760027322,5.4,1406
2069,Lamjung,600,2125,Wheat,4.696311475,10.24994536,0.166857923,66.44325137,934.96,6104.93,2685.68,1.760027322,5.4,1406
2069,Lamjung,25,1000,Barley,4.696311475,10.24994536,0.166857923,66.44325137,934.96,6104.93,2685.68,1.760027322,5.4,1406
2069,Mahottari,28160,2968,Paddy,25.31259563,32.05612079,19.48303279,55.68398907,1056.39,6328.07,2820.79,2.002595628,6.8,447
2069,Mahottari,750,2000,Maize,25.31259563,32.05612079,19.48303279,55.68398907,1056.39,6328.07,2820.79,2.002595628,6.8,447
2069,Mahottari,0,0,Millet,25.31259563,32.05612079,19.48303279,55.68398907,1056.39,6328.07,2820.79,2.002595628,6.8,447
2069,Mahottari,0,0,Buckwheat,25.31259563,32.05612079,19.48303279,55.68398907,1056.39,6328.07,2820.79,2.002595628,6.8,447
2069,Mahottari,26815,2361,Wheat,25.31259563,32.05612079,19.48303279,55.68398907,1056.39,6328.07,2820.79,2.002595628,6.8,447
2069,Mahottari,10,1000,Barley,25.31259563,32.05612079,19.48303279,55.68398907,1056.39,6328.07,2820.79,2.002595628,6.8,447
2069,Makwanpur,11110,3300,Paddy,21.72814208,27.60554645,17.22469945,55.66759563,1117.94,6554.75,3003.23,1.519016393,5.9,10709
2069,Makwanpur,23636,2670,Maize,21.72814208,27.60554645,17.22469945,55.66759563,1117.94,6554.75,3003.23,1.519016393,5.9,10709
2069,Makwanpur,2660,1224,Millet,21.72814208,27.60554645,17.22469945,55.66759563,1117.94,6554.75,3003.23,1.519016393,5.9,10709
2069,Makwanpur,150,1060,Buckwheat,21.72814208,27.60554645,17.22469945,55.66759563,1117.94,6554.75,3003.23,1.519016393,5.9,10709
2069,Makwanpur,4213,2884,Wheat,21.72814208,27.60554645,17.22469945,55.66759563,1117.94,6554.75,3003.23,1.519016393,5.9,10709
2069,Makwanpur,20,1300,Barley,21.72814208,27.60554645,17.22469945,55.66759563,1117.94,6554.75,3003.23,1.519016393,5.9,10709
2069,Manang,0,0,Paddy,4.696311475,10.24994536,0.166857923,66.44325137,934.96,6104.93,2685.68,1.760027322,6.3,6257
2069,Manang,189,2566,Maize,4.696311475,10.24994536,0.166857923,66.44325137,934.96,6104.93,2685.68,1.760027322,6.3,6257
2069,Manang,0,0,Millet,4.696311475,10.24994536,0.166857923,66.44325137,934.96,6104.93,2685.68,1.760027322,6.3,6257
2069,Manang,221,2023,Buckwheat,4.696311475,10.24994536,0.166857923,66.44325137,934.96,6104.93,2685.68,1.760027322,6.3,6257
2069,Manang,258,2202,Wheat,4.696311475,10.24994536,0.166857923,66.44325137,934.96,6104.93,2685.68,1.760027322,6.3,6257
2069,Manang,177,1650,Barley,4.696311475,10.24994536,0.166857923,66.44325137,934.96,6104.93,2685.68,1.760027322,6.3,6257
2069,Morang,82840,3130,Paddy,24.03702186,30.32344262,19.1068306,58.45226776,1301.58,6069.62,2704.59,1.743196721,6.8,12
2069,Morang,1630,3300,Maize,24.03702186,30.32344262,19.1068306,58.45226776,1301.58,6069.62,2704.59,1.743196721,6.8,12
2069,Morang,1510,1200,Millet,24.03702186,30.32344262,19.1068306,58.45226776,1301.58,6069.62,2704.59,1.743196721,6.8,12
2069,Morang,65,1000,Buckwheat,24.03702186,30.32344262,19.1068306,58.45226776,1301.58,6069.62,2704.59,1.743196721,6.8,12
2069,Morang,16000,2277,Wheat,24.03702186,30.32344262,19.1068306,58.45226776,1301.58,6069.62,2704.59,1.743196721,6.8,12
2069,Morang,0,0,Barley,24.03702186,30.32344262,19.1068306,58.45226776,1301.58,6069.62,2704.59,1.743196721,6.8,12
2069,Mugu,1394,1937,Paddy,12.19797814,17.825,7.484918033,64.81412568,1001.08,6272.08,2723.06,1.567650273,5.7,15693
2069,Mugu,610,1918,Maize,12.19797814,17.825,7.484918033,64.81412568,1001.08,6272.08,2723.06,1.567650273,5.7,15693
2069,Mugu,4500,1000,Millet,12.19797814,17.825,7.484918033,64.81412568,1001.08,6272.08,2723.06,1.567650273,5.7,15693
2069,Mugu,500,1000,Buckwheat,12.19797814,17.825,7.484918033,64.81412568,1001.08,6272.08,2723.06,1.567650273,5.7,15693
2069,Mugu,4350,1820,Wheat,12.19797814,17.825,7.484918033,64.81412568,1001.08,6272.08,2723.06,1.567650273,5.7,15693
2069,Mugu,1550,1200,Barley,12.19797814,17.825,7.484918033,64.81412568,1001.08,6272.08,2723.06,1.567650273,5.7,15693
2069,Mustang,0,0,Paddy,7.773661202,13.46144809,3.18,63.66726776,1334.45,6273.68,2705.23,1.668005464,7.3,10
2069,Mustang,525,1467,Maize,7.773661202,13.46144809,3.18,63.66726776,1334.45,6273.68,2705.23,1.668005464,7.3,10
2069,Mustang,0,0,Millet,7.773661202,13.46144809,3.18,63.66726776,1334.45,6273.68,2705.23,1.668005464,7.3,10
2069,Mustang,575,1661,Buckwheat,7.773661202,13.46144809,3.18,63.66726776,1334.45,6273.68,2705.23,1.668005464,7.3,10
2069,Mustang,600,1800,Wheat,7.773661202,13.46144809,3.18,63.66726776,1334.45,6273.68,2705.23,1.668005464,7.3,10
2069,Mustang,270,1852,Barley,7.773661202,13.46144809,3.18,63.66726776,1334.45,6273.68,2705.23,1.668005464,7.3,10
2069,Myagdi,3895,3096,Paddy,7.773661202,13.46144809,3.18,63.66726776,1334.45,6273.68,2705.23,1.668005464,5.8,15
2069,Myagdi,11129,3564,Maize,7.773661202,13.46144809,3.18,63.66726776,1334.45,6273.68,2705.23,1.668005464,5.8,15
2069,Myagdi,2743,1236,Millet,7.773661202,13.46144809,3.18,63.66726776,1334.45,6273.68,2705.23,1.668005464,5.8,15
2069,Myagdi,52,962,Buckwheat,7.773661202,13.46144809,3.18,63.66726776,1334.45,6273.68,2705.23,1.668005464,5.8,15
2069,Myagdi,3048,2000,Wheat,7.773661202,13.46144809,3.18,63.66726776,1334.45,6273.68,2705.23,1.668005464,5.8,15
2069,Myagdi,309,1314,Barley,7.773661202,13.46144809,3.18,63.66726776,1334.45,6273.68,2705.23,1.668005464,5.8,15
2069,Nawalparasi,45690,3920,Paddy,24.56666667,30.66163934,19.47453552,54.74893443,1407.83,6587.61,3028.14,1.56352459,5.9,115
2069,Nawalparasi,10750,3258,Maize,24.56666667,30.66163934,19.47453552,54.74893443,1407.83,6587.61,3028.14,1.56352459,5.9,115
2069,Nawalparasi,450,1100,Millet,24.56666667,30.66163934,19.47453552,54.74893443,1407.83,6587.61,3028.14,1.56352459,5.9,115
2069,Nawalparasi,190,605,Buckwheat,24.56666667,30.66163934,19.47453552,54.74893443,1407.83,6587.61,3028.14,1.56352459,5.9,115
2069,Nawalparasi,18030,2788,Wheat,24.56666667,30.66163934,19.47453552,54.74893443,1407.83,6587.61,3028.14,1.56352459,5.9,115
2069,Nawalparasi,88,1136,Barley,24.56666667,30.66163934,19.47453552,54.74893443,1407.83,6587.61,3028.14,1.56352459,5.9,115
2069,Nuwakot,14650,3925,Paddy,8.735737705,14.61221311,4.014781421,60.01797814,834.84,6630.86,2937.65,1.808087432,5.7,6146
2069,Nuwakot,20100,2061,Maize,8.735737705,14.61221311,4.014781421,60.01797814,834.84,6630.86,2937.65,1.808087432,5.7,6146
2069,Nuwakot,5085,1800,Millet,8.735737705,14.61221311,4.014781421,60.01797814,834.84,6630.86,2937.65,1.808087432,5.7,6146
2069,Nuwakot,65,1000,Buckwheat,8.735737705,14.61221311,4.014781421,60.01797814,834.84,6630.86,2937.65,1.808087432,5.7,6146
2069,Nuwakot,5477,2750,Wheat,8.735737705,14.61221311,4.014781421,60.01797814,834.84,6630.86,2937.65,1.808087432,5.7,6146
2069,Nuwakot,190,1200,Barley,8.735737705,14.61221311,4.014781421,60.01797814,834.84,6630.86,2937.65,1.808087432,5.7,6146
2069,Okhaldhunga,6244,2300,Paddy,13.53948087,19.27797814,9.13010929,57.84948087,836.27,6323.39,2805.12,1.669098361,5.7,8047
2069,Okhaldhunga,12400,2100,Maize,13.53948087,19.27797814,9.13010929,57.84948087,836.27,6323.39,2805.12,1.669098361,5.7,8047
2069,Okhaldhunga,7751,1290,Millet,13.53948087,19.27797814,9.13010929,57.84948087,836.27,6323.39,2805.12,1.669098361,5.7,8047
2069,Okhaldhunga,105,867,Buckwheat,13.53948087,19.27797814,9.13010929,57.84948087,836.27,6323.39,2805.12,1.669098361,5.7,8047
2069,Okhaldhunga,2490,2020,Wheat,13.53948087,19.27797814,9.13010929,57.84948087,836.27,6323.39,2805.12,1.669098361,5.7,8047
2069,Okhaldhunga,100,1000,Barley,13.53948087,19.27797814,9.13010929,57.84948087,836.27,6323.39,2805.12,1.669098361,5.7,8047
2069,Palpa,9566,3376,Paddy,19.26103825,24.76915301,14.97270492,57.13614754,1519.52,6587.61,3028.14,1.565382514,5.9,193
2069,Palpa,21580,1871,Maize,19.26103825,24.76915301,14.97270492,57.13614754,1519.52,6587.61,3028.14,1.565382514,5.9,193
2069,Palpa,2540,1019,Millet,19.26103825,24.76915301,14.97270492,57.13614754,1519.52,6587.61,3028.14,1.565382514,5.9,193
2069,Palpa,450,931,Buckwheat,19.26103825,24.76915301,14.97270492,57.13614754,1519.52,6587.61,3028.14,1.565382514,5.9,193
2069,Palpa,6240,2201,Wheat,19.26103825,24.76915301,14.97270492,57.13614754,1519.52,6587.61,3028.14,1.565382514,5.9,193
2069,Palpa,26,1423,Barley,19.26103825,24.76915301,14.97270492,57.13614754,1519.52,6587.61,3028.14,1.565382514,5.9,193
2069,Panchthar,11300,2000,Paddy,10.28385246,16.28010929,5.678032787,66.47601093,789.36,5907.77,2588.9,1.846639344,5.7,1148
2069,Panchthar,8000,1530,Maize,10.28385246,16.28010929,5.678032787,66.47601093,789.36,5907.77,2588.9,1.846639344,5.7,1148
2069,Panchthar,5000,1870,Millet,10.28385246,16.28010929,5.678032787,66.47601093,789.36,5907.77,2588.9,1.846639344,5.7,1148
2069,Panchthar,56,643,Buckwheat,10.28385246,16.28010929,5.678032787,66.47601093,789.36,5907.77,2588.9,1.846639344,5.7,1148
2069,Panchthar,3995,1910,Wheat,10.28385246,16.28010929,5.678032787,66.47601093,789.36,5907.77,2588.9,1.846639344,5.7,1148
2069,Panchthar,460,1200,Barley,10.28385246,16.28010929,5.678032787,66.47601093,789.36,5907.77,2588.9,1.846639344,5.7,1148
2069,Parbat,8830,2976,Paddy,7.773661202,13.46144809,3.18,63.66726776,1334.45,6273.68,2705.23,1.668005464,5.7,536
2069,Parbat,14285,2102,Maize,7.773661202,13.46144809,3.18,63.66726776,1334.45,6273.68,2705.23,1.668005464,5.7,536
2069,Parbat,8770,870,Millet,7.773661202,13.46144809,3.18,63.66726776,1334.45,6273.68,2705.23,1.668005464,5.7,536
2069,Parbat,38,974,Buckwheat,7.773661202,13.46144809,3.18,63.66726776,1334.45,6273.68,2705.23,1.668005464,5.7,536
2069,Parbat,2605,2504,Wheat,7.773661202,13.46144809,3.18,63.66726776,1334.45,6273.68,2705.23,1.668005464,5.7,536
2069,Parbat,118,890,Barley,7.773661202,13.46144809,3.18,63.66726776,1334.45,6273.68,2705.23,1.668005464,5.7,536
2069,Parsa,44360,3705,Paddy,25.03098361,31.54174863,19.39827869,56.05467213,1130.54,6554.75,3003.23,1.705245902,6.9,889
2069,Parsa,4075,3500,Maize,25.03098361,31.54174863,19.39827869,56.05467213,1130.54,6554.75,3003.23,1.705245902,6.9,889
2069,Parsa,85,906,Millet,25.03098361,31.54174863,19.39827869,56.05467213,1130.54,6554.75,3003.23,1.705245902,6.9,889
2069,Parsa,0,0,Buckwheat,25.03098361,31.54174863,19.39827869,56.05467213,1130.54,6554.75,3003.23,1.705245902,6.9,889
2069,Parsa,23650,3450,Wheat,25.03098361,31.54174863,19.39827869,56.05467213,1130.54,6554.75,3003.23,1.705245902,6.9,889
2069,Parsa,39,1000,Barley,25.03098361,31.54174863,19.39827869,56.05467213,1130.54,6554.75,3003.23,1.705245902,6.9,889
2069,Pyuthan,6410,2956,Paddy,21.69521858,27.48163934,17.05005464,55.74281421,1333.71,6396,2763.86,1.875027322,6.5,14230
2069,Pyuthan,12058,1522,Maize,21.69521858,27.48163934,17.05005464,55.74281421,1333.71,6396,2763.86,1.875027322,6.5,14230
2069,Pyuthan,1985,1010,Millet,21.69521858,27.48163934,17.05005464,55.74281421,1333.71,6396,2763.86,1.875027322,6.5,14230
2069,Pyuthan,13,846,Buckwheat,21.69521858,27.48163934,17.05005464,55.74281421,1333.71,6396,2763.86,1.875027322,6.5,14230
2069,Pyuthan,8650,2250,Wheat,21.69521858,27.48163934,17.05005464,55.74281421,1333.71,6396,2763.86,1.875027322,6.5,14230
2069,Pyuthan,510,1549,Barley,21.69521858,27.48163934,17.05005464,55.74281421,1333.71,6396,2763.86,1.875027322,6.5,14230
2069,Ramechap,9408,2820,Paddy,13.53948087,19.27797814,9.13010929,57.84948087,836.27,6323.39,2805.12,1.669098361,5.4,295
2069,Ramechap,21398,2400,Maize,13.53948087,19.27797814,9.13010929,57.84948087,836.27,6323.39,2805.12,1.669098361,5.4,295
2069,Ramechap,5060,875,Millet,13.53948087,19.27797814,9.13010929,57.84948087,836.27,6323.39,2805.12,1.669098361,5.4,295
2069,Ramechap,20,1000,Buckwheat,13.53948087,19.27797814,9.13010929,57.84948087,836.27,6323.39,2805.12,1.669098361,5.4,295
2069,Ramechap,4470,1830,Wheat,13.53948087,19.27797814,9.13010929,57.84948087,836.27,6323.39,2805.12,1.669098361,5.4,295
2069,Ramechap,175,811,Barley,13.53948087,19.27797814,9.13010929,57.84948087,836.27,6323.39,2805.12,1.669098361,5.4,295
2069,Rasuwa,1304,2287,Paddy,8.735737705,14.61221311,4.014781421,60.01797814,834.84,6534.45,2854.33,1.808087432,6.1,1151
2069,Rasuwa,2324,1527,Maize,8.735737705,14.61221311,4.014781421,60.01797814,834.84,6534.45,2854.33,1.808087432,6.1,1151
2069,Rasuwa,980,807,Millet,8.735737705,14.61221311,4.014781421,60.01797814,834.84,6534.45,2854.33,1.808087432,6.1,1151
2069,Rasuwa,0,0,Buckwheat,8.735737705,14.61221311,4.014781421,60.01797814,834.84,6534.45,2854.33,1.808087432,6.1,1151
2069,Rasuwa,680,2529,Wheat,8.735737705,14.61221311,4.014781421,60.01797814,834.84,6534.45,2854.33,1.808087432,6.1,1151
2069,Rasuwa,290,1321,Barley,8.735737705,14.61221311,4.014781421,60.01797814,834.84,6534.45,2854.33,1.808087432,6.1,1151
2069,Rautahat,30125,2243,Paddy,24.1413388,30.47387978,19.09459016,54.35382514,1090.12,6328.07,2820.79,1.793743169,6.8,13654
2069,Rautahat,1680,3300,Maize,24.1413388,30.47387978,19.09459016,54.35382514,1090.12,6328.07,2820.79,1.793743169,6.8,13654
2069,Rautahat,60,850,Millet,24.1413388,30.47387978,19.09459016,54.35382514,1090.12,6328.07,2820.79,1.793743169,6.8,13654
2069,Rautahat,0,0,Buckwheat,24.1413388,30.47387978,19.09459016,54.35382514,1090.12,6328.07,2820.79,1.793743169,6.8,13654
2069,Rautahat,15500,3100,Wheat,24.1413388,30.47387978,19.09459016,54.35382514,1090.12,6328.07,2820.79,1.793743169,6.8,13654
2069,Rautahat,5,1000,Barley,24.1413388,30.47387978,19.09459016,54.35382514,1090.12,6328.07,2820.79,1.793743169,6.8,13654
2069,Rolpa,4715,2500,Paddy,14.5331694,20.48718579,9.645819672,60.86655738,1302.51,6396,2763.86,1.726748634,6.1,421
2069,Rolpa,10305,1582,Maize,14.5331694,20.48718579,9.645819672,60.86655738,1302.51,6396,2763.86,1.726748634,6.1,421
2069,Rolpa,1061,998,Millet,14.5331694,20.48718579,9.645819672,60.86655738,1302.51,6396,2763.86,1.726748634,6.1,421
2069,Rolpa,122,533,Buckwheat,14.5331694,20.48718579,9.645819672,60.86655738,1302.51,6396,2763.86,1.726748634,6.1,421
2069,Rolpa,8530,1873,Wheat,14.5331694,20.48718579,9.645819672,60.86655738,1302.51,6396,2763.86,1.726748634,6.1,421
2069,Rolpa,499,1423,Barley,14.5331694,20.48718579,9.645819672,60.86655738,1302.51,6396,2763.86,1.726748634,6.1,421
2069,Rukum,3562,2900,Paddy,14.5331694,20.48718579,9.645819672,60.86655738,1302.51,6438.61,2783.79,1.726748634,6.8,11770
2069,Rukum,15107,1060,Maize,14.5331694,20.48718579,9.645819672,60.86655738,1302.51,6438.61,2783.79,1.726748634,6.8,11770
2069,Rukum,960,960,Millet,14.5331694,20.48718579,9.645819672,60.86655738,1302.51,6438.61,2783.79,1.726748634,6.8,11770
2069,Rukum,0,0,Buckwheat,14.5331694,20.48718579,9.645819672,60.86655738,1302.51,6438.61,2783.79,1.726748634,6.8,11770
2069,Rukum,10620,2500,Wheat,14.5331694,20.48718579,9.645819672,60.86655738,1302.51,6438.61,2783.79,1.726748634,6.8,11770
2069,Rukum,980,1180,Barley,14.5331694,20.48718579,9.645819672,60.86655738,1302.51,6438.61,2783.79,1.726748634,6.8,11770
2069,Rupandehi,70000,4567,Paddy,24.56666667,30.66163934,19.47453552,54.74893443,1407.83,6587.61,3028.14,1.56352459,6.6,399
2069,Rupandehi,2550,4129,Maize,24.56666667,30.66163934,19.47453552,54.74893443,1407.83,6587.61,3028.14,1.56352459,6.6,399
2069,Rupandehi,0,0,Millet,24.56666667,30.66163934,19.47453552,54.74893443,1407.83,6587.61,3028.14,1.56352459,6.6,399
2069,Rupandehi,0,0,Buckwheat,24.56666667,30.66163934,19.47453552,54.74893443,1407.83,6587.61,3028.14,1.56352459,6.6,399
2069,Rupandehi,30500,3208,Wheat,24.56666667,30.66163934,19.47453552,54.74893443,1407.83,6587.61,3028.14,1.56352459,6.6,399
2069,Rupandehi,100,2100,Barley,24.56666667,30.66163934,19.47453552,54.74893443,1407.83,6587.61,3028.14,1.56352459,6.6,399
2069,Salyan,6950,3352,Paddy,21.69521858,27.48163934,17.05005464,55.74281421,1333.71,6396,2763.86,1.875027322,5.9,395
2069,Salyan,11560,1924,Maize,21.69521858,27.48163934,17.05005464,55.74281421,1333.71,6396,2763.86,1.875027322,5.9,395
2069,Salyan,1780,1238,Millet,21.69521858,27.48163934,17.05005464,55.74281421,1333.71,6396,2763.86,1.875027322,5.9,395
2069,Salyan,75,1067,Buckwheat,21.69521858,27.48163934,17.05005464,55.74281421,1333.71,6396,2763.86,1.875027322,5.9,395
2069,Salyan,13613,2147,Wheat,21.69521858,27.48163934,17.05005464,55.74281421,1333.71,6396,2763.86,1.875027322,5.9,395
2069,Salyan,1250,1188,Barley,21.69521858,27.48163934,17.05005464,55.74281421,1333.71,6396,2763.86,1.875027322,5.9,395
2069,Sankhuwashava,15801,1500,Paddy,10.28385246,16.28010929,5.678032787,66.47601093,789.36,5907.77,2588.9,1.846639344,5.6,21112
2069,Sankhuwashava,13074,1700,Maize,10.28385246,16.28010929,5.678032787,66.47601093,789.36,5907.77,2588.9,1.846639344,5.6,21112
2069,Sankhuwashava,9981,1020,Millet,10.28385246,16.28010929,5.678032787,66.47601093,789.36,5907.77,2588.9,1.846639344,5.6,21112
2069,Sankhuwashava,18,556,Buckwheat,10.28385246,16.28010929,5.678032787,66.47601093,789.36,5907.77,2588.9,1.846639344,5.6,21112
2069,Sankhuwashava,1450,2069,Wheat,10.28385246,16.28010929,5.678032787,66.47601093,789.36,5907.77,2588.9,1.846639344,5.6,21112
2069,Sankhuwashava,35,857,Barley,10.28385246,16.28010929,5.678032787,66.47601093,789.36,5907.77,2588.9,1.846639344,5.6,21112
2069,Saptari,30219,1998,Paddy,24.73795082,31.17139344,19.57346995,55.68428962,923.24,6276.46,2796.96,1.960519126,6.6,742
2069,Saptari,300,2500,Maize,24.73795082,31.17139344,19.57346995,55.68428962,923.24,6276.46,2796.96,1.960519126,6.6,742
2069,Saptari,250,860,Millet,24.73795082,31.17139344,19.57346995,55.68428962,923.24,6276.46,2796.96,1.960519126,6.6,742
2069,Saptari,0,0,Buckwheat,24.73795082,31.17139344,19.57346995,55.68428962,923.24,6276.46,2796.96,1.960519126,6.6,742
2069,Saptari,15500,2581,Wheat,24.73795082,31.17139344,19.57346995,55.68428962,923.24,6276.46,2796.96,1.960519126,6.6,742
2069,Saptari,0,0,Barley,24.73795082,31.17139344,19.57346995,55.68428962,923.24,6276.46,2796.96,1.960519126,6.6,742
2069,Sarlahi,38400,2419,Paddy,24.1413388,30.47387978,19.09459016,54.35382514,1090.12,6328.07,2820.79,1.793743169,6.6,748
2069,Sarlahi,3655,5384,Maize,24.1413388,30.47387978,19.09459016,54.35382514,1090.12,6328.07,2820.79,1.793743169,6.6,748
2069,Sarlahi,950,1000,Millet,24.1413388,30.47387978,19.09459016,54.35382514,1090.12,6328.07,2820.79,1.793743169,6.6,748
2069,Sarlahi,0,0,Buckwheat,24.1413388,30.47387978,19.09459016,54.35382514,1090.12,6328.07,2820.79,1.793743169,6.6,748
2069,Sarlahi,26500,2481,Wheat,24.1413388,30.47387978,19.09459016,54.35382514,1090.12,6328.07,2820.79,1.793743169,6.6,748
2069,Sarlahi,275,1000,Barley,24.1413388,30.47387978,19.09459016,54.35382514,1090.12,6328.07,2820.79,1.793743169,6.6,748
2069,Sindhuli,11265,3099,Paddy,22.40521858,28.63081967,17.60581967,53.94174863,984.93,6323.39,2805.12,1.771639344,6,12812
2069,Sindhuli,18510,2399,Maize,22.40521858,28.63081967,17.60581967,53.94174863,984.93,6323.39,2805.12,1.771639344,6,12812
2069,Sindhuli,11635,790,Millet,22.40521858,28.63081967,17.60581967,53.94174863,984.93,6323.39,2805.12,1.771639344,6,12812
2069,Sindhuli,532,506,Buckwheat,22.40521858,28.63081967,17.60581967,53.94174863,984.93,6323.39,2805.12,1.771639344,6,12812
2069,Sindhuli,5620,2532,Wheat,22.40521858,28.63081967,17.60581967,53.94174863,984.93,6323.39,2805.12,1.771639344,6,12812
2069,Sindhuli,52,1500,Barley,22.40521858,28.63081967,17.60581967,53.94174863,984.93,6323.39,2805.12,1.771639344,6,12812
2069,Sindhupalchok,12220,2167,Paddy,8.735737705,14.61221311,4.014781421,60.01797814,834.84,6630.86,2937.65,1.808087432,5.6,7437
2069,Sindhupalchok,24900,2041,Maize,8.735737705,14.61221311,4.014781421,60.01797814,834.84,6630.86,2937.65,1.808087432,5.6,7437
2069,Sindhupalchok,19320,1100,Millet,8.735737705,14.61221311,4.014781421,60.01797814,834.84,6630.86,2937.65,1.808087432,5.6,7437
2069,Sindhupalchok,0,0,Buckwheat,8.735737705,14.61221311,4.014781421,60.01797814,834.84,6630.86,2937.65,1.808087432,5.6,7437
2069,Sindhupalchok,7020,1330,Wheat,8.735737705,14.61221311,4.014781421,60.01797814,834.84,6630.86,2937.65,1.808087432,5.6,7437
2069,Sindhupalchok,205,1000,Barley,8.735737705,14.61221311,4.014781421,60.01797814,834.84,6630.86,2937.65,1.808087432,5.6,7437
2069,Siraha,31175,1726,Paddy,25.06688525,31.78117486,19.48934426,55.16314208,979.15,6276.46,2796.96,2.050874317,6.8,4139
2069,Siraha,1750,1800,Maize,25.06688525,31.78117486,19.48934426,55.16314208,979.15,6276.46,2796.96,2.050874317,6.8,4139
2069,Siraha,645,890,Millet,25.06688525,31.78117486,19.48934426,55.16314208,979.15,6276.46,2796.96,2.050874317,6.8,4139
2069,Siraha,0,0,Buckwheat,25.06688525,31.78117486,19.48934426,55.16314208,979.15,6276.46,2796.96,2.050874317,6.8,4139
2069,Siraha,15675,1901,Wheat,25.06688525,31.78117486,19.48934426,55.16314208,979.15,6276.46,2796.96,2.050874317,6.8,4139
2069,Siraha,0,0,Barley,25.06688525,31.78117486,19.48934426,55.16314208,979.15,6276.46,2796.96,2.050874317,6.8,4139
2069,Solukhumbu,1530,2200,Paddy,9.038551913,15.02497268,4.415655738,62.41871585,722.08,6323.39,2805.12,1.92636612,5.8,4536
2069,Solukhumbu,12955,2510,Maize,9.038551913,15.02497268,4.415655738,62.41871585,722.08,6323.39,2805.12,1.92636612,5.8,4536
2069,Solukhumbu,2100,1200,Millet,9.038551913,15.02497268,4.415655738,62.41871585,722.08,6323.39,2805.12,1.92636612,5.8,4536
2069,Solukhumbu,230,600,Buckwheat,9.038551913,15.02497268,4.415655738,62.41871585,722.08,6323.39,2805.12,1.92636612,5.8,4536
2069,Solukhumbu,3755,1944,Wheat,9.038551913,15.02497268,4.415655738,62.41871585,722.08,6323.39,2805.12,1.92636612,5.8,4536
2069,Solukhumbu,200,1000,Barley,9.038551913,15.02497268,4.415655738,62.41871585,722.08,6323.39,2805.12,1.92636612,5.8,4536
2069,Sunsari,52550,3057,Paddy,24.03702186,30.32344262,19.1068306,58.45226776,1301.58,6069.62,2704.59,1.743196721,6.6,11556
2069,Sunsari,7845,3442,Maize,24.03702186,30.32344262,19.1068306,58.45226776,1301.58,6069.62,2704.59,1.743196721,6.6,11556
2069,Sunsari,1185,910,Millet,24.03702186,30.32344262,19.1068306,58.45226776,1301.58,6069.62,2704.59,1.743196721,6.6,11556
2069,Sunsari,400,950,Buckwheat,24.03702186,30.32344262,19.1068306,58.45226776,1301.58,6069.62,2704.59,1.743196721,6.6,11556
2069,Sunsari,15500,2806,Wheat,24.03702186,30.32344262,19.1068306,58.45226776,1301.58,6069.62,2704.59,1.743196721,6.6,11556
2069,Sunsari,0,0,Barley,24.03702186,30.32344262,19.1068306,58.45226776,1301.58,6069.62,2704.59,1.743196721,6.6,11556
2069,Surkhet,14000,3491,Paddy,19.8702459,25.56734973,15.15844262,57.30959016,1194.6,6161.09,2718.29,1.575218579,5.9,194
2069,Surkhet,16100,2696,Maize,19.8702459,25.56734973,15.15844262,57.30959016,1194.6,6161.09,2718.29,1.575218579,5.9,194
2069,Surkhet,2095,0,Millet,19.8702459,25.56734973,15.15844262,57.30959016,1194.6,6161.09,2718.29,1.575218579,5.9,194
2069,Surkhet,0,1313,Buckwheat,19.8702459,25.56734973,15.15844262,57.30959016,1194.6,6161.09,2718.29,1.575218579,5.9,194
2069,Surkhet,14955,3077,Wheat,19.8702459,25.56734973,15.15844262,57.30959016,1194.6,6161.09,2718.29,1.575218579,5.9,194
2069,Surkhet,1030,1330,Barley,19.8702459,25.56734973,15.15844262,57.30959016,1194.6,6161.09,2718.29,1.575218579,5.9,194
2069,Syangja,17030,3572,Paddy,19.26103825,24.76915301,14.97270492,57.13614754,1519.52,6273.68,2705.23,1.565382514,6,6524
2069,Syangja,30905,2999,Maize,19.26103825,24.76915301,14.97270492,57.13614754,1519.52,6273.68,2705.23,1.565382514,6,6524
2069,Syangja,16805,1150,Millet,19.26103825,24.76915301,14.97270492,57.13614754,1519.52,6273.68,2705.23,1.565382514,6,6524
2069,Syangja,215,651,Buckwheat,19.26103825,24.76915301,14.97270492,57.13614754,1519.52,6273.68,2705.23,1.565382514,6,6524
2069,Syangja,5800,1922,Wheat,19.26103825,24.76915301,14.97270492,57.13614754,1519.52,6273.68,2705.23,1.565382514,6,6524
2069,Syangja,9,1000,Barley,19.26103825,24.76915301,14.97270492,57.13614754,1519.52,6273.68,2705.23,1.565382514,6,6524
2069,Tanahu,14865,3240,Paddy,19.26103825,24.76915301,14.97270492,57.13614754,1519.52,6554.75,3003.23,1.565382514,5.6,2049
2069,Tanahu,26045,2750,Maize,19.26103825,24.76915301,14.97270492,57.13614754,1519.52,6554.75,3003.23,1.565382514,5.6,2049
2069,Tanahu,6710,1000,Millet,19.26103825,24.76915301,14.97270492,57.13614754,1519.52,6554.75,3003.23,1.565382514,5.6,2049
2069,Tanahu,191,963,Buckwheat,19.26103825,24.76915301,14.97270492,57.13614754,1519.52,6554.75,3003.23,1.565382514,5.6,2049
2069,Tanahu,1905,1922,Wheat,19.26103825,24.76915301,14.97270492,57.13614754,1519.52,6554.75,3003.23,1.565382514,5.6,2049
2069,Tanahu,6,1000,Barley,19.26103825,24.76915301,14.97270492,57.13614754,1519.52,6554.75,3003.23,1.565382514,5.6,2049
2069,Taplejung,4850,2250,Paddy,4.855601093,10.40696721,0.721393443,70.49827869,918.14,5907.77,2588.9,1.661502732,5.4,1277
2069,Taplejung,9150,3000,Maize,4.855601093,10.40696721,0.721393443,70.49827869,918.14,5907.77,2588.9,1.661502732,5.4,1277
2069,Taplejung,3050,1150,Millet,4.855601093,10.40696721,0.721393443,70.49827869,918.14,5907.77,2588.9,1.661502732,5.4,1277
2069,Taplejung,118,1398,Buckwheat,4.855601093,10.40696721,0.721393443,70.49827869,918.14,5907.77,2588.9,1.661502732,5.4,1277
2069,Taplejung,1895,1900,Wheat,4.855601093,10.40696721,0.721393443,70.49827869,918.14,5907.77,2588.9,1.661502732,5.4,1277
2069,Taplejung,240,1300,Barley,4.855601093,10.40696721,0.721393443,70.49827869,918.14,5907.77,2588.9,1.661502732,5.4,1277
2069,Terhathum,10341,2300,Paddy,19.87434426,25.57213115,15.47114754,59.79885246,1136.63,5907.77,2588.9,1.478306011,5.6,611
2069,Terhathum,12400,2120,Maize,19.87434426,25.57213115,15.47114754,59.79885246,1136.63,5907.77,2588.9,1.478306011,5.6,611
2069,Terhathum,2750,1200,Millet,19.87434426,25.57213115,15.47114754,59.79885246,1136.63,5907.77,2588.9,1.478306011,5.6,611
2069,Terhathum,35,800,Buckwheat,19.87434426,25.57213115,15.47114754,59.79885246,1136.63,5907.77,2588.9,1.478306011,5.6,611
2069,Terhathum,2600,2269,Wheat,19.87434426,25.57213115,15.47114754,59.79885246,1136.63,5907.77,2588.9,1.478306011,5.6,611
2069,Terhathum,75,1107,Barley,19.87434426,25.57213115,15.47114754,59.79885246,1136.63,5907.77,2588.9,1.478306011,5.6,611
2069,Udayapur,11625,3750,Paddy,18.37101093,23.88368852,14.31838798,61.73382514,1398.04,6069.62,2704.59,1.261530055,5.4,1273
2069,Udayapur,9500,2450,Maize,18.37101093,23.88368852,14.31838798,61.73382514,1398.04,6069.62,2704.59,1.261530055,5.4,1273
2069,Udayapur,2580,1950,Millet,18.37101093,23.88368852,14.31838798,61.73382514,1398.04,6069.62,2704.59,1.261530055,5.4,1273
2069,Udayapur,19,1000,Buckwheat,18.37101093,23.88368852,14.31838798,61.73382514,1398.04,6069.62,2704.59,1.261530055,5.4,1273
2069,Udayapur,5119,3181,Wheat,18.37101093,23.88368852,14.31838798,61.73382514,1398.04,6069.62,2704.59,1.261530055,5.4,1273
2069,Udayapur,40,850,Barley,18.37101093,23.88368852,14.31838798,61.73382514,1398.04,6069.62,2704.59,1.261530055,5.4,1273
2070,Achham,16572,2100,Paddy,12.31284932,17.40635616,8.072767123,72.06328767,1630.46,6137.36,2671.57,1.542958904,6.1,76
2070,Achham,3652,2783,Maize,12.31284932,17.40635616,8.072767123,72.06328767,1630.46,6137.36,2671.57,1.542958904,6.1,76
2070,Achham,3415,1004,Millet,12.31284932,17.40635616,8.072767123,72.06328767,1630.46,6137.36,2671.57,1.542958904,6.1,76
2070,Achham,0,0,Buckwheat,12.31284932,17.40635616,8.072767123,72.06328767,1630.46,6137.36,2671.57,1.542958904,6.1,76
2070,Achham,15335,1495,Wheat,12.31284932,17.40635616,8.072767123,72.06328767,1630.46,6137.36,2671.57,1.542958904,6.1,76
2070,Achham,505,1121,Barley,12.31284932,17.40635616,8.072767123,72.06328767,1630.46,6137.36,2671.57,1.542958904,6.1,76
2070,Arghakhanchi,8672,3033,Paddy,19.33852055,24.47167123,15.43356164,64.34490411,2071.98,6284.78,2913.63,1.674493151,5.9,612
2070,Arghakhanchi,16915,2923,Maize,19.33852055,24.47167123,15.43356164,64.34490411,2071.98,6284.78,2913.63,1.674493151,5.9,612
2070,Arghakhanchi,505,1200,Millet,19.33852055,24.47167123,15.43356164,64.34490411,2071.98,6284.78,2913.63,1.674493151,5.9,612
2070,Arghakhanchi,275,873,Buckwheat,19.33852055,24.47167123,15.43356164,64.34490411,2071.98,6284.78,2913.63,1.674493151,5.9,612
2070,Arghakhanchi,7335,1766,Wheat,19.33852055,24.47167123,15.43356164,64.34490411,2071.98,6284.78,2913.63,1.674493151,5.9,612
2070,Arghakhanchi,350,1200,Barley,19.33852055,24.47167123,15.43356164,64.34490411,2071.98,6284.78,2913.63,1.674493151,5.9,612
2070,Baglung,5927,3188,Paddy,18.79980822,23.78808219,14.92939726,65.97928767,2074.76,5925.15,2576.65,1.490958904,5.7,439
2070,Baglung,20349,2891,Maize,18.79980822,23.78808219,14.92939726,65.97928767,2074.76,5925.15,2576.65,1.490958904,5.7,439
2070,Baglung,18615,1180,Millet,18.79980822,23.78808219,14.92939726,65.97928767,2074.76,5925.15,2576.65,1.490958904,5.7,439
2070,Baglung,80,1450,Buckwheat,18.79980822,23.78808219,14.92939726,65.97928767,2074.76,5925.15,2576.65,1.490958904,5.7,439
2070,Baglung,7011,2360,Wheat,18.79980822,23.78808219,14.92939726,65.97928767,2074.76,5925.15,2576.65,1.490958904,5.7,439
2070,Baglung,965,1250,Barley,18.79980822,23.78808219,14.92939726,65.97928767,2074.76,5925.15,2576.65,1.490958904,5.7,439
2070,Baitadi,7000,2240,Paddy,10.97284932,16.38367123,6.398657534,69.62816438,1148.29,6440.73,2848.18,1.629315068,6,109
2070,Baitadi,14500,1615,Maize,10.97284932,16.38367123,6.398657534,69.62816438,1148.29,6440.73,2848.18,1.629315068,6,109
2070,Baitadi,700,1400,Millet,10.97284932,16.38367123,6.398657534,69.62816438,1148.29,6440.73,2848.18,1.629315068,6,109
2070,Baitadi,0,0,Buckwheat,10.97284932,16.38367123,6.398657534,69.62816438,1148.29,6440.73,2848.18,1.629315068,6,109
2070,Baitadi,12000,2042,Wheat,10.97284932,16.38367123,6.398657534,69.62816438,1148.29,6440.73,2848.18,1.629315068,6,109
2070,Baitadi,1000,1800,Barley,10.97284932,16.38367123,6.398657534,69.62816438,1148.29,6440.73,2848.18,1.629315068,6,109
2070,Bajhang,7006,3250,Paddy,10.97284932,16.38367123,6.398657534,69.62816438,1148.29,6137.36,2671.57,1.629315068,5.6,147
2070,Bajhang,3652,1060,Maize,10.97284932,16.38367123,6.398657534,69.62816438,1148.29,6137.36,2671.57,1.629315068,5.6,147
2070,Bajhang,2286,900,Millet,10.97284932,16.38367123,6.398657534,69.62816438,1148.29,6137.36,2671.57,1.629315068,5.6,147
2070,Bajhang,7,571,Buckwheat,10.97284932,16.38367123,6.398657534,69.62816438,1148.29,6137.36,2671.57,1.629315068,5.6,147
2070,Bajhang,10982,2273,Wheat,10.97284932,16.38367123,6.398657534,69.62816438,1148.29,6137.36,2671.57,1.629315068,5.6,147
2070,Bajhang,3726,789,Barley,10.97284932,16.38367123,6.398657534,69.62816438,1148.29,6137.36,2671.57,1.629315068,5.6,147
2070,Bajura,3310,2415,Paddy,8.700438356,14.44838356,3.835452055,71.31435616,1181,6137.36,2671.57,1.595589041,6,154
2070,Bajura,790,2339,Maize,8.700438356,14.44838356,3.835452055,71.31435616,1181,6137.36,2671.57,1.595589041,6,154
2070,Bajura,2610,2662,Millet,8.700438356,14.44838356,3.835452055,71.31435616,1181,6137.36,2671.57,1.595589041,6,154
2070,Bajura,7,1857,Buckwheat,8.700438356,14.44838356,3.835452055,71.31435616,1181,6137.36,2671.57,1.595589041,6,154
2070,Bajura,4950,1532,Wheat,8.700438356,14.44838356,3.835452055,71.31435616,1181,6137.36,2671.57,1.595589041,6,154
2070,Bajura,1072,988,Barley,8.700438356,14.44838356,3.835452055,71.31435616,1181,6137.36,2671.57,1.595589041,6,154
2070,Banke,36500,3526,Paddy,19.76386301,24.83720548,15.67871233,65.04906849,1835.35,5816.6,2582.43,1.500547945,6.4,5913
2070,Banke,8500,1800,Maize,19.76386301,24.83720548,15.67871233,65.04906849,1835.35,5816.6,2582.43,1.500547945,6.4,5913
2070,Banke,0,0,Millet,19.76386301,24.83720548,15.67871233,65.04906849,1835.35,5816.6,2582.43,1.500547945,6.4,5913
2070,Banke,0,0,Buckwheat,19.76386301,24.83720548,15.67871233,65.04906849,1835.35,5816.6,2582.43,1.500547945,6.4,5913
2070,Banke,18022,2927,Wheat,19.76386301,24.83720548,15.67871233,65.04906849,1835.35,5816.6,2582.43,1.500547945,6.4,5913
2070,Banke,10,1000,Barley,19.76386301,24.83720548,15.67871233,65.04906849,1835.35,5816.6,2582.43,1.500547945,6.4,5913
2070,Bara,54680,4751,Paddy,24.26136986,30.38161644,19.26569863,61.55846575,1477.56,6251.42,2888.78,1.59890411,6.7,7732
2070,Bara,13478,6400,Maize,24.26136986,30.38161644,19.26569863,61.55846575,1477.56,6251.42,2888.78,1.59890411,6.7,7732
2070,Bara,78,1346,Millet,24.26136986,30.38161644,19.26569863,61.55846575,1477.56,6251.42,2888.78,1.59890411,6.7,7732
2070,Bara,0,0,Buckwheat,24.26136986,30.38161644,19.26569863,61.55846575,1477.56,6251.42,2888.78,1.59890411,6.7,7732
2070,Bara,29100,3216,Wheat,24.26136986,30.38161644,19.26569863,61.55846575,1477.56,6251.42,2888.78,1.59890411,6.7,7732
2070,Bara,85,1059,Barley,24.26136986,30.38161644,19.26569863,61.55846575,1477.56,6251.42,2888.78,1.59890411,6.7,7732
2070,Bardiya,52000,3838,Paddy,24.3159726,29.98084932,19.66772603,60.85068493,1667.21,5816.6,2582.43,1.675232877,6.8,7655
2070,Bardiya,1200,2083,Maize,24.3159726,29.98084932,19.66772603,60.85068493,1667.21,5816.6,2582.43,1.675232877,6.8,7655
2070,Bardiya,0,0,Millet,24.3159726,29.98084932,19.66772603,60.85068493,1667.21,5816.6,2582.43,1.675232877,6.8,7655
2070,Bardiya,0,0,Buckwheat,24.3159726,29.98084932,19.66772603,60.85068493,1667.21,5816.6,2582.43,1.675232877,6.8,7655
2070,Bardiya,19500,3718,Wheat,24.3159726,29.98084932,19.66772603,60.85068493,1667.21,5816.6,2582.43,1.675232877,6.8,7655
2070,Bardiya,10,1000,Barley,24.3159726,29.98084932,19.66772603,60.85068493,1667.21,5816.6,2582.43,1.675232877,6.8,7655
2070,Bhaktapur,4352,6194,Paddy,18.59547945,23.90112329,14.64284932,63.4950411,1424.54,6294.94,2805.83,1.474575342,5.8,2771
2070,Bhaktapur,1969,4500,Maize,18.59547945,23.90112329,14.64284932,63.4950411,1424.54,6294.94,2805.83,1.474575342,5.8,2771
2070,Bhaktapur,106,1443,Millet,18.59547945,23.90112329,14.64284932,63.4950411,1424.54,6294.94,2805.83,1.474575342,5.8,2771
2070,Bhaktapur,0,0,Buckwheat,18.59547945,23.90112329,14.64284932,63.4950411,1424.54,6294.94,2805.83,1.474575342,5.8,2771
2070,Bhaktapur,3100,3484,Wheat,18.59547945,23.90112329,14.64284932,63.4950411,1424.54,6294.94,2805.83,1.474575342,5.8,2771
2070,Bhaktapur,50,1000,Barley,18.59547945,23.90112329,14.64284932,63.4950411,1424.54,6294.94,2805.83,1.474575342,5.8,2771
2070,Bhojpur,17150,2819,Paddy,5.338410959,10.74586301,1.237506849,71.65550685,1236.96,5671.1,2497.26,1.532219178,5.4,15732
2070,Bhojpur,42776,2900,Maize,5.338410959,10.74586301,1.237506849,71.65550685,1236.96,5671.1,2497.26,1.532219178,5.4,15732
2070,Bhojpur,5500,909,Millet,5.338410959,10.74586301,1.237506849,71.65550685,1236.96,5671.1,2497.26,1.532219178,5.4,15732
2070,Bhojpur,17,706,Buckwheat,5.338410959,10.74586301,1.237506849,71.65550685,1236.96,5671.1,2497.26,1.532219178,5.4,15732
2070,Bhojpur,2510,2400,Wheat,5.338410959,10.74586301,1.237506849,71.65550685,1236.96,5671.1,2497.26,1.532219178,5.4,15732
2070,Bhojpur,20,1000,Barley,5.338410959,10.74586301,1.237506849,71.65550685,1236.96,5671.1,2497.26,1.532219178,5.4,15732
2070,Chitwan,29575,3400,Paddy,23.56378082,29.2409863,18.912,62.68432877,1668,6251.42,2888.78,1.319534247,6.1,615
2070,Chitwan,9750,3000,Maize,23.56378082,29.2409863,18.912,62.68432877,1668,6251.42,2888.78,1.319534247,6.1,615
2070,Chitwan,1650,970,Millet,23.56378082,29.2409863,18.912,62.68432877,1668,6251.42,2888.78,1.319534247,6.1,615
2070,Chitwan,0,0,Buckwheat,23.56378082,29.2409863,18.912,62.68432877,1668,6251.42,2888.78,1.319534247,6.1,615
2070,Chitwan,8550,3497,Wheat,23.56378082,29.2409863,18.912,62.68432877,1668,6251.42,2888.78,1.319534247,6.1,615
2070,Chitwan,40,1125,Barley,23.56378082,29.2409863,18.912,62.68432877,1668,6251.42,2888.78,1.319534247,6.1,615
2070,Dadeldhura,6221,2904,Paddy,15.67632877,20.97652055,11.3180274,65.124,1373.2,6440.73,2848.18,1.471671233,5.9,10437
2070,Dadeldhura,3744,2910,Maize,15.67632877,20.97652055,11.3180274,65.124,1373.2,6440.73,2848.18,1.471671233,5.9,10437
2070,Dadeldhura,300,1000,Millet,15.67632877,20.97652055,11.3180274,65.124,1373.2,6440.73,2848.18,1.471671233,5.9,10437
2070,Dadeldhura,0,0,Buckwheat,15.67632877,20.97652055,11.3180274,65.124,1373.2,6440.73,2848.18,1.471671233,5.9,10437
2070,Dadeldhura,8710,1656,Wheat,15.67632877,20.97652055,11.3180274,65.124,1373.2,6440.73,2848.18,1.471671233,5.9,10437
2070,Dadeldhura,195,903,Barley,15.67632877,20.97652055,11.3180274,65.124,1373.2,6440.73,2848.18,1.471671233,5.9,10437
2070,Dailekh,8307,3065,Paddy,12.31284932,17.40635616,8.072767123,72.06328767,1630.46,5816.6,2582.43,1.542958904,5.9,18
2070,Dailekh,20150,1851,Maize,12.31284932,17.40635616,8.072767123,72.06328767,1630.46,5816.6,2582.43,1.542958904,5.9,18
2070,Dailekh,2422,1091,Millet,12.31284932,17.40635616,8.072767123,72.06328767,1630.46,5816.6,2582.43,1.542958904,5.9,18
2070,Dailekh,27,704,Buckwheat,12.31284932,17.40635616,8.072767123,72.06328767,1630.46,5816.6,2582.43,1.542958904,5.9,18
2070,Dailekh,21500,1450,Wheat,12.31284932,17.40635616,8.072767123,72.06328767,1630.46,5816.6,2582.43,1.542958904,5.9,18
2070,Dailekh,200,1250,Barley,12.31284932,17.40635616,8.072767123,72.06328767,1630.46,5816.6,2582.43,1.542958904,5.9,18
2070,Dang,38230,4088,Paddy,21.39353425,26.70147945,17.1419726,63.776,1828.02,5999.12,2609,1.776082192,5.8,24
2070,Dang,25300,1842,Maize,21.39353425,26.70147945,17.1419726,63.776,1828.02,5999.12,2609,1.776082192,5.8,24
2070,Dang,19,1000,Millet,21.39353425,26.70147945,17.1419726,63.776,1828.02,5999.12,2609,1.776082192,5.8,24
2070,Dang,20,0,Buckwheat,21.39353425,26.70147945,17.1419726,63.776,1828.02,5999.12,2609,1.776082192,5.8,24
2070,Dang,12655,2300,Wheat,21.39353425,26.70147945,17.1419726,63.776,1828.02,5999.12,2609,1.776082192,5.8,24
2070,Dang,50,980,Barley,21.39353425,26.70147945,17.1419726,63.776,1828.02,5999.12,2609,1.776082192,5.8,24
2070,Darchula,4480,2373,Paddy,5.814684932,11.18863014,1.145232877,71.8539726,867.07,6440.73,2848.18,1.78369863,6,11824
2070,Darchula,3558,1800,Maize,5.814684932,11.18863014,1.145232877,71.8539726,867.07,6440.73,2848.18,1.78369863,6,11824
2070,Darchula,1310,682,Millet,5.814684932,11.18863014,1.145232877,71.8539726,867.07,6440.73,2848.18,1.78369863,6,11824
2070,Darchula,100,820,Buckwheat,5.814684932,11.18863014,1.145232877,71.8539726,867.07,6440.73,2848.18,1.78369863,6,11824
2070,Darchula,4480,2700,Wheat,5.814684932,11.18863014,1.145232877,71.8539726,867.07,6440.73,2848.18,1.78369863,6,11824
2070,Darchula,1200,1300,Barley,5.814684932,11.18863014,1.145232877,71.8539726,867.07,6440.73,2848.18,1.78369863,6,11824
2070,Dhading,12645,3804,Paddy,14.6089589,19.83728767,10.43594521,65.88969863,1427.79,6251.42,2888.78,1.515643836,5.5,16
2070,Dhading,19445,2500,Maize,14.6089589,19.83728767,10.43594521,65.88969863,1427.79,6251.42,2888.78,1.515643836,5.5,16
2070,Dhading,6930,1003,Millet,14.6089589,19.83728767,10.43594521,65.88969863,1427.79,6251.42,2888.78,1.515643836,5.5,16
2070,Dhading,0,0,Buckwheat,14.6089589,19.83728767,10.43594521,65.88969863,1427.79,6251.42,2888.78,1.515643836,5.5,16
2070,Dhading,4800,2104,Wheat,14.6089589,19.83728767,10.43594521,65.88969863,1427.79,6251.42,2888.78,1.515643836,5.5,16
2070,Dhading,350,1000,Barley,14.6089589,19.83728767,10.43594521,65.88969863,1427.79,6251.42,2888.78,1.515643836,5.5,16
2070,Dhankuta,10660,2274,Paddy,19.908,25.25923288,15.83515068,63.76115068,1547.04,5914.5,2650.54,1.426438356,5.8,6572
2070,Dhankuta,5450,2748,Maize,19.908,25.25923288,15.83515068,63.76115068,1547.04,5914.5,2650.54,1.426438356,5.8,6572
2070,Dhankuta,8000,1000,Millet,19.908,25.25923288,15.83515068,63.76115068,1547.04,5914.5,2650.54,1.426438356,5.8,6572
2070,Dhankuta,0,0,Buckwheat,19.908,25.25923288,15.83515068,63.76115068,1547.04,5914.5,2650.54,1.426438356,5.8,6572
2070,Dhankuta,1400,2286,Wheat,19.908,25.25923288,15.83515068,63.76115068,1547.04,5914.5,2650.54,1.426438356,5.8,6572
2070,Dhankuta,5,1000,Barley,19.908,25.25923288,15.83515068,63.76115068,1547.04,5914.5,2650.54,1.426438356,5.8,6572
2070,Dhanusha,40635,2871,Paddy,22.22715068,28.1350411,17.77150685,59.48649315,1249.09,6095.67,2727.34,1.702520548,6.6,1542
2070,Dhanusha,2019,3300,Maize,22.22715068,28.1350411,17.77150685,59.48649315,1249.09,6095.67,2727.34,1.702520548,6.6,1542
2070,Dhanusha,300,1000,Millet,22.22715068,28.1350411,17.77150685,59.48649315,1249.09,6095.67,2727.34,1.702520548,6.6,1542
2070,Dhanusha,0,0,Buckwheat,22.22715068,28.1350411,17.77150685,59.48649315,1249.09,6095.67,2727.34,1.702520548,6.6,1542
2070,Dhanusha,39500,2658,Wheat,22.22715068,28.1350411,17.77150685,59.48649315,1249.09,6095.67,2727.34,1.702520548,6.6,1542
2070,Dhanusha,1,1000,Barley,22.22715068,28.1350411,17.77150685,59.48649315,1249.09,6095.67,2727.34,1.702520548,6.6,1542
2070,Dolakha,3175,1850,Paddy,1.774794521,7.680136986,-2.92430137,67.92564384,832.49,5968.19,2664.6,2.040273973,6.5,11408
2070,Dolakha,5450,2150,Maize,1.774794521,7.680136986,-2.92430137,67.92564384,832.49,5968.19,2664.6,2.040273973,6.5,11408
2070,Dolakha,3600,1181,Millet,1.774794521,7.680136986,-2.92430137,67.92564384,832.49,5968.19,2664.6,2.040273973,6.5,11408
2070,Dolakha,430,907,Buckwheat,1.774794521,7.680136986,-2.92430137,67.92564384,832.49,5968.19,2664.6,2.040273973,6.5,11408
2070,Dolakha,4650,1351,Wheat,1.774794521,7.680136986,-2.92430137,67.92564384,832.49,5968.19,2664.6,2.040273973,6.5,11408
2070,Dolakha,175,1029,Barley,1.774794521,7.680136986,-2.92430137,67.92564384,832.49,5968.19,2664.6,2.040273973,6.5,11408
2070,Dolpa,276,2138,Paddy,-1.594712329,4.382684932,-6.735616438,71.51465753,1501.85,5999.12,2609,1.881780822,6.6,1248
2070,Dolpa,220,1136,Maize,-1.594712329,4.382684932,-6.735616438,71.51465753,1501.85,5999.12,2609,1.881780822,6.6,1248
2070,Dolpa,390,731,Millet,-1.594712329,4.382684932,-6.735616438,71.51465753,1501.85,5999.12,2609,1.881780822,6.6,1248
2070,Dolpa,680,1015,Buckwheat,-1.594712329,4.382684932,-6.735616438,71.51465753,1501.85,5999.12,2609,1.881780822,6.6,1248
2070,Dolpa,2590,2093,Wheat,-1.594712329,4.382684932,-6.735616438,71.51465753,1501.85,5999.12,2609,1.881780822,6.6,1248
2070,Dolpa,300,1530,Barley,-1.594712329,4.382684932,-6.735616438,71.51465753,1501.85,5999.12,2609,1.881780822,6.6,1248
2070,Doti,10665,2100,Paddy,15.67632877,20.97652055,11.3180274,65.124,1373.2,6440.73,2848.18,1.471671233,5.9,22
2070,Doti,2748,1900,Maize,15.67632877,20.97652055,11.3180274,65.124,1373.2,6440.73,2848.18,1.471671233,5.9,22
2070,Doti,5121,1200,Millet,15.67632877,20.97652055,11.3180274,65.124,1373.2,6440.73,2848.18,1.471671233,5.9,22
2070,Doti,12,1000,Buckwheat,15.67632877,20.97652055,11.3180274,65.124,1373.2,6440.73,2848.18,1.471671233,5.9,22
2070,Doti,15950,2101,Wheat,15.67632877,20.97652055,11.3180274,65.124,1373.2,6440.73,2848.18,1.471671233,5.9,22
2070,Doti,240,1542,Barley,15.67632877,20.97652055,11.3180274,65.124,1373.2,6440.73,2848.18,1.471671233,5.9,22
2070,Gorkha,12765,3231,Paddy,14.6089589,19.83728767,10.43594521,65.88969863,1427.79,6251.42,2888.78,1.515643836,5.5,348
2070,Gorkha,19353,2350,Maize,14.6089589,19.83728767,10.43594521,65.88969863,1427.79,6251.42,2888.78,1.515643836,5.5,348
2070,Gorkha,11605,1200,Millet,14.6089589,19.83728767,10.43594521,65.88969863,1427.79,6251.42,2888.78,1.515643836,5.5,348
2070,Gorkha,393,1008,Buckwheat,14.6089589,19.83728767,10.43594521,65.88969863,1427.79,6251.42,2888.78,1.515643836,5.5,348
2070,Gorkha,3900,1881,Wheat,14.6089589,19.83728767,10.43594521,65.88969863,1427.79,6251.42,2888.78,1.515643836,5.5,348
2070,Gorkha,108,1102,Barley,14.6089589,19.83728767,10.43594521,65.88969863,1427.79,6251.42,2888.78,1.515643836,5.5,348
2070,Gulmi,10484,2417,Paddy,19.33852055,24.47167123,15.43356164,64.34490411,2071.98,6284.78,2913.63,1.674493151,6.1,980
2070,Gulmi,24844,2114,Maize,19.33852055,24.47167123,15.43356164,64.34490411,2071.98,6284.78,2913.63,1.674493151,6.1,980
2070,Gulmi,2900,1000,Millet,19.33852055,24.47167123,15.43356164,64.34490411,2071.98,6284.78,2913.63,1.674493151,6.1,980
2070,Gulmi,210,1200,Buckwheat,19.33852055,24.47167123,15.43356164,64.34490411,2071.98,6284.78,2913.63,1.674493151,6.1,980
2070,Gulmi,8095,1836,Wheat,19.33852055,24.47167123,15.43356164,64.34490411,2071.98,6284.78,2913.63,1.674493151,6.1,980
2070,Gulmi,370,1800,Barley,19.33852055,24.47167123,15.43356164,64.34490411,2071.98,6284.78,2913.63,1.674493151,6.1,980
2070,Humla,572,1689,Paddy,-0.753013699,5.110109589,-5.832657534,77.30967123,739.41,7006.06,2930.23,2.005315068,6.5,529
2070,Humla,113,1575,Maize,-0.753013699,5.110109589,-5.832657534,77.30967123,739.41,7006.06,2930.23,2.005315068,6.5,529
2070,Humla,1278,910,Millet,-0.753013699,5.110109589,-5.832657534,77.30967123,739.41,7006.06,2930.23,2.005315068,6.5,529
2070,Humla,670,900,Buckwheat,-0.753013699,5.110109589,-5.832657534,77.30967123,739.41,7006.06,2930.23,2.005315068,6.5,529
2070,Humla,1018,936,Wheat,-0.753013699,5.110109589,-5.832657534,77.30967123,739.41,7006.06,2930.23,2.005315068,6.5,529
2070,Humla,686,1176,Barley,-0.753013699,5.110109589,-5.832657534,77.30967123,739.41,7006.06,2930.23,2.005315068,6.5,529
2070,Illam,14185,3170,Paddy,18.54356164,23.79931507,14.71336986,64.82063014,1806.9,5671.1,2497.26,1.228465753,5.5,0
2070,Illam,28200,2470,Maize,18.54356164,23.79931507,14.71336986,64.82063014,1806.9,5671.1,2497.26,1.228465753,5.5,0
2070,Illam,3000,1000,Millet,18.54356164,23.79931507,14.71336986,64.82063014,1806.9,5671.1,2497.26,1.228465753,5.5,0
2070,Illam,25,800,Buckwheat,18.54356164,23.79931507,14.71336986,64.82063014,1806.9,5671.1,2497.26,1.228465753,5.5,0
2070,Illam,4697,2629,Wheat,18.54356164,23.79931507,14.71336986,64.82063014,1806.9,5671.1,2497.26,1.228465753,5.5,0
2070,Illam,50,1000,Barley,18.54356164,23.79931507,14.71336986,64.82063014,1806.9,5671.1,2497.26,1.228465753,5.5,0
2070,Jajarkot,4042,2675,Paddy,21.39353425,26.70147945,17.1419726,63.776,1828.02,5999.12,2609,1.776082192,6.2,1033
2070,Jajarkot,8266,1275,Maize,21.39353425,26.70147945,17.1419726,63.776,1828.02,5999.12,2609,1.776082192,6.2,1033
2070,Jajarkot,1932,1189,Millet,21.39353425,26.70147945,17.1419726,63.776,1828.02,5999.12,2609,1.776082192,6.2,1033
2070,Jajarkot,19,1053,Buckwheat,21.39353425,26.70147945,17.1419726,63.776,1828.02,5999.12,2609,1.776082192,6.2,1033
2070,Jajarkot,11550,1153,Wheat,21.39353425,26.70147945,17.1419726,63.776,1828.02,5999.12,2609,1.776082192,6.2,1033
2070,Jajarkot,650,554,Barley,21.39353425,26.70147945,17.1419726,63.776,1828.02,5999.12,2609,1.776082192,6.2,1033
2070,Jhapa,88500,4127,Paddy,24.16871233,29.55931507,20.00624658,63.62178082,2052.57,5914.5,2650.54,1.571808219,5.7,90
2070,Jhapa,36850,2578,Maize,24.16871233,29.55931507,20.00624658,63.62178082,2052.57,5914.5,2650.54,1.571808219,5.7,90
2070,Jhapa,1750,1029,Millet,24.16871233,29.55931507,20.00624658,63.62178082,2052.57,5914.5,2650.54,1.571808219,5.7,90
2070,Jhapa,1270,1000,Buckwheat,24.16871233,29.55931507,20.00624658,63.62178082,2052.57,5914.5,2650.54,1.571808219,5.7,90
2070,Jhapa,7000,3220,Wheat,24.16871233,29.55931507,20.00624658,63.62178082,2052.57,5914.5,2650.54,1.571808219,5.7,90
2070,Jhapa,6,1000,Barley,24.16871233,29.55931507,20.00624658,63.62178082,2052.57,5914.5,2650.54,1.571808219,5.7,90
2070,Jumla,2950,2200,Paddy,8.700438356,14.44838356,3.835452055,71.31435616,1181,6576.5,2783.88,1.595589041,6.5,11618
2070,Jumla,4500,1700,Maize,8.700438356,14.44838356,3.835452055,71.31435616,1181,6576.5,2783.88,1.595589041,6.5,11618
2070,Jumla,3890,1100,Millet,8.700438356,14.44838356,3.835452055,71.31435616,1181,6576.5,2783.88,1.595589041,6.5,11618
2070,Jumla,85,1000,Buckwheat,8.700438356,14.44838356,3.835452055,71.31435616,1181,6576.5,2783.88,1.595589041,6.5,11618
2070,Jumla,2453,1880,Wheat,8.700438356,14.44838356,3.835452055,71.31435616,1181,6576.5,2783.88,1.595589041,6.5,11618
2070,Jumla,4000,1850,Barley,8.700438356,14.44838356,3.835452055,71.31435616,1181,6576.5,2783.88,1.595589041,6.5,11618
2070,Kailali,71450,2936,Paddy,24.52854795,30.43947945,19.62443836,62.03841096,1851.21,5926.11,2653.75,1.577013699,6.6,0
2070,Kailali,5540,1039,Maize,24.52854795,30.43947945,19.62443836,62.03841096,1851.21,5926.11,2653.75,1.577013699,6.6,0
2070,Kailali,377,1008,Millet,24.52854795,30.43947945,19.62443836,62.03841096,1851.21,5926.11,2653.75,1.577013699,6.6,0
2070,Kailali,25,1000,Buckwheat,24.52854795,30.43947945,19.62443836,62.03841096,1851.21,5926.11,2653.75,1.577013699,6.6,0
2070,Kailali,34500,2029,Wheat,24.52854795,30.43947945,19.62443836,62.03841096,1851.21,5926.11,2653.75,1.577013699,6.6,0
2070,Kailali,425,988,Barley,24.52854795,30.43947945,19.62443836,62.03841096,1851.21,5926.11,2653.75,1.577013699,6.6,0
2070,Kalikot,2466,2406,Paddy,12.31284932,17.40635616,8.072767123,72.06328767,1630.46,6137.36,2671.57,1.542958904,6.2,17454
2070,Kalikot,2525,2070,Maize,12.31284932,17.40635616,8.072767123,72.06328767,1630.46,6137.36,2671.57,1.542958904,6.2,17454
2070,Kalikot,1232,1051,Millet,12.31284932,17.40635616,8.072767123,72.06328767,1630.46,6137.36,2671.57,1.542958904,6.2,17454
2070,Kalikot,105,1476,Buckwheat,12.31284932,17.40635616,8.072767123,72.06328767,1630.46,6137.36,2671.57,1.542958904,6.2,17454
2070,Kalikot,5430,1770,Wheat,12.31284932,17.40635616,8.072767123,72.06328767,1630.46,6137.36,2671.57,1.542958904,6.2,17454
2070,Kalikot,1000,800,Barley,12.31284932,17.40635616,8.072767123,72.06328767,1630.46,6137.36,2671.57,1.542958904,6.2,17454
2070,Kanchanpur,48796,2945,Paddy,21.32542466,27.07846575,16.83367123,62.80246575,1775.67,6066.3,2710.02,1.014876712,6.2,35
2070,Kanchanpur,3600,1900,Maize,21.32542466,27.07846575,16.83367123,62.80246575,1775.67,6066.3,2710.02,1.014876712,6.2,35
2070,Kanchanpur,0,0,Millet,21.32542466,27.07846575,16.83367123,62.80246575,1775.67,6066.3,2710.02,1.014876712,6.2,35
2070,Kanchanpur,0,0,Buckwheat,21.32542466,27.07846575,16.83367123,62.80246575,1775.67,6066.3,2710.02,1.014876712,6.2,35
2070,Kanchanpur,31433,2259,Wheat,21.32542466,27.07846575,16.83367123,62.80246575,1775.67,6066.3,2710.02,1.014876712,6.2,35
2070,Kanchanpur,10,1000,Barley,21.32542466,27.07846575,16.83367123,62.80246575,1775.67,6066.3,2710.02,1.014876712,6.2,35
2070,Kapilbastu,72000,3270,Paddy,24.44263014,30.32334247,19.55241096,61.49991781,1897.68,6284.78,2913.63,1.696493151,6.9,7607
2070,Kapilbastu,1370,2410,Maize,24.44263014,30.32334247,19.55241096,61.49991781,1897.68,6284.78,2913.63,1.696493151,6.9,7607
2070,Kapilbastu,0,0,Millet,24.44263014,30.32334247,19.55241096,61.49991781,1897.68,6284.78,2913.63,1.696493151,6.9,7607
2070,Kapilbastu,0,0,Buckwheat,24.44263014,30.32334247,19.55241096,61.49991781,1897.68,6284.78,2913.63,1.696493151,6.9,7607
2070,Kapilbastu,31000,2900,Wheat,24.44263014,30.32334247,19.55241096,61.49991781,1897.68,6284.78,2913.63,1.696493151,6.9,7607
2070,Kapilbastu,200,1750,Barley,24.44263014,30.32334247,19.55241096,61.49991781,1897.68,6284.78,2913.63,1.696493151,6.9,7607
2070,Kaski,22050,3654,Paddy,4.954273973,10.24282192,0.566191781,72.09860274,1327.28,5756.73,2564.58,1.67539726,6.7,14589
2070,Kaski,20573,2554,Maize,4.954273973,10.24282192,0.566191781,72.09860274,1327.28,5756.73,2564.58,1.67539726,6.7,14589
2070,Kaski,14767,1170,Millet,4.954273973,10.24282192,0.566191781,72.09860274,1327.28,5756.73,2564.58,1.67539726,6.7,14589
2070,Kaski,14,1143,Buckwheat,4.954273973,10.24282192,0.566191781,72.09860274,1327.28,5756.73,2564.58,1.67539726,6.7,14589
2070,Kaski,6820,2273,Wheat,4.954273973,10.24282192,0.566191781,72.09860274,1327.28,5756.73,2564.58,1.67539726,6.7,14589
2070,Kaski,130,846,Barley,4.954273973,10.24282192,0.566191781,72.09860274,1327.28,5756.73,2564.58,1.67539726,6.7,14589
2070,Kathmandu,7940,5698,Paddy,18.59547945,23.90112329,14.64284932,63.4950411,1424.54,6294.94,2805.83,1.474575342,6.5,1638
2070,Kathmandu,9923,3342,Maize,18.59547945,23.90112329,14.64284932,63.4950411,1424.54,6294.94,2805.83,1.474575342,6.5,1638
2070,Kathmandu,852,1000,Millet,18.59547945,23.90112329,14.64284932,63.4950411,1424.54,6294.94,2805.83,1.474575342,6.5,1638
2070,Kathmandu,5,1000,Buckwheat,18.59547945,23.90112329,14.64284932,63.4950411,1424.54,6294.94,2805.83,1.474575342,6.5,1638
2070,Kathmandu,4529,2901,Wheat,18.59547945,23.90112329,14.64284932,63.4950411,1424.54,6294.94,2805.83,1.474575342,6.5,1638
2070,Kathmandu,5,1000,Barley,18.59547945,23.90112329,14.64284932,63.4950411,1424.54,6294.94,2805.83,1.474575342,6.5,1638
2070,Kavre,10100,3012,Paddy,18.59547945,23.90112329,14.64284932,63.4950411,1424.54,6294.94,2805.83,1.474575342,5.7,4293
2070,Kavre,24278,2125,Maize,18.59547945,23.90112329,14.64284932,63.4950411,1424.54,6294.94,2805.83,1.474575342,5.7,4293
2070,Kavre,3505,999,Millet,18.59547945,23.90112329,14.64284932,63.4950411,1424.54,6294.94,2805.83,1.474575342,5.7,4293
2070,Kavre,605,1000,Buckwheat,18.59547945,23.90112329,14.64284932,63.4950411,1424.54,6294.94,2805.83,1.474575342,5.7,4293
2070,Kavre,9900,1909,Wheat,18.59547945,23.90112329,14.64284932,63.4950411,1424.54,6294.94,2805.83,1.474575342,5.7,4293
2070,Kavre,750,1100,Barley,18.59547945,23.90112329,14.64284932,63.4950411,1424.54,6294.94,2805.83,1.474575342,5.7,4293
2070,Khotang,15202,2802,Paddy,13.64624658,19.14556164,9.505013699,63.75282192,1122.96,5968.19,2664.6,1.61369863,5.5,11448
2070,Khotang,41060,1714,Maize,13.64624658,19.14556164,9.505013699,63.75282192,1122.96,5968.19,2664.6,1.61369863,5.5,11448
2070,Khotang,21315,1097,Millet,13.64624658,19.14556164,9.505013699,63.75282192,1122.96,5968.19,2664.6,1.61369863,5.5,11448
2070,Khotang,700,571,Buckwheat,13.64624658,19.14556164,9.505013699,63.75282192,1122.96,5968.19,2664.6,1.61369863,5.5,11448
2070,Khotang,5530,2181,Wheat,13.64624658,19.14556164,9.505013699,63.75282192,1122.96,5968.19,2664.6,1.61369863,5.5,11448
2070,Khotang,400,1000,Barley,13.64624658,19.14556164,9.505013699,63.75282192,1122.96,5968.19,2664.6,1.61369863,5.5,11448
2070,Lalitpur,4680,5650,Paddy,18.59547945,23.90112329,14.64284932,63.4950411,1424.54,6294.94,2805.83,1.474575342,6.9,193
2070,Lalitpur,8589,2900,Maize,18.59547945,23.90112329,14.64284932,63.4950411,1424.54,6294.94,2805.83,1.474575342,6.9,193
2070,Lalitpur,575,1000,Millet,18.59547945,23.90112329,14.64284932,63.4950411,1424.54,6294.94,2805.83,1.474575342,6.9,193
2070,Lalitpur,54,981,Buckwheat,18.59547945,23.90112329,14.64284932,63.4950411,1424.54,6294.94,2805.83,1.474575342,6.9,193
2070,Lalitpur,4000,2725,Wheat,18.59547945,23.90112329,14.64284932,63.4950411,1424.54,6294.94,2805.83,1.474575342,6.9,193
2070,Lalitpur,65,1077,Barley,18.59547945,23.90112329,14.64284932,63.4950411,1424.54,6294.94,2805.83,1.474575342,6.9,193
2070,Lamjung,16453,2864,Paddy,4.954273973,10.24282192,0.566191781,72.09860274,1327.28,5756.73,2564.58,1.67539726,5.4,1406
2070,Lamjung,22725,2332,Maize,4.954273973,10.24282192,0.566191781,72.09860274,1327.28,5756.73,2564.58,1.67539726,5.4,1406
2070,Lamjung,7919,950,Millet,4.954273973,10.24282192,0.566191781,72.09860274,1327.28,5756.73,2564.58,1.67539726,5.4,1406
2070,Lamjung,19,1000,Buckwheat,4.954273973,10.24282192,0.566191781,72.09860274,1327.28,5756.73,2564.58,1.67539726,5.4,1406
2070,Lamjung,500,2750,Wheat,4.954273973,10.24282192,0.566191781,72.09860274,1327.28,5756.73,2564.58,1.67539726,5.4,1406
2070,Lamjung,28,964,Barley,4.954273973,10.24282192,0.566191781,72.09860274,1327.28,5756.73,2564.58,1.67539726,5.4,1406
2070,Mahottari,36144,1800,Paddy,24.94339726,31.37087671,19.51580822,60.82712329,1254.79,6095.67,2727.34,1.865287671,6.8,447
2070,Mahottari,700,2000,Maize,24.94339726,31.37087671,19.51580822,60.82712329,1254.79,6095.67,2727.34,1.865287671,6.8,447
2070,Mahottari,0,0,Millet,24.94339726,31.37087671,19.51580822,60.82712329,1254.79,6095.67,2727.34,1.865287671,6.8,447
2070,Mahottari,0,0,Buckwheat,24.94339726,31.37087671,19.51580822,60.82712329,1254.79,6095.67,2727.34,1.865287671,6.8,447
2070,Mahottari,26800,2325,Wheat,24.94339726,31.37087671,19.51580822,60.82712329,1254.79,6095.67,2727.34,1.865287671,6.8,447
2070,Mahottari,10,1000,Barley,24.94339726,31.37087671,19.51580822,60.82712329,1254.79,6095.67,2727.34,1.865287671,6.8,447
2070,Makwanpur,11125,3450,Paddy,21.2800274,26.70410959,17.122,63.21057534,1562.07,6251.42,2888.78,1.394821918,5.9,10709
2070,Makwanpur,23648,2870,Maize,21.2800274,26.70410959,17.122,63.21057534,1562.07,6251.42,2888.78,1.394821918,5.9,10709
2070,Makwanpur,2645,1240,Millet,21.2800274,26.70410959,17.122,63.21057534,1562.07,6251.42,2888.78,1.394821918,5.9,10709
2070,Makwanpur,170,1112,Buckwheat,21.2800274,26.70410959,17.122,63.21057534,1562.07,6251.42,2888.78,1.394821918,5.9,10709
2070,Makwanpur,4200,2859,Wheat,21.2800274,26.70410959,17.122,63.21057534,1562.07,6251.42,2888.78,1.394821918,5.9,10709
2070,Makwanpur,20,1300,Barley,21.2800274,26.70410959,17.122,63.21057534,1562.07,6251.42,2888.78,1.394821918,5.9,10709
2070,Manang,0,0,Paddy,4.954273973,10.24282192,0.566191781,72.09860274,1327.28,5756.73,2564.58,1.67539726,6.3,6257
2070,Manang,176,1960,Maize,4.954273973,10.24282192,0.566191781,72.09860274,1327.28,5756.73,2564.58,1.67539726,6.3,6257
2070,Manang,0,0,Millet,4.954273973,10.24282192,0.566191781,72.09860274,1327.28,5756.73,2564.58,1.67539726,6.3,6257
2070,Manang,225,1578,Buckwheat,4.954273973,10.24282192,0.566191781,72.09860274,1327.28,5756.73,2564.58,1.67539726,6.3,6257
2070,Manang,276,2228,Wheat,4.954273973,10.24282192,0.566191781,72.09860274,1327.28,5756.73,2564.58,1.67539726,6.3,6257
2070,Manang,100,2150,Barley,4.954273973,10.24282192,0.566191781,72.09860274,1327.28,5756.73,2564.58,1.67539726,6.3,6257
2070,Morang,83525,3976,Paddy,23.96660274,29.75136986,19.40868493,62.59860274,1668.32,5914.5,2650.54,1.672,6.8,12
2070,Morang,15000,3333,Maize,23.96660274,29.75136986,19.40868493,62.59860274,1668.32,5914.5,2650.54,1.672,6.8,12
2070,Morang,1500,1200,Millet,23.96660274,29.75136986,19.40868493,62.59860274,1668.32,5914.5,2650.54,1.672,6.8,12
2070,Morang,70,1000,Buckwheat,23.96660274,29.75136986,19.40868493,62.59860274,1668.32,5914.5,2650.54,1.672,6.8,12
2070,Morang,16345,2441,Wheat,23.96660274,29.75136986,19.40868493,62.59860274,1668.32,5914.5,2650.54,1.672,6.8,12
2070,Morang,0,0,Barley,23.96660274,29.75136986,19.40868493,62.59860274,1668.32,5914.5,2650.54,1.672,6.8,12
2070,Mugu,1500,2501,Paddy,12.31284932,17.40635616,8.072767123,72.06328767,1630.46,6137.36,2671.57,1.542958904,5.7,15693
2070,Mugu,617,1720,Maize,12.31284932,17.40635616,8.072767123,72.06328767,1630.46,6137.36,2671.57,1.542958904,5.7,15693
2070,Mugu,4488,1100,Millet,12.31284932,17.40635616,8.072767123,72.06328767,1630.46,6137.36,2671.57,1.542958904,5.7,15693
2070,Mugu,506,1000,Buckwheat,12.31284932,17.40635616,8.072767123,72.06328767,1630.46,6137.36,2671.57,1.542958904,5.7,15693
2070,Mugu,4335,1900,Wheat,12.31284932,17.40635616,8.072767123,72.06328767,1630.46,6137.36,2671.57,1.542958904,5.7,15693
2070,Mugu,1540,1000,Barley,12.31284932,17.40635616,8.072767123,72.06328767,1630.46,6137.36,2671.57,1.542958904,5.7,15693
2070,Mustang,0,0,Paddy,7.888219178,13.25109589,3.502054795,70.16846575,1770.97,5925.15,2576.65,1.59490411,7.3,10
2070,Mustang,530,1453,Maize,7.888219178,13.25109589,3.502054795,70.16846575,1770.97,5925.15,2576.65,1.59490411,7.3,10
2070,Mustang,0,0,Millet,7.888219178,13.25109589,3.502054795,70.16846575,1770.97,5925.15,2576.65,1.59490411,7.3,10
2070,Mustang,585,1744,Buckwheat,7.888219178,13.25109589,3.502054795,70.16846575,1770.97,5925.15,2576.65,1.59490411,7.3,10
2070,Mustang,604,1838,Wheat,7.888219178,13.25109589,3.502054795,70.16846575,1770.97,5925.15,2576.65,1.59490411,7.3,10
2070,Mustang,273,1853,Barley,7.888219178,13.25109589,3.502054795,70.16846575,1770.97,5925.15,2576.65,1.59490411,7.3,10
2070,Myagdi,3895,3200,Paddy,7.888219178,13.25109589,3.502054795,70.16846575,1770.97,5925.15,2576.65,1.59490411,5.8,15
2070,Myagdi,11134,3673,Maize,7.888219178,13.25109589,3.502054795,70.16846575,1770.97,5925.15,2576.65,1.59490411,5.8,15
2070,Myagdi,2743,1249,Millet,7.888219178,13.25109589,3.502054795,70.16846575,1770.97,5925.15,2576.65,1.59490411,5.8,15
2070,Myagdi,58,1690,Buckwheat,7.888219178,13.25109589,3.502054795,70.16846575,1770.97,5925.15,2576.65,1.59490411,5.8,15
2070,Myagdi,3045,2109,Wheat,7.888219178,13.25109589,3.502054795,70.16846575,1770.97,5925.15,2576.65,1.59490411,5.8,15
2070,Myagdi,304,1299,Barley,7.888219178,13.25109589,3.502054795,70.16846575,1770.97,5925.15,2576.65,1.59490411,5.8,15
2070,Nawalparasi,48350,4070,Paddy,23.94734247,29.66087671,19.14709589,63.07517808,1933.38,6284.78,2913.63,1.457561644,5.9,115
2070,Nawalparasi,10750,2354,Maize,23.94734247,29.66087671,19.14709589,63.07517808,1933.38,6284.78,2913.63,1.457561644,5.9,115
2070,Nawalparasi,500,1030,Millet,23.94734247,29.66087671,19.14709589,63.07517808,1933.38,6284.78,2913.63,1.457561644,5.9,115
2070,Nawalparasi,200,635,Buckwheat,23.94734247,29.66087671,19.14709589,63.07517808,1933.38,6284.78,2913.63,1.457561644,5.9,115
2070,Nawalparasi,18010,2710,Wheat,23.94734247,29.66087671,19.14709589,63.07517808,1933.38,6284.78,2913.63,1.457561644,5.9,115
2070,Nawalparasi,10,1000,Barley,23.94734247,29.66087671,19.14709589,63.07517808,1933.38,6284.78,2913.63,1.457561644,5.9,115
2070,Nuwakot,14695,4299,Paddy,8.843506849,14.41591781,4.340630137,66.93967123,1205.66,6294.94,2805.83,1.713671233,5.7,6146
2070,Nuwakot,19615,3000,Maize,8.843506849,14.41591781,4.340630137,66.93967123,1205.66,6294.94,2805.83,1.713671233,5.7,6146
2070,Nuwakot,5120,1900,Millet,8.843506849,14.41591781,4.340630137,66.93967123,1205.66,6294.94,2805.83,1.713671233,5.7,6146
2070,Nuwakot,200,1130,Buckwheat,8.843506849,14.41591781,4.340630137,66.93967123,1205.66,6294.94,2805.83,1.713671233,5.7,6146
2070,Nuwakot,5470,3199,Wheat,8.843506849,14.41591781,4.340630137,66.93967123,1205.66,6294.94,2805.83,1.713671233,5.7,6146
2070,Nuwakot,200,1125,Barley,8.843506849,14.41591781,4.340630137,66.93967123,1205.66,6294.94,2805.83,1.713671233,5.7,6146
2070,Okhaldhunga,4350,2600,Paddy,13.64624658,19.14556164,9.505013699,63.75282192,1122.96,5968.19,2664.6,1.61369863,5.7,8047
2070,Okhaldhunga,11580,2200,Maize,13.64624658,19.14556164,9.505013699,63.75282192,1122.96,5968.19,2664.6,1.61369863,5.7,8047
2070,Okhaldhunga,7751,1600,Millet,13.64624658,19.14556164,9.505013699,63.75282192,1122.96,5968.19,2664.6,1.61369863,5.7,8047
2070,Okhaldhunga,105,857,Buckwheat,13.64624658,19.14556164,9.505013699,63.75282192,1122.96,5968.19,2664.6,1.61369863,5.7,8047
2070,Okhaldhunga,2241,2123,Wheat,13.64624658,19.14556164,9.505013699,63.75282192,1122.96,5968.19,2664.6,1.61369863,5.7,8047
2070,Okhaldhunga,100,1000,Barley,13.64624658,19.14556164,9.505013699,63.75282192,1122.96,5968.19,2664.6,1.61369863,5.7,8047
2070,Palpa,9430,3740,Paddy,18.79980822,23.78808219,14.92939726,65.97928767,2074.76,6284.78,2913.63,1.490958904,5.9,193
2070,Palpa,21583,1894,Maize,18.79980822,23.78808219,14.92939726,65.97928767,2074.76,6284.78,2913.63,1.490958904,5.9,193
2070,Palpa,2538,1019,Millet,18.79980822,23.78808219,14.92939726,65.97928767,2074.76,6284.78,2913.63,1.490958904,5.9,193
2070,Palpa,448,933,Buckwheat,18.79980822,23.78808219,14.92939726,65.97928767,2074.76,6284.78,2913.63,1.490958904,5.9,193
2070,Palpa,6200,2234,Wheat,18.79980822,23.78808219,14.92939726,65.97928767,2074.76,6284.78,2913.63,1.490958904,5.9,193
2070,Palpa,26,1423,Barley,18.79980822,23.78808219,14.92939726,65.97928767,2074.76,6284.78,2913.63,1.490958904,5.9,193
2070,Panchthar,10322,2919,Paddy,10.70473973,16.52709589,6.27969863,68.49465753,1130.71,5671.1,2497.26,1.769452055,5.7,1148
2070,Panchthar,18627,1607,Maize,10.70473973,16.52709589,6.27969863,68.49465753,1130.71,5671.1,2497.26,1.769452055,5.7,1148
2070,Panchthar,4805,1883,Millet,10.70473973,16.52709589,6.27969863,68.49465753,1130.71,5671.1,2497.26,1.769452055,5.7,1148
2070,Panchthar,56,643,Buckwheat,10.70473973,16.52709589,6.27969863,68.49465753,1130.71,5671.1,2497.26,1.769452055,5.7,1148
2070,Panchthar,3120,2158,Wheat,10.70473973,16.52709589,6.27969863,68.49465753,1130.71,5671.1,2497.26,1.769452055,5.7,1148
2070,Panchthar,450,1111,Barley,10.70473973,16.52709589,6.27969863,68.49465753,1130.71,5671.1,2497.26,1.769452055,5.7,1148
2070,Parbat,9595,2762,Paddy,7.888219178,13.25109589,3.502054795,70.16846575,1770.97,5925.15,2576.65,1.59490411,5.7,536
2070,Parbat,14285,2128,Maize,7.888219178,13.25109589,3.502054795,70.16846575,1770.97,5925.15,2576.65,1.59490411,5.7,536
2070,Parbat,8770,900,Millet,7.888219178,13.25109589,3.502054795,70.16846575,1770.97,5925.15,2576.65,1.59490411,5.7,536
2070,Parbat,38,974,Buckwheat,7.888219178,13.25109589,3.502054795,70.16846575,1770.97,5925.15,2576.65,1.59490411,5.7,536
2070,Parbat,2604,2321,Wheat,7.888219178,13.25109589,3.502054795,70.16846575,1770.97,5925.15,2576.65,1.59490411,5.7,536
2070,Parbat,95,905,Barley,7.888219178,13.25109589,3.502054795,70.16846575,1770.97,5925.15,2576.65,1.59490411,5.7,536
2070,Parsa,43710,3633,Paddy,24.45331507,30.57575342,19.17046575,62.98630137,1527.06,6251.42,2888.78,1.610328767,6.9,889
2070,Parsa,4075,3500,Maize,24.45331507,30.57575342,19.17046575,62.98630137,1527.06,6251.42,2888.78,1.610328767,6.9,889
2070,Parsa,86,1000,Millet,24.45331507,30.57575342,19.17046575,62.98630137,1527.06,6251.42,2888.78,1.610328767,6.9,889
2070,Parsa,0,0,Buckwheat,24.45331507,30.57575342,19.17046575,62.98630137,1527.06,6251.42,2888.78,1.610328767,6.9,889
2070,Parsa,23600,3419,Wheat,24.45331507,30.57575342,19.17046575,62.98630137,1527.06,6251.42,2888.78,1.610328767,6.9,889
2070,Parsa,39,1026,Barley,24.45331507,30.57575342,19.17046575,62.98630137,1527.06,6251.42,2888.78,1.610328767,6.9,889
2070,Pyuthan,6520,3027,Paddy,21.39353425,26.70147945,17.1419726,63.776,1828.02,5999.12,2609,1.776082192,6.5,14230
2070,Pyuthan,12058,1531,Maize,21.39353425,26.70147945,17.1419726,63.776,1828.02,5999.12,2609,1.776082192,6.5,14230
2070,Pyuthan,1984,1011,Millet,21.39353425,26.70147945,17.1419726,63.776,1828.02,5999.12,2609,1.776082192,6.5,14230
2070,Pyuthan,13,1154,Buckwheat,21.39353425,26.70147945,17.1419726,63.776,1828.02,5999.12,2609,1.776082192,6.5,14230
2070,Pyuthan,8640,2403,Wheat,21.39353425,26.70147945,17.1419726,63.776,1828.02,5999.12,2609,1.776082192,6.5,14230
2070,Pyuthan,510,1600,Barley,21.39353425,26.70147945,17.1419726,63.776,1828.02,5999.12,2609,1.776082192,6.5,14230
2070,Ramechap,9508,2720,Paddy,13.64624658,19.14556164,9.505013699,63.75282192,1122.96,5968.19,2664.6,1.61369863,5.4,295
2070,Ramechap,21480,2670,Maize,13.64624658,19.14556164,9.505013699,63.75282192,1122.96,5968.19,2664.6,1.61369863,5.4,295
2070,Ramechap,5060,870,Millet,13.64624658,19.14556164,9.505013699,63.75282192,1122.96,5968.19,2664.6,1.61369863,5.4,295
2070,Ramechap,19,1000,Buckwheat,13.64624658,19.14556164,9.505013699,63.75282192,1122.96,5968.19,2664.6,1.61369863,5.4,295
2070,Ramechap,4460,1954,Wheat,13.64624658,19.14556164,9.505013699,63.75282192,1122.96,5968.19,2664.6,1.61369863,5.4,295
2070,Ramechap,173,1098,Barley,13.64624658,19.14556164,9.505013699,63.75282192,1122.96,5968.19,2664.6,1.61369863,5.4,295
2070,Rasuwa,1305,2483,Paddy,8.843506849,14.41591781,4.340630137,66.93967123,1205.66,6099.83,2729.57,1.713671233,6.1,1151
2070,Rasuwa,2430,2091,Maize,8.843506849,14.41591781,4.340630137,66.93967123,1205.66,6099.83,2729.57,1.713671233,6.1,1151
2070,Rasuwa,900,926,Millet,8.843506849,14.41591781,4.340630137,66.93967123,1205.66,6099.83,2729.57,1.713671233,6.1,1151
2070,Rasuwa,0,0,Buckwheat,8.843506849,14.41591781,4.340630137,66.93967123,1205.66,6099.83,2729.57,1.713671233,6.1,1151
2070,Rasuwa,740,2508,Wheat,8.843506849,14.41591781,4.340630137,66.93967123,1205.66,6099.83,2729.57,1.713671233,6.1,1151
2070,Rasuwa,173,1098,Barley,8.843506849,14.41591781,4.340630137,66.93967123,1205.66,6099.83,2729.57,1.713671233,6.1,1151
2070,Rautahat,30500,3135,Paddy,23.78819178,29.81767123,19.04443836,60.38523288,1421.55,6095.67,2727.34,1.655780822,6.8,13654
2070,Rautahat,1700,3235,Maize,23.78819178,29.81767123,19.04443836,60.38523288,1421.55,6095.67,2727.34,1.655780822,6.8,13654
2070,Rautahat,60,867,Millet,23.78819178,29.81767123,19.04443836,60.38523288,1421.55,6095.67,2727.34,1.655780822,6.8,13654
2070,Rautahat,0,0,Buckwheat,23.78819178,29.81767123,19.04443836,60.38523288,1421.55,6095.67,2727.34,1.655780822,6.8,13654
2070,Rautahat,15450,3107,Wheat,23.78819178,29.81767123,19.04443836,60.38523288,1421.55,6095.67,2727.34,1.655780822,6.8,13654
2070,Rautahat,5,1000,Barley,23.78819178,29.81767123,19.04443836,60.38523288,1421.55,6095.67,2727.34,1.655780822,6.8,13654
2070,Rolpa,4715,2500,Paddy,14.56769863,19.93446575,10.21882192,68.73339726,1859.02,5999.12,2609,1.672246575,6.1,421
2070,Rolpa,11881,2200,Maize,14.56769863,19.93446575,10.21882192,68.73339726,1859.02,5999.12,2609,1.672246575,6.1,421
2070,Rolpa,1061,1200,Millet,14.56769863,19.93446575,10.21882192,68.73339726,1859.02,5999.12,2609,1.672246575,6.1,421
2070,Rolpa,122,984,Buckwheat,14.56769863,19.93446575,10.21882192,68.73339726,1859.02,5999.12,2609,1.672246575,6.1,421
2070,Rolpa,8560,2500,Wheat,14.56769863,19.93446575,10.21882192,68.73339726,1859.02,5999.12,2609,1.672246575,6.1,421
2070,Rolpa,500,1400,Barley,14.56769863,19.93446575,10.21882192,68.73339726,1859.02,5999.12,2609,1.672246575,6.1,421
2070,Rukum,3562,2800,Paddy,14.56769863,19.93446575,10.21882192,68.73339726,1859.02,6046.88,2628.68,1.672246575,6.8,11770
2070,Rukum,16289,1903,Maize,14.56769863,19.93446575,10.21882192,68.73339726,1859.02,6046.88,2628.68,1.672246575,6.8,11770
2070,Rukum,915,0,Millet,14.56769863,19.93446575,10.21882192,68.73339726,1859.02,6046.88,2628.68,1.672246575,6.8,11770
2070,Rukum,0,1719,Buckwheat,14.56769863,19.93446575,10.21882192,68.73339726,1859.02,6046.88,2628.68,1.672246575,6.8,11770
2070,Rukum,10600,2599,Wheat,14.56769863,19.93446575,10.21882192,68.73339726,1859.02,6046.88,2628.68,1.672246575,6.8,11770
2070,Rukum,980,1224,Barley,14.56769863,19.93446575,10.21882192,68.73339726,1859.02,6046.88,2628.68,1.672246575,6.8,11770
2070,Rupandehi,70500,4674,Paddy,23.94734247,29.66087671,19.14709589,63.07517808,1933.38,6284.78,2913.63,1.457561644,6.6,399
2070,Rupandehi,2650,3962,Maize,23.94734247,29.66087671,19.14709589,63.07517808,1933.38,6284.78,2913.63,1.457561644,6.6,399
2070,Rupandehi,120,0,Millet,23.94734247,29.66087671,19.14709589,63.07517808,1933.38,6284.78,2913.63,1.457561644,6.6,399
2070,Rupandehi,0,0,Buckwheat,23.94734247,29.66087671,19.14709589,63.07517808,1933.38,6284.78,2913.63,1.457561644,6.6,399
2070,Rupandehi,30400,3512,Wheat,23.94734247,29.66087671,19.14709589,63.07517808,1933.38,6284.78,2913.63,1.457561644,6.6,399
2070,Rupandehi,100,2100,Barley,23.94734247,29.66087671,19.14709589,63.07517808,1933.38,6284.78,2913.63,1.457561644,6.6,399
2070,Salyan,6934,3533,Paddy,21.39353425,26.70147945,17.1419726,63.776,1828.02,5999.12,2609,1.776082192,5.9,395
2070,Salyan,16280,2057,Maize,21.39353425,26.70147945,17.1419726,63.776,1828.02,5999.12,2609,1.776082192,5.9,395
2070,Salyan,2204,909,Millet,21.39353425,26.70147945,17.1419726,63.776,1828.02,5999.12,2609,1.776082192,5.9,395
2070,Salyan,65,1092,Buckwheat,21.39353425,26.70147945,17.1419726,63.776,1828.02,5999.12,2609,1.776082192,5.9,395
2070,Salyan,15108,2028,Wheat,21.39353425,26.70147945,17.1419726,63.776,1828.02,5999.12,2609,1.776082192,5.9,395
2070,Salyan,1265,1154,Barley,21.39353425,26.70147945,17.1419726,63.776,1828.02,5999.12,2609,1.776082192,5.9,395
2070,Sankhuwashava,13775,2574,Paddy,10.70473973,16.52709589,6.27969863,68.49465753,1130.71,5671.1,2497.26,1.769452055,5.6,21112
2070,Sankhuwashava,12470,1363,Maize,10.70473973,16.52709589,6.27969863,68.49465753,1130.71,5671.1,2497.26,1.769452055,5.6,21112
2070,Sankhuwashava,7171,1020,Millet,10.70473973,16.52709589,6.27969863,68.49465753,1130.71,5671.1,2497.26,1.769452055,5.6,21112
2070,Sankhuwashava,18,833,Buckwheat,10.70473973,16.52709589,6.27969863,68.49465753,1130.71,5671.1,2497.26,1.769452055,5.6,21112
2070,Sankhuwashava,775,2471,Wheat,10.70473973,16.52709589,6.27969863,68.49465753,1130.71,5671.1,2497.26,1.769452055,5.6,21112
2070,Sankhuwashava,30,1000,Barley,10.70473973,16.52709589,6.27969863,68.49465753,1130.71,5671.1,2497.26,1.769452055,5.6,21112
2070,Saptari,35000,2586,Paddy,24.54646575,30.5710411,19.75561644,60.33608219,1162.1,6044.41,2704.31,1.858876712,6.6,742
2070,Saptari,3500,2229,Maize,24.54646575,30.5710411,19.75561644,60.33608219,1162.1,6044.41,2704.31,1.858876712,6.6,742
2070,Saptari,250,860,Millet,24.54646575,30.5710411,19.75561644,60.33608219,1162.1,6044.41,2704.31,1.858876712,6.6,742
2070,Saptari,0,0,Buckwheat,24.54646575,30.5710411,19.75561644,60.33608219,1162.1,6044.41,2704.31,1.858876712,6.6,742
2070,Saptari,16000,2750,Wheat,24.54646575,30.5710411,19.75561644,60.33608219,1162.1,6044.41,2704.31,1.858876712,6.6,742
2070,Saptari,0,0,Barley,24.54646575,30.5710411,19.75561644,60.33608219,1162.1,6044.41,2704.31,1.858876712,6.6,742
2070,Sarlahi,45500,2483,Paddy,23.78819178,29.81767123,19.04443836,60.38523288,1421.55,6095.67,2727.34,1.655780822,6.6,748
2070,Sarlahi,5440,4648,Maize,23.78819178,29.81767123,19.04443836,60.38523288,1421.55,6095.67,2727.34,1.655780822,6.6,748
2070,Sarlahi,950,1000,Millet,23.78819178,29.81767123,19.04443836,60.38523288,1421.55,6095.67,2727.34,1.655780822,6.6,748
2070,Sarlahi,0,0,Buckwheat,23.78819178,29.81767123,19.04443836,60.38523288,1421.55,6095.67,2727.34,1.655780822,6.6,748
2070,Sarlahi,22500,2833,Wheat,23.78819178,29.81767123,19.04443836,60.38523288,1421.55,6095.67,2727.34,1.655780822,6.6,748
2070,Sarlahi,75,1000,Barley,23.78819178,29.81767123,19.04443836,60.38523288,1421.55,6095.67,2727.34,1.655780822,6.6,748
2070,Sindhuli,14200,3300,Paddy,22.22715068,28.1350411,17.77150685,59.48649315,1249.09,5968.19,2664.6,1.702520548,6,12812
2070,Sindhuli,23642,2520,Maize,22.22715068,28.1350411,17.77150685,59.48649315,1249.09,5968.19,2664.6,1.702520548,6,12812
2070,Sindhuli,11618,820,Millet,22.22715068,28.1350411,17.77150685,59.48649315,1249.09,5968.19,2664.6,1.702520548,6,12812
2070,Sindhuli,532,511,Buckwheat,22.22715068,28.1350411,17.77150685,59.48649315,1249.09,5968.19,2664.6,1.702520548,6,12812
2070,Sindhuli,5600,2518,Wheat,22.22715068,28.1350411,17.77150685,59.48649315,1249.09,5968.19,2664.6,1.702520548,6,12812
2070,Sindhuli,50,1500,Barley,22.22715068,28.1350411,17.77150685,59.48649315,1249.09,5968.19,2664.6,1.702520548,6,12812
2070,Sindhupalchok,12235,2325,Paddy,8.843506849,14.41591781,4.340630137,66.93967123,1205.66,6294.94,2805.83,1.713671233,5.6,7437
2070,Sindhupalchok,24907,2166,Maize,8.843506849,14.41591781,4.340630137,66.93967123,1205.66,6294.94,2805.83,1.713671233,5.6,7437
2070,Sindhupalchok,19320,1100,Millet,8.843506849,14.41591781,4.340630137,66.93967123,1205.66,6294.94,2805.83,1.713671233,5.6,7437
2070,Sindhupalchok,0,0,Buckwheat,8.843506849,14.41591781,4.340630137,66.93967123,1205.66,6294.94,2805.83,1.713671233,5.6,7437
2070,Sindhupalchok,7010,1122,Wheat,8.843506849,14.41591781,4.340630137,66.93967123,1205.66,6294.94,2805.83,1.713671233,5.6,7437
2070,Sindhupalchok,200,1000,Barley,8.843506849,14.41591781,4.340630137,66.93967123,1205.66,6294.94,2805.83,1.713671233,5.6,7437
2070,Siraha,38788,2534,Paddy,24.82953425,31.20764384,19.65583562,59.86153425,1161.89,6044.41,2704.31,1.940876712,6.8,4139
2070,Siraha,2000,2000,Maize,24.82953425,31.20764384,19.65583562,59.86153425,1161.89,6044.41,2704.31,1.940876712,6.8,4139
2070,Siraha,650,885,Millet,24.82953425,31.20764384,19.65583562,59.86153425,1161.89,6044.41,2704.31,1.940876712,6.8,4139
2070,Siraha,0,0,Buckwheat,24.82953425,31.20764384,19.65583562,59.86153425,1161.89,6044.41,2704.31,1.940876712,6.8,4139
2070,Siraha,14750,2193,Wheat,24.82953425,31.20764384,19.65583562,59.86153425,1161.89,6044.41,2704.31,1.940876712,6.8,4139
2070,Siraha,0,0,Barley,24.82953425,31.20764384,19.65583562,59.86153425,1161.89,6044.41,2704.31,1.940876712,6.8,4139
2070,Solukhumbu,1620,2200,Paddy,9.333589041,15.06279452,4.903479452,66.35646575,1002.06,5968.19,2664.6,1.805890411,5.8,4536
2070,Solukhumbu,12955,2510,Maize,9.333589041,15.06279452,4.903479452,66.35646575,1002.06,5968.19,2664.6,1.805890411,5.8,4536
2070,Solukhumbu,2100,1280,Millet,9.333589041,15.06279452,4.903479452,66.35646575,1002.06,5968.19,2664.6,1.805890411,5.8,4536
2070,Solukhumbu,230,652,Buckwheat,9.333589041,15.06279452,4.903479452,66.35646575,1002.06,5968.19,2664.6,1.805890411,5.8,4536
2070,Solukhumbu,1250,2040,Wheat,9.333589041,15.06279452,4.903479452,66.35646575,1002.06,5968.19,2664.6,1.805890411,5.8,4536
2070,Solukhumbu,190,1053,Barley,9.333589041,15.06279452,4.903479452,66.35646575,1002.06,5968.19,2664.6,1.805890411,5.8,4536
2070,Sunsari,51550,3496,Paddy,23.96660274,29.75136986,19.40868493,62.59860274,1668.32,5914.5,2650.54,1.672,6.6,11556
2070,Sunsari,7800,3397,Maize,23.96660274,29.75136986,19.40868493,62.59860274,1668.32,5914.5,2650.54,1.672,6.6,11556
2070,Sunsari,1200,917,Millet,23.96660274,29.75136986,19.40868493,62.59860274,1668.32,5914.5,2650.54,1.672,6.6,11556
2070,Sunsari,400,1000,Buckwheat,23.96660274,29.75136986,19.40868493,62.59860274,1668.32,5914.5,2650.54,1.672,6.6,11556
2070,Sunsari,16300,2767,Wheat,23.96660274,29.75136986,19.40868493,62.59860274,1668.32,5914.5,2650.54,1.672,6.6,11556
2070,Sunsari,0,0,Barley,23.96660274,29.75136986,19.40868493,62.59860274,1668.32,5914.5,2650.54,1.672,6.6,11556
2070,Surkhet,14600,4063,Paddy,19.76386301,24.83720548,15.67871233,65.04906849,1835.35,5816.6,2582.43,1.500547945,5.9,194
2070,Surkhet,16100,2375,Maize,19.76386301,24.83720548,15.67871233,65.04906849,1835.35,5816.6,2582.43,1.500547945,5.9,194
2070,Surkhet,2095,1352,Millet,19.76386301,24.83720548,15.67871233,65.04906849,1835.35,5816.6,2582.43,1.500547945,5.9,194
2070,Surkhet,0,0,Buckwheat,19.76386301,24.83720548,15.67871233,65.04906849,1835.35,5816.6,2582.43,1.500547945,5.9,194
2070,Surkhet,16255,2815,Wheat,19.76386301,24.83720548,15.67871233,65.04906849,1835.35,5816.6,2582.43,1.500547945,5.9,194
2070,Surkhet,1030,1320,Barley,19.76386301,24.83720548,15.67871233,65.04906849,1835.35,5816.6,2582.43,1.500547945,5.9,194
2070,Syangja,18030,3531,Paddy,18.79980822,23.78808219,14.92939726,65.97928767,2074.76,5925.15,2576.65,1.490958904,6,6524
2070,Syangja,30905,2633,Maize,18.79980822,23.78808219,14.92939726,65.97928767,2074.76,5925.15,2576.65,1.490958904,6,6524
2070,Syangja,16805,1120,Millet,18.79980822,23.78808219,14.92939726,65.97928767,2074.76,5925.15,2576.65,1.490958904,6,6524
2070,Syangja,230,748,Buckwheat,18.79980822,23.78808219,14.92939726,65.97928767,2074.76,5925.15,2576.65,1.490958904,6,6524
2070,Syangja,5798,1751,Wheat,18.79980822,23.78808219,14.92939726,65.97928767,2074.76,5925.15,2576.65,1.490958904,6,6524
2070,Syangja,6,833,Barley,18.79980822,23.78808219,14.92939726,65.97928767,2074.76,5925.15,2576.65,1.490958904,6,6524
2070,Tanahu,16415,3570,Paddy,18.79980822,23.78808219,14.92939726,65.97928767,2074.76,6251.42,2888.78,1.490958904,5.6,2049
2070,Tanahu,26045,2750,Maize,18.79980822,23.78808219,14.92939726,65.97928767,2074.76,6251.42,2888.78,1.490958904,5.6,2049
2070,Tanahu,6350,900,Millet,18.79980822,23.78808219,14.92939726,65.97928767,2074.76,6251.42,2888.78,1.490958904,5.6,2049
2070,Tanahu,191,979,Buckwheat,18.79980822,23.78808219,14.92939726,65.97928767,2074.76,6251.42,2888.78,1.490958904,5.6,2049
2070,Tanahu,1900,1950,Wheat,18.79980822,23.78808219,14.92939726,65.97928767,2074.76,6251.42,2888.78,1.490958904,5.6,2049
2070,Tanahu,6,1000,Barley,18.79980822,23.78808219,14.92939726,65.97928767,2074.76,6251.42,2888.78,1.490958904,5.6,2049
2070,Taplejung,6950,1994,Paddy,5.338410959,10.74586301,1.237506849,71.65550685,1236.96,5671.1,2497.26,1.532219178,5.4,1277
2070,Taplejung,16075,3074,Maize,5.338410959,10.74586301,1.237506849,71.65550685,1236.96,5671.1,2497.26,1.532219178,5.4,1277
2070,Taplejung,3290,1343,Millet,5.338410959,10.74586301,1.237506849,71.65550685,1236.96,5671.1,2497.26,1.532219178,5.4,1277
2070,Taplejung,120,1417,Buckwheat,5.338410959,10.74586301,1.237506849,71.65550685,1236.96,5671.1,2497.26,1.532219178,5.4,1277
2070,Taplejung,925,2179,Wheat,5.338410959,10.74586301,1.237506849,71.65550685,1236.96,5671.1,2497.26,1.532219178,5.4,1277
2070,Taplejung,200,1500,Barley,5.338410959,10.74586301,1.237506849,71.65550685,1236.96,5671.1,2497.26,1.532219178,5.4,1277
2070,Terhathum,10180,2709,Paddy,19.908,25.25923288,15.83515068,63.76115068,1547.04,5671.1,2497.26,1.426438356,5.6,611
2070,Terhathum,12410,2200,Maize,19.908,25.25923288,15.83515068,63.76115068,1547.04,5671.1,2497.26,1.426438356,5.6,611
2070,Terhathum,2800,1179,Millet,19.908,25.25923288,15.83515068,63.76115068,1547.04,5671.1,2497.26,1.426438356,5.6,611
2070,Terhathum,35,857,Buckwheat,19.908,25.25923288,15.83515068,63.76115068,1547.04,5671.1,2497.26,1.426438356,5.6,611
2070,Terhathum,2500,2270,Wheat,19.908,25.25923288,15.83515068,63.76115068,1547.04,5671.1,2497.26,1.426438356,5.6,611
2070,Terhathum,75,1067,Barley,19.908,25.25923288,15.83515068,63.76115068,1547.04,5671.1,2497.26,1.426438356,5.6,611
2070,Udayapur,15250,3466,Paddy,18.54356164,23.79931507,14.71336986,64.82063014,1806.9,5914.5,2650.54,1.228465753,5.4,1273
2070,Udayapur,9500,2474,Maize,18.54356164,23.79931507,14.71336986,64.82063014,1806.9,5914.5,2650.54,1.228465753,5.4,1273
2070,Udayapur,2580,1938,Millet,18.54356164,23.79931507,14.71336986,64.82063014,1806.9,5914.5,2650.54,1.228465753,5.4,1273
2070,Udayapur,20,1000,Buckwheat,18.54356164,23.79931507,14.71336986,64.82063014,1806.9,5914.5,2650.54,1.228465753,5.4,1273
2070,Udayapur,5120,3091,Wheat,18.54356164,23.79931507,14.71336986,64.82063014,1806.9,5914.5,2650.54,1.228465753,5.4,1273
2070,Udayapur,35,1000,Barley,18.54356164,23.79931507,14.71336986,64.82063014,1806.9,5914.5,2650.54,1.228465753,5.4,1273
2071,Achham,16500,2109,Paddy,12.45279452,17.9750137,7.902328767,66.96394521,1070.46,6413.25,2782.67,1.554575342,6.1,76
2071,Achham,3652,2783,Maize,12.45279452,17.9750137,7.902328767,66.96394521,1070.46,6413.25,2782.67,1.554575342,6.1,76
2071,Achham,3420,1038,Millet,12.45279452,17.9750137,7.902328767,66.96394521,1070.46,6413.25,2782.67,1.554575342,6.1,76
2071,Achham,0,0,Buckwheat,12.45279452,17.9750137,7.902328767,66.96394521,1070.46,6413.25,2782.67,1.554575342,6.1,76
2071,Achham,15210,1479,Wheat,12.45279452,17.9750137,7.902328767,66.96394521,1070.46,6413.25,2782.67,1.554575342,6.1,76
2071,Achham,500,1320,Barley,12.45279452,17.9750137,7.902328767,66.96394521,1070.46,6413.25,2782.67,1.554575342,6.1,76
2071,Arghakhanchi,8189,3100,Paddy,19.90926027,25.24227397,15.81109589,58.72786301,1776.86,6459.57,2990.77,1.702164384,5.9,612
2071,Arghakhanchi,16500,3000,Maize,19.90926027,25.24227397,15.81109589,58.72786301,1776.86,6459.57,2990.77,1.702164384,5.9,612
2071,Arghakhanchi,505,1299,Millet,19.90926027,25.24227397,15.81109589,58.72786301,1776.86,6459.57,2990.77,1.702164384,5.9,612
2071,Arghakhanchi,275,873,Buckwheat,19.90926027,25.24227397,15.81109589,58.72786301,1776.86,6459.57,2990.77,1.702164384,5.9,612
2071,Arghakhanchi,7340,2180,Wheat,19.90926027,25.24227397,15.81109589,58.72786301,1776.86,6459.57,2990.77,1.702164384,5.9,612
2071,Arghakhanchi,350,1200,Barley,19.90926027,25.24227397,15.81109589,58.72786301,1776.86,6459.57,2990.77,1.702164384,5.9,612
2071,Baglung,5782,3064,Paddy,19.246,24.31819178,15.2229863,62.63756164,2051.05,6221.05,2694.46,1.488520548,5.7,439
2071,Baglung,19942,2949,Maize,19.246,24.31819178,15.2229863,62.63756164,2051.05,6221.05,2694.46,1.488520548,5.7,439
2071,Baglung,18559,1174,Millet,19.246,24.31819178,15.2229863,62.63756164,2051.05,6221.05,2694.46,1.488520548,5.7,439
2071,Baglung,84,1440,Buckwheat,19.246,24.31819178,15.2229863,62.63756164,2051.05,6221.05,2694.46,1.488520548,5.7,439
2071,Baglung,6996,2426,Wheat,19.246,24.31819178,15.2229863,62.63756164,2051.05,6221.05,2694.46,1.488520548,5.7,439
2071,Baglung,965,1250,Barley,19.246,24.31819178,15.2229863,62.63756164,2051.05,6221.05,2694.46,1.488520548,5.7,439
2071,Baitadi,7000,2240,Paddy,11.13424658,16.98210959,6.185041096,64.68284932,744.78,6670.25,2937.41,1.662410959,6,109
2071,Baitadi,14500,1615,Maize,11.13424658,16.98210959,6.185041096,64.68284932,744.78,6670.25,2937.41,1.662410959,6,109
2071,Baitadi,710,1563,Millet,11.13424658,16.98210959,6.185041096,64.68284932,744.78,6670.25,2937.41,1.662410959,6,109
2071,Baitadi,0,0,Buckwheat,11.13424658,16.98210959,6.185041096,64.68284932,744.78,6670.25,2937.41,1.662410959,6,109
2071,Baitadi,15000,2186,Wheat,11.13424658,16.98210959,6.185041096,64.68284932,744.78,6670.25,2937.41,1.662410959,6,109
2071,Baitadi,1000,1650,Barley,11.13424658,16.98210959,6.185041096,64.68284932,744.78,6670.25,2937.41,1.662410959,6,109
2071,Bajhang,7006,3250,Paddy,11.13424658,16.98210959,6.185041096,64.68284932,744.78,6413.25,2782.67,1.662410959,5.6,147
2071,Bajhang,3652,1060,Maize,11.13424658,16.98210959,6.185041096,64.68284932,744.78,6413.25,2782.67,1.662410959,5.6,147
2071,Bajhang,2286,1006,Millet,11.13424658,16.98210959,6.185041096,64.68284932,744.78,6413.25,2782.67,1.662410959,5.6,147
2071,Bajhang,7,1000,Buckwheat,11.13424658,16.98210959,6.185041096,64.68284932,744.78,6413.25,2782.67,1.662410959,5.6,147
2071,Bajhang,9950,2362,Wheat,11.13424658,16.98210959,6.185041096,64.68284932,744.78,6413.25,2782.67,1.662410959,5.6,147
2071,Bajhang,3500,1000,Barley,11.13424658,16.98210959,6.185041096,64.68284932,744.78,6413.25,2782.67,1.662410959,5.6,147
2071,Bajura,3310,2415,Paddy,8.875863014,15.01065753,3.828630137,67.09808219,779.21,6413.25,2782.67,1.652958904,6,154
2071,Bajura,790,2339,Maize,8.875863014,15.01065753,3.828630137,67.09808219,779.21,6413.25,2782.67,1.652958904,6,154
2071,Bajura,2610,2662,Millet,8.875863014,15.01065753,3.828630137,67.09808219,779.21,6413.25,2782.67,1.652958904,6,154
2071,Bajura,7,1714,Buckwheat,8.875863014,15.01065753,3.828630137,67.09808219,779.21,6413.25,2782.67,1.652958904,6,154
2071,Bajura,4750,1522,Wheat,8.875863014,15.01065753,3.828630137,67.09808219,779.21,6413.25,2782.67,1.652958904,6,154
2071,Bajura,1010,1089,Barley,8.875863014,15.01065753,3.828630137,67.09808219,779.21,6413.25,2782.67,1.652958904,6,154
2071,Banke,32500,3150,Paddy,20.24405479,25.73128767,15.81838356,57.99586301,1254.39,6158.82,2724.73,1.564,6.4,5913
2071,Banke,8990,2150,Maize,20.24405479,25.73128767,15.81838356,57.99586301,1254.39,6158.82,2724.73,1.564,6.4,5913
2071,Banke,0,0,Millet,20.24405479,25.73128767,15.81838356,57.99586301,1254.39,6158.82,2724.73,1.564,6.4,5913
2071,Banke,0,0,Buckwheat,20.24405479,25.73128767,15.81838356,57.99586301,1254.39,6158.82,2724.73,1.564,6.4,5913
2071,Banke,19030,3022,Wheat,20.24405479,25.73128767,15.81838356,57.99586301,1254.39,6158.82,2724.73,1.564,6.4,5913
2071,Banke,10,1000,Barley,20.24405479,25.73128767,15.81838356,57.99586301,1254.39,6158.82,2724.73,1.564,6.4,5913
2071,Bara,60446,2596,Paddy,24.81731507,30.9299726,19.85830137,59.4869589,1357.57,6408.59,2958.53,1.605616438,6.7,7732
2071,Bara,4750,2842,Maize,24.81731507,30.9299726,19.85830137,59.4869589,1357.57,6408.59,2958.53,1.605616438,6.7,7732
2071,Bara,79,1304,Millet,24.81731507,30.9299726,19.85830137,59.4869589,1357.57,6408.59,2958.53,1.605616438,6.7,7732
2071,Bara,29150,3093,Buckwheat,24.81731507,30.9299726,19.85830137,59.4869589,1357.57,6408.59,2958.53,1.605616438,6.7,7732
2071,Bara,0,0,Wheat,24.81731507,30.9299726,19.85830137,59.4869589,1357.57,6408.59,2958.53,1.605616438,6.7,7732
2071,Bara,80,1250,Barley,24.81731507,30.9299726,19.85830137,59.4869589,1357.57,6408.59,2958.53,1.605616438,6.7,7732
2071,Bardiya,48500,4227,Paddy,24.99920548,31.2150411,19.83643836,52.68572603,1177.88,6158.82,2724.73,1.747671233,6.8,7655
2071,Bardiya,1200,7500,Maize,24.99920548,31.2150411,19.83643836,52.68572603,1177.88,6158.82,2724.73,1.747671233,6.8,7655
2071,Bardiya,0,0,Millet,24.99920548,31.2150411,19.83643836,52.68572603,1177.88,6158.82,2724.73,1.747671233,6.8,7655
2071,Bardiya,0,0,Buckwheat,24.99920548,31.2150411,19.83643836,52.68572603,1177.88,6158.82,2724.73,1.747671233,6.8,7655
2071,Bardiya,19400,3892,Wheat,24.99920548,31.2150411,19.83643836,52.68572603,1177.88,6158.82,2724.73,1.747671233,6.8,7655
2071,Bardiya,10,1000,Barley,24.99920548,31.2150411,19.83643836,52.68572603,1177.88,6158.82,2724.73,1.747671233,6.8,7655
2071,Bhaktapur,4348,6100,Paddy,19.01671233,24.09531507,15.18460274,62.62405479,1331.64,6430.92,2861.66,1.462547945,5.8,2771
2071,Bhaktapur,1965,4107,Maize,19.01671233,24.09531507,15.18460274,62.62405479,1331.64,6430.92,2861.66,1.462547945,5.8,2771
2071,Bhaktapur,110,1418,Millet,19.01671233,24.09531507,15.18460274,62.62405479,1331.64,6430.92,2861.66,1.462547945,5.8,2771
2071,Bhaktapur,0,0,Buckwheat,19.01671233,24.09531507,15.18460274,62.62405479,1331.64,6430.92,2861.66,1.462547945,5.8,2771
2071,Bhaktapur,3100,3613,Wheat,19.01671233,24.09531507,15.18460274,62.62405479,1331.64,6430.92,2861.66,1.462547945,5.8,2771
2071,Bhaktapur,45,1111,Barley,19.01671233,24.09531507,15.18460274,62.62405479,1331.64,6430.92,2861.66,1.462547945,5.8,2771
2071,Bhojpur,16093,2230,Paddy,5.506383562,10.65917808,1.660273973,73.8670411,948.03,5725.89,2516.93,1.598876712,5.4,15732
2071,Bhojpur,36360,2303,Maize,5.506383562,10.65917808,1.660273973,73.8670411,948.03,5725.89,2516.93,1.598876712,5.4,15732
2071,Bhojpur,5505,800,Millet,5.506383562,10.65917808,1.660273973,73.8670411,948.03,5725.89,2516.93,1.598876712,5.4,15732
2071,Bhojpur,35,714,Buckwheat,5.506383562,10.65917808,1.660273973,73.8670411,948.03,5725.89,2516.93,1.598876712,5.4,15732
2071,Bhojpur,2500,1920,Wheat,5.506383562,10.65917808,1.660273973,73.8670411,948.03,5725.89,2516.93,1.598876712,5.4,15732
2071,Bhojpur,10,1000,Barley,5.506383562,10.65917808,1.660273973,73.8670411,948.03,5725.89,2516.93,1.598876712,5.4,15732
2071,Chitwan,29400,3520,Paddy,24.14879452,29.90386301,19.44279452,59.81060274,1550.68,6408.59,2958.53,1.358109589,6.1,615
2071,Chitwan,9200,2902,Maize,24.14879452,29.90386301,19.44279452,59.81060274,1550.68,6408.59,2958.53,1.358109589,6.1,615
2071,Chitwan,1550,1000,Millet,24.14879452,29.90386301,19.44279452,59.81060274,1550.68,6408.59,2958.53,1.358109589,6.1,615
2071,Chitwan,0,0,Buckwheat,24.14879452,29.90386301,19.44279452,59.81060274,1550.68,6408.59,2958.53,1.358109589,6.1,615
2071,Chitwan,8500,3588,Wheat,24.14879452,29.90386301,19.44279452,59.81060274,1550.68,6408.59,2958.53,1.358109589,6.1,615
2071,Chitwan,30,1500,Barley,24.14879452,29.90386301,19.44279452,59.81060274,1550.68,6408.59,2958.53,1.358109589,6.1,615
2071,Dadeldhura,5221,3639,Paddy,16.07013699,21.9080274,11.21652055,58.38673973,917.69,6670.25,2937.41,1.496136986,5.9,10437
2071,Dadeldhura,3744,2910,Maize,16.07013699,21.9080274,11.21652055,58.38673973,917.69,6670.25,2937.41,1.496136986,5.9,10437
2071,Dadeldhura,305,1016,Millet,16.07013699,21.9080274,11.21652055,58.38673973,917.69,6670.25,2937.41,1.496136986,5.9,10437
2071,Dadeldhura,0,0,Buckwheat,16.07013699,21.9080274,11.21652055,58.38673973,917.69,6670.25,2937.41,1.496136986,5.9,10437
2071,Dadeldhura,8705,2125,Wheat,16.07013699,21.9080274,11.21652055,58.38673973,917.69,6670.25,2937.41,1.496136986,5.9,10437
2071,Dadeldhura,190,1316,Barley,16.07013699,21.9080274,11.21652055,58.38673973,917.69,6670.25,2937.41,1.496136986,5.9,10437
2071,Dailekh,8307,3149,Paddy,12.45279452,17.9750137,7.902328767,66.96394521,1070.46,6158.82,2724.73,1.554575342,5.9,18
2071,Dailekh,20150,1950,Maize,12.45279452,17.9750137,7.902328767,66.96394521,1070.46,6158.82,2724.73,1.554575342,5.9,18
2071,Dailekh,2425,1091,Millet,12.45279452,17.9750137,7.902328767,66.96394521,1070.46,6158.82,2724.73,1.554575342,5.9,18
2071,Dailekh,27,741,Buckwheat,12.45279452,17.9750137,7.902328767,66.96394521,1070.46,6158.82,2724.73,1.554575342,5.9,18
2071,Dailekh,20150,1945,Wheat,12.45279452,17.9750137,7.902328767,66.96394521,1070.46,6158.82,2724.73,1.554575342,5.9,18
2071,Dailekh,200,1250,Barley,12.45279452,17.9750137,7.902328767,66.96394521,1070.46,6158.82,2724.73,1.554575342,5.9,18
2071,Dang,36508,4300,Paddy,22.04649315,27.77824658,17.46468493,56.46156164,1375.28,6475.36,2808.84,1.880383562,5.8,24
2071,Dang,23200,1990,Maize,22.04649315,27.77824658,17.46468493,56.46156164,1375.28,6475.36,2808.84,1.880383562,5.8,24
2071,Dang,20,1000,Millet,22.04649315,27.77824658,17.46468493,56.46156164,1375.28,6475.36,2808.84,1.880383562,5.8,24
2071,Dang,20,0,Buckwheat,22.04649315,27.77824658,17.46468493,56.46156164,1375.28,6475.36,2808.84,1.880383562,5.8,24
2071,Dang,12022,2703,Wheat,22.04649315,27.77824658,17.46468493,56.46156164,1375.28,6475.36,2808.84,1.880383562,5.8,24
2071,Dang,25,1200,Barley,22.04649315,27.77824658,17.46468493,56.46156164,1375.28,6475.36,2808.84,1.880383562,5.8,24
2071,Darchula,4480,2373,Paddy,5.839068493,11.59558904,0.911972603,67.408,643.58,6670.25,2937.41,1.822054795,6,11824
2071,Darchula,3558,1800,Maize,5.839068493,11.59558904,0.911972603,67.408,643.58,6670.25,2937.41,1.822054795,6,11824
2071,Darchula,1310,882,Millet,5.839068493,11.59558904,0.911972603,67.408,643.58,6670.25,2937.41,1.822054795,6,11824
2071,Darchula,100,820,Buckwheat,5.839068493,11.59558904,0.911972603,67.408,643.58,6670.25,2937.41,1.822054795,6,11824
2071,Darchula,4450,2764,Wheat,5.839068493,11.59558904,0.911972603,67.408,643.58,6670.25,2937.41,1.822054795,6,11824
2071,Darchula,1190,1555,Barley,5.839068493,11.59558904,0.911972603,67.408,643.58,6670.25,2937.41,1.822054795,6,11824
2071,Dhading,12545,4015,Paddy,14.89345205,19.95178082,10.86967123,65.4290411,1427.64,6408.59,2958.53,1.505178082,5.5,16
2071,Dhading,19445,1930,Maize,14.89345205,19.95178082,10.86967123,65.4290411,1427.64,6408.59,2958.53,1.505178082,5.5,16
2071,Dhading,6930,952,Millet,14.89345205,19.95178082,10.86967123,65.4290411,1427.64,6408.59,2958.53,1.505178082,5.5,16
2071,Dhading,0,0,Buckwheat,14.89345205,19.95178082,10.86967123,65.4290411,1427.64,6408.59,2958.53,1.505178082,5.5,16
2071,Dhading,4790,2150,Wheat,14.89345205,19.95178082,10.86967123,65.4290411,1427.64,6408.59,2958.53,1.505178082,5.5,16
2071,Dhading,325,1077,Barley,14.89345205,19.95178082,10.86967123,65.4290411,1427.64,6408.59,2958.53,1.505178082,5.5,16
2071,Dhankuta,7820,2869,Paddy,20.2559726,25.57950685,16.18526027,63.54638356,1128.84,5886.24,2639.06,1.460356164,5.8,6572
2071,Dhankuta,6785,2284,Maize,20.2559726,25.57950685,16.18526027,63.54638356,1128.84,5886.24,2639.06,1.460356164,5.8,6572
2071,Dhankuta,7800,1000,Millet,20.2559726,25.57950685,16.18526027,63.54638356,1128.84,5886.24,2639.06,1.460356164,5.8,6572
2071,Dhankuta,0,0,Buckwheat,20.2559726,25.57950685,16.18526027,63.54638356,1128.84,5886.24,2639.06,1.460356164,5.8,6572
2071,Dhankuta,1390,2086,Wheat,20.2559726,25.57950685,16.18526027,63.54638356,1128.84,5886.24,2639.06,1.460356164,5.8,6572
2071,Dhankuta,5,1000,Barley,20.2559726,25.57950685,16.18526027,63.54638356,1128.84,5886.24,2639.06,1.460356164,5.8,6572
2071,Dhanusha,44200,3200,Paddy,22.66246575,28.40646575,18.33369863,58.84380822,1124.72,6073.46,2722.44,1.662410959,6.6,1542
2071,Dhanusha,2465,3124,Maize,22.66246575,28.40646575,18.33369863,58.84380822,1124.72,6073.46,2722.44,1.662410959,6.6,1542
2071,Dhanusha,300,1000,Millet,22.66246575,28.40646575,18.33369863,58.84380822,1124.72,6073.46,2722.44,1.662410959,6.6,1542
2071,Dhanusha,38000,3026,Buckwheat,22.66246575,28.40646575,18.33369863,58.84380822,1124.72,6073.46,2722.44,1.662410959,6.6,1542
2071,Dhanusha,0,0,Wheat,22.66246575,28.40646575,18.33369863,58.84380822,1124.72,6073.46,2722.44,1.662410959,6.6,1542
2071,Dhanusha,1,1000,Barley,22.66246575,28.40646575,18.33369863,58.84380822,1124.72,6073.46,2722.44,1.662410959,6.6,1542
2071,Dolakha,3180,2200,Paddy,1.697726027,7.313150685,-2.775123288,70.27109589,757.7,6100.56,2724.95,2.099589041,6.5,11408
2071,Dolakha,5700,2250,Maize,1.697726027,7.313150685,-2.775123288,70.27109589,757.7,6100.56,2724.95,2.099589041,6.5,11408
2071,Dolakha,3600,1181,Millet,1.697726027,7.313150685,-2.775123288,70.27109589,757.7,6100.56,2724.95,2.099589041,6.5,11408
2071,Dolakha,435,920,Buckwheat,1.697726027,7.313150685,-2.775123288,70.27109589,757.7,6100.56,2724.95,2.099589041,6.5,11408
2071,Dolakha,4700,1500,Wheat,1.697726027,7.313150685,-2.775123288,70.27109589,757.7,6100.56,2724.95,2.099589041,6.5,11408
2071,Dolakha,170,1029,Barley,1.697726027,7.313150685,-2.775123288,70.27109589,757.7,6100.56,2724.95,2.099589041,6.5,11408
2071,Dolpa,276,2138,Paddy,-1.487753425,4.397260274,-6.477013699,69.30115068,1283.46,6475.36,2808.84,1.913753425,6.6,1248
2071,Dolpa,255,1082,Maize,-1.487753425,4.397260274,-6.477013699,69.30115068,1283.46,6475.36,2808.84,1.913753425,6.6,1248
2071,Dolpa,291,1024,Millet,-1.487753425,4.397260274,-6.477013699,69.30115068,1283.46,6475.36,2808.84,1.913753425,6.6,1248
2071,Dolpa,682,994,Buckwheat,-1.487753425,4.397260274,-6.477013699,69.30115068,1283.46,6475.36,2808.84,1.913753425,6.6,1248
2071,Dolpa,2600,1719,Wheat,-1.487753425,4.397260274,-6.477013699,69.30115068,1283.46,6475.36,2808.84,1.913753425,6.6,1248
2071,Dolpa,390,1154,Barley,-1.487753425,4.397260274,-6.477013699,69.30115068,1283.46,6475.36,2808.84,1.913753425,6.6,1248
2071,Doti,10600,2113,Paddy,16.07013699,21.9080274,11.21652055,58.38673973,917.69,6670.25,2937.41,1.496136986,5.9,22
2071,Doti,2748,1900,Maize,16.07013699,21.9080274,11.21652055,58.38673973,917.69,6670.25,2937.41,1.496136986,5.9,22
2071,Doti,5150,1262,Millet,16.07013699,21.9080274,11.21652055,58.38673973,917.69,6670.25,2937.41,1.496136986,5.9,22
2071,Doti,12,1000,Buckwheat,16.07013699,21.9080274,11.21652055,58.38673973,917.69,6670.25,2937.41,1.496136986,5.9,22
2071,Doti,15940,2039,Wheat,16.07013699,21.9080274,11.21652055,58.38673973,917.69,6670.25,2937.41,1.496136986,5.9,22
2071,Doti,200,1500,Barley,16.07013699,21.9080274,11.21652055,58.38673973,917.69,6670.25,2937.41,1.496136986,5.9,22
2071,Gorkha,12192,3165,Paddy,14.89345205,19.95178082,10.86967123,65.4290411,1427.64,6408.59,2958.53,1.505178082,5.5,348
2071,Gorkha,17033,2670,Maize,14.89345205,19.95178082,10.86967123,65.4290411,1427.64,6408.59,2958.53,1.505178082,5.5,348
2071,Gorkha,11605,1373,Millet,14.89345205,19.95178082,10.86967123,65.4290411,1427.64,6408.59,2958.53,1.505178082,5.5,348
2071,Gorkha,393,1008,Buckwheat,14.89345205,19.95178082,10.86967123,65.4290411,1427.64,6408.59,2958.53,1.505178082,5.5,348
2071,Gorkha,3910,2008,Wheat,14.89345205,19.95178082,10.86967123,65.4290411,1427.64,6408.59,2958.53,1.505178082,5.5,348
2071,Gorkha,108,1102,Barley,14.89345205,19.95178082,10.86967123,65.4290411,1427.64,6408.59,2958.53,1.505178082,5.5,348
2071,Gulmi,10042,2783,Paddy,19.90926027,25.24227397,15.81109589,58.72786301,1776.86,6459.57,2990.77,1.702164384,6.1,980
2071,Gulmi,24014,2203,Maize,19.90926027,25.24227397,15.81109589,58.72786301,1776.86,6459.57,2990.77,1.702164384,6.1,980
2071,Gulmi,2905,1003,Millet,19.90926027,25.24227397,15.81109589,58.72786301,1776.86,6459.57,2990.77,1.702164384,6.1,980
2071,Gulmi,212,1278,Buckwheat,19.90926027,25.24227397,15.81109589,58.72786301,1776.86,6459.57,2990.77,1.702164384,6.1,980
2071,Gulmi,7817,2111,Wheat,19.90926027,25.24227397,15.81109589,58.72786301,1776.86,6459.57,2990.77,1.702164384,6.1,980
2071,Gulmi,370,1800,Barley,19.90926027,25.24227397,15.81109589,58.72786301,1776.86,6459.57,2990.77,1.702164384,6.1,980
2071,Humla,574,1533,Paddy,-0.889041096,5.103671233,-5.975561644,75.00106849,532.93,6970.73,2925.23,2.073972603,6.5,529
2071,Humla,118,1542,Maize,-0.889041096,5.103671233,-5.975561644,75.00106849,532.93,6970.73,2925.23,2.073972603,6.5,529
2071,Humla,1270,1033,Millet,-0.889041096,5.103671233,-5.975561644,75.00106849,532.93,6970.73,2925.23,2.073972603,6.5,529
2071,Humla,670,764,Buckwheat,-0.889041096,5.103671233,-5.975561644,75.00106849,532.93,6970.73,2925.23,2.073972603,6.5,529
2071,Humla,1021,1000,Wheat,-0.889041096,5.103671233,-5.975561644,75.00106849,532.93,6970.73,2925.23,2.073972603,6.5,529
2071,Humla,685,1190,Barley,-0.889041096,5.103671233,-5.975561644,75.00106849,532.93,6970.73,2925.23,2.073972603,6.5,529
2071,Illam,12593,2480,Paddy,18.76780822,23.98539726,14.93827397,65.31010959,1322.03,5725.89,2516.93,1.254657534,5.5,0
2071,Illam,31395,3550,Maize,18.76780822,23.98539726,14.93827397,65.31010959,1322.03,5725.89,2516.93,1.254657534,5.5,0
2071,Illam,1700,1000,Millet,18.76780822,23.98539726,14.93827397,65.31010959,1322.03,5725.89,2516.93,1.254657534,5.5,0
2071,Illam,25,800,Buckwheat,18.76780822,23.98539726,14.93827397,65.31010959,1322.03,5725.89,2516.93,1.254657534,5.5,0
2071,Illam,4620,3320,Wheat,18.76780822,23.98539726,14.93827397,65.31010959,1322.03,5725.89,2516.93,1.254657534,5.5,0
2071,Illam,50,1000,Barley,18.76780822,23.98539726,14.93827397,65.31010959,1322.03,5725.89,2516.93,1.254657534,5.5,0
2071,Jajarkot,4042,2675,Paddy,22.04649315,27.77824658,17.46468493,56.46156164,1375.28,6475.36,2808.84,1.880383562,6.2,1033
2071,Jajarkot,9366,1552,Maize,22.04649315,27.77824658,17.46468493,56.46156164,1375.28,6475.36,2808.84,1.880383562,6.2,1033
2071,Jajarkot,1935,1187,Millet,22.04649315,27.77824658,17.46468493,56.46156164,1375.28,6475.36,2808.84,1.880383562,6.2,1033
2071,Jajarkot,28,1036,Buckwheat,22.04649315,27.77824658,17.46468493,56.46156164,1375.28,6475.36,2808.84,1.880383562,6.2,1033
2071,Jajarkot,13040,1189,Wheat,22.04649315,27.77824658,17.46468493,56.46156164,1375.28,6475.36,2808.84,1.880383562,6.2,1033
2071,Jajarkot,700,1429,Barley,22.04649315,27.77824658,17.46468493,56.46156164,1375.28,6475.36,2808.84,1.880383562,6.2,1033
2071,Jhapa,83200,4060,Paddy,24.60671233,30.0909589,20.27854795,62.46032877,1510.61,5886.24,2639.06,1.542767123,5.7,90
2071,Jhapa,35500,2592,Maize,24.60671233,30.0909589,20.27854795,62.46032877,1510.61,5886.24,2639.06,1.542767123,5.7,90
2071,Jhapa,1780,1200,Millet,24.60671233,30.0909589,20.27854795,62.46032877,1510.61,5886.24,2639.06,1.542767123,5.7,90
2071,Jhapa,1270,1000,Buckwheat,24.60671233,30.0909589,20.27854795,62.46032877,1510.61,5886.24,2639.06,1.542767123,5.7,90
2071,Jhapa,8050,3000,Wheat,24.60671233,30.0909589,20.27854795,62.46032877,1510.61,5886.24,2639.06,1.542767123,5.7,90
2071,Jhapa,6,1000,Barley,24.60671233,30.0909589,20.27854795,62.46032877,1510.61,5886.24,2639.06,1.542767123,5.7,90
2071,Jumla,2950,2500,Paddy,8.875863014,15.01065753,3.828630137,67.09808219,779.21,6722.5,2837.86,1.652958904,6.5,11618
2071,Jumla,4500,1600,Maize,8.875863014,15.01065753,3.828630137,67.09808219,779.21,6722.5,2837.86,1.652958904,6.5,11618
2071,Jumla,3840,1140,Millet,8.875863014,15.01065753,3.828630137,67.09808219,779.21,6722.5,2837.86,1.652958904,6.5,11618
2071,Jumla,85,1000,Buckwheat,8.875863014,15.01065753,3.828630137,67.09808219,779.21,6722.5,2837.86,1.652958904,6.5,11618
2071,Jumla,2450,2012,Wheat,8.875863014,15.01065753,3.828630137,67.09808219,779.21,6722.5,2837.86,1.652958904,6.5,11618
2071,Jumla,3990,1704,Barley,8.875863014,15.01065753,3.828630137,67.09808219,779.21,6722.5,2837.86,1.652958904,6.5,11618
2071,Kailali,70400,2980,Paddy,25.28739726,32.03893151,19.74972603,52.28742466,1148.73,6177.48,2755.3,1.669178082,6.6,0
2071,Kailali,5540,1039,Maize,25.28739726,32.03893151,19.74972603,52.28742466,1148.73,6177.48,2755.3,1.669178082,6.6,0
2071,Kailali,377,1008,Millet,25.28739726,32.03893151,19.74972603,52.28742466,1148.73,6177.48,2755.3,1.669178082,6.6,0
2071,Kailali,25,1000,Buckwheat,25.28739726,32.03893151,19.74972603,52.28742466,1148.73,6177.48,2755.3,1.669178082,6.6,0
2071,Kailali,34300,2493,Wheat,25.28739726,32.03893151,19.74972603,52.28742466,1148.73,6177.48,2755.3,1.669178082,6.6,0
2071,Kailali,400,1025,Barley,25.28739726,32.03893151,19.74972603,52.28742466,1148.73,6177.48,2755.3,1.669178082,6.6,0
2071,Kalikot,2563,2603,Paddy,12.45279452,17.9750137,7.902328767,66.96394521,1070.46,6413.25,2782.67,1.554575342,6.2,17454
2071,Kalikot,2573,2342,Maize,12.45279452,17.9750137,7.902328767,66.96394521,1070.46,6413.25,2782.67,1.554575342,6.2,17454
2071,Kalikot,1263,1570,Millet,12.45279452,17.9750137,7.902328767,66.96394521,1070.46,6413.25,2782.67,1.554575342,6.2,17454
2071,Kalikot,123,1455,Buckwheat,12.45279452,17.9750137,7.902328767,66.96394521,1070.46,6413.25,2782.67,1.554575342,6.2,17454
2071,Kalikot,5630,1150,Wheat,12.45279452,17.9750137,7.902328767,66.96394521,1070.46,6413.25,2782.67,1.554575342,6.2,17454
2071,Kalikot,1030,2003,Barley,12.45279452,17.9750137,7.902328767,66.96394521,1070.46,6413.25,2782.67,1.554575342,6.2,17454
2071,Kanchanpur,45600,3151,Paddy,21.9519726,28.31956164,16.93430137,54.64657534,1119.62,6302.24,2805.71,1.067534247,6.2,35
2071,Kanchanpur,3600,1900,Maize,21.9519726,28.31956164,16.93430137,54.64657534,1119.62,6302.24,2805.71,1.067534247,6.2,35
2071,Kanchanpur,0,0,Millet,21.9519726,28.31956164,16.93430137,54.64657534,1119.62,6302.24,2805.71,1.067534247,6.2,35
2071,Kanchanpur,0,0,Buckwheat,21.9519726,28.31956164,16.93430137,54.64657534,1119.62,6302.24,2805.71,1.067534247,6.2,35
2071,Kanchanpur,31433,2243,Wheat,21.9519726,28.31956164,16.93430137,54.64657534,1119.62,6302.24,2805.71,1.067534247,6.2,35
2071,Kanchanpur,10,1000,Barley,21.9519726,28.31956164,16.93430137,54.64657534,1119.62,6302.24,2805.71,1.067534247,6.2,35
2071,Kapilbastu,69840,3000,Paddy,25.10684932,31.25849315,19.94668493,56.00443836,1509.83,6459.57,2990.77,1.769972603,6.9,7607
2071,Kapilbastu,3120,3045,Maize,25.10684932,31.25849315,19.94668493,56.00443836,1509.83,6459.57,2990.77,1.769972603,6.9,7607
2071,Kapilbastu,0,0,Millet,25.10684932,31.25849315,19.94668493,56.00443836,1509.83,6459.57,2990.77,1.769972603,6.9,7607
2071,Kapilbastu,0,0,Buckwheat,25.10684932,31.25849315,19.94668493,56.00443836,1509.83,6459.57,2990.77,1.769972603,6.9,7607
2071,Kapilbastu,32100,3146,Wheat,25.10684932,31.25849315,19.94668493,56.00443836,1509.83,6459.57,2990.77,1.769972603,6.9,7607
2071,Kapilbastu,200,1750,Barley,25.10684932,31.25849315,19.94668493,56.00443836,1509.83,6459.57,2990.77,1.769972603,6.9,7607
2071,Kaski,22025,3785,Paddy,4.988684932,9.981890411,0.875178082,72.86087671,1444.66,5953.26,2642.74,1.646136986,6.7,14589
2071,Kaski,13773,2300,Maize,4.988684932,9.981890411,0.875178082,72.86087671,1444.66,5953.26,2642.74,1.646136986,6.7,14589
2071,Kaski,14767,1268,Millet,4.988684932,9.981890411,0.875178082,72.86087671,1444.66,5953.26,2642.74,1.646136986,6.7,14589
2071,Kaski,14,1143,Buckwheat,4.988684932,9.981890411,0.875178082,72.86087671,1444.66,5953.26,2642.74,1.646136986,6.7,14589
2071,Kaski,6800,2574,Wheat,4.988684932,9.981890411,0.875178082,72.86087671,1444.66,5953.26,2642.74,1.646136986,6.7,14589
2071,Kaski,130,1077,Barley,4.988684932,9.981890411,0.875178082,72.86087671,1444.66,5953.26,2642.74,1.646136986,6.7,14589
2071,Kathmandu,7930,5706,Paddy,19.01671233,24.09531507,15.18460274,62.62405479,1331.64,6430.92,2861.66,1.462547945,6.5,1638
2071,Kathmandu,9923,3371,Maize,19.01671233,24.09531507,15.18460274,62.62405479,1331.64,6430.92,2861.66,1.462547945,6.5,1638
2071,Kathmandu,852,1000,Millet,19.01671233,24.09531507,15.18460274,62.62405479,1331.64,6430.92,2861.66,1.462547945,6.5,1638
2071,Kathmandu,5,1000,Buckwheat,19.01671233,24.09531507,15.18460274,62.62405479,1331.64,6430.92,2861.66,1.462547945,6.5,1638
2071,Kathmandu,4100,3537,Wheat,19.01671233,24.09531507,15.18460274,62.62405479,1331.64,6430.92,2861.66,1.462547945,6.5,1638
2071,Kathmandu,4,1000,Barley,19.01671233,24.09531507,15.18460274,62.62405479,1331.64,6430.92,2861.66,1.462547945,6.5,1638
2071,Kavre,11310,3272,Paddy,19.01671233,24.09531507,15.18460274,62.62405479,1331.64,6430.92,2861.66,1.462547945,5.7,4293
2071,Kavre,25354,2400,Maize,19.01671233,24.09531507,15.18460274,62.62405479,1331.64,6430.92,2861.66,1.462547945,5.7,4293
2071,Kavre,3515,1150,Millet,19.01671233,24.09531507,15.18460274,62.62405479,1331.64,6430.92,2861.66,1.462547945,5.7,4293
2071,Kavre,671,997,Buckwheat,19.01671233,24.09531507,15.18460274,62.62405479,1331.64,6430.92,2861.66,1.462547945,5.7,4293
2071,Kavre,9850,2410,Wheat,19.01671233,24.09531507,15.18460274,62.62405479,1331.64,6430.92,2861.66,1.462547945,5.7,4293
2071,Kavre,700,1071,Barley,19.01671233,24.09531507,15.18460274,62.62405479,1331.64,6430.92,2861.66,1.462547945,5.7,4293
2071,Khotang,12161,2200,Paddy,13.77150685,19.00484932,9.753561644,64.60926027,1000.45,6100.56,2724.95,1.605013699,5.5,11448
2071,Khotang,41060,1840,Maize,13.77150685,19.00484932,9.753561644,64.60926027,1000.45,6100.56,2724.95,1.605013699,5.5,11448
2071,Khotang,21315,1100,Millet,13.77150685,19.00484932,9.753561644,64.60926027,1000.45,6100.56,2724.95,1.605013699,5.5,11448
2071,Khotang,650,538,Buckwheat,13.77150685,19.00484932,9.753561644,64.60926027,1000.45,6100.56,2724.95,1.605013699,5.5,11448
2071,Khotang,5530,2072,Wheat,13.77150685,19.00484932,9.753561644,64.60926027,1000.45,6100.56,2724.95,1.605013699,5.5,11448
2071,Khotang,450,1111,Barley,13.77150685,19.00484932,9.753561644,64.60926027,1000.45,6100.56,2724.95,1.605013699,5.5,11448
2071,Lalitpur,4680,5300,Paddy,19.01671233,24.09531507,15.18460274,62.62405479,1331.64,6430.92,2861.66,1.462547945,6.9,193
2071,Lalitpur,8589,3100,Maize,19.01671233,24.09531507,15.18460274,62.62405479,1331.64,6430.92,2861.66,1.462547945,6.9,193
2071,Lalitpur,570,1000,Millet,19.01671233,24.09531507,15.18460274,62.62405479,1331.64,6430.92,2861.66,1.462547945,6.9,193
2071,Lalitpur,50,960,Buckwheat,19.01671233,24.09531507,15.18460274,62.62405479,1331.64,6430.92,2861.66,1.462547945,6.9,193
2071,Lalitpur,3650,2600,Wheat,19.01671233,24.09531507,15.18460274,62.62405479,1331.64,6430.92,2861.66,1.462547945,6.9,193
2071,Lalitpur,50,620,Barley,19.01671233,24.09531507,15.18460274,62.62405479,1331.64,6430.92,2861.66,1.462547945,6.9,193
2071,Lamjung,14930,2500,Paddy,4.988684932,9.981890411,0.875178082,72.86087671,1444.66,5953.26,2642.74,1.646136986,5.4,1406
2071,Lamjung,15975,2000,Maize,4.988684932,9.981890411,0.875178082,72.86087671,1444.66,5953.26,2642.74,1.646136986,5.4,1406
2071,Lamjung,7919,1076,Millet,4.988684932,9.981890411,0.875178082,72.86087671,1444.66,5953.26,2642.74,1.646136986,5.4,1406
2071,Lamjung,15,800,Buckwheat,4.988684932,9.981890411,0.875178082,72.86087671,1444.66,5953.26,2642.74,1.646136986,5.4,1406
2071,Lamjung,500,2900,Wheat,4.988684932,9.981890411,0.875178082,72.86087671,1444.66,5953.26,2642.74,1.646136986,5.4,1406
2071,Lamjung,28,964,Barley,4.988684932,9.981890411,0.875178082,72.86087671,1444.66,5953.26,2642.74,1.646136986,5.4,1406
2071,Mahottari,29400,3078,Paddy,25.3989589,31.83682192,19.96430137,60.00813699,1233.48,6073.46,2722.44,1.835972603,6.8,447
2071,Mahottari,800,2625,Maize,25.3989589,31.83682192,19.96430137,60.00813699,1233.48,6073.46,2722.44,1.835972603,6.8,447
2071,Mahottari,0,0,Millet,25.3989589,31.83682192,19.96430137,60.00813699,1233.48,6073.46,2722.44,1.835972603,6.8,447
2071,Mahottari,0,0,Buckwheat,25.3989589,31.83682192,19.96430137,60.00813699,1233.48,6073.46,2722.44,1.835972603,6.8,447
2071,Mahottari,30000,2550,Wheat,25.3989589,31.83682192,19.96430137,60.00813699,1233.48,6073.46,2722.44,1.835972603,6.8,447
2071,Mahottari,10,1000,Barley,25.3989589,31.83682192,19.96430137,60.00813699,1233.48,6073.46,2722.44,1.835972603,6.8,447
2071,Makwanpur,11130,3504,Paddy,21.8569863,27.21758904,17.76468493,60.77057534,1466.39,6408.59,2958.53,1.405068493,5.9,10709
2071,Makwanpur,23650,3000,Maize,21.8569863,27.21758904,17.76468493,60.77057534,1466.39,6408.59,2958.53,1.405068493,5.9,10709
2071,Makwanpur,2645,1240,Millet,21.8569863,27.21758904,17.76468493,60.77057534,1466.39,6408.59,2958.53,1.405068493,5.9,10709
2071,Makwanpur,185,1108,Buckwheat,21.8569863,27.21758904,17.76468493,60.77057534,1466.39,6408.59,2958.53,1.405068493,5.9,10709
2071,Makwanpur,4215,3000,Wheat,21.8569863,27.21758904,17.76468493,60.77057534,1466.39,6408.59,2958.53,1.405068493,5.9,10709
2071,Makwanpur,200,1250,Barley,21.8569863,27.21758904,17.76468493,60.77057534,1466.39,6408.59,2958.53,1.405068493,5.9,10709
2071,Manang,0,0,Paddy,4.988684932,9.981890411,0.875178082,72.86087671,1444.66,5953.26,2642.74,1.646136986,6.3,6257
2071,Manang,176,1989,Maize,4.988684932,9.981890411,0.875178082,72.86087671,1444.66,5953.26,2642.74,1.646136986,6.3,6257
2071,Manang,0,0,Millet,4.988684932,9.981890411,0.875178082,72.86087671,1444.66,5953.26,2642.74,1.646136986,6.3,6257
2071,Manang,300,1850,Buckwheat,4.988684932,9.981890411,0.875178082,72.86087671,1444.66,5953.26,2642.74,1.646136986,6.3,6257
2071,Manang,276,2264,Wheat,4.988684932,9.981890411,0.875178082,72.86087671,1444.66,5953.26,2642.74,1.646136986,6.3,6257
2071,Manang,100,2000,Barley,4.988684932,9.981890411,0.875178082,72.86087671,1444.66,5953.26,2642.74,1.646136986,6.3,6257
2071,Morang,82550,3500,Paddy,24.5410411,30.40487671,19.9389589,60.68906849,1259.89,5886.24,2639.06,1.598493151,6.8,12
2071,Morang,14200,3396,Maize,24.5410411,30.40487671,19.9389589,60.68906849,1259.89,5886.24,2639.06,1.598493151,6.8,12
2071,Morang,1510,1100,Millet,24.5410411,30.40487671,19.9389589,60.68906849,1259.89,5886.24,2639.06,1.598493151,6.8,12
2071,Morang,70,1000,Buckwheat,24.5410411,30.40487671,19.9389589,60.68906849,1259.89,5886.24,2639.06,1.598493151,6.8,12
2071,Morang,16100,2609,Wheat,24.5410411,30.40487671,19.9389589,60.68906849,1259.89,5886.24,2639.06,1.598493151,6.8,12
2071,Morang,0,0,Barley,24.5410411,30.40487671,19.9389589,60.68906849,1259.89,5886.24,2639.06,1.598493151,6.8,12
2071,Mugu,1350,1890,Paddy,12.45279452,17.9750137,7.902328767,66.96394521,1070.46,6413.25,2782.67,1.554575342,5.7,15693
2071,Mugu,621,1758,Maize,12.45279452,17.9750137,7.902328767,66.96394521,1070.46,6413.25,2782.67,1.554575342,5.7,15693
2071,Mugu,4275,1150,Millet,12.45279452,17.9750137,7.902328767,66.96394521,1070.46,6413.25,2782.67,1.554575342,5.7,15693
2071,Mugu,485,1031,Buckwheat,12.45279452,17.9750137,7.902328767,66.96394521,1070.46,6413.25,2782.67,1.554575342,5.7,15693
2071,Mugu,3225,1302,Wheat,12.45279452,17.9750137,7.902328767,66.96394521,1070.46,6413.25,2782.67,1.554575342,5.7,15693
2071,Mugu,1510,1132,Barley,12.45279452,17.9750137,7.902328767,66.96394521,1070.46,6413.25,2782.67,1.554575342,5.7,15693
2071,Mustang,0,0,Paddy,7.963561644,13.16663014,3.714328767,69.3989589,1914.51,6221.05,2694.46,1.566054795,7.3,10
2071,Mustang,516,1500,Maize,7.963561644,13.16663014,3.714328767,69.3989589,1914.51,6221.05,2694.46,1.566054795,7.3,10
2071,Mustang,0,0,Millet,7.963561644,13.16663014,3.714328767,69.3989589,1914.51,6221.05,2694.46,1.566054795,7.3,10
2071,Mustang,582,1715,Buckwheat,7.963561644,13.16663014,3.714328767,69.3989589,1914.51,6221.05,2694.46,1.566054795,7.3,10
2071,Mustang,582,1801,Wheat,7.963561644,13.16663014,3.714328767,69.3989589,1914.51,6221.05,2694.46,1.566054795,7.3,10
2071,Mustang,270,1852,Barley,7.963561644,13.16663014,3.714328767,69.3989589,1914.51,6221.05,2694.46,1.566054795,7.3,10
2071,Myagdi,3895,3200,Paddy,7.963561644,13.16663014,3.714328767,69.3989589,1914.51,6221.05,2694.46,1.566054795,5.8,15
2071,Myagdi,9135,3220,Maize,7.963561644,13.16663014,3.714328767,69.3989589,1914.51,6221.05,2694.46,1.566054795,5.8,15
2071,Myagdi,2740,1275,Millet,7.963561644,13.16663014,3.714328767,69.3989589,1914.51,6221.05,2694.46,1.566054795,5.8,15
2071,Myagdi,148,757,Buckwheat,7.963561644,13.16663014,3.714328767,69.3989589,1914.51,6221.05,2694.46,1.566054795,5.8,15
2071,Myagdi,3062,2200,Wheat,7.963561644,13.16663014,3.714328767,69.3989589,1914.51,6221.05,2694.46,1.566054795,5.8,15
2071,Myagdi,304,1299,Barley,7.963561644,13.16663014,3.714328767,69.3989589,1914.51,6221.05,2694.46,1.566054795,5.8,15
2071,Nawalparasi,44800,4025,Paddy,24.5490411,30.40978082,19.53635616,59.17942466,1718.41,6459.57,2990.77,1.507589041,5.9,115
2071,Nawalparasi,8400,1779,Maize,24.5490411,30.40978082,19.53635616,59.17942466,1718.41,6459.57,2990.77,1.507589041,5.9,115
2071,Nawalparasi,500,1040,Millet,24.5490411,30.40978082,19.53635616,59.17942466,1718.41,6459.57,2990.77,1.507589041,5.9,115
2071,Nawalparasi,200,635,Buckwheat,24.5490411,30.40978082,19.53635616,59.17942466,1718.41,6459.57,2990.77,1.507589041,5.9,115
2071,Nawalparasi,18751,2853,Wheat,24.5490411,30.40978082,19.53635616,59.17942466,1718.41,6459.57,2990.77,1.507589041,5.9,115
2071,Nawalparasi,10,1200,Barley,24.5490411,30.40978082,19.53635616,59.17942466,1718.41,6459.57,2990.77,1.507589041,5.9,115
2071,Nuwakot,15692,4701,Paddy,8.942849315,14.24065753,4.645178082,68.31449315,1177.96,6430.92,2861.66,1.716630137,5.7,6146
2071,Nuwakot,20450,3102,Maize,8.942849315,14.24065753,4.645178082,68.31449315,1177.96,6430.92,2861.66,1.716630137,5.7,6146
2071,Nuwakot,5125,1941,Millet,8.942849315,14.24065753,4.645178082,68.31449315,1177.96,6430.92,2861.66,1.716630137,5.7,6146
2071,Nuwakot,200,1225,Buckwheat,8.942849315,14.24065753,4.645178082,68.31449315,1177.96,6430.92,2861.66,1.716630137,5.7,6146
2071,Nuwakot,4547,3190,Wheat,8.942849315,14.24065753,4.645178082,68.31449315,1177.96,6430.92,2861.66,1.716630137,5.7,6146
2071,Nuwakot,185,897,Barley,8.942849315,14.24065753,4.645178082,68.31449315,1177.96,6430.92,2861.66,1.716630137,5.7,6146
2071,Okhaldhunga,4355,2367,Paddy,13.77150685,19.00484932,9.753561644,64.60926027,1000.45,6100.56,2724.95,1.605013699,5.7,8047
2071,Okhaldhunga,12400,2300,Maize,13.77150685,19.00484932,9.753561644,64.60926027,1000.45,6100.56,2724.95,1.605013699,5.7,8047
2071,Okhaldhunga,7751,1629,Millet,13.77150685,19.00484932,9.753561644,64.60926027,1000.45,6100.56,2724.95,1.605013699,5.7,8047
2071,Okhaldhunga,105,848,Buckwheat,13.77150685,19.00484932,9.753561644,64.60926027,1000.45,6100.56,2724.95,1.605013699,5.7,8047
2071,Okhaldhunga,2365,1900,Wheat,13.77150685,19.00484932,9.753561644,64.60926027,1000.45,6100.56,2724.95,1.605013699,5.7,8047
2071,Okhaldhunga,100,1000,Barley,13.77150685,19.00484932,9.753561644,64.60926027,1000.45,6100.56,2724.95,1.605013699,5.7,8047
2071,Palpa,8620,3840,Paddy,19.246,24.31819178,15.2229863,62.63756164,2051.05,6459.57,2990.77,1.488520548,5.9,193
2071,Palpa,20210,2097,Maize,19.246,24.31819178,15.2229863,62.63756164,2051.05,6459.57,2990.77,1.488520548,5.9,193
2071,Palpa,2573,1005,Millet,19.246,24.31819178,15.2229863,62.63756164,2051.05,6459.57,2990.77,1.488520548,5.9,193
2071,Palpa,448,933,Buckwheat,19.246,24.31819178,15.2229863,62.63756164,2051.05,6459.57,2990.77,1.488520548,5.9,193
2071,Palpa,6240,2250,Wheat,19.246,24.31819178,15.2229863,62.63756164,2051.05,6459.57,2990.77,1.488520548,5.9,193
2071,Palpa,26,1423,Barley,19.246,24.31819178,15.2229863,62.63756164,2051.05,6459.57,2990.77,1.488520548,5.9,193
2071,Panchthar,9200,2200,Paddy,10.74945205,16.29852055,6.498575342,71.22857534,839.62,5725.89,2516.93,1.819589041,5.7,1148
2071,Panchthar,18432,1650,Maize,10.74945205,16.29852055,6.498575342,71.22857534,839.62,5725.89,2516.93,1.819589041,5.7,1148
2071,Panchthar,4750,1891,Millet,10.74945205,16.29852055,6.498575342,71.22857534,839.62,5725.89,2516.93,1.819589041,5.7,1148
2071,Panchthar,56,643,Buckwheat,10.74945205,16.29852055,6.498575342,71.22857534,839.62,5725.89,2516.93,1.819589041,5.7,1148
2071,Panchthar,3912,1660,Wheat,10.74945205,16.29852055,6.498575342,71.22857534,839.62,5725.89,2516.93,1.819589041,5.7,1148
2071,Panchthar,400,1125,Barley,10.74945205,16.29852055,6.498575342,71.22857534,839.62,5725.89,2516.93,1.819589041,5.7,1148
2071,Parbat,8835,2800,Paddy,7.963561644,13.16663014,3.714328767,69.3989589,1914.51,6221.05,2694.46,1.566054795,5.7,536
2071,Parbat,13925,2150,Maize,7.963561644,13.16663014,3.714328767,69.3989589,1914.51,6221.05,2694.46,1.566054795,5.7,536
2071,Parbat,8750,857,Millet,7.963561644,13.16663014,3.714328767,69.3989589,1914.51,6221.05,2694.46,1.566054795,5.7,536
2071,Parbat,38,974,Buckwheat,7.963561644,13.16663014,3.714328767,69.3989589,1914.51,6221.05,2694.46,1.566054795,5.7,536
2071,Parbat,2615,2385,Wheat,7.963561644,13.16663014,3.714328767,69.3989589,1914.51,6221.05,2694.46,1.566054795,5.7,536
2071,Parbat,95,905,Barley,7.963561644,13.16663014,3.714328767,69.3989589,1914.51,6221.05,2694.46,1.566054795,5.7,536
2071,Parsa,45600,4000,Paddy,25.00989041,31.2090411,19.65558904,60.36257534,1356.19,6408.59,2958.53,1.638246575,6.9,889
2071,Parsa,4075,3500,Maize,25.00989041,31.2090411,19.65558904,60.36257534,1356.19,6408.59,2958.53,1.638246575,6.9,889
2071,Parsa,0,0,Millet,25.00989041,31.2090411,19.65558904,60.36257534,1356.19,6408.59,2958.53,1.638246575,6.9,889
2071,Parsa,0,0,Buckwheat,25.00989041,31.2090411,19.65558904,60.36257534,1356.19,6408.59,2958.53,1.638246575,6.9,889
2071,Parsa,22600,3500,Wheat,25.00989041,31.2090411,19.65558904,60.36257534,1356.19,6408.59,2958.53,1.638246575,6.9,889
2071,Parsa,35,1286,Barley,25.00989041,31.2090411,19.65558904,60.36257534,1356.19,6408.59,2958.53,1.638246575,6.9,889
2071,Pyuthan,6525,3357,Paddy,22.04649315,27.77824658,17.46468493,56.46156164,1375.28,6475.36,2808.84,1.880383562,6.5,14230
2071,Pyuthan,12058,1751,Maize,22.04649315,27.77824658,17.46468493,56.46156164,1375.28,6475.36,2808.84,1.880383562,6.5,14230
2071,Pyuthan,1995,1148,Millet,22.04649315,27.77824658,17.46468493,56.46156164,1375.28,6475.36,2808.84,1.880383562,6.5,14230
2071,Pyuthan,15,1000,Buckwheat,22.04649315,27.77824658,17.46468493,56.46156164,1375.28,6475.36,2808.84,1.880383562,6.5,14230
2071,Pyuthan,8650,2370,Wheat,22.04649315,27.77824658,17.46468493,56.46156164,1375.28,6475.36,2808.84,1.880383562,6.5,14230
2071,Pyuthan,510,1569,Barley,22.04649315,27.77824658,17.46468493,56.46156164,1375.28,6475.36,2808.84,1.880383562,6.5,14230
2071,Ramechap,9408,2781,Paddy,13.77150685,19.00484932,9.753561644,64.60926027,1000.45,6100.56,2724.95,1.605013699,5.4,295
2071,Ramechap,21398,2520,Maize,13.77150685,19.00484932,9.753561644,64.60926027,1000.45,6100.56,2724.95,1.605013699,5.4,295
2071,Ramechap,5060,899,Millet,13.77150685,19.00484932,9.753561644,64.60926027,1000.45,6100.56,2724.95,1.605013699,5.4,295
2071,Ramechap,19,1000,Buckwheat,13.77150685,19.00484932,9.753561644,64.60926027,1000.45,6100.56,2724.95,1.605013699,5.4,295
2071,Ramechap,4750,1920,Wheat,13.77150685,19.00484932,9.753561644,64.60926027,1000.45,6100.56,2724.95,1.605013699,5.4,295
2071,Ramechap,80,850,Barley,13.77150685,19.00484932,9.753561644,64.60926027,1000.45,6100.56,2724.95,1.605013699,5.4,295
2071,Rasuwa,1300,2700,Paddy,8.942849315,14.24065753,4.645178082,68.31449315,1177.96,6260.64,2770.23,1.716630137,6.1,1151
2071,Rasuwa,2430,1660,Maize,8.942849315,14.24065753,4.645178082,68.31449315,1177.96,6260.64,2770.23,1.716630137,6.1,1151
2071,Rasuwa,895,1008,Millet,8.942849315,14.24065753,4.645178082,68.31449315,1177.96,6260.64,2770.23,1.716630137,6.1,1151
2071,Rasuwa,0,0,Buckwheat,8.942849315,14.24065753,4.645178082,68.31449315,1177.96,6260.64,2770.23,1.716630137,6.1,1151
2071,Rasuwa,735,2050,Wheat,8.942849315,14.24065753,4.645178082,68.31449315,1177.96,6260.64,2770.23,1.716630137,6.1,1151
2071,Rasuwa,285,1249,Barley,8.942849315,14.24065753,4.645178082,68.31449315,1177.96,6260.64,2770.23,1.716630137,6.1,1151
2071,Rautahat,30355,3722,Paddy,24.28589041,30.22531507,19.61994521,59.12947945,1317.89,6073.46,2722.44,1.642273973,6.8,13654
2071,Rautahat,1800,3222,Maize,24.28589041,30.22531507,19.61994521,59.12947945,1317.89,6073.46,2722.44,1.642273973,6.8,13654
2071,Rautahat,62,855,Millet,24.28589041,30.22531507,19.61994521,59.12947945,1317.89,6073.46,2722.44,1.642273973,6.8,13654
2071,Rautahat,15500,3250,Buckwheat,24.28589041,30.22531507,19.61994521,59.12947945,1317.89,6073.46,2722.44,1.642273973,6.8,13654
2071,Rautahat,0,0,Wheat,24.28589041,30.22531507,19.61994521,59.12947945,1317.89,6073.46,2722.44,1.642273973,6.8,13654
2071,Rautahat,4,1250,Barley,24.28589041,30.22531507,19.61994521,59.12947945,1317.89,6073.46,2722.44,1.642273973,6.8,13654
2071,Rolpa,4715,2600,Paddy,14.85279452,20.59791781,10.21191781,63.34819178,1355.06,6475.36,2808.84,1.699780822,6.1,421
2071,Rolpa,11880,2302,Maize,14.85279452,20.59791781,10.21191781,63.34819178,1355.06,6475.36,2808.84,1.699780822,6.1,421
2071,Rolpa,1065,1239,Millet,14.85279452,20.59791781,10.21191781,63.34819178,1355.06,6475.36,2808.84,1.699780822,6.1,421
2071,Rolpa,122,1000,Buckwheat,14.85279452,20.59791781,10.21191781,63.34819178,1355.06,6475.36,2808.84,1.699780822,6.1,421
2071,Rolpa,8570,2650,Wheat,14.85279452,20.59791781,10.21191781,63.34819178,1355.06,6475.36,2808.84,1.699780822,6.1,421
2071,Rolpa,605,1107,Barley,14.85279452,20.59791781,10.21191781,63.34819178,1355.06,6475.36,2808.84,1.699780822,6.1,421
2071,Rukum,3562,2750,Paddy,14.85279452,20.59791781,10.21191781,63.34819178,1355.06,6522.86,2830.46,1.699780822,6.8,11770
2071,Rukum,16289,2000,Maize,14.85279452,20.59791781,10.21191781,63.34819178,1355.06,6522.86,2830.46,1.699780822,6.8,11770
2071,Rukum,915,1750,Millet,14.85279452,20.59791781,10.21191781,63.34819178,1355.06,6522.86,2830.46,1.699780822,6.8,11770
2071,Rukum,0,0,Buckwheat,14.85279452,20.59791781,10.21191781,63.34819178,1355.06,6522.86,2830.46,1.699780822,6.8,11770
2071,Rukum,11800,2373,Wheat,14.85279452,20.59791781,10.21191781,63.34819178,1355.06,6522.86,2830.46,1.699780822,6.8,11770
2071,Rukum,900,1222,Barley,14.85279452,20.59791781,10.21191781,63.34819178,1355.06,6522.86,2830.46,1.699780822,6.8,11770
2071,Rupandehi,69600,4500,Paddy,24.5490411,30.40978082,19.53635616,59.17942466,1718.41,6459.57,2990.77,1.507589041,6.6,399
2071,Rupandehi,2550,4118,Maize,24.5490411,30.40978082,19.53635616,59.17942466,1718.41,6459.57,2990.77,1.507589041,6.6,399
2071,Rupandehi,50,1100,Millet,24.5490411,30.40978082,19.53635616,59.17942466,1718.41,6459.57,2990.77,1.507589041,6.6,399
2071,Rupandehi,0,0,Buckwheat,24.5490411,30.40978082,19.53635616,59.17942466,1718.41,6459.57,2990.77,1.507589041,6.6,399
2071,Rupandehi,30000,3200,Wheat,24.5490411,30.40978082,19.53635616,59.17942466,1718.41,6459.57,2990.77,1.507589041,6.6,399
2071,Rupandehi,100,2100,Barley,24.5490411,30.40978082,19.53635616,59.17942466,1718.41,6459.57,2990.77,1.507589041,6.6,399
2071,Salyan,7024,3551,Paddy,22.04649315,27.77824658,17.46468493,56.46156164,1375.28,6475.36,2808.84,1.880383562,5.9,395
2071,Salyan,19370,2068,Maize,22.04649315,27.77824658,17.46468493,56.46156164,1375.28,6475.36,2808.84,1.880383562,5.9,395
2071,Salyan,2235,1045,Millet,22.04649315,27.77824658,17.46468493,56.46156164,1375.28,6475.36,2808.84,1.880383562,5.9,395
2071,Salyan,63,1095,Buckwheat,22.04649315,27.77824658,17.46468493,56.46156164,1375.28,6475.36,2808.84,1.880383562,5.9,395
2071,Salyan,15565,2326,Wheat,22.04649315,27.77824658,17.46468493,56.46156164,1375.28,6475.36,2808.84,1.880383562,5.9,395
2071,Salyan,1270,1161,Barley,22.04649315,27.77824658,17.46468493,56.46156164,1375.28,6475.36,2808.84,1.880383562,5.9,395
2071,Sankhuwashava,13650,2393,Paddy,10.74945205,16.29852055,6.498575342,71.22857534,839.62,5725.89,2516.93,1.819589041,5.6,21112
2071,Sankhuwashava,12000,1250,Maize,10.74945205,16.29852055,6.498575342,71.22857534,839.62,5725.89,2516.93,1.819589041,5.6,21112
2071,Sankhuwashava,7171,1048,Millet,10.74945205,16.29852055,6.498575342,71.22857534,839.62,5725.89,2516.93,1.819589041,5.6,21112
2071,Sankhuwashava,18,1000,Buckwheat,10.74945205,16.29852055,6.498575342,71.22857534,839.62,5725.89,2516.93,1.819589041,5.6,21112
2071,Sankhuwashava,805,2000,Wheat,10.74945205,16.29852055,6.498575342,71.22857534,839.62,5725.89,2516.93,1.819589041,5.6,21112
2071,Sankhuwashava,30,1000,Barley,10.74945205,16.29852055,6.498575342,71.22857534,839.62,5725.89,2516.93,1.819589041,5.6,21112
2071,Saptari,35000,2714,Paddy,25.08632877,31.15071233,20.31326027,58.84591781,987.43,6045.46,2710,1.758876712,6.6,742
2071,Saptari,3000,2333,Maize,25.08632877,31.15071233,20.31326027,58.84591781,987.43,6045.46,2710,1.758876712,6.6,742
2071,Saptari,200,1300,Millet,25.08632877,31.15071233,20.31326027,58.84591781,987.43,6045.46,2710,1.758876712,6.6,742
2071,Saptari,0,0,Buckwheat,25.08632877,31.15071233,20.31326027,58.84591781,987.43,6045.46,2710,1.758876712,6.6,742
2071,Saptari,15000,2667,Wheat,25.08632877,31.15071233,20.31326027,58.84591781,987.43,6045.46,2710,1.758876712,6.6,742
2071,Saptari,0,0,Barley,25.08632877,31.15071233,20.31326027,58.84591781,987.43,6045.46,2710,1.758876712,6.6,742
2071,Sarlahi,45500,2800,Paddy,24.28589041,30.22531507,19.61994521,59.12947945,1317.89,6073.46,2722.44,1.642273973,6.6,748
2071,Sarlahi,5500,2727,Maize,24.28589041,30.22531507,19.61994521,59.12947945,1317.89,6073.46,2722.44,1.642273973,6.6,748
2071,Sarlahi,950,860,Millet,24.28589041,30.22531507,19.61994521,59.12947945,1317.89,6073.46,2722.44,1.642273973,6.6,748
2071,Sarlahi,25700,2539,Buckwheat,24.28589041,30.22531507,19.61994521,59.12947945,1317.89,6073.46,2722.44,1.642273973,6.6,748
2071,Sarlahi,0,0,Wheat,24.28589041,30.22531507,19.61994521,59.12947945,1317.89,6073.46,2722.44,1.642273973,6.6,748
2071,Sarlahi,70,1071,Barley,24.28589041,30.22531507,19.61994521,59.12947945,1317.89,6073.46,2722.44,1.642273973,6.6,748
2071,Sindhuli,13000,3200,Paddy,22.66246575,28.40646575,18.33369863,58.84380822,1124.72,6100.56,2724.95,1.662410959,6,12812
2071,Sindhuli,23620,2477,Maize,22.66246575,28.40646575,18.33369863,58.84380822,1124.72,6100.56,2724.95,1.662410959,6,12812
2071,Sindhuli,11800,792,Millet,22.66246575,28.40646575,18.33369863,58.84380822,1124.72,6100.56,2724.95,1.662410959,6,12812
2071,Sindhuli,530,1075,Buckwheat,22.66246575,28.40646575,18.33369863,58.84380822,1124.72,6100.56,2724.95,1.662410959,6,12812
2071,Sindhuli,5681,2695,Wheat,22.66246575,28.40646575,18.33369863,58.84380822,1124.72,6100.56,2724.95,1.662410959,6,12812
2071,Sindhuli,55,1636,Barley,22.66246575,28.40646575,18.33369863,58.84380822,1124.72,6100.56,2724.95,1.662410959,6,12812
2071,Sindhupalchok,12200,2313,Paddy,8.942849315,14.24065753,4.645178082,68.31449315,1177.96,6430.92,2861.66,1.716630137,5.6,7437
2071,Sindhupalchok,24900,2141,Maize,8.942849315,14.24065753,4.645178082,68.31449315,1177.96,6430.92,2861.66,1.716630137,5.6,7437
2071,Sindhupalchok,19320,1152,Millet,8.942849315,14.24065753,4.645178082,68.31449315,1177.96,6430.92,2861.66,1.716630137,5.6,7437
2071,Sindhupalchok,0,0,Buckwheat,8.942849315,14.24065753,4.645178082,68.31449315,1177.96,6430.92,2861.66,1.716630137,5.6,7437
2071,Sindhupalchok,7008,1116,Wheat,8.942849315,14.24065753,4.645178082,68.31449315,1177.96,6430.92,2861.66,1.716630137,5.6,7437
2071,Sindhupalchok,205,1000,Barley,8.942849315,14.24065753,4.645178082,68.31449315,1177.96,6430.92,2861.66,1.716630137,5.6,7437
2071,Siraha,36000,2647,Paddy,25.28791781,31.62980822,20.17671233,59.09279452,1111.24,6045.46,2710,1.842164384,6.8,4139
2071,Siraha,1730,2000,Maize,25.28791781,31.62980822,20.17671233,59.09279452,1111.24,6045.46,2710,1.842164384,6.8,4139
2071,Siraha,640,1000,Millet,25.28791781,31.62980822,20.17671233,59.09279452,1111.24,6045.46,2710,1.842164384,6.8,4139
2071,Siraha,0,0,Buckwheat,25.28791781,31.62980822,20.17671233,59.09279452,1111.24,6045.46,2710,1.842164384,6.8,4139
2071,Siraha,15715,2386,Wheat,25.28791781,31.62980822,20.17671233,59.09279452,1111.24,6045.46,2710,1.842164384,6.8,4139
2071,Siraha,0,0,Barley,25.28791781,31.62980822,20.17671233,59.09279452,1111.24,6045.46,2710,1.842164384,6.8,4139
2071,Solukhumbu,1525,2337,Paddy,9.449041096,15.0099726,5.155506849,67.66073973,794.23,6100.56,2724.95,1.844356164,5.8,4536
2071,Solukhumbu,12955,2510,Maize,9.449041096,15.0099726,5.155506849,67.66073973,794.23,6100.56,2724.95,1.844356164,5.8,4536
2071,Solukhumbu,2100,1280,Millet,9.449041096,15.0099726,5.155506849,67.66073973,794.23,6100.56,2724.95,1.844356164,5.8,4536
2071,Solukhumbu,320,600,Buckwheat,9.449041096,15.0099726,5.155506849,67.66073973,794.23,6100.56,2724.95,1.844356164,5.8,4536
2071,Solukhumbu,1750,2029,Wheat,9.449041096,15.0099726,5.155506849,67.66073973,794.23,6100.56,2724.95,1.844356164,5.8,4536
2071,Solukhumbu,180,1056,Barley,9.449041096,15.0099726,5.155506849,67.66073973,794.23,6100.56,2724.95,1.844356164,5.8,4536
2071,Sunsari,44940,3600,Paddy,24.5410411,30.40487671,19.9389589,60.68906849,1259.89,5886.24,2639.06,1.598493151,6.6,11556
2071,Sunsari,8350,3000,Maize,24.5410411,30.40487671,19.9389589,60.68906849,1259.89,5886.24,2639.06,1.598493151,6.6,11556
2071,Sunsari,680,1050,Millet,24.5410411,30.40487671,19.9389589,60.68906849,1259.89,5886.24,2639.06,1.598493151,6.6,11556
2071,Sunsari,400,1000,Buckwheat,24.5410411,30.40487671,19.9389589,60.68906849,1259.89,5886.24,2639.06,1.598493151,6.6,11556
2071,Sunsari,16000,2975,Wheat,24.5410411,30.40487671,19.9389589,60.68906849,1259.89,5886.24,2639.06,1.598493151,6.6,11556
2071,Sunsari,0,0,Barley,24.5410411,30.40487671,19.9389589,60.68906849,1259.89,5886.24,2639.06,1.598493151,6.6,11556
2071,Surkhet,13252,3801,Paddy,20.24405479,25.73128767,15.81838356,57.99586301,1254.39,6158.82,2724.73,1.564,5.9,194
2071,Surkhet,15281,2600,Maize,20.24405479,25.73128767,15.81838356,57.99586301,1254.39,6158.82,2724.73,1.564,5.9,194
2071,Surkhet,2100,1405,Millet,20.24405479,25.73128767,15.81838356,57.99586301,1254.39,6158.82,2724.73,1.564,5.9,194
2071,Surkhet,0,0,Buckwheat,20.24405479,25.73128767,15.81838356,57.99586301,1254.39,6158.82,2724.73,1.564,5.9,194
2071,Surkhet,16000,2750,Wheat,20.24405479,25.73128767,15.81838356,57.99586301,1254.39,6158.82,2724.73,1.564,5.9,194
2071,Surkhet,1030,1456,Barley,20.24405479,25.73128767,15.81838356,57.99586301,1254.39,6158.82,2724.73,1.564,5.9,194
2071,Syangja,16800,3580,Paddy,19.246,24.31819178,15.2229863,62.63756164,2051.05,6221.05,2694.46,1.488520548,6,6524
2071,Syangja,26500,3003,Maize,19.246,24.31819178,15.2229863,62.63756164,2051.05,6221.05,2694.46,1.488520548,6,6524
2071,Syangja,16505,1172,Millet,19.246,24.31819178,15.2229863,62.63756164,2051.05,6221.05,2694.46,1.488520548,6,6524
2071,Syangja,230,748,Buckwheat,19.246,24.31819178,15.2229863,62.63756164,2051.05,6221.05,2694.46,1.488520548,6,6524
2071,Syangja,5600,2174,Wheat,19.246,24.31819178,15.2229863,62.63756164,2051.05,6221.05,2694.46,1.488520548,6,6524
2071,Syangja,6,1167,Barley,19.246,24.31819178,15.2229863,62.63756164,2051.05,6221.05,2694.46,1.488520548,6,6524
2071,Tanahu,12540,3600,Paddy,19.246,24.31819178,15.2229863,62.63756164,2051.05,6408.59,2958.53,1.488520548,5.6,2049
2071,Tanahu,22000,2923,Maize,19.246,24.31819178,15.2229863,62.63756164,2051.05,6408.59,2958.53,1.488520548,5.6,2049
2071,Tanahu,6360,920,Millet,19.246,24.31819178,15.2229863,62.63756164,2051.05,6408.59,2958.53,1.488520548,5.6,2049
2071,Tanahu,193,969,Buckwheat,19.246,24.31819178,15.2229863,62.63756164,2051.05,6408.59,2958.53,1.488520548,5.6,2049
2071,Tanahu,1890,1989,Wheat,19.246,24.31819178,15.2229863,62.63756164,2051.05,6408.59,2958.53,1.488520548,5.6,2049
2071,Tanahu,6,1000,Barley,19.246,24.31819178,15.2229863,62.63756164,2051.05,6408.59,2958.53,1.488520548,5.6,2049
2071,Taplejung,4074,2120,Paddy,5.506383562,10.65917808,1.660273973,73.8670411,948.03,5725.89,2516.93,1.598876712,5.4,1277
2071,Taplejung,9150,3363,Maize,5.506383562,10.65917808,1.660273973,73.8670411,948.03,5725.89,2516.93,1.598876712,5.4,1277
2071,Taplejung,3350,1408,Millet,5.506383562,10.65917808,1.660273973,73.8670411,948.03,5725.89,2516.93,1.598876712,5.4,1277
2071,Taplejung,118,1398,Buckwheat,5.506383562,10.65917808,1.660273973,73.8670411,948.03,5725.89,2516.93,1.598876712,5.4,1277
2071,Taplejung,1060,2142,Wheat,5.506383562,10.65917808,1.660273973,73.8670411,948.03,5725.89,2516.93,1.598876712,5.4,1277
2071,Taplejung,240,1300,Barley,5.506383562,10.65917808,1.660273973,73.8670411,948.03,5725.89,2516.93,1.598876712,5.4,1277
2071,Terhathum,7606,2300,Paddy,20.2559726,25.57950685,16.18526027,63.54638356,1128.84,5725.89,2516.93,1.460356164,5.6,611
2071,Terhathum,12350,2500,Maize,20.2559726,25.57950685,16.18526027,63.54638356,1128.84,5725.89,2516.93,1.460356164,5.6,611
2071,Terhathum,2700,1100,Millet,20.2559726,25.57950685,16.18526027,63.54638356,1128.84,5725.89,2516.93,1.460356164,5.6,611
2071,Terhathum,35,800,Buckwheat,20.2559726,25.57950685,16.18526027,63.54638356,1128.84,5725.89,2516.93,1.460356164,5.6,611
2071,Terhathum,2500,2200,Wheat,20.2559726,25.57950685,16.18526027,63.54638356,1128.84,5725.89,2516.93,1.460356164,5.6,611
2071,Terhathum,75,1067,Barley,20.2559726,25.57950685,16.18526027,63.54638356,1128.84,5725.89,2516.93,1.460356164,5.6,611
2071,Udayapur,12100,3962,Paddy,18.76780822,23.98539726,14.93827397,65.31010959,1322.03,5886.24,2639.06,1.254657534,5.4,1273
2071,Udayapur,9310,2400,Maize,18.76780822,23.98539726,14.93827397,65.31010959,1322.03,5886.24,2639.06,1.254657534,5.4,1273
2071,Udayapur,2200,1077,Millet,18.76780822,23.98539726,14.93827397,65.31010959,1322.03,5886.24,2639.06,1.254657534,5.4,1273
2071,Udayapur,19,895,Buckwheat,18.76780822,23.98539726,14.93827397,65.31010959,1322.03,5886.24,2639.06,1.254657534,5.4,1273
2071,Udayapur,5126,2430,Wheat,18.76780822,23.98539726,14.93827397,65.31010959,1322.03,5886.24,2639.06,1.254657534,5.4,1273
2071,Udayapur,35,1000,Barley,18.76780822,23.98539726,14.93827397,65.31010959,1322.03,5886.24,2639.06,1.254657534,5.4,1273
2072,Achham,16571,1903,Paddy,12.29106849,17.62432877,7.852273973,69.89249315,1079.56,6343.67,2744.68,1.503835616,6.1,75
2072,Achham,3650,2930,Maize,12.29106849,17.62432877,7.852273973,69.89249315,1079.56,6343.67,2744.68,1.503835616,6.1,75
2072,Achham,3413,1040,Millet,12.29106849,17.62432877,7.852273973,69.89249315,1079.56,6343.67,2744.68,1.503835616,6.1,75
2072,Achham,0,0,Buckwheat,12.29106849,17.62432877,7.852273973,69.89249315,1079.56,6343.67,2744.68,1.503835616,6.1,75
2072,Achham,14300,1469,Wheat,12.29106849,17.62432877,7.852273973,69.89249315,1079.56,6343.67,2744.68,1.503835616,6.1,75
2072,Achham,505,1117,Barley,12.29106849,17.62432877,7.852273973,69.89249315,1079.56,6343.67,2744.68,1.503835616,6.1,75
2072,Arghakhanchi,8050,2900,Paddy,19.9170411,25.21608219,15.81980822,59.42972603,1505.69,6311.87,2909.06,1.649780822,5.9,720
2072,Arghakhanchi,16500,2991,Maize,19.9170411,25.21608219,15.81980822,59.42972603,1505.69,6311.87,2909.06,1.649780822,5.9,720
2072,Arghakhanchi,2900,1062,Millet,19.9170411,25.21608219,15.81980822,59.42972603,1505.69,6311.87,2909.06,1.649780822,5.9,720
2072,Arghakhanchi,275,1018,Buckwheat,19.9170411,25.21608219,15.81980822,59.42972603,1505.69,6311.87,2909.06,1.649780822,5.9,720
2072,Arghakhanchi,7340,1765,Wheat,19.9170411,25.21608219,15.81980822,59.42972603,1505.69,6311.87,2909.06,1.649780822,5.9,720
2072,Arghakhanchi,354,1119,Barley,19.9170411,25.21608219,15.81980822,59.42972603,1505.69,6311.87,2909.06,1.649780822,5.9,720
2072,Baglung,5874,3039,Paddy,19.1970411,24.08353425,15.2609589,63.82761644,1952.81,6007.27,2589.14,1.448849315,5.7,570
2072,Baglung,19959,3195,Maize,19.1970411,24.08353425,15.2609589,63.82761644,1952.81,6007.27,2589.14,1.448849315,5.7,570
2072,Baglung,18605,1192,Millet,19.1970411,24.08353425,15.2609589,63.82761644,1952.81,6007.27,2589.14,1.448849315,5.7,570
2072,Baglung,84,1440,Buckwheat,19.1970411,24.08353425,15.2609589,63.82761644,1952.81,6007.27,2589.14,1.448849315,5.7,570
2072,Baglung,6991,2437,Wheat,19.1970411,24.08353425,15.2609589,63.82761644,1952.81,6007.27,2589.14,1.448849315,5.7,570
2072,Baglung,976,1166,Barley,19.1970411,24.08353425,15.2609589,63.82761644,1952.81,6007.27,2589.14,1.448849315,5.7,570
2072,Baitadi,7000,2353,Paddy,11.19126027,17.03958904,6.314547945,66.00421918,780.31,6555.37,2879.53,1.621753425,6,157
2072,Baitadi,14500,1307,Maize,11.19126027,17.03958904,6.314547945,66.00421918,780.31,6555.37,2879.53,1.621753425,6,157
2072,Baitadi,710,1056,Millet,11.19126027,17.03958904,6.314547945,66.00421918,780.31,6555.37,2879.53,1.621753425,6,157
2072,Baitadi,0,0,Buckwheat,11.19126027,17.03958904,6.314547945,66.00421918,780.31,6555.37,2879.53,1.621753425,6,157
2072,Baitadi,20900,780,Wheat,11.19126027,17.03958904,6.314547945,66.00421918,780.31,6555.37,2879.53,1.621753425,6,157
2072,Baitadi,1000,620,Barley,11.19126027,17.03958904,6.314547945,66.00421918,780.31,6555.37,2879.53,1.621753425,6,157
2072,Bajhang,7006,3110,Paddy,11.19126027,17.03958904,6.314547945,66.00421918,780.31,6343.67,2744.68,1.621753425,5.6,152
2072,Bajhang,3680,1546,Maize,11.19126027,17.03958904,6.314547945,66.00421918,780.31,6343.67,2744.68,1.621753425,5.6,152
2072,Bajhang,2268,992,Millet,11.19126027,17.03958904,6.314547945,66.00421918,780.31,6343.67,2744.68,1.621753425,5.6,152
2072,Bajhang,7,1000,Buckwheat,11.19126027,17.03958904,6.314547945,66.00421918,780.31,6343.67,2744.68,1.621753425,5.6,152
2072,Bajhang,10982,1220,Wheat,11.19126027,17.03958904,6.314547945,66.00421918,780.31,6343.67,2744.68,1.621753425,5.6,152
2072,Bajhang,3726,854,Barley,11.19126027,17.03958904,6.314547945,66.00421918,780.31,6343.67,2744.68,1.621753425,5.6,152
2072,Bajura,3310,2600,Paddy,9.039315068,15.20909589,3.999205479,67.58024658,745.95,6343.67,2744.68,1.590465753,6,142
2072,Bajura,790,2468,Maize,9.039315068,15.20909589,3.999205479,67.58024658,745.95,6343.67,2744.68,1.590465753,6,142
2072,Bajura,2610,1030,Millet,9.039315068,15.20909589,3.999205479,67.58024658,745.95,6343.67,2744.68,1.590465753,6,142
2072,Bajura,7,1571,Buckwheat,9.039315068,15.20909589,3.999205479,67.58024658,745.95,6343.67,2744.68,1.590465753,6,142
2072,Bajura,4950,931,Wheat,9.039315068,15.20909589,3.999205479,67.58024658,745.95,6343.67,2744.68,1.590465753,6,142
2072,Bajura,1072,849,Barley,9.039315068,15.20909589,3.999205479,67.58024658,745.95,6343.67,2744.68,1.590465753,6,142
2072,Banke,31900,2907,Paddy,20.02063014,25.44630137,15.56676712,60.16057534,1322.52,5961.71,2627.07,1.498630137,6.4,4592
2072,Banke,8500,2219,Maize,20.02063014,25.44630137,15.56676712,60.16057534,1322.52,5961.71,2627.07,1.498630137,6.4,4592
2072,Banke,0,0,Millet,20.02063014,25.44630137,15.56676712,60.16057534,1322.52,5961.71,2627.07,1.498630137,6.4,4592
2072,Banke,0,0,Buckwheat,20.02063014,25.44630137,15.56676712,60.16057534,1322.52,5961.71,2627.07,1.498630137,6.4,4592
2072,Banke,18359,2698,Wheat,20.02063014,25.44630137,15.56676712,60.16057534,1322.52,5961.71,2627.07,1.498630137,6.4,4592
2072,Banke,10,933,Barley,20.02063014,25.44630137,15.56676712,60.16057534,1322.52,5961.71,2627.07,1.498630137,6.4,4592
2072,Bara,55400,2597,Paddy,25.48046575,31.57386301,20.49742466,56.93879452,1269.69,6251.33,2879.41,1.602684932,6.7,5682
2072,Bara,13400,3194,Maize,25.48046575,31.57386301,20.49742466,56.93879452,1269.69,6251.33,2879.41,1.602684932,6.7,5682
2072,Bara,79,1304,Millet,25.48046575,31.57386301,20.49742466,56.93879452,1269.69,6251.33,2879.41,1.602684932,6.7,5682
2072,Bara,0,0,Buckwheat,25.48046575,31.57386301,20.49742466,56.93879452,1269.69,6251.33,2879.41,1.602684932,6.7,5682
2072,Bara,29150,3000,Wheat,25.48046575,31.57386301,20.49742466,56.93879452,1269.69,6251.33,2879.41,1.602684932,6.7,5682
2072,Bara,81,1166,Barley,25.48046575,31.57386301,20.49742466,56.93879452,1269.69,6251.33,2879.41,1.602684932,6.7,5682
2072,Bardiya,48500,3577,Paddy,25.07473973,31.20693288,20.05032877,53.60517808,1301.04,5961.71,2627.07,1.631260274,6.8,7281
2072,Bardiya,1500,3225,Maize,25.07473973,31.20693288,20.05032877,53.60517808,1301.04,5961.71,2627.07,1.631260274,6.8,7281
2072,Bardiya,0,0,Millet,25.07473973,31.20693288,20.05032877,53.60517808,1301.04,5961.71,2627.07,1.631260274,6.8,7281
2072,Bardiya,0,0,Buckwheat,25.07473973,31.20693288,20.05032877,53.60517808,1301.04,5961.71,2627.07,1.631260274,6.8,7281
2072,Bardiya,18716,3475,Wheat,25.07473973,31.20693288,20.05032877,53.60517808,1301.04,5961.71,2627.07,1.631260274,6.8,7281
2072,Bardiya,10,933,Barley,25.07473973,31.20693288,20.05032877,53.60517808,1301.04,5961.71,2627.07,1.631260274,6.8,7281
2072,Bhaktapur,4250,5741,Paddy,19.16063014,24.09531507,15.39969863,63.0239726,1205.4,6148.39,2725.47,1.470684932,5.8,1916
2072,Bhaktapur,1855,4100,Maize,19.16063014,24.09531507,15.39969863,63.0239726,1205.4,6148.39,2725.47,1.470684932,5.8,1916
2072,Bhaktapur,110,1418,Millet,19.16063014,24.09531507,15.39969863,63.0239726,1205.4,6148.39,2725.47,1.470684932,5.8,1916
2072,Bhaktapur,0,0,Buckwheat,19.16063014,24.09531507,15.39969863,63.0239726,1205.4,6148.39,2725.47,1.470684932,5.8,1916
2072,Bhaktapur,3000,3500,Wheat,19.16063014,24.09531507,15.39969863,63.0239726,1205.4,6148.39,2725.47,1.470684932,5.8,1916
2072,Bhaktapur,46,1036,Barley,19.16063014,24.09531507,15.39969863,63.0239726,1205.4,6148.39,2725.47,1.470684932,5.8,1916
2072,Bhojpur,16093,2297,Paddy,5.312849315,10.23958904,1.63109589,79.34849315,1200.13,5487.67,2400.82,1.570438356,5.4,599
2072,Bhojpur,36360,2303,Maize,5.312849315,10.23958904,1.63109589,79.34849315,1200.13,5487.67,2400.82,1.570438356,5.4,599
2072,Bhojpur,5505,1135,Millet,5.312849315,10.23958904,1.63109589,79.34849315,1200.13,5487.67,2400.82,1.570438356,5.4,599
2072,Bhojpur,35,1000,Buckwheat,5.312849315,10.23958904,1.63109589,79.34849315,1200.13,5487.67,2400.82,1.570438356,5.4,599
2072,Bhojpur,400,2350,Wheat,5.312849315,10.23958904,1.63109589,79.34849315,1200.13,5487.67,2400.82,1.570438356,5.4,599
2072,Bhojpur,15,1533,Barley,5.312849315,10.23958904,1.63109589,79.34849315,1200.13,5487.67,2400.82,1.570438356,5.4,599
2072,Chitwan,27342,3399,Paddy,24.51728767,30.25443836,19.72589041,58.80054795,1637.45,6251.33,2879.41,1.333643836,6.1,7641
2072,Chitwan,9310,2814,Maize,24.51728767,30.25443836,19.72589041,58.80054795,1637.45,6251.33,2879.41,1.333643836,6.1,7641
2072,Chitwan,1500,1087,Millet,24.51728767,30.25443836,19.72589041,58.80054795,1637.45,6251.33,2879.41,1.333643836,6.1,7641
2072,Chitwan,0,0,Buckwheat,24.51728767,30.25443836,19.72589041,58.80054795,1637.45,6251.33,2879.41,1.333643836,6.1,7641
2072,Chitwan,6020,3342,Wheat,24.51728767,30.25443836,19.72589041,58.80054795,1637.45,6251.33,2879.41,1.333643836,6.1,7641
2072,Chitwan,30,1399,Barley,24.51728767,30.25443836,19.72589041,58.80054795,1637.45,6251.33,2879.41,1.333643836,6.1,7641
2072,Dadeldhura,5225,3334,Paddy,16.03641096,21.80945205,11.30158904,60.51816438,893.76,6555.37,2879.53,1.488,5.9,23
2072,Dadeldhura,3745,2700,Maize,16.03641096,21.80945205,11.30158904,60.51816438,893.76,6555.37,2879.53,1.488,5.9,23
2072,Dadeldhura,295,1017,Millet,16.03641096,21.80945205,11.30158904,60.51816438,893.76,6555.37,2879.53,1.488,5.9,23
2072,Dadeldhura,0,0,Buckwheat,16.03641096,21.80945205,11.30158904,60.51816438,893.76,6555.37,2879.53,1.488,5.9,23
2072,Dadeldhura,8465,1977,Wheat,16.03641096,21.80945205,11.30158904,60.51816438,893.76,6555.37,2879.53,1.488,5.9,23
2072,Dadeldhura,192,1227,Barley,16.03641096,21.80945205,11.30158904,60.51816438,893.76,6555.37,2879.53,1.488,5.9,23
2072,Dailekh,8307,3194,Paddy,12.29106849,17.62432877,7.852273973,69.89249315,1079.56,5961.71,2627.07,1.503835616,5.9,438
2072,Dailekh,20150,1751,Maize,12.29106849,17.62432877,7.852273973,69.89249315,1079.56,5961.71,2627.07,1.503835616,5.9,438
2072,Dailekh,2423,1011,Millet,12.29106849,17.62432877,7.852273973,69.89249315,1079.56,5961.71,2627.07,1.503835616,5.9,438
2072,Dailekh,27,1111,Buckwheat,12.29106849,17.62432877,7.852273973,69.89249315,1079.56,5961.71,2627.07,1.503835616,5.9,438
2072,Dailekh,19594,1809,Wheat,12.29106849,17.62432877,7.852273973,69.89249315,1079.56,5961.71,2627.07,1.503835616,5.9,438
2072,Dailekh,202,1166,Barley,12.29106849,17.62432877,7.852273973,69.89249315,1079.56,5961.71,2627.07,1.503835616,5.9,438
2072,Dang,36508,3393,Paddy,22.27457534,28.1320274,17.66235616,55.45991781,1137.77,6220.26,2687.95,1.832410959,5.8,12705
2072,Dang,23150,2291,Maize,22.27457534,28.1320274,17.66235616,55.45991781,1137.77,6220.26,2687.95,1.832410959,5.8,12705
2072,Dang,15,1000,Millet,22.27457534,28.1320274,17.66235616,55.45991781,1137.77,6220.26,2687.95,1.832410959,5.8,12705
2072,Dang,20,1050,Buckwheat,22.27457534,28.1320274,17.66235616,55.45991781,1137.77,6220.26,2687.95,1.832410959,5.8,12705
2072,Dang,12655,2000,Wheat,22.27457534,28.1320274,17.66235616,55.45991781,1137.77,6220.26,2687.95,1.832410959,5.8,12705
2072,Dang,25,1119,Barley,22.27457534,28.1320274,17.66235616,55.45991781,1137.77,6220.26,2687.95,1.832410959,5.8,12705
2072,Darchula,4480,2246,Paddy,6.057041096,11.81673973,1.147972603,69.01665753,647.28,6555.37,2879.53,1.759808219,6,20
2072,Darchula,3858,1767,Maize,6.057041096,11.81673973,1.147972603,69.01665753,647.28,6555.37,2879.53,1.759808219,6,20
2072,Darchula,1310,992,Millet,6.057041096,11.81673973,1.147972603,69.01665753,647.28,6555.37,2879.53,1.759808219,6,20
2072,Darchula,100,850,Buckwheat,6.057041096,11.81673973,1.147972603,69.01665753,647.28,6555.37,2879.53,1.759808219,6,20
2072,Darchula,4465,1925,Wheat,6.057041096,11.81673973,1.147972603,69.01665753,647.28,6555.37,2879.53,1.759808219,6,20
2072,Darchula,1200,754,Barley,6.057041096,11.81673973,1.147972603,69.01665753,647.28,6555.37,2879.53,1.759808219,6,20
2072,Dhading,11545,3583,Paddy,14.74265753,19.69649315,10.7029863,67.88435616,1406.63,6251.33,2879.41,1.496575342,5.5,8933
2072,Dhading,19445,1930,Maize,14.74265753,19.69649315,10.7029863,67.88435616,1406.63,6251.33,2879.41,1.496575342,5.5,8933
2072,Dhading,6930,1024,Millet,14.74265753,19.69649315,10.7029863,67.88435616,1406.63,6251.33,2879.41,1.496575342,5.5,8933
2072,Dhading,0,0,Buckwheat,14.74265753,19.69649315,10.7029863,67.88435616,1406.63,6251.33,2879.41,1.496575342,5.5,8933
2072,Dhading,4798,2130,Wheat,14.74265753,19.69649315,10.7029863,67.88435616,1406.63,6251.33,2879.41,1.496575342,5.5,8933
2072,Dhading,329,1004,Barley,14.74265753,19.69649315,10.7029863,67.88435616,1406.63,6251.33,2879.41,1.496575342,5.5,8933
2072,Dhankuta,7664,2882,Paddy,20.37049315,25.36424658,16.52964384,65.71638356,1274.22,5761.24,2577.91,1.48909589,5.8,1409
2072,Dhankuta,7000,2714,Maize,20.37049315,25.36424658,16.52964384,65.71638356,1274.22,5761.24,2577.91,1.48909589,5.8,1409
2072,Dhankuta,7700,1098,Millet,20.37049315,25.36424658,16.52964384,65.71638356,1274.22,5761.24,2577.91,1.48909589,5.8,1409
2072,Dhankuta,5,700,Buckwheat,20.37049315,25.36424658,16.52964384,65.71638356,1274.22,5761.24,2577.91,1.48909589,5.8,1409
2072,Dhankuta,1400,2179,Wheat,20.37049315,25.36424658,16.52964384,65.71638356,1274.22,5761.24,2577.91,1.48909589,5.8,1409
2072,Dhankuta,0,0,Barley,20.37049315,25.36424658,16.52964384,65.71638356,1274.22,5761.24,2577.91,1.48909589,5.8,1409
2072,Dhanusha,35200,3440,Paddy,22.87005479,28.34786301,18.65715068,59.64054795,1224.36,5958.86,2654.99,1.629561644,6.6,8242
2072,Dhanusha,2465,3164,Maize,22.87005479,28.34786301,18.65715068,59.64054795,1224.36,5958.86,2654.99,1.629561644,6.6,8242
2072,Dhanusha,300,1000,Millet,22.87005479,28.34786301,18.65715068,59.64054795,1224.36,5958.86,2654.99,1.629561644,6.6,8242
2072,Dhanusha,0,0,Buckwheat,22.87005479,28.34786301,18.65715068,59.64054795,1224.36,5958.86,2654.99,1.629561644,6.6,8242
2072,Dhanusha,40000,2625,Wheat,22.87005479,28.34786301,18.65715068,59.64054795,1224.36,5958.86,2654.99,1.629561644,6.6,8242
2072,Dhanusha,1,933,Barley,22.87005479,28.34786301,18.65715068,59.64054795,1224.36,5958.86,2654.99,1.629561644,6.6,8242
2072,Dolakha,3090,2104,Paddy,1.765150685,7.278191781,-2.672821918,72.5550411,739.46,5778.54,2561.04,2.014438356,6.5,908
2072,Dolakha,5500,2300,Maize,1.765150685,7.278191781,-2.672821918,72.5550411,739.46,5778.54,2561.04,2.014438356,6.5,908
2072,Dolakha,3600,1181,Millet,1.765150685,7.278191781,-2.672821918,72.5550411,739.46,5778.54,2561.04,2.014438356,6.5,908
2072,Dolakha,400,1025,Buckwheat,1.765150685,7.278191781,-2.672821918,72.5550411,739.46,5778.54,2561.04,2.014438356,6.5,908
2072,Dolakha,4230,1650,Wheat,1.765150685,7.278191781,-2.672821918,72.5550411,739.46,5778.54,2561.04,2.014438356,6.5,908
2072,Dolakha,172,960,Barley,1.765150685,7.278191781,-2.672821918,72.5550411,739.46,5778.54,2561.04,2.014438356,6.5,908
2072,Dolpa,276,1721,Paddy,-1.546739726,4.43230137,-6.724027397,71.868,1262.88,6220.26,2687.95,1.783342466,6.6,20
2072,Dolpa,220,1164,Maize,-1.546739726,4.43230137,-6.724027397,71.868,1262.88,6220.26,2687.95,1.783342466,6.6,20
2072,Dolpa,391,997,Millet,-1.546739726,4.43230137,-6.724027397,71.868,1262.88,6220.26,2687.95,1.783342466,6.6,20
2072,Dolpa,682,1393,Buckwheat,-1.546739726,4.43230137,-6.724027397,71.868,1262.88,6220.26,2687.95,1.783342466,6.6,20
2072,Dolpa,2600,1462,Wheat,-1.546739726,4.43230137,-6.724027397,71.868,1262.88,6220.26,2687.95,1.783342466,6.6,20
2072,Dolpa,390,641,Barley,-1.546739726,4.43230137,-6.724027397,71.868,1262.88,6220.26,2687.95,1.783342466,6.6,20
2072,Doti,10668,2073,Paddy,16.03641096,21.80945205,11.30158904,60.51816438,893.76,6555.37,2879.53,1.488,5.9,235
2072,Doti,3502,2100,Maize,16.03641096,21.80945205,11.30158904,60.51816438,893.76,6555.37,2879.53,1.488,5.9,235
2072,Doti,4326,1135,Millet,16.03641096,21.80945205,11.30158904,60.51816438,893.76,6555.37,2879.53,1.488,5.9,235
2072,Doti,5,1000,Buckwheat,16.03641096,21.80945205,11.30158904,60.51816438,893.76,6555.37,2879.53,1.488,5.9,235
2072,Doti,12335,2000,Wheat,16.03641096,21.80945205,11.30158904,60.51816438,893.76,6555.37,2879.53,1.488,5.9,235
2072,Doti,210,900,Barley,16.03641096,21.80945205,11.30158904,60.51816438,893.76,6555.37,2879.53,1.488,5.9,235
2072,Gorkha,9756,2080,Paddy,14.74265753,19.69649315,10.7029863,67.88435616,1406.63,6251.33,2879.41,1.496575342,5.5,1642
2072,Gorkha,17036,2400,Maize,14.74265753,19.69649315,10.7029863,67.88435616,1406.63,6251.33,2879.41,1.496575342,5.5,1642
2072,Gorkha,11505,1198,Millet,14.74265753,19.69649315,10.7029863,67.88435616,1406.63,6251.33,2879.41,1.496575342,5.5,1642
2072,Gorkha,394,1013,Buckwheat,14.74265753,19.69649315,10.7029863,67.88435616,1406.63,6251.33,2879.41,1.496575342,5.5,1642
2072,Gorkha,3910,1850,Wheat,14.74265753,19.69649315,10.7029863,67.88435616,1406.63,6251.33,2879.41,1.496575342,5.5,1642
2072,Gorkha,109,1028,Barley,14.74265753,19.69649315,10.7029863,67.88435616,1406.63,6251.33,2879.41,1.496575342,5.5,1642
2072,Gulmi,9992,2584,Paddy,19.9170411,25.21608219,15.81980822,59.42972603,1505.69,6311.87,2909.06,1.649780822,6.1,609
2072,Gulmi,23094,2194,Maize,19.9170411,25.21608219,15.81980822,59.42972603,1505.69,6311.87,2909.06,1.649780822,6.1,609
2072,Gulmi,2800,1034,Millet,19.9170411,25.21608219,15.81980822,59.42972603,1505.69,6311.87,2909.06,1.649780822,6.1,609
2072,Gulmi,212,1278,Buckwheat,19.9170411,25.21608219,15.81980822,59.42972603,1505.69,6311.87,2909.06,1.649780822,6.1,609
2072,Gulmi,7814,2235,Wheat,19.9170411,25.21608219,15.81980822,59.42972603,1505.69,6311.87,2909.06,1.649780822,6.1,609
2072,Gulmi,374,1679,Barley,19.9170411,25.21608219,15.81980822,59.42972603,1505.69,6311.87,2909.06,1.649780822,6.1,609
2072,Humla,574,772,Paddy,-0.840191781,5.159972603,-6.17309589,76.95178082,584.74,7294.58,3005.74,1.928547945,6.5,0
2072,Humla,118,797,Maize,-0.840191781,5.159972603,-6.17309589,76.95178082,584.74,7294.58,3005.74,1.928547945,6.5,0
2072,Humla,1270,669,Millet,-0.840191781,5.159972603,-6.17309589,76.95178082,584.74,7294.58,3005.74,1.928547945,6.5,0
2072,Humla,670,1022,Buckwheat,-0.840191781,5.159972603,-6.17309589,76.95178082,584.74,7294.58,3005.74,1.928547945,6.5,0
2072,Humla,1018,1063,Wheat,-0.840191781,5.159972603,-6.17309589,76.95178082,584.74,7294.58,3005.74,1.928547945,6.5,0
2072,Humla,693,1110,Barley,-0.840191781,5.159972603,-6.17309589,76.95178082,584.74,7294.58,3005.74,1.928547945,6.5,0
2072,Illam,12500,2540,Paddy,18.7019726,23.55920548,15.14715068,69.17123288,1622.35,5487.67,2400.82,1.265808219,5.5,757
2072,Illam,31395,3538,Maize,18.7019726,23.55920548,15.14715068,69.17123288,1622.35,5487.67,2400.82,1.265808219,5.5,757
2072,Illam,1700,1235,Millet,18.7019726,23.55920548,15.14715068,69.17123288,1622.35,5487.67,2400.82,1.265808219,5.5,757
2072,Illam,25,1000,Buckwheat,18.7019726,23.55920548,15.14715068,69.17123288,1622.35,5487.67,2400.82,1.265808219,5.5,757
2072,Illam,4620,3087,Wheat,18.7019726,23.55920548,15.14715068,69.17123288,1622.35,5487.67,2400.82,1.265808219,5.5,757
2072,Illam,50,1000,Barley,18.7019726,23.55920548,15.14715068,69.17123288,1622.35,5487.67,2400.82,1.265808219,5.5,757
2072,Jajarkot,3063,1822,Paddy,22.27457534,28.1320274,17.66235616,55.45991781,1137.77,6220.26,2687.95,1.832410959,6.2,177
2072,Jajarkot,9365,1659,Maize,22.27457534,28.1320274,17.66235616,55.45991781,1137.77,6220.26,2687.95,1.832410959,6.2,177
2072,Jajarkot,1850,832,Millet,22.27457534,28.1320274,17.66235616,55.45991781,1137.77,6220.26,2687.95,1.832410959,6.2,177
2072,Jajarkot,28,1071,Buckwheat,22.27457534,28.1320274,17.66235616,55.45991781,1137.77,6220.26,2687.95,1.832410959,6.2,177
2072,Jajarkot,12680,1106,Wheat,22.27457534,28.1320274,17.66235616,55.45991781,1137.77,6220.26,2687.95,1.832410959,6.2,177
2072,Jajarkot,708,1333,Barley,22.27457534,28.1320274,17.66235616,55.45991781,1137.77,6220.26,2687.95,1.832410959,6.2,177
2072,Jhapa,83000,3797,Paddy,24.93482192,30.20783699,20.80052055,63.89580822,1650.33,5761.24,2577.91,1.569178082,5.7,10968
2072,Jhapa,35500,2676,Maize,24.93482192,30.20783699,20.80052055,63.89580822,1650.33,5761.24,2577.91,1.569178082,5.7,10968
2072,Jhapa,1785,1200,Millet,24.93482192,30.20783699,20.80052055,63.89580822,1650.33,5761.24,2577.91,1.569178082,5.7,10968
2072,Jhapa,1600,938,Buckwheat,24.93482192,30.20783699,20.80052055,63.89580822,1650.33,5761.24,2577.91,1.569178082,5.7,10968
2072,Jhapa,9000,3300,Wheat,24.93482192,30.20783699,20.80052055,63.89580822,1650.33,5761.24,2577.91,1.569178082,5.7,10968
2072,Jhapa,10,900,Barley,24.93482192,30.20783699,20.80052055,63.89580822,1650.33,5761.24,2577.91,1.569178082,5.7,10968
2072,Jumla,2900,2034,Paddy,9.039315068,15.20909589,3.999205479,67.58024658,745.95,7077.99,2952.14,1.590465753,6.5,5
2072,Jumla,4505,1400,Maize,9.039315068,15.20909589,3.999205479,67.58024658,745.95,7077.99,2952.14,1.590465753,6.5,5
2072,Jumla,3840,1107,Millet,9.039315068,15.20909589,3.999205479,67.58024658,745.95,7077.99,2952.14,1.590465753,6.5,5
2072,Jumla,87,1115,Buckwheat,9.039315068,15.20909589,3.999205479,67.58024658,745.95,7077.99,2952.14,1.590465753,6.5,5
2072,Jumla,2382,1871,Wheat,9.039315068,15.20909589,3.999205479,67.58024658,745.95,7077.99,2952.14,1.590465753,6.5,5
2072,Jumla,4035,1589,Barley,9.039315068,15.20909589,3.999205479,67.58024658,745.95,7077.99,2952.14,1.590465753,6.5,5
2072,Kailali,71250,3274,Paddy,25.44457534,32.03775342,20.05279452,52.57841096,1147.77,6087.7,2702.77,1.587863014,6.6,13152
2072,Kailali,5550,2814,Maize,25.44457534,32.03775342,20.05279452,52.57841096,1147.77,6087.7,2702.77,1.587863014,6.6,13152
2072,Kailali,350,1000,Millet,25.44457534,32.03775342,20.05279452,52.57841096,1147.77,6087.7,2702.77,1.587863014,6.6,13152
2072,Kailali,7,1571,Buckwheat,25.44457534,32.03775342,20.05279452,52.57841096,1147.77,6087.7,2702.77,1.587863014,6.6,13152
2072,Kailali,34000,2310,Wheat,25.44457534,32.03775342,20.05279452,52.57841096,1147.77,6087.7,2702.77,1.587863014,6.6,13152
2072,Kailali,400,750,Barley,25.44457534,32.03775342,20.05279452,52.57841096,1147.77,6087.7,2702.77,1.587863014,6.6,13152
2072,Kalikot,2500,1890,Paddy,12.29106849,17.62432877,7.852273973,69.89249315,1079.56,6343.67,2744.68,1.503835616,6.2,50
2072,Kalikot,2930,1517,Maize,12.29106849,17.62432877,7.852273973,69.89249315,1079.56,6343.67,2744.68,1.503835616,6.2,50
2072,Kalikot,1230,1267,Millet,12.29106849,17.62432877,7.852273973,69.89249315,1079.56,6343.67,2744.68,1.503835616,6.2,50
2072,Kalikot,90,1544,Buckwheat,12.29106849,17.62432877,7.852273973,69.89249315,1079.56,6343.67,2744.68,1.503835616,6.2,50
2072,Kalikot,5475,1070,Wheat,12.29106849,17.62432877,7.852273973,69.89249315,1079.56,6343.67,2744.68,1.503835616,6.2,50
2072,Kalikot,1042,1868,Barley,12.29106849,17.62432877,7.852273973,69.89249315,1079.56,6343.67,2744.68,1.503835616,6.2,50
2072,Kanchanpur,45796,3171,Paddy,21.80778082,28.17747945,16.70750685,56.52479452,1093.43,6205.29,2751.51,1.043808219,6.2,6790
2072,Kanchanpur,2750,2591,Maize,21.80778082,28.17747945,16.70750685,56.52479452,1093.43,6205.29,2751.51,1.043808219,6.2,6790
2072,Kanchanpur,0,0,Millet,21.80778082,28.17747945,16.70750685,56.52479452,1093.43,6205.29,2751.51,1.043808219,6.2,6790
2072,Kanchanpur,0,0,Buckwheat,21.80778082,28.17747945,16.70750685,56.52479452,1093.43,6205.29,2751.51,1.043808219,6.2,6790
2072,Kanchanpur,31343,2407,Wheat,21.80778082,28.17747945,16.70750685,56.52479452,1093.43,6205.29,2751.51,1.043808219,6.2,6790
2072,Kanchanpur,10,933,Barley,21.80778082,28.17747945,16.70750685,56.52479452,1093.43,6205.29,2751.51,1.043808219,6.2,6790
2072,Kapilbastu,58000,2216,Paddy,25.60487671,32.02336986,20.31032877,53.4220274,1242.47,6311.87,2909.06,1.727506849,6.9,8453
2072,Kapilbastu,3100,3065,Maize,25.60487671,32.02336986,20.31032877,53.4220274,1242.47,6311.87,2909.06,1.727506849,6.9,8453
2072,Kapilbastu,0,0,Millet,25.60487671,32.02336986,20.31032877,53.4220274,1242.47,6311.87,2909.06,1.727506849,6.9,8453
2072,Kapilbastu,0,0,Buckwheat,25.60487671,32.02336986,20.31032877,53.4220274,1242.47,6311.87,2909.06,1.727506849,6.9,8453
2072,Kapilbastu,27927,3024,Wheat,25.60487671,32.02336986,20.31032877,53.4220274,1242.47,6311.87,2909.06,1.727506849,6.9,8453
2072,Kapilbastu,202,1632,Barley,25.60487671,32.02336986,20.31032877,53.4220274,1242.47,6311.87,2909.06,1.727506849,6.9,8453
2072,Kaski,22000,3434,Paddy,4.56339726,9.489808219,0.299123288,77.61342466,1812,5797.67,2566.38,1.522630137,6.7,1601
2072,Kaski,13773,2300,Maize,4.56339726,9.489808219,0.299123288,77.61342466,1812,5797.67,2566.38,1.522630137,6.7,1601
2072,Kaski,14667,1200,Millet,4.56339726,9.489808219,0.299123288,77.61342466,1812,5797.67,2566.38,1.522630137,6.7,1601
2072,Kaski,14,1143,Buckwheat,4.56339726,9.489808219,0.299123288,77.61342466,1812,5797.67,2566.38,1.522630137,6.7,1601
2072,Kaski,6820,1890,Wheat,4.56339726,9.489808219,0.299123288,77.61342466,1812,5797.67,2566.38,1.522630137,6.7,1601
2072,Kaski,131,1004,Barley,4.56339726,9.489808219,0.299123288,77.61342466,1812,5797.67,2566.38,1.522630137,6.7,1601
2072,Kathmandu,7905,5085,Paddy,19.16063014,24.09531507,15.39969863,63.0239726,1205.4,6148.39,2725.47,1.470684932,6.5,5681
2072,Kathmandu,9923,3391,Maize,19.16063014,24.09531507,15.39969863,63.0239726,1205.4,6148.39,2725.47,1.470684932,6.5,5681
2072,Kathmandu,852,1009,Millet,19.16063014,24.09531507,15.39969863,63.0239726,1205.4,6148.39,2725.47,1.470684932,6.5,5681
2072,Kathmandu,5,1000,Buckwheat,19.16063014,24.09531507,15.39969863,63.0239726,1205.4,6148.39,2725.47,1.470684932,6.5,5681
2072,Kathmandu,3900,3200,Wheat,19.16063014,24.09531507,15.39969863,63.0239726,1205.4,6148.39,2725.47,1.470684932,6.5,5681
2072,Kathmandu,4,933,Barley,19.16063014,24.09531507,15.39969863,63.0239726,1205.4,6148.39,2725.47,1.470684932,6.5,5681
2072,Kavre,11308,3005,Paddy,19.16063014,24.09531507,15.39969863,63.0239726,1205.4,6148.39,2725.47,1.470684932,5.7,13113
2072,Kavre,25354,2400,Maize,19.16063014,24.09531507,15.39969863,63.0239726,1205.4,6148.39,2725.47,1.470684932,5.7,13113
2072,Kavre,3515,1150,Millet,19.16063014,24.09531507,15.39969863,63.0239726,1205.4,6148.39,2725.47,1.470684932,5.7,13113
2072,Kavre,608,1095,Buckwheat,19.16063014,24.09531507,15.39969863,63.0239726,1205.4,6148.39,2725.47,1.470684932,5.7,13113
2072,Kavre,8925,2373,Wheat,19.16063014,24.09531507,15.39969863,63.0239726,1205.4,6148.39,2725.47,1.470684932,5.7,13113
2072,Kavre,708,999,Barley,19.16063014,24.09531507,15.39969863,63.0239726,1205.4,6148.39,2725.47,1.470684932,5.7,13113
2072,Khotang,12150,1597,Paddy,13.67887671,18.65805479,9.833506849,67.40438356,1084.19,5778.54,2561.04,1.565726027,5.5,298
2072,Khotang,41060,1841,Maize,13.67887671,18.65805479,9.833506849,67.40438356,1084.19,5778.54,2561.04,1.565726027,5.5,298
2072,Khotang,21215,1067,Millet,13.67887671,18.65805479,9.833506849,67.40438356,1084.19,5778.54,2561.04,1.565726027,5.5,298
2072,Khotang,650,1000,Buckwheat,13.67887671,18.65805479,9.833506849,67.40438356,1084.19,5778.54,2561.04,1.565726027,5.5,298
2072,Khotang,5530,2750,Wheat,13.67887671,18.65805479,9.833506849,67.40438356,1084.19,5778.54,2561.04,1.565726027,5.5,298
2072,Khotang,412,1200,Barley,13.67887671,18.65805479,9.833506849,67.40438356,1084.19,5778.54,2561.04,1.565726027,5.5,298
2072,Lalitpur,4650,4552,Paddy,19.16063014,24.09531507,15.39969863,63.0239726,1205.4,6148.39,2725.47,1.470684932,6.9,884
2072,Lalitpur,8589,3200,Maize,19.16063014,24.09531507,15.39969863,63.0239726,1205.4,6148.39,2725.47,1.470684932,6.9,884
2072,Lalitpur,560,1027,Millet,19.16063014,24.09531507,15.39969863,63.0239726,1205.4,6148.39,2725.47,1.470684932,6.9,884
2072,Lalitpur,54,981,Buckwheat,19.16063014,24.09531507,15.39969863,63.0239726,1205.4,6148.39,2725.47,1.470684932,6.9,884
2072,Lalitpur,3000,2600,Wheat,19.16063014,24.09531507,15.39969863,63.0239726,1205.4,6148.39,2725.47,1.470684932,6.9,884
2072,Lalitpur,51,578,Barley,19.16063014,24.09531507,15.39969863,63.0239726,1205.4,6148.39,2725.47,1.470684932,6.9,884
2072,Lamjung,14059,2687,Paddy,4.56339726,9.489808219,0.299123288,77.61342466,1812,5797.67,2566.38,1.522630137,5.4,418
2072,Lamjung,9650,2307,Maize,4.56339726,9.489808219,0.299123288,77.61342466,1812,5797.67,2566.38,1.522630137,5.4,418
2072,Lamjung,7919,1119,Millet,4.56339726,9.489808219,0.299123288,77.61342466,1812,5797.67,2566.38,1.522630137,5.4,418
2072,Lamjung,15,1067,Buckwheat,4.56339726,9.489808219,0.299123288,77.61342466,1812,5797.67,2566.38,1.522630137,5.4,418
2072,Lamjung,425,2800,Wheat,4.56339726,9.489808219,0.299123288,77.61342466,1812,5797.67,2566.38,1.522630137,5.4,418
2072,Lamjung,28,899,Barley,4.56339726,9.489808219,0.299123288,77.61342466,1812,5797.67,2566.38,1.522630137,5.4,418
2072,Mahottari,25400,3287,Paddy,26.15136986,32.51813699,20.71586301,57.39871233,1179.83,5958.86,2654.99,1.794520548,6.8,6803
2072,Mahottari,9200,2902,Maize,26.15136986,32.51813699,20.71586301,57.39871233,1179.83,5958.86,2654.99,1.794520548,6.8,6803
2072,Mahottari,0,0,Millet,26.15136986,32.51813699,20.71586301,57.39871233,1179.83,5958.86,2654.99,1.794520548,6.8,6803
2072,Mahottari,0,0,Buckwheat,26.15136986,32.51813699,20.71586301,57.39871233,1179.83,5958.86,2654.99,1.794520548,6.8,6803
2072,Mahottari,29000,2200,Wheat,26.15136986,32.51813699,20.71586301,57.39871233,1179.83,5958.86,2654.99,1.794520548,6.8,6803
2072,Mahottari,10,933,Barley,26.15136986,32.51813699,20.71586301,57.39871233,1179.83,5958.86,2654.99,1.794520548,6.8,6803
2072,Makwanpur,11130,3190,Paddy,22.15794521,27.40282192,18.03928767,60.0869863,1410.23,6251.33,2879.41,1.420328767,5.9,6282
2072,Makwanpur,23652,3000,Maize,22.15794521,27.40282192,18.03928767,60.0869863,1410.23,6251.33,2879.41,1.420328767,5.9,6282
2072,Makwanpur,2645,1250,Millet,22.15794521,27.40282192,18.03928767,60.0869863,1410.23,6251.33,2879.41,1.420328767,5.9,6282
2072,Makwanpur,185,1108,Buckwheat,22.15794521,27.40282192,18.03928767,60.0869863,1410.23,6251.33,2879.41,1.420328767,5.9,6282
2072,Makwanpur,4205,2920,Wheat,22.15794521,27.40282192,18.03928767,60.0869863,1410.23,6251.33,2879.41,1.420328767,5.9,6282
2072,Makwanpur,202,1166,Barley,22.15794521,27.40282192,18.03928767,60.0869863,1410.23,6251.33,2879.41,1.420328767,5.9,6282
2072,Manang,0,0,Paddy,4.56339726,9.489808219,0.299123288,77.61342466,1812,5797.67,2566.38,1.522630137,6.3,15
2072,Manang,177,1960,Maize,4.56339726,9.489808219,0.299123288,77.61342466,1812,5797.67,2566.38,1.522630137,6.3,15
2072,Manang,0,0,Millet,4.56339726,9.489808219,0.299123288,77.61342466,1812,5797.67,2566.38,1.522630137,6.3,15
2072,Manang,300,1520,Buckwheat,4.56339726,9.489808219,0.299123288,77.61342466,1812,5797.67,2566.38,1.522630137,6.3,15
2072,Manang,195,2359,Wheat,4.56339726,9.489808219,0.299123288,77.61342466,1812,5797.67,2566.38,1.522630137,6.3,15
2072,Manang,101,1865,Barley,4.56339726,9.489808219,0.299123288,77.61342466,1812,5797.67,2566.38,1.522630137,6.3,15
2072,Morang,78000,3538,Paddy,25.07531507,30.74958904,20.55775342,60.45682192,1225.03,5761.24,2577.91,1.588191781,6.8,17785
2072,Morang,14000,3286,Maize,25.07531507,30.74958904,20.55775342,60.45682192,1225.03,5761.24,2577.91,1.588191781,6.8,17785
2072,Morang,1348,1200,Millet,25.07531507,30.74958904,20.55775342,60.45682192,1225.03,5761.24,2577.91,1.588191781,6.8,17785
2072,Morang,70,1000,Buckwheat,25.07531507,30.74958904,20.55775342,60.45682192,1225.03,5761.24,2577.91,1.588191781,6.8,17785
2072,Morang,16100,2150,Wheat,25.07531507,30.74958904,20.55775342,60.45682192,1225.03,5761.24,2577.91,1.588191781,6.8,17785
2072,Morang,0,0,Barley,25.07531507,30.74958904,20.55775342,60.45682192,1225.03,5761.24,2577.91,1.588191781,6.8,17785
2072,Mugu,1400,1569,Paddy,12.29106849,17.62432877,7.852273973,69.89249315,1079.56,6343.67,2744.68,1.503835616,5.7,12
2072,Mugu,621,1494,Maize,12.29106849,17.62432877,7.852273973,69.89249315,1079.56,6343.67,2744.68,1.503835616,5.7,12
2072,Mugu,4275,977,Millet,12.29106849,17.62432877,7.852273973,69.89249315,1079.56,6343.67,2744.68,1.503835616,5.7,12
2072,Mugu,485,1031,Buckwheat,12.29106849,17.62432877,7.852273973,69.89249315,1079.56,6343.67,2744.68,1.503835616,5.7,12
2072,Mugu,3136,1211,Wheat,12.29106849,17.62432877,7.852273973,69.89249315,1079.56,6343.67,2744.68,1.503835616,5.7,12
2072,Mugu,1527,1056,Barley,12.29106849,17.62432877,7.852273973,69.89249315,1079.56,6343.67,2744.68,1.503835616,5.7,12
2072,Mustang,0,0,Paddy,7.591863014,12.7109863,3.324191781,73.80808219,1975.07,6007.27,2589.14,1.480520548,7.3,31
2072,Mustang,516,1469,Maize,7.591863014,12.7109863,3.324191781,73.80808219,1975.07,6007.27,2589.14,1.480520548,7.3,31
2072,Mustang,0,0,Millet,7.591863014,12.7109863,3.324191781,73.80808219,1975.07,6007.27,2589.14,1.480520548,7.3,31
2072,Mustang,582,1710,Buckwheat,7.591863014,12.7109863,3.324191781,73.80808219,1975.07,6007.27,2589.14,1.480520548,7.3,31
2072,Mustang,582,1584,Wheat,7.591863014,12.7109863,3.324191781,73.80808219,1975.07,6007.27,2589.14,1.480520548,7.3,31
2072,Mustang,273,1727,Barley,7.591863014,12.7109863,3.324191781,73.80808219,1975.07,6007.27,2589.14,1.480520548,7.3,31
2072,Myagdi,3738,3234,Paddy,7.591863014,12.7109863,3.324191781,73.80808219,1975.07,6007.27,2589.14,1.480520548,5.8,189
2072,Myagdi,9215,3200,Maize,7.591863014,12.7109863,3.324191781,73.80808219,1975.07,6007.27,2589.14,1.480520548,5.8,189
2072,Myagdi,2740,1275,Millet,7.591863014,12.7109863,3.324191781,73.80808219,1975.07,6007.27,2589.14,1.480520548,5.8,189
2072,Myagdi,148,1014,Buckwheat,7.591863014,12.7109863,3.324191781,73.80808219,1975.07,6007.27,2589.14,1.480520548,5.8,189
2072,Myagdi,3062,2210,Wheat,7.591863014,12.7109863,3.324191781,73.80808219,1975.07,6007.27,2589.14,1.480520548,5.8,189
2072,Myagdi,307,1212,Barley,7.591863014,12.7109863,3.324191781,73.80808219,1975.07,6007.27,2589.14,1.480520548,5.8,189
2072,Nawalparasi,44500,3548,Paddy,25.01430137,31.08512329,19.89479452,57.17545205,1518.37,6311.87,2909.06,1.474273973,5.9,5410
2072,Nawalparasi,8252,1568,Maize,25.01430137,31.08512329,19.89479452,57.17545205,1518.37,6311.87,2909.06,1.474273973,5.9,5410
2072,Nawalparasi,500,1032,Millet,25.01430137,31.08512329,19.89479452,57.17545205,1518.37,6311.87,2909.06,1.474273973,5.9,5410
2072,Nawalparasi,200,525,Buckwheat,25.01430137,31.08512329,19.89479452,57.17545205,1518.37,6311.87,2909.06,1.474273973,5.9,5410
2072,Nawalparasi,18745,2000,Wheat,25.01430137,31.08512329,19.89479452,57.17545205,1518.37,6311.87,2909.06,1.474273973,5.9,5410
2072,Nawalparasi,10,1119,Barley,25.01430137,31.08512329,19.89479452,57.17545205,1518.37,6311.87,2909.06,1.474273973,5.9,5410
2072,Nuwakot,15695,3990,Paddy,8.874493151,14.14715068,4.621150685,70.85983562,952.3,6148.39,2725.47,1.685780822,5.7,8234
2072,Nuwakot,20450,3120,Maize,8.874493151,14.14715068,4.621150685,70.85983562,952.3,6148.39,2725.47,1.685780822,5.7,8234
2072,Nuwakot,5200,1154,Millet,8.874493151,14.14715068,4.621150685,70.85983562,952.3,6148.39,2725.47,1.685780822,5.7,8234
2072,Nuwakot,200,1225,Buckwheat,8.874493151,14.14715068,4.621150685,70.85983562,952.3,6148.39,2725.47,1.685780822,5.7,8234
2072,Nuwakot,4158,3200,Wheat,8.874493151,14.14715068,4.621150685,70.85983562,952.3,6148.39,2725.47,1.685780822,5.7,8234
2072,Nuwakot,187,837,Barley,8.874493151,14.14715068,4.621150685,70.85983562,952.3,6148.39,2725.47,1.685780822,5.7,8234
2072,Okhaldhunga,4350,2202,Paddy,13.67887671,18.65805479,9.833506849,67.40438356,1084.19,5778.54,2561.04,1.565726027,5.7,488
2072,Okhaldhunga,12400,2400,Maize,13.67887671,18.65805479,9.833506849,67.40438356,1084.19,5778.54,2561.04,1.565726027,5.7,488
2072,Okhaldhunga,7751,1313,Millet,13.67887671,18.65805479,9.833506849,67.40438356,1084.19,5778.54,2561.04,1.565726027,5.7,488
2072,Okhaldhunga,105,1048,Buckwheat,13.67887671,18.65805479,9.833506849,67.40438356,1084.19,5778.54,2561.04,1.565726027,5.7,488
2072,Okhaldhunga,2365,1900,Wheat,13.67887671,18.65805479,9.833506849,67.40438356,1084.19,5778.54,2561.04,1.565726027,5.7,488
2072,Okhaldhunga,101,933,Barley,13.67887671,18.65805479,9.833506849,67.40438356,1084.19,5778.54,2561.04,1.565726027,5.7,488
2072,Palpa,6820,4438,Paddy,19.1970411,24.08353425,15.2609589,63.82761644,1952.81,6311.87,2909.06,1.448849315,5.9,1269
2072,Palpa,21583,1990,Maize,19.1970411,24.08353425,15.2609589,63.82761644,1952.81,6311.87,2909.06,1.448849315,5.9,1269
2072,Palpa,2535,1015,Millet,19.1970411,24.08353425,15.2609589,63.82761644,1952.81,6311.87,2909.06,1.448849315,5.9,1269
2072,Palpa,500,1224,Buckwheat,19.1970411,24.08353425,15.2609589,63.82761644,1952.81,6311.87,2909.06,1.448849315,5.9,1269
2072,Palpa,6240,2050,Wheat,19.1970411,24.08353425,15.2609589,63.82761644,1952.81,6311.87,2909.06,1.448849315,5.9,1269
2072,Palpa,26,1327,Barley,19.1970411,24.08353425,15.2609589,63.82761644,1952.81,6311.87,2909.06,1.448849315,5.9,1269
2072,Panchthar,9250,2290,Paddy,10.70435616,15.96956164,6.687150685,75.16076712,1081.34,5487.67,2400.82,1.817013699,5.7,473
2072,Panchthar,18513,2076,Maize,10.70435616,15.96956164,6.687150685,75.16076712,1081.34,5487.67,2400.82,1.817013699,5.7,473
2072,Panchthar,4815,1870,Millet,10.70435616,15.96956164,6.687150685,75.16076712,1081.34,5487.67,2400.82,1.817013699,5.7,473
2072,Panchthar,0,0,Buckwheat,10.70435616,15.96956164,6.687150685,75.16076712,1081.34,5487.67,2400.82,1.817013699,5.7,473
2072,Panchthar,3915,1649,Wheat,10.70435616,15.96956164,6.687150685,75.16076712,1081.34,5487.67,2400.82,1.817013699,5.7,473
2072,Panchthar,354,1165,Barley,10.70435616,15.96956164,6.687150685,75.16076712,1081.34,5487.67,2400.82,1.817013699,5.7,473
2072,Parbat,8830,2370,Paddy,7.591863014,12.7109863,3.324191781,73.80808219,1975.07,6007.27,2589.14,1.480520548,5.7,772
2072,Parbat,13930,1845,Maize,7.591863014,12.7109863,3.324191781,73.80808219,1975.07,6007.27,2589.14,1.480520548,5.7,772
2072,Parbat,8630,1000,Millet,7.591863014,12.7109863,3.324191781,73.80808219,1975.07,6007.27,2589.14,1.480520548,5.7,772
2072,Parbat,38,974,Buckwheat,7.591863014,12.7109863,3.324191781,73.80808219,1975.07,6007.27,2589.14,1.480520548,5.7,772
2072,Parbat,2615,2400,Wheat,7.591863014,12.7109863,3.324191781,73.80808219,1975.07,6007.27,2589.14,1.480520548,5.7,772
2072,Parbat,96,844,Barley,7.591863014,12.7109863,3.324191781,73.80808219,1975.07,6007.27,2589.14,1.480520548,5.7,772
2072,Parsa,40500,3753,Paddy,25.79128767,32.06893151,20.41517808,56.8760274,1240.31,6251.33,2879.41,1.609068493,6.9,10732
2072,Parsa,4075,3500,Maize,25.79128767,32.06893151,20.41517808,56.8760274,1240.31,6251.33,2879.41,1.609068493,6.9,10732
2072,Parsa,85,1059,Millet,25.79128767,32.06893151,20.41517808,56.8760274,1240.31,6251.33,2879.41,1.609068493,6.9,10732
2072,Parsa,0,0,Buckwheat,25.79128767,32.06893151,20.41517808,56.8760274,1240.31,6251.33,2879.41,1.609068493,6.9,10732
2072,Parsa,22532,3260,Wheat,25.79128767,32.06893151,20.41517808,56.8760274,1240.31,6251.33,2879.41,1.609068493,6.9,10732
2072,Parsa,35,1199,Barley,25.79128767,32.06893151,20.41517808,56.8760274,1240.31,6251.33,2879.41,1.609068493,6.9,10732
2072,Pyuthan,6525,3546,Paddy,22.27457534,28.1320274,17.66235616,55.45991781,1137.77,6220.26,2687.95,1.832410959,6.5,412
2072,Pyuthan,12043,1890,Maize,22.27457534,28.1320274,17.66235616,55.45991781,1137.77,6220.26,2687.95,1.832410959,6.5,412
2072,Pyuthan,1990,1101,Millet,22.27457534,28.1320274,17.66235616,55.45991781,1137.77,6220.26,2687.95,1.832410959,6.5,412
2072,Pyuthan,13,1154,Buckwheat,22.27457534,28.1320274,17.66235616,55.45991781,1137.77,6220.26,2687.95,1.832410959,6.5,412
2072,Pyuthan,8411,2204,Wheat,22.27457534,28.1320274,17.66235616,55.45991781,1137.77,6220.26,2687.95,1.832410959,6.5,412
2072,Pyuthan,516,1463,Barley,22.27457534,28.1320274,17.66235616,55.45991781,1137.77,6220.26,2687.95,1.832410959,6.5,412
2072,Ramechap,9020,2401,Paddy,13.67887671,18.65805479,9.833506849,67.40438356,1084.19,5778.54,2561.04,1.565726027,5.4,1240
2072,Ramechap,19345,2505,Maize,13.67887671,18.65805479,9.833506849,67.40438356,1084.19,5778.54,2561.04,1.565726027,5.4,1240
2072,Ramechap,5060,1008,Millet,13.67887671,18.65805479,9.833506849,67.40438356,1084.19,5778.54,2561.04,1.565726027,5.4,1240
2072,Ramechap,19,1000,Buckwheat,13.67887671,18.65805479,9.833506849,67.40438356,1084.19,5778.54,2561.04,1.565726027,5.4,1240
2072,Ramechap,3852,2100,Wheat,13.67887671,18.65805479,9.833506849,67.40438356,1084.19,5778.54,2561.04,1.565726027,5.4,1240
2072,Ramechap,80,850,Barley,13.67887671,18.65805479,9.833506849,67.40438356,1084.19,5778.54,2561.04,1.565726027,5.4,1240
2072,Rasuwa,1050,2400,Paddy,8.874493151,14.14715068,4.621150685,70.85983562,952.3,6130.27,2716.62,1.685780822,6.1,432
2072,Rasuwa,2430,1584,Maize,8.874493151,14.14715068,4.621150685,70.85983562,952.3,6130.27,2716.62,1.685780822,6.1,432
2072,Rasuwa,895,1008,Millet,8.874493151,14.14715068,4.621150685,70.85983562,952.3,6130.27,2716.62,1.685780822,6.1,432
2072,Rasuwa,0,0,Buckwheat,8.874493151,14.14715068,4.621150685,70.85983562,952.3,6130.27,2716.62,1.685780822,6.1,432
2072,Rasuwa,715,1907,Wheat,8.874493151,14.14715068,4.621150685,70.85983562,952.3,6130.27,2716.62,1.685780822,6.1,432
2072,Rasuwa,288,1165,Barley,8.874493151,14.14715068,4.621150685,70.85983562,952.3,6130.27,2716.62,1.685780822,6.1,432
2072,Rautahat,30400,3326,Paddy,24.73353425,30.57558904,20.09090411,58.16578082,1295.92,5958.86,2654.99,1.617369863,6.8,6131
2072,Rautahat,2055,3309,Maize,24.73353425,30.57558904,20.09090411,58.16578082,1295.92,5958.86,2654.99,1.617369863,6.8,6131
2072,Rautahat,62,1016,Millet,24.73353425,30.57558904,20.09090411,58.16578082,1295.92,5958.86,2654.99,1.617369863,6.8,6131
2072,Rautahat,0,0,Buckwheat,24.73353425,30.57558904,20.09090411,58.16578082,1295.92,5958.86,2654.99,1.617369863,6.8,6131
2072,Rautahat,15453,3027,Wheat,24.73353425,30.57558904,20.09090411,58.16578082,1295.92,5958.86,2654.99,1.617369863,6.8,6131
2072,Rautahat,4,1166,Barley,24.73353425,30.57558904,20.09090411,58.16578082,1295.92,5958.86,2654.99,1.617369863,6.8,6131
2072,Rolpa,4715,2530,Paddy,14.75528767,20.48043836,10.10972603,65.14484932,1175.49,6220.26,2687.95,1.643287671,6.1,417
2072,Rolpa,11665,2300,Maize,14.75528767,20.48043836,10.10972603,65.14484932,1175.49,6220.26,2687.95,1.643287671,6.1,417
2072,Rolpa,1061,1221,Millet,14.75528767,20.48043836,10.10972603,65.14484932,1175.49,6220.26,2687.95,1.643287671,6.1,417
2072,Rolpa,115,1000,Buckwheat,14.75528767,20.48043836,10.10972603,65.14484932,1175.49,6220.26,2687.95,1.643287671,6.1,417
2072,Rolpa,8334,2465,Wheat,14.75528767,20.48043836,10.10972603,65.14484932,1175.49,6220.26,2687.95,1.643287671,6.1,417
2072,Rolpa,612,1032,Barley,14.75528767,20.48043836,10.10972603,65.14484932,1175.49,6220.26,2687.95,1.643287671,6.1,417
2072,Rukum,3562,2942,Paddy,14.75528767,20.48043836,10.10972603,65.14484932,1175.49,6281.61,2715.25,1.643287671,6.8,696
2072,Rukum,16276,1983,Maize,14.75528767,20.48043836,10.10972603,65.14484932,1175.49,6281.61,2715.25,1.643287671,6.8,696
2072,Rukum,918,1744,Millet,14.75528767,20.48043836,10.10972603,65.14484932,1175.49,6281.61,2715.25,1.643287671,6.8,696
2072,Rukum,0,0,Buckwheat,14.75528767,20.48043836,10.10972603,65.14484932,1175.49,6281.61,2715.25,1.643287671,6.8,696
2072,Rukum,11772,2207,Wheat,14.75528767,20.48043836,10.10972603,65.14484932,1175.49,6281.61,2715.25,1.643287671,6.8,696
2072,Rukum,910,1140,Barley,14.75528767,20.48043836,10.10972603,65.14484932,1175.49,6281.61,2715.25,1.643287671,6.8,696
2072,Rupandehi,69600,3964,Paddy,25.01430137,31.08512329,19.89479452,57.17545205,1518.37,6311.87,2909.06,1.474273973,6.6,19370
2072,Rupandehi,2500,3982,Maize,25.01430137,31.08512329,19.89479452,57.17545205,1518.37,6311.87,2909.06,1.474273973,6.6,19370
2072,Rupandehi,50,1100,Millet,25.01430137,31.08512329,19.89479452,57.17545205,1518.37,6311.87,2909.06,1.474273973,6.6,19370
2072,Rupandehi,0,0,Buckwheat,25.01430137,31.08512329,19.89479452,57.17545205,1518.37,6311.87,2909.06,1.474273973,6.6,19370
2072,Rupandehi,29400,2700,Wheat,25.01430137,31.08512329,19.89479452,57.17545205,1518.37,6311.87,2909.06,1.474273973,6.6,19370
2072,Rupandehi,101,1959,Barley,25.01430137,31.08512329,19.89479452,57.17545205,1518.37,6311.87,2909.06,1.474273973,6.6,19370
2072,Salyan,6951,3650,Paddy,22.27457534,28.1320274,17.66235616,55.45991781,1137.77,6220.26,2687.95,1.832410959,5.9,1063
2072,Salyan,19395,2050,Maize,22.27457534,28.1320274,17.66235616,55.45991781,1137.77,6220.26,2687.95,1.832410959,5.9,1063
2072,Salyan,1053,1565,Millet,22.27457534,28.1320274,17.66235616,55.45991781,1137.77,6220.26,2687.95,1.832410959,5.9,1063
2072,Salyan,61,1197,Buckwheat,22.27457534,28.1320274,17.66235616,55.45991781,1137.77,6220.26,2687.95,1.832410959,5.9,1063
2072,Salyan,13220,1891,Wheat,22.27457534,28.1320274,17.66235616,55.45991781,1137.77,6220.26,2687.95,1.832410959,5.9,1063
2072,Salyan,1079,1184,Barley,22.27457534,28.1320274,17.66235616,55.45991781,1137.77,6220.26,2687.95,1.832410959,5.9,1063
2072,Sankhuwashava,13655,2171,Paddy,10.70435616,15.96956164,6.687150685,75.16076712,1081.34,5487.67,2400.82,1.817013699,5.6,779
2072,Sankhuwashava,12070,1666,Maize,10.70435616,15.96956164,6.687150685,75.16076712,1081.34,5487.67,2400.82,1.817013699,5.6,779
2072,Sankhuwashava,7071,1018,Millet,10.70435616,15.96956164,6.687150685,75.16076712,1081.34,5487.67,2400.82,1.817013699,5.6,779
2072,Sankhuwashava,15,1067,Buckwheat,10.70435616,15.96956164,6.687150685,75.16076712,1081.34,5487.67,2400.82,1.817013699,5.6,779
2072,Sankhuwashava,500,2200,Wheat,10.70435616,15.96956164,6.687150685,75.16076712,1081.34,5487.67,2400.82,1.817013699,5.6,779
2072,Sankhuwashava,14,933,Barley,10.70435616,15.96956164,6.687150685,75.16076712,1081.34,5487.67,2400.82,1.817013699,5.6,779
2072,Saptari,31900,2578,Paddy,25.46635616,31.15926027,20.89621918,59.55463014,1228.16,5897.21,2630.78,1.697287671,6.6,8207
2072,Saptari,2500,2600,Maize,25.46635616,31.15926027,20.89621918,59.55463014,1228.16,5897.21,2630.78,1.697287671,6.6,8207
2072,Saptari,200,1300,Millet,25.46635616,31.15926027,20.89621918,59.55463014,1228.16,5897.21,2630.78,1.697287671,6.6,8207
2072,Saptari,0,0,Buckwheat,25.46635616,31.15926027,20.89621918,59.55463014,1228.16,5897.21,2630.78,1.697287671,6.6,8207
2072,Saptari,17000,2412,Wheat,25.46635616,31.15926027,20.89621918,59.55463014,1228.16,5897.21,2630.78,1.697287671,6.6,8207
2072,Saptari,0,0,Barley,25.46635616,31.15926027,20.89621918,59.55463014,1228.16,5897.21,2630.78,1.697287671,6.6,8207
2072,Sarlahi,42540,2762,Paddy,24.73353425,30.57558904,20.09090411,58.16578082,1295.92,5958.86,2654.99,1.617369863,6.6,7378
2072,Sarlahi,11140,4394,Maize,24.73353425,30.57558904,20.09090411,58.16578082,1295.92,5958.86,2654.99,1.617369863,6.6,7378
2072,Sarlahi,950,1019,Millet,24.73353425,30.57558904,20.09090411,58.16578082,1295.92,5958.86,2654.99,1.617369863,6.6,7378
2072,Sarlahi,0,0,Buckwheat,24.73353425,30.57558904,20.09090411,58.16578082,1295.92,5958.86,2654.99,1.617369863,6.6,7378
2072,Sarlahi,25622,2365,Wheat,24.73353425,30.57558904,20.09090411,58.16578082,1295.92,5958.86,2654.99,1.617369863,6.6,7378
2072,Sarlahi,71,999,Barley,24.73353425,30.57558904,20.09090411,58.16578082,1295.92,5958.86,2654.99,1.617369863,6.6,7378
2072,Sindhuli,13265,2706,Paddy,22.87005479,28.34786301,18.65715068,59.64054795,1224.36,5778.54,2561.04,1.629561644,6,3079
2072,Sindhuli,23620,2477,Maize,22.87005479,28.34786301,18.65715068,59.64054795,1224.36,5778.54,2561.04,1.629561644,6,3079
2072,Sindhuli,11700,1015,Millet,22.87005479,28.34786301,18.65715068,59.64054795,1224.36,5778.54,2561.04,1.629561644,6,3079
2072,Sindhuli,535,505,Buckwheat,22.87005479,28.34786301,18.65715068,59.64054795,1224.36,5778.54,2561.04,1.629561644,6,3079
2072,Sindhuli,5650,2500,Wheat,22.87005479,28.34786301,18.65715068,59.64054795,1224.36,5778.54,2561.04,1.629561644,6,3079
2072,Sindhuli,56,1526,Barley,22.87005479,28.34786301,18.65715068,59.64054795,1224.36,5778.54,2561.04,1.629561644,6,3079
2072,Sindhupalchok,8750,2300,Paddy,8.874493151,14.14715068,4.621150685,70.85983562,952.3,6148.39,2725.47,1.685780822,5.6,3387
2072,Sindhupalchok,18590,2200,Maize,8.874493151,14.14715068,4.621150685,70.85983562,952.3,6148.39,2725.47,1.685780822,5.6,3387
2072,Sindhupalchok,18445,1099,Millet,8.874493151,14.14715068,4.621150685,70.85983562,952.3,6148.39,2725.47,1.685780822,5.6,3387
2072,Sindhupalchok,0,0,Buckwheat,8.874493151,14.14715068,4.621150685,70.85983562,952.3,6148.39,2725.47,1.685780822,5.6,3387
2072,Sindhupalchok,6815,1038,Wheat,8.874493151,14.14715068,4.621150685,70.85983562,952.3,6148.39,2725.47,1.685780822,5.6,3387
2072,Sindhupalchok,207,933,Barley,8.874493151,14.14715068,4.621150685,70.85983562,952.3,6148.39,2725.47,1.685780822,5.6,3387
2072,Siraha,33500,2537,Paddy,25.91558904,32.10723288,20.88953425,57.63663014,1137.04,5897.21,2630.78,1.772657534,6.8,8055
2072,Siraha,1700,3176,Maize,25.91558904,32.10723288,20.88953425,57.63663014,1137.04,5897.21,2630.78,1.772657534,6.8,8055
2072,Siraha,640,1000,Millet,25.91558904,32.10723288,20.88953425,57.63663014,1137.04,5897.21,2630.78,1.772657534,6.8,8055
2072,Siraha,0,0,Buckwheat,25.91558904,32.10723288,20.88953425,57.63663014,1137.04,5897.21,2630.78,1.772657534,6.8,8055
2072,Siraha,15210,2000,Wheat,25.91558904,32.10723288,20.88953425,57.63663014,1137.04,5897.21,2630.78,1.772657534,6.8,8055
2072,Siraha,0,0,Barley,25.91558904,32.10723288,20.88953425,57.63663014,1137.04,5897.21,2630.78,1.772657534,6.8,8055
2072,Solukhumbu,1525,2344,Paddy,9.319123288,14.50619178,5.296575342,71.93956164,1025.88,5778.54,2561.04,1.782931507,5.8,252
2072,Solukhumbu,12950,2278,Maize,9.319123288,14.50619178,5.296575342,71.93956164,1025.88,5778.54,2561.04,1.782931507,5.8,252
2072,Solukhumbu,2100,1250,Millet,9.319123288,14.50619178,5.296575342,71.93956164,1025.88,5778.54,2561.04,1.782931507,5.8,252
2072,Solukhumbu,170,882,Buckwheat,9.319123288,14.50619178,5.296575342,71.93956164,1025.88,5778.54,2561.04,1.782931507,5.8,252
2072,Solukhumbu,1750,2098,Wheat,9.319123288,14.50619178,5.296575342,71.93956164,1025.88,5778.54,2561.04,1.782931507,5.8,252
2072,Solukhumbu,182,985,Barley,9.319123288,14.50619178,5.296575342,71.93956164,1025.88,5778.54,2561.04,1.782931507,5.8,252
2072,Sunsari,44900,3455,Paddy,25.07531507,30.74958904,20.55775342,60.45682192,1225.03,5761.24,2577.91,1.588191781,6.6,5500
2072,Sunsari,8350,3006,Maize,25.07531507,30.74958904,20.55775342,60.45682192,1225.03,5761.24,2577.91,1.588191781,6.6,5500
2072,Sunsari,680,1050,Millet,25.07531507,30.74958904,20.55775342,60.45682192,1225.03,5761.24,2577.91,1.588191781,6.6,5500
2072,Sunsari,400,1000,Buckwheat,25.07531507,30.74958904,20.55775342,60.45682192,1225.03,5761.24,2577.91,1.588191781,6.6,5500
2072,Sunsari,14500,3090,Wheat,25.07531507,30.74958904,20.55775342,60.45682192,1225.03,5761.24,2577.91,1.588191781,6.6,5500
2072,Sunsari,20,2050,Barley,25.07531507,30.74958904,20.55775342,60.45682192,1225.03,5761.24,2577.91,1.588191781,6.6,5500
2072,Surkhet,13252,3230,Paddy,20.02063014,25.44630137,15.56676712,60.16057534,1322.52,5961.71,2627.07,1.498630137,5.9,1632
2072,Surkhet,15251,2194,Maize,20.02063014,25.44630137,15.56676712,60.16057534,1322.52,5961.71,2627.07,1.498630137,5.9,1632
2072,Surkhet,2095,1353,Millet,20.02063014,25.44630137,15.56676712,60.16057534,1322.52,5961.71,2627.07,1.498630137,5.9,1632
2072,Surkhet,0,0,Buckwheat,20.02063014,25.44630137,15.56676712,60.16057534,1322.52,5961.71,2627.07,1.498630137,5.9,1632
2072,Surkhet,14710,2558,Wheat,20.02063014,25.44630137,15.56676712,60.16057534,1322.52,5961.71,2627.07,1.498630137,5.9,1632
2072,Surkhet,1042,1358,Barley,20.02063014,25.44630137,15.56676712,60.16057534,1322.52,5961.71,2627.07,1.498630137,5.9,1632
2072,Syangja,16800,3562,Paddy,19.1970411,24.08353425,15.2609589,63.82761644,1952.81,6007.27,2589.14,1.448849315,6,1214
2072,Syangja,26500,3078,Maize,19.1970411,24.08353425,15.2609589,63.82761644,1952.81,6007.27,2589.14,1.448849315,6,1214
2072,Syangja,16405,1139,Millet,19.1970411,24.08353425,15.2609589,63.82761644,1952.81,6007.27,2589.14,1.448849315,6,1214
2072,Syangja,230,748,Buckwheat,19.1970411,24.08353425,15.2609589,63.82761644,1952.81,6007.27,2589.14,1.448849315,6,1214
2072,Syangja,5600,1781,Wheat,19.1970411,24.08353425,15.2609589,63.82761644,1952.81,6007.27,2589.14,1.448849315,6,1214
2072,Syangja,6,1088,Barley,19.1970411,24.08353425,15.2609589,63.82761644,1952.81,6007.27,2589.14,1.448849315,6,1214
2072,Tanahu,12538,3540,Paddy,19.1970411,24.08353425,15.2609589,63.82761644,1952.81,6251.33,2879.41,1.448849315,5.6,2105
2072,Tanahu,22000,3000,Maize,19.1970411,24.08353425,15.2609589,63.82761644,1952.81,6251.33,2879.41,1.448849315,5.6,2105
2072,Tanahu,6340,1086,Millet,19.1970411,24.08353425,15.2609589,63.82761644,1952.81,6251.33,2879.41,1.448849315,5.6,2105
2072,Tanahu,193,969,Buckwheat,19.1970411,24.08353425,15.2609589,63.82761644,1952.81,6251.33,2879.41,1.448849315,5.6,2105
2072,Tanahu,1880,1980,Wheat,19.1970411,24.08353425,15.2609589,63.82761644,1952.81,6251.33,2879.41,1.448849315,5.6,2105
2072,Tanahu,6,933,Barley,19.1970411,24.08353425,15.2609589,63.82761644,1952.81,6251.33,2879.41,1.448849315,5.6,2105
2072,Taplejung,4075,2130,Paddy,5.312849315,10.23958904,1.63109589,79.34849315,1200.13,5487.67,2400.82,1.570438356,5.4,363
2072,Taplejung,9150,3000,Maize,5.312849315,10.23958904,1.63109589,79.34849315,1200.13,5487.67,2400.82,1.570438356,5.4,363
2072,Taplejung,3050,1350,Millet,5.312849315,10.23958904,1.63109589,79.34849315,1200.13,5487.67,2400.82,1.570438356,5.4,363
2072,Taplejung,118,1398,Buckwheat,5.312849315,10.23958904,1.63109589,79.34849315,1200.13,5487.67,2400.82,1.570438356,5.4,363
2072,Taplejung,1560,1802,Wheat,5.312849315,10.23958904,1.63109589,79.34849315,1200.13,5487.67,2400.82,1.570438356,5.4,363
2072,Taplejung,312,1212,Barley,5.312849315,10.23958904,1.63109589,79.34849315,1200.13,5487.67,2400.82,1.570438356,5.4,363
2072,Terhathum,7610,2273,Paddy,20.37049315,25.36424658,16.52964384,65.71638356,1274.22,5487.67,2400.82,1.48909589,5.6,610
2072,Terhathum,12350,2200,Maize,20.37049315,25.36424658,16.52964384,65.71638356,1274.22,5487.67,2400.82,1.48909589,5.6,610
2072,Terhathum,2702,1200,Millet,20.37049315,25.36424658,16.52964384,65.71638356,1274.22,5487.67,2400.82,1.48909589,5.6,610
2072,Terhathum,35,1000,Buckwheat,20.37049315,25.36424658,16.52964384,65.71638356,1274.22,5487.67,2400.82,1.48909589,5.6,610
2072,Terhathum,1500,2100,Wheat,20.37049315,25.36424658,16.52964384,65.71638356,1274.22,5487.67,2400.82,1.48909589,5.6,610
2072,Terhathum,70,920,Barley,20.37049315,25.36424658,16.52964384,65.71638356,1274.22,5487.67,2400.82,1.48909589,5.6,610
2072,Udayapur,11500,3562,Paddy,18.7019726,23.55920548,15.14715068,69.17123288,1622.35,5761.24,2577.91,1.265808219,5.4,1187
2072,Udayapur,10388,3381,Maize,18.7019726,23.55920548,15.14715068,69.17123288,1622.35,5761.24,2577.91,1.265808219,5.4,1187
2072,Udayapur,2760,1268,Millet,18.7019726,23.55920548,15.14715068,69.17123288,1622.35,5761.24,2577.91,1.265808219,5.4,1187
2072,Udayapur,19,895,Buckwheat,18.7019726,23.55920548,15.14715068,69.17123288,1622.35,5761.24,2577.91,1.265808219,5.4,1187
2072,Udayapur,5100,2400,Wheat,18.7019726,23.55920548,15.14715068,69.17123288,1622.35,5761.24,2577.91,1.265808219,5.4,1187
2072,Udayapur,40,1000,Barley,18.7019726,23.55920548,15.14715068,69.17123288,1622.35,5761.24,2577.91,1.265808219,5.4,1187
2073,Achham,16580,2100,Paddy,13.1154918,18.76601093,8.673989071,63.89120789,1019.15,6433.21,2778.22,1.576557377,6.1,75
2073,Achham,6685,2200,Maize,13.1154918,18.76601093,8.673989071,63.89120789,1019.15,6433.21,2778.22,1.576557377,6.1,75
2073,Achham,3402,1100,Millet,13.1154918,18.76601093,8.673989071,63.89120789,1019.15,6433.21,2778.22,1.576557377,6.1,75
2073,Achham,0,0,Buckwheat,13.1154918,18.76601093,8.673989071,63.89120789,1019.15,6433.21,2778.22,1.576557377,6.1,75
2073,Achham,14580,1600,Wheat,13.1154918,18.76601093,8.673989071,63.89120789,1019.15,6433.21,2778.22,1.576557377,6.1,75
2073,Achham,505,1097,Barley,13.1154918,18.76601093,8.673989071,63.89120789,1019.15,6433.21,2778.22,1.576557377,6.1,75
2073,Arghakhanchi,8050,2704,Paddy,20.35898907,25.7260929,16.29857923,56.84833333,1605.64,6254.37,2892.43,1.718743169,5.9,720
2073,Arghakhanchi,16500,3110,Maize,20.35898907,25.7260929,16.29857923,56.84833333,1605.64,6254.37,2892.43,1.718743169,5.9,720
2073,Arghakhanchi,500,1224,Millet,20.35898907,25.7260929,16.29857923,56.84833333,1605.64,6254.37,2892.43,1.718743169,5.9,720
2073,Arghakhanchi,274,869,Buckwheat,20.35898907,25.7260929,16.29857923,56.84833333,1605.64,6254.37,2892.43,1.718743169,5.9,720
2073,Arghakhanchi,7140,2094,Wheat,20.35898907,25.7260929,16.29857923,56.84833333,1605.64,6254.37,2892.43,1.718743169,5.9,720
2073,Arghakhanchi,254,1560,Barley,20.35898907,25.7260929,16.29857923,56.84833333,1605.64,6254.37,2892.43,1.718743169,5.9,720
2073,Baglung,5570,3218,Paddy,19.72923497,24.72081967,15.9207377,60.44852459,1943.01,6110.99,2628.71,1.513032787,5.7,570
2073,Baglung,19915,3300,Maize,19.72923497,24.72081967,15.9207377,60.44852459,1943.01,6110.99,2628.71,1.513032787,5.7,570
2073,Baglung,18580,1194,Millet,19.72923497,24.72081967,15.9207377,60.44852459,1943.01,6110.99,2628.71,1.513032787,5.7,570
2073,Baglung,86,1419,Buckwheat,19.72923497,24.72081967,15.9207377,60.44852459,1943.01,6110.99,2628.71,1.513032787,5.7,570
2073,Baglung,6971,2447,Wheat,19.72923497,24.72081967,15.9207377,60.44852459,1943.01,6110.99,2628.71,1.513032787,5.7,570
2073,Baglung,876,1299,Barley,19.72923497,24.72081967,15.9207377,60.44852459,1943.01,6110.99,2628.71,1.513032787,5.7,570
2073,Baitadi,8000,2318,Paddy,12.23612079,18.43054645,7.44579235,58.28650273,644.98,6622.79,2908.57,1.720273224,6,157
2073,Baitadi,14500,1650,Maize,12.23612079,18.43054645,7.44579235,58.28650273,644.98,6622.79,2908.57,1.720273224,6,157
2073,Baitadi,401,1209,Millet,12.23612079,18.43054645,7.44579235,58.28650273,644.98,6622.79,2908.57,1.720273224,6,157
2073,Baitadi,0,0,Buckwheat,12.23612079,18.43054645,7.44579235,58.28650273,644.98,6622.79,2908.57,1.720273224,6,157
2073,Baitadi,20900,925,Wheat,12.23612079,18.43054645,7.44579235,58.28650273,644.98,6622.79,2908.57,1.720273224,6,157
2073,Baitadi,1000,620,Barley,12.23612079,18.43054645,7.44579235,58.28650273,644.98,6622.79,2908.57,1.720273224,6,157
2073,Bajhang,7100,3300,Paddy,12.23612079,18.43054645,7.44579235,58.28650273,644.98,6433.21,2778.22,1.720273224,5.6,152
2073,Bajhang,4200,1300,Maize,12.23612079,18.43054645,7.44579235,58.28650273,644.98,6433.21,2778.22,1.720273224,5.6,152
2073,Bajhang,3000,700,Millet,12.23612079,18.43054645,7.44579235,58.28650273,644.98,6433.21,2778.22,1.720273224,5.6,152
2073,Bajhang,7,1143,Buckwheat,12.23612079,18.43054645,7.44579235,58.28650273,644.98,6433.21,2778.22,1.720273224,5.6,152
2073,Bajhang,10982,1350,Wheat,12.23612079,18.43054645,7.44579235,58.28650273,644.98,6433.21,2778.22,1.720273224,5.6,152
2073,Bajhang,4500,644,Barley,12.23612079,18.43054645,7.44579235,58.28650273,644.98,6433.21,2778.22,1.720273224,5.6,152
2073,Bajura,3310,2116,Paddy,10.07775956,16.66185792,5.038333333,60.07510929,618.34,6433.21,2778.22,1.696256831,6,142
2073,Bajura,790,1482,Maize,10.07775956,16.66185792,5.038333333,60.07510929,618.34,6433.21,2778.22,1.696256831,6,142
2073,Bajura,2600,1000,Millet,10.07775956,16.66185792,5.038333333,60.07510929,618.34,6433.21,2778.22,1.696256831,6,142
2073,Bajura,8,1500,Buckwheat,10.07775956,16.66185792,5.038333333,60.07510929,618.34,6433.21,2778.22,1.696256831,6,142
2073,Bajura,4975,1100,Wheat,10.07775956,16.66185792,5.038333333,60.07510929,618.34,6433.21,2778.22,1.696256831,6,142
2073,Bajura,1075,900,Barley,10.07775956,16.66185792,5.038333333,60.07510929,618.34,6433.21,2778.22,1.696256831,6,142
2073,Banke,36500,2341,Paddy,20.60877049,26.25543716,16.1407377,56.63019126,1365.25,5968.3,2634.91,1.537349727,6.4,4592
2073,Banke,8500,2035,Maize,20.60877049,26.25543716,16.1407377,56.63019126,1365.25,5968.3,2634.91,1.537349727,6.4,4592
2073,Banke,0,0,Millet,20.60877049,26.25543716,16.1407377,56.63019126,1365.25,5968.3,2634.91,1.537349727,6.4,4592
2073,Banke,0,0,Buckwheat,20.60877049,26.25543716,16.1407377,56.63019126,1365.25,5968.3,2634.91,1.537349727,6.4,4592
2073,Banke,19050,3200,Wheat,20.60877049,26.25543716,16.1407377,56.63019126,1365.25,5968.3,2634.91,1.537349727,6.4,4592
2073,Banke,10,933,Barley,20.60877049,26.25543716,16.1407377,56.63019126,1365.25,5968.3,2634.91,1.537349727,6.4,4592
2073,Bara,63400,3792,Paddy,26.04939891,32.25106557,21.09685792,53.88729508,1079.57,6186.66,2856.62,1.699562842,6.7,5682
2073,Bara,13550,3600,Maize,26.04939891,32.25106557,21.09685792,53.88729508,1079.57,6186.66,2856.62,1.699562842,6.7,5682
2073,Bara,74,1054,Millet,26.04939891,32.25106557,21.09685792,53.88729508,1079.57,6186.66,2856.62,1.699562842,6.7,5682
2073,Bara,0,0,Buckwheat,26.04939891,32.25106557,21.09685792,53.88729508,1079.57,6186.66,2856.62,1.699562842,6.7,5682
2073,Bara,28150,3192,Wheat,26.04939891,32.25106557,21.09685792,53.88729508,1079.57,6186.66,2856.62,1.699562842,6.7,5682
2073,Bara,45,1956,Barley,26.04939891,32.25106557,21.09685792,53.88729508,1079.57,6186.66,2856.62,1.699562842,6.7,5682
2073,Bardiya,50000,4056,Paddy,25.5660929,31.5836612,20.63319672,51.08885246,1460.63,5968.3,2634.91,1.651584699,6.8,7281
2073,Bardiya,2500,2660,Maize,25.5660929,31.5836612,20.63319672,51.08885246,1460.63,5968.3,2634.91,1.651584699,6.8,7281
2073,Bardiya,0,0,Millet,25.5660929,31.5836612,20.63319672,51.08885246,1460.63,5968.3,2634.91,1.651584699,6.8,7281
2073,Bardiya,0,0,Buckwheat,25.5660929,31.5836612,20.63319672,51.08885246,1460.63,5968.3,2634.91,1.651584699,6.8,7281
2073,Bardiya,17800,3725,Wheat,25.5660929,31.5836612,20.63319672,51.08885246,1460.63,5968.3,2634.91,1.651584699,6.8,7281
2073,Bardiya,10,933,Barley,25.5660929,31.5836612,20.63319672,51.08885246,1460.63,5968.3,2634.91,1.651584699,6.8,7281
2073,Bhaktapur,4352,4716,Paddy,19.62510929,24.58661202,15.94677596,60.98221311,1155.23,6110.9,2718.1,1.466639344,5.8,1916
2073,Bhaktapur,1970,3792,Maize,19.62510929,24.58661202,15.94677596,60.98221311,1155.23,6110.9,2718.1,1.466639344,5.8,1916
2073,Bhaktapur,110,1200,Millet,19.62510929,24.58661202,15.94677596,60.98221311,1155.23,6110.9,2718.1,1.466639344,5.8,1916
2073,Bhaktapur,0,0,Buckwheat,19.62510929,24.58661202,15.94677596,60.98221311,1155.23,6110.9,2718.1,1.466639344,5.8,1916
2073,Bhaktapur,2500,4600,Wheat,19.62510929,24.58661202,15.94677596,60.98221311,1155.23,6110.9,2718.1,1.466639344,5.8,1916
2073,Bhaktapur,20,1750,Barley,19.62510929,24.58661202,15.94677596,60.98221311,1155.23,6110.9,2718.1,1.466639344,5.8,1916
2073,Bhojpur,18092,2146,Paddy,5.850300546,10.70765027,2.172078858,77.11748634,1490.28,5539.9,2437.93,1.557923497,5.4,599
2073,Bhojpur,36360,2304,Maize,5.850300546,10.70765027,2.172078858,77.11748634,1490.28,5539.9,2437.93,1.557923497,5.4,599
2073,Bhojpur,5533,1227,Millet,5.850300546,10.70765027,2.172078858,77.11748634,1490.28,5539.9,2437.93,1.557923497,5.4,599
2073,Bhojpur,35,771,Buckwheat,5.850300546,10.70765027,2.172078858,77.11748634,1490.28,5539.9,2437.93,1.557923497,5.4,599
2073,Bhojpur,405,2442,Wheat,5.850300546,10.70765027,2.172078858,77.11748634,1490.28,5539.9,2437.93,1.557923497,5.4,599
2073,Bhojpur,13,1154,Barley,5.850300546,10.70765027,2.172078858,77.11748634,1490.28,5539.9,2437.93,1.557923497,5.4,599
2073,Chitwan,29300,3720,Paddy,24.99737705,30.73155738,20.33625683,56.13467213,1588.54,6186.66,2856.62,1.393060109,6.1,7641
2073,Chitwan,5500,3500,Maize,24.99737705,30.73155738,20.33625683,56.13467213,1588.54,6186.66,2856.62,1.393060109,6.1,7641
2073,Chitwan,1490,1000,Millet,24.99737705,30.73155738,20.33625683,56.13467213,1588.54,6186.66,2856.62,1.393060109,6.1,7641
2073,Chitwan,20,1105,Buckwheat,24.99737705,30.73155738,20.33625683,56.13467213,1588.54,6186.66,2856.62,1.393060109,6.1,7641
2073,Chitwan,5520,4007,Wheat,24.99737705,30.73155738,20.33625683,56.13467213,1588.54,6186.66,2856.62,1.393060109,6.1,7641
2073,Chitwan,20,1700,Barley,24.99737705,30.73155738,20.33625683,56.13467213,1588.54,6186.66,2856.62,1.393060109,6.1,7641
2073,Dadeldhura,6226,3778,Paddy,16.87415301,22.91948087,12.22860656,54.28904372,766.1,6622.79,2908.57,1.508060109,5.9,23
2073,Dadeldhura,3755,3500,Maize,16.87415301,22.91948087,12.22860656,54.28904372,766.1,6622.79,2908.57,1.508060109,5.9,23
2073,Dadeldhura,295,1302,Millet,16.87415301,22.91948087,12.22860656,54.28904372,766.1,6622.79,2908.57,1.508060109,5.9,23
2073,Dadeldhura,0,0,Buckwheat,16.87415301,22.91948087,12.22860656,54.28904372,766.1,6622.79,2908.57,1.508060109,5.9,23
2073,Dadeldhura,8724,2058,Wheat,16.87415301,22.91948087,12.22860656,54.28904372,766.1,6622.79,2908.57,1.508060109,5.9,23
2073,Dadeldhura,192,1227,Barley,16.87415301,22.91948087,12.22860656,54.28904372,766.1,6622.79,2908.57,1.508060109,5.9,23
2073,Dailekh,8407,3125,Paddy,13.1154918,18.76601093,8.673989071,63.89120789,1019.15,5968.3,2634.91,1.576557377,5.9,438
2073,Dailekh,20150,2197,Maize,13.1154918,18.76601093,8.673989071,63.89120789,1019.15,5968.3,2634.91,1.576557377,5.9,438
2073,Dailekh,2423,1102,Millet,13.1154918,18.76601093,8.673989071,63.89120789,1019.15,5968.3,2634.91,1.576557377,5.9,438
2073,Dailekh,27,963,Buckwheat,13.1154918,18.76601093,8.673989071,63.89120789,1019.15,5968.3,2634.91,1.576557377,5.9,438
2073,Dailekh,19694,1501,Wheat,13.1154918,18.76601093,8.673989071,63.89120789,1019.15,5968.3,2634.91,1.576557377,5.9,438
2073,Dailekh,202,1166,Barley,13.1154918,18.76601093,8.673989071,63.89120789,1019.15,5968.3,2634.91,1.576557377,5.9,438
2073,Dang,38100,4000,Paddy,22.64726776,28.44579235,18.11508197,53.37937158,1359.52,6166.95,2664.15,1.840054645,5.8,12705
2073,Dang,23375,1954,Maize,22.64726776,28.44579235,18.11508197,53.37937158,1359.52,6166.95,2664.15,1.840054645,5.8,12705
2073,Dang,15,1000,Millet,22.64726776,28.44579235,18.11508197,53.37937158,1359.52,6166.95,2664.15,1.840054645,5.8,12705
2073,Dang,20,1000,Buckwheat,22.64726776,28.44579235,18.11508197,53.37937158,1359.52,6166.95,2664.15,1.840054645,5.8,12705
2073,Dang,12600,2048,Wheat,22.64726776,28.44579235,18.11508197,53.37937158,1359.52,6166.95,2664.15,1.840054645,5.8,12705
2073,Dang,25,1119,Barley,22.64726776,28.44579235,18.11508197,53.37937158,1359.52,6166.95,2664.15,1.840054645,5.8,12705
2073,Darchula,4480,2633,Paddy,7.187240437,13.21046448,2.48726776,60.86248634,504.3,6622.79,2908.57,1.830300546,6,20
2073,Darchula,5523,1994,Maize,7.187240437,13.21046448,2.48726776,60.86248634,504.3,6622.79,2908.57,1.830300546,6,20
2073,Darchula,1200,863,Millet,7.187240437,13.21046448,2.48726776,60.86248634,504.3,6622.79,2908.57,1.830300546,6,20
2073,Darchula,100,1000,Buckwheat,7.187240437,13.21046448,2.48726776,60.86248634,504.3,6622.79,2908.57,1.830300546,6,20
2073,Darchula,5065,1672,Wheat,7.187240437,13.21046448,2.48726776,60.86248634,504.3,6622.79,2908.57,1.830300546,6,20
2073,Darchula,1200,738,Barley,7.187240437,13.21046448,2.48726776,60.86248634,504.3,6622.79,2908.57,1.830300546,6,20
2073,Dhading,14367,4234,Paddy,15.39407104,20.42002732,11.51185792,64.1420765,1329.37,6186.66,2856.62,1.506803279,5.5,8933
2073,Dhading,19305,2587,Maize,15.39407104,20.42002732,11.51185792,64.1420765,1329.37,6186.66,2856.62,1.506803279,5.5,8933
2073,Dhading,6930,904,Millet,15.39407104,20.42002732,11.51185792,64.1420765,1329.37,6186.66,2856.62,1.506803279,5.5,8933
2073,Dhading,0,0,Buckwheat,15.39407104,20.42002732,11.51185792,64.1420765,1329.37,6186.66,2856.62,1.506803279,5.5,8933
2073,Dhading,4798,2672,Wheat,15.39407104,20.42002732,11.51185792,64.1420765,1329.37,6186.66,2856.62,1.506803279,5.5,8933
2073,Dhading,289,1211,Barley,15.39407104,20.42002732,11.51185792,64.1420765,1329.37,6186.66,2856.62,1.506803279,5.5,8933
2073,Dhankuta,7950,3245,Paddy,20.73412568,25.59639344,16.99696721,64.75852459,1411.39,5746.01,2579.34,1.529180328,5.8,1409
2073,Dhankuta,12785,2971,Maize,20.73412568,25.59639344,16.99696721,64.75852459,1411.39,5746.01,2579.34,1.529180328,5.8,1409
2073,Dhankuta,7800,1136,Millet,20.73412568,25.59639344,16.99696721,64.75852459,1411.39,5746.01,2579.34,1.529180328,5.8,1409
2073,Dhankuta,5,800,Buckwheat,20.73412568,25.59639344,16.99696721,64.75852459,1411.39,5746.01,2579.34,1.529180328,5.8,1409
2073,Dhankuta,1385,2201,Wheat,20.73412568,25.59639344,16.99696721,64.75852459,1411.39,5746.01,2579.34,1.529180328,5.8,1409
2073,Dhankuta,0,0,Barley,20.73412568,25.59639344,16.99696721,64.75852459,1411.39,5746.01,2579.34,1.529180328,5.8,1409
2073,Dhanusha,65540,3439,Paddy,23.21478142,28.54120789,19.14199454,59.03377049,1284.39,5969.97,2673.72,1.655081967,6.6,8242
2073,Dhanusha,2019,2704,Maize,23.21478142,28.54120789,19.14199454,59.03377049,1284.39,5969.97,2673.72,1.655081967,6.6,8242
2073,Dhanusha,200,925,Millet,23.21478142,28.54120789,19.14199454,59.03377049,1284.39,5969.97,2673.72,1.655081967,6.6,8242
2073,Dhanusha,0,0,Buckwheat,23.21478142,28.54120789,19.14199454,59.03377049,1284.39,5969.97,2673.72,1.655081967,6.6,8242
2073,Dhanusha,39000,2795,Wheat,23.21478142,28.54120789,19.14199454,59.03377049,1284.39,5969.97,2673.72,1.655081967,6.6,8242
2073,Dhanusha,1,933,Barley,23.21478142,28.54120789,19.14199454,59.03377049,1284.39,5969.97,2673.72,1.655081967,6.6,8242
2073,Dolakha,3085,2500,Paddy,2.533852459,8.003169399,-1.696256831,70.3515847,778.54,5845.15,2597.43,2.034590164,6.5,908
2073,Dolakha,5800,2579,Maize,2.533852459,8.003169399,-1.696256831,70.3515847,778.54,5845.15,2597.43,2.034590164,6.5,908
2073,Dolakha,3600,1300,Millet,2.533852459,8.003169399,-1.696256831,70.3515847,778.54,5845.15,2597.43,2.034590164,6.5,908
2073,Dolakha,995,1150,Buckwheat,2.533852459,8.003169399,-1.696256831,70.3515847,778.54,5845.15,2597.43,2.034590164,6.5,908
2073,Dolakha,4130,1738,Wheat,2.533852459,8.003169399,-1.696256831,70.3515847,778.54,5845.15,2597.43,2.034590164,6.5,908
2073,Dolakha,165,1061,Barley,2.533852459,8.003169399,-1.696256831,70.3515847,778.54,5845.15,2597.43,2.034590164,6.5,908
2073,Dolpa,202,1609,Paddy,-0.103497268,5.804699454,-4.894781421,66.88581967,1169.14,6166.95,2664.15,1.883196721,6.6,20
2073,Dolpa,2205,1270,Maize,-0.103497268,5.804699454,-4.894781421,66.88581967,1169.14,6166.95,2664.15,1.883196721,6.6,20
2073,Dolpa,291,1031,Millet,-0.103497268,5.804699454,-4.894781421,66.88581967,1169.14,6166.95,2664.15,1.883196721,6.6,20
2073,Dolpa,672,1042,Buckwheat,-0.103497268,5.804699454,-4.894781421,66.88581967,1169.14,6166.95,2664.15,1.883196721,6.6,20
2073,Dolpa,2630,1730,Wheat,-0.103497268,5.804699454,-4.894781421,66.88581967,1169.14,6166.95,2664.15,1.883196721,6.6,20
2073,Dolpa,390,859,Barley,-0.103497268,5.804699454,-4.894781421,66.88581967,1169.14,6166.95,2664.15,1.883196721,6.6,20
2073,Doti,10668,2220,Paddy,16.87415301,22.91948087,12.22860656,54.28904372,766.1,6622.79,2908.57,1.508060109,5.9,235
2073,Doti,3505,2200,Maize,16.87415301,22.91948087,12.22860656,54.28904372,766.1,6622.79,2908.57,1.508060109,5.9,235
2073,Doti,4370,1100,Millet,16.87415301,22.91948087,12.22860656,54.28904372,766.1,6622.79,2908.57,1.508060109,5.9,235
2073,Doti,12,833,Buckwheat,16.87415301,22.91948087,12.22860656,54.28904372,766.1,6622.79,2908.57,1.508060109,5.9,235
2073,Doti,12280,2010,Wheat,16.87415301,22.91948087,12.22860656,54.28904372,766.1,6622.79,2908.57,1.508060109,5.9,235
2073,Doti,210,900,Barley,16.87415301,22.91948087,12.22860656,54.28904372,766.1,6622.79,2908.57,1.508060109,5.9,235
2073,Gorkha,12195,3165,Paddy,15.39407104,20.42002732,11.51185792,64.1420765,1329.37,6186.66,2856.62,1.506803279,5.5,1642
2073,Gorkha,17040,2399,Maize,15.39407104,20.42002732,11.51185792,64.1420765,1329.37,6186.66,2856.62,1.506803279,5.5,1642
2073,Gorkha,11606,1236,Millet,15.39407104,20.42002732,11.51185792,64.1420765,1329.37,6186.66,2856.62,1.506803279,5.5,1642
2073,Gorkha,394,1013,Buckwheat,15.39407104,20.42002732,11.51185792,64.1420765,1329.37,6186.66,2856.62,1.506803279,5.5,1642
2073,Gorkha,3865,2053,Wheat,15.39407104,20.42002732,11.51185792,64.1420765,1329.37,6186.66,2856.62,1.506803279,5.5,1642
2073,Gorkha,110,1227,Barley,15.39407104,20.42002732,11.51185792,64.1420765,1329.37,6186.66,2856.62,1.506803279,5.5,1642
2073,Gulmi,9992,2538,Paddy,20.35898907,25.7260929,16.29857923,56.84833333,1605.64,6254.37,2892.43,1.718743169,6.1,609
2073,Gulmi,23940,2185,Maize,20.35898907,25.7260929,16.29857923,56.84833333,1605.64,6254.37,2892.43,1.718743169,6.1,609
2073,Gulmi,2900,998,Millet,20.35898907,25.7260929,16.29857923,56.84833333,1605.64,6254.37,2892.43,1.718743169,6.1,609
2073,Gulmi,230,1152,Buckwheat,20.35898907,25.7260929,16.29857923,56.84833333,1605.64,6254.37,2892.43,1.718743169,6.1,609
2073,Gulmi,7714,2394,Wheat,20.35898907,25.7260929,16.29857923,56.84833333,1605.64,6254.37,2892.43,1.718743169,6.1,609
2073,Gulmi,274,1562,Barley,20.35898907,25.7260929,16.29857923,56.84833333,1605.64,6254.37,2892.43,1.718743169,6.1,609
2073,Humla,587,1533,Paddy,0.828415301,7.109918033,-4.121502732,67.77032787,427.81,7480.01,3130.83,2.070136612,6.5,0
2073,Humla,129,1667,Maize,0.828415301,7.109918033,-4.121502732,67.77032787,427.81,7480.01,3130.83,2.070136612,6.5,0
2073,Humla,1282,1128,Millet,0.828415301,7.109918033,-4.121502732,67.77032787,427.81,7480.01,3130.83,2.070136612,6.5,0
2073,Humla,670,1194,Buckwheat,0.828415301,7.109918033,-4.121502732,67.77032787,427.81,7480.01,3130.83,2.070136612,6.5,0
2073,Humla,1018,1056,Wheat,0.828415301,7.109918033,-4.121502732,67.77032787,427.81,7480.01,3130.83,2.070136612,6.5,0
2073,Humla,685,1165,Barley,0.828415301,7.109918033,-4.121502732,67.77032787,427.81,7480.01,3130.83,2.070136612,6.5,0
2073,Illam,14815,2369,Paddy,19.09038251,23.90822404,15.54087432,67.88685792,1822.85,5539.9,2437.93,1.292704918,5.5,0
2073,Illam,31395,3220,Maize,19.09038251,23.90822404,15.54087432,67.88685792,1822.85,5539.9,2437.93,1.292704918,5.5,0
2073,Illam,1717,1128,Millet,19.09038251,23.90822404,15.54087432,67.88685792,1822.85,5539.9,2437.93,1.292704918,5.5,0
2073,Illam,25,1000,Buckwheat,19.09038251,23.90822404,15.54087432,67.88685792,1822.85,5539.9,2437.93,1.292704918,5.5,0
2073,Illam,4220,3617,Wheat,19.09038251,23.90822404,15.54087432,67.88685792,1822.85,5539.9,2437.93,1.292704918,5.5,0
2073,Illam,48,1146,Barley,19.09038251,23.90822404,15.54087432,67.88685792,1822.85,5539.9,2437.93,1.292704918,5.5,0
2073,Jajarkot,2563,3500,Paddy,22.64726776,28.44579235,18.11508197,53.37937158,1359.52,6166.95,2664.15,1.840054645,6.2,177
2073,Jajarkot,14095,2251,Maize,22.64726776,28.44579235,18.11508197,53.37937158,1359.52,6166.95,2664.15,1.840054645,6.2,177
2073,Jajarkot,1850,1000,Millet,22.64726776,28.44579235,18.11508197,53.37937158,1359.52,6166.95,2664.15,1.840054645,6.2,177
2073,Jajarkot,28,1036,Buckwheat,22.64726776,28.44579235,18.11508197,53.37937158,1359.52,6166.95,2664.15,1.840054645,6.2,177
2073,Jajarkot,13040,1396,Wheat,22.64726776,28.44579235,18.11508197,53.37937158,1359.52,6166.95,2664.15,1.840054645,6.2,177
2073,Jajarkot,700,1000,Barley,22.64726776,28.44579235,18.11508197,53.37937158,1359.52,6166.95,2664.15,1.840054645,6.2,177
2073,Jhapa,87500,3863,Paddy,25.19016393,30.41860656,21.11685792,63.57379781,1936.86,5746.01,2579.34,1.63204918,5.7,10968
2073,Jhapa,37600,3500,Maize,25.19016393,30.41860656,21.11685792,63.57379781,1936.86,5746.01,2579.34,1.63204918,5.7,10968
2073,Jhapa,1212,1251,Millet,25.19016393,30.41860656,21.11685792,63.57379781,1936.86,5746.01,2579.34,1.63204918,5.7,10968
2073,Jhapa,1100,1155,Buckwheat,25.19016393,30.41860656,21.11685792,63.57379781,1936.86,5746.01,2579.34,1.63204918,5.7,10968
2073,Jhapa,8200,3400,Wheat,25.19016393,30.41860656,21.11685792,63.57379781,1936.86,5746.01,2579.34,1.63204918,5.7,10968
2073,Jhapa,5,1600,Barley,25.19016393,30.41860656,21.11685792,63.57379781,1936.86,5746.01,2579.34,1.63204918,5.7,10968
2073,Jumla,2900,2100,Paddy,10.07775956,16.66185792,5.038333333,60.07510929,618.34,6764.35,2851.8,1.696256831,6.5,5
2073,Jumla,4500,1402,Maize,10.07775956,16.66185792,5.038333333,60.07510929,618.34,6764.35,2851.8,1.696256831,6.5,5
2073,Jumla,3750,1000,Millet,10.07775956,16.66185792,5.038333333,60.07510929,618.34,6764.35,2851.8,1.696256831,6.5,5
2073,Jumla,85,1024,Buckwheat,10.07775956,16.66185792,5.038333333,60.07510929,618.34,6764.35,2851.8,1.696256831,6.5,5
2073,Jumla,2382,1847,Wheat,10.07775956,16.66185792,5.038333333,60.07510929,618.34,6764.35,2851.8,1.696256831,6.5,5
2073,Jumla,3750,1500,Barley,10.07775956,16.66185792,5.038333333,60.07510929,618.34,6764.35,2851.8,1.696256831,6.5,5
2073,Kailali,71700,3950,Paddy,26.07363388,32.58852459,20.70814208,48.78155738,1172.18,6035.09,2690.99,1.60204918,6.6,13152
2073,Kailali,6125,2550,Maize,26.07363388,32.58852459,20.70814208,48.78155738,1172.18,6035.09,2690.99,1.60204918,6.6,13152
2073,Kailali,350,1000,Millet,26.07363388,32.58852459,20.70814208,48.78155738,1172.18,6035.09,2690.99,1.60204918,6.6,13152
2073,Kailali,25,1120,Buckwheat,26.07363388,32.58852459,20.70814208,48.78155738,1172.18,6035.09,2690.99,1.60204918,6.6,13152
2073,Kailali,34530,2950,Wheat,26.07363388,32.58852459,20.70814208,48.78155738,1172.18,6035.09,2690.99,1.60204918,6.6,13152
2073,Kailali,200,1750,Barley,26.07363388,32.58852459,20.70814208,48.78155738,1172.18,6035.09,2690.99,1.60204918,6.6,13152
2073,Kalikot,2513,2212,Paddy,13.1154918,18.76601093,8.673989071,63.89120789,1019.15,6433.21,2778.22,1.576557377,6.2,50
2073,Kalikot,2932,1956,Maize,13.1154918,18.76601093,8.673989071,63.89120789,1019.15,6433.21,2778.22,1.576557377,6.2,50
2073,Kalikot,1235,1008,Millet,13.1154918,18.76601093,8.673989071,63.89120789,1019.15,6433.21,2778.22,1.576557377,6.2,50
2073,Kalikot,112,1116,Buckwheat,13.1154918,18.76601093,8.673989071,63.89120789,1019.15,6433.21,2778.22,1.576557377,6.2,50
2073,Kalikot,5475,1070,Wheat,13.1154918,18.76601093,8.673989071,63.89120789,1019.15,6433.21,2778.22,1.576557377,6.2,50
2073,Kalikot,905,1326,Barley,13.1154918,18.76601093,8.673989071,63.89120789,1019.15,6433.21,2778.22,1.576557377,6.2,50
2073,Kanchanpur,48496,3450,Paddy,22.36833333,28.90366121,17.29806011,52.05819672,1031.87,6148.38,2734.27,1.059016393,6.2,6790
2073,Kanchanpur,2950,2102,Maize,22.36833333,28.90366121,17.29806011,52.05819672,1031.87,6148.38,2734.27,1.059016393,6.2,6790
2073,Kanchanpur,0,0,Millet,22.36833333,28.90366121,17.29806011,52.05819672,1031.87,6148.38,2734.27,1.059016393,6.2,6790
2073,Kanchanpur,0,0,Buckwheat,22.36833333,28.90366121,17.29806011,52.05819672,1031.87,6148.38,2734.27,1.059016393,6.2,6790
2073,Kanchanpur,31253,2499,Wheat,22.36833333,28.90366121,17.29806011,52.05819672,1031.87,6148.38,2734.27,1.059016393,6.2,6790
2073,Kanchanpur,10,1187,Barley,22.36833333,28.90366121,17.29806011,52.05819672,1031.87,6148.38,2734.27,1.059016393,6.2,6790
2073,Kapilbastu,72000,2925,Paddy,25.94480874,32.18989071,20.87333333,51.92139344,1451.99,6254.37,2892.43,1.788989071,6.9,8453
2073,Kapilbastu,2400,3250,Maize,25.94480874,32.18989071,20.87333333,51.92139344,1451.99,6254.37,2892.43,1.788989071,6.9,8453
2073,Kapilbastu,0,0,Millet,25.94480874,32.18989071,20.87333333,51.92139344,1451.99,6254.37,2892.43,1.788989071,6.9,8453
2073,Kapilbastu,0,0,Buckwheat,25.94480874,32.18989071,20.87333333,51.92139344,1451.99,6254.37,2892.43,1.788989071,6.9,8453
2073,Kapilbastu,25627,3647,Wheat,25.94480874,32.18989071,20.87333333,51.92139344,1451.99,6254.37,2892.43,1.788989071,6.9,8453
2073,Kapilbastu,202,1632,Barley,25.94480874,32.18989071,20.87333333,51.92139344,1451.99,6254.37,2892.43,1.788989071,6.9,8453
2073,Kaski,24600,3403,Paddy,5.67568306,10.61079235,1.797076503,72.13005464,1684.42,5947.91,2612.85,1.59579235,6.7,1601
2073,Kaski,13773,2300,Maize,5.67568306,10.61079235,1.797076503,72.13005464,1684.42,5947.91,2612.85,1.59579235,6.7,1601
2073,Kaski,14767,1200,Millet,5.67568306,10.61079235,1.797076503,72.13005464,1684.42,5947.91,2612.85,1.59579235,6.7,1601
2073,Kaski,14,1143,Buckwheat,5.67568306,10.61079235,1.797076503,72.13005464,1684.42,5947.91,2612.85,1.59579235,6.7,1601
2073,Kaski,6620,2098,Wheat,5.67568306,10.61079235,1.797076503,72.13005464,1684.42,5947.91,2612.85,1.59579235,6.7,1601
2073,Kaski,120,1375,Barley,5.67568306,10.61079235,1.797076503,72.13005464,1684.42,5947.91,2612.85,1.59579235,6.7,1601
2073,Kathmandu,7130,4064,Paddy,19.62510929,24.58661202,15.94677596,60.98221311,1155.23,6110.9,2718.1,1.466639344,6.5,5681
2073,Kathmandu,9880,3535,Maize,19.62510929,24.58661202,15.94677596,60.98221311,1155.23,6110.9,2718.1,1.466639344,6.5,5681
2073,Kathmandu,655,1000,Millet,19.62510929,24.58661202,15.94677596,60.98221311,1155.23,6110.9,2718.1,1.466639344,6.5,5681
2073,Kathmandu,5,1000,Buckwheat,19.62510929,24.58661202,15.94677596,60.98221311,1155.23,6110.9,2718.1,1.466639344,6.5,5681
2073,Kathmandu,3400,3965,Wheat,19.62510929,24.58661202,15.94677596,60.98221311,1155.23,6110.9,2718.1,1.466639344,6.5,5681
2073,Kathmandu,3,1258,Barley,19.62510929,24.58661202,15.94677596,60.98221311,1155.23,6110.9,2718.1,1.466639344,6.5,5681
2073,Kavre,11410,3288,Paddy,19.62510929,24.58661202,15.94677596,60.98221311,1155.23,6110.9,2718.1,1.466639344,5.7,13113
2073,Kavre,23700,2769,Maize,19.62510929,24.58661202,15.94677596,60.98221311,1155.23,6110.9,2718.1,1.466639344,5.7,13113
2073,Kavre,3550,1149,Millet,19.62510929,24.58661202,15.94677596,60.98221311,1155.23,6110.9,2718.1,1.466639344,5.7,13113
2073,Kavre,671,969,Buckwheat,19.62510929,24.58661202,15.94677596,60.98221311,1155.23,6110.9,2718.1,1.466639344,5.7,13113
2073,Kavre,8825,2740,Wheat,19.62510929,24.58661202,15.94677596,60.98221311,1155.23,6110.9,2718.1,1.466639344,5.7,13113
2073,Kavre,405,1481,Barley,19.62510929,24.58661202,15.94677596,60.98221311,1155.23,6110.9,2718.1,1.466639344,5.7,13113
2073,Khotang,12898,2215,Paddy,14.19896175,19.05680328,10.54319672,66.04527322,1120.25,5845.15,2597.43,1.567322404,5.7,298
2073,Khotang,41060,1735,Maize,14.19896175,19.05680328,10.54319672,66.04527322,1120.25,5845.15,2597.43,1.567322404,5.7,298
2073,Khotang,23447,1120,Millet,14.19896175,19.05680328,10.54319672,66.04527322,1120.25,5845.15,2597.43,1.567322404,5.7,298
2073,Khotang,650,908,Buckwheat,14.19896175,19.05680328,10.54319672,66.04527322,1120.25,5845.15,2597.43,1.567322404,5.7,298
2073,Khotang,5130,2769,Wheat,14.19896175,19.05680328,10.54319672,66.04527322,1120.25,5845.15,2597.43,1.567322404,5.7,298
2073,Khotang,398,1229,Barley,14.19896175,19.05680328,10.54319672,66.04527322,1120.25,5845.15,2597.43,1.567322404,5.7,298
2073,Lalitpur,4680,4018,Paddy,19.62510929,24.58661202,15.94677596,60.98221311,1155.23,6110.9,2718.1,1.466639344,6.9,884
2073,Lalitpur,8589,3200,Maize,19.62510929,24.58661202,15.94677596,60.98221311,1155.23,6110.9,2718.1,1.466639344,6.9,884
2073,Lalitpur,560,1000,Millet,19.62510929,24.58661202,15.94677596,60.98221311,1155.23,6110.9,2718.1,1.466639344,6.9,884
2073,Lalitpur,50,980,Buckwheat,19.62510929,24.58661202,15.94677596,60.98221311,1155.23,6110.9,2718.1,1.466639344,6.9,884
2073,Lalitpur,2800,3500,Wheat,19.62510929,24.58661202,15.94677596,60.98221311,1155.23,6110.9,2718.1,1.466639344,6.9,884
2073,Lalitpur,45,1222,Barley,19.62510929,24.58661202,15.94677596,60.98221311,1155.23,6110.9,2718.1,1.466639344,6.9,884
2073,Lamjung,14930,2936,Paddy,5.67568306,10.61079235,1.797076503,72.13005464,1684.42,5947.91,2612.85,1.59579235,5.4,418
2073,Lamjung,9650,2179,Maize,5.67568306,10.61079235,1.797076503,72.13005464,1684.42,5947.91,2612.85,1.59579235,5.4,418
2073,Lamjung,7915,950,Millet,5.67568306,10.61079235,1.797076503,72.13005464,1684.42,5947.91,2612.85,1.59579235,5.4,418
2073,Lamjung,15,933,Buckwheat,5.67568306,10.61079235,1.797076503,72.13005464,1684.42,5947.91,2612.85,1.59579235,5.4,418
2073,Lamjung,410,2951,Wheat,5.67568306,10.61079235,1.797076503,72.13005464,1684.42,5947.91,2612.85,1.59579235,5.4,418
2073,Lamjung,43,1279,Barley,5.67568306,10.61079235,1.797076503,72.13005464,1684.42,5947.91,2612.85,1.59579235,5.4,418
2073,Mahottari,34500,2754,Paddy,26.60592896,33.03532787,21.20685792,55.2907377,1029.33,5969.97,2673.72,1.90489071,6.8,6803
2073,Mahottari,5300,3210,Maize,26.60592896,33.03532787,21.20685792,55.2907377,1029.33,5969.97,2673.72,1.90489071,6.8,6803
2073,Mahottari,0,0,Millet,26.60592896,33.03532787,21.20685792,55.2907377,1029.33,5969.97,2673.72,1.90489071,6.8,6803
2073,Mahottari,0,0,Buckwheat,26.60592896,33.03532787,21.20685792,55.2907377,1029.33,5969.97,2673.72,1.90489071,6.8,6803
2073,Mahottari,28000,2457,Wheat,26.60592896,33.03532787,21.20685792,55.2907377,1029.33,5969.97,2673.72,1.90489071,6.8,6803
2073,Mahottari,10,933,Barley,26.60592896,33.03532787,21.20685792,55.2907377,1029.33,5969.97,2673.72,1.90489071,6.8,6803
2073,Makwanpur,11205,3700,Paddy,22.64177596,27.9368306,18.56057377,57.69453552,1316.55,6186.66,2856.62,1.439371585,5.9,6282
2073,Makwanpur,24555,2800,Maize,22.64177596,27.9368306,18.56057377,57.69453552,1316.55,6186.66,2856.62,1.439371585,5.9,6282
2073,Makwanpur,2665,1220,Millet,22.64177596,27.9368306,18.56057377,57.69453552,1316.55,6186.66,2856.62,1.439371585,5.9,6282
2073,Makwanpur,185,1054,Buckwheat,22.64177596,27.9368306,18.56057377,57.69453552,1316.55,6186.66,2856.62,1.439371585,5.9,6282
2073,Makwanpur,3905,3324,Wheat,22.64177596,27.9368306,18.56057377,57.69453552,1316.55,6186.66,2856.62,1.439371585,5.9,6282
2073,Makwanpur,275,1265,Barley,22.64177596,27.9368306,18.56057377,57.69453552,1316.55,6186.66,2856.62,1.439371585,5.9,6282
2073,Manang,0,0,Paddy,5.67568306,10.61079235,1.797076503,72.13005464,1684.42,5947.91,2612.85,1.59579235,6.3,15
2073,Manang,177,1960,Maize,5.67568306,10.61079235,1.797076503,72.13005464,1684.42,5947.91,2612.85,1.59579235,6.3,15
2073,Manang,0,0,Millet,5.67568306,10.61079235,1.797076503,72.13005464,1684.42,5947.91,2612.85,1.59579235,6.3,15
2073,Manang,286,1804,Buckwheat,5.67568306,10.61079235,1.797076503,72.13005464,1684.42,5947.91,2612.85,1.59579235,6.3,15
2073,Manang,198,1313,Wheat,5.67568306,10.61079235,1.797076503,72.13005464,1684.42,5947.91,2612.85,1.59579235,6.3,15
2073,Manang,120,1572,Barley,5.67568306,10.61079235,1.797076503,72.13005464,1684.42,5947.91,2612.85,1.59579235,6.3,15
2073,Morang,88000,3702,Paddy,25.29704918,30.7573224,20.97546448,60.53863388,1494.45,5746.01,2579.34,1.663934426,6.8,17785
2073,Morang,1650,3500,Maize,25.29704918,30.7573224,20.97546448,60.53863388,1494.45,5746.01,2579.34,1.663934426,6.8,17785
2073,Morang,1317,1179,Millet,25.29704918,30.7573224,20.97546448,60.53863388,1494.45,5746.01,2579.34,1.663934426,6.8,17785
2073,Morang,55,1182,Buckwheat,25.29704918,30.7573224,20.97546448,60.53863388,1494.45,5746.01,2579.34,1.663934426,6.8,17785
2073,Morang,14200,2700,Wheat,25.29704918,30.7573224,20.97546448,60.53863388,1494.45,5746.01,2579.34,1.663934426,6.8,17785
2073,Morang,0,0,Barley,25.29704918,30.7573224,20.97546448,60.53863388,1494.45,5746.01,2579.34,1.663934426,6.8,17785
2073,Mugu,950,1229,Paddy,13.1154918,18.76601093,8.673989071,63.89120789,1019.15,6433.21,2778.22,1.576557377,5.7,12
2073,Mugu,550,1500,Maize,13.1154918,18.76601093,8.673989071,63.89120789,1019.15,6433.21,2778.22,1.576557377,5.7,12
2073,Mugu,4275,756,Millet,13.1154918,18.76601093,8.673989071,63.89120789,1019.15,6433.21,2778.22,1.576557377,5.7,12
2073,Mugu,485,928,Buckwheat,13.1154918,18.76601093,8.673989071,63.89120789,1019.15,6433.21,2778.22,1.576557377,5.7,12
2073,Mugu,3136,947,Wheat,13.1154918,18.76601093,8.673989071,63.89120789,1019.15,6433.21,2778.22,1.576557377,5.7,12
2073,Mugu,1140,1000,Barley,13.1154918,18.76601093,8.673989071,63.89120789,1019.15,6433.21,2778.22,1.576557377,5.7,12
2073,Mustang,0,0,Paddy,8.718087432,13.87724044,4.737431694,68.24297814,1877.02,6110.99,2628.71,1.552978142,7.3,31
2073,Mustang,516,1473,Maize,8.718087432,13.87724044,4.737431694,68.24297814,1877.02,6110.99,2628.71,1.552978142,7.3,31
2073,Mustang,0,0,Millet,8.718087432,13.87724044,4.737431694,68.24297814,1877.02,6110.99,2628.71,1.552978142,7.3,31
2073,Mustang,582,1706,Buckwheat,8.718087432,13.87724044,4.737431694,68.24297814,1877.02,6110.99,2628.71,1.552978142,7.3,31
2073,Mustang,572,1437,Wheat,8.718087432,13.87724044,4.737431694,68.24297814,1877.02,6110.99,2628.71,1.552978142,7.3,31
2073,Mustang,280,1685,Barley,8.718087432,13.87724044,4.737431694,68.24297814,1877.02,6110.99,2628.71,1.552978142,7.3,31
2073,Myagdi,3995,3281,Paddy,8.718087432,13.87724044,4.737431694,68.24297814,1877.02,6110.99,2628.71,1.552978142,5.8,189
2073,Myagdi,9215,3200,Maize,8.718087432,13.87724044,4.737431694,68.24297814,1877.02,6110.99,2628.71,1.552978142,5.8,189
2073,Myagdi,2740,1268,Millet,8.718087432,13.87724044,4.737431694,68.24297814,1877.02,6110.99,2628.71,1.552978142,5.8,189
2073,Myagdi,148,946,Buckwheat,8.718087432,13.87724044,4.737431694,68.24297814,1877.02,6110.99,2628.71,1.552978142,5.8,189
2073,Myagdi,3051,2284,Wheat,8.718087432,13.87724044,4.737431694,68.24297814,1877.02,6110.99,2628.71,1.552978142,5.8,189
2073,Myagdi,307,1212,Barley,8.718087432,13.87724044,4.737431694,68.24297814,1877.02,6110.99,2628.71,1.552978142,5.8,189
2073,Nawalparasi,44740,4076,Paddy,25.41721311,31.42456284,20.47177596,54.99210383,1608.29,6254.37,2892.43,1.577185792,5.9,5410
2073,Nawalparasi,8405,2313,Maize,25.41721311,31.42456284,20.47177596,54.99210383,1608.29,6254.37,2892.43,1.577185792,5.9,5410
2073,Nawalparasi,450,989,Millet,25.41721311,31.42456284,20.47177596,54.99210383,1608.29,6254.37,2892.43,1.577185792,5.9,5410
2073,Nawalparasi,180,944,Buckwheat,25.41721311,31.42456284,20.47177596,54.99210383,1608.29,6254.37,2892.43,1.577185792,5.9,5410
2073,Nawalparasi,18045,2321,Wheat,25.41721311,31.42456284,20.47177596,54.99210383,1608.29,6254.37,2892.43,1.577185792,5.9,5410
2073,Nawalparasi,10,1119,Barley,25.41721311,31.42456284,20.47177596,54.99210383,1608.29,6254.37,2892.43,1.577185792,5.9,5410
2073,Nuwakot,17892,4117,Paddy,9.603497268,14.89284153,5.486147541,67.01284153,929.98,6110.9,2718.1,1.716612079,5.7,8234
2073,Nuwakot,16917,3200,Maize,9.603497268,14.89284153,5.486147541,67.01284153,929.98,6110.9,2718.1,1.716612079,5.7,8234
2073,Nuwakot,5125,1198,Millet,9.603497268,14.89284153,5.486147541,67.01284153,929.98,6110.9,2718.1,1.716612079,5.7,8234
2073,Nuwakot,200,1005,Buckwheat,9.603497268,14.89284153,5.486147541,67.01284153,929.98,6110.9,2718.1,1.716612079,5.7,8234
2073,Nuwakot,4158,3441,Wheat,9.603497268,14.89284153,5.486147541,67.01284153,929.98,6110.9,2718.1,1.716612079,5.7,8234
2073,Nuwakot,170,1165,Barley,9.603497268,14.89284153,5.486147541,67.01284153,929.98,6110.9,2718.1,1.716612079,5.7,8234
2073,Okhaldhunga,4403,2433,Paddy,14.19896175,19.05680328,10.54319672,66.04527322,1120.25,5845.15,2597.43,1.567322404,5.7,488
2073,Okhaldhunga,12400,2400,Maize,14.19896175,19.05680328,10.54319672,66.04527322,1120.25,5845.15,2597.43,1.567322404,5.7,488
2073,Okhaldhunga,7751,1900,Millet,14.19896175,19.05680328,10.54319672,66.04527322,1120.25,5845.15,2597.43,1.567322404,5.7,488
2073,Okhaldhunga,105,905,Buckwheat,14.19896175,19.05680328,10.54319672,66.04527322,1120.25,5845.15,2597.43,1.567322404,5.7,488
2073,Okhaldhunga,2355,1898,Wheat,14.19896175,19.05680328,10.54319672,66.04527322,1120.25,5845.15,2597.43,1.567322404,5.7,488
2073,Okhaldhunga,95,1526,Barley,14.19896175,19.05680328,10.54319672,66.04527322,1120.25,5845.15,2597.43,1.567322404,5.7,488
2073,Palpa,8720,3887,Paddy,19.72923497,24.72081967,15.9207377,60.44852459,1943.01,6254.37,2892.43,1.513032787,5.9,1269
2073,Palpa,20210,2080,Maize,19.72923497,24.72081967,15.9207377,60.44852459,1943.01,6254.37,2892.43,1.513032787,5.9,1269
2073,Palpa,2537,1054,Millet,19.72923497,24.72081967,15.9207377,60.44852459,1943.01,6254.37,2892.43,1.513032787,5.9,1269
2073,Palpa,449,915,Buckwheat,19.72923497,24.72081967,15.9207377,60.44852459,1943.01,6254.37,2892.43,1.513032787,5.9,1269
2073,Palpa,6140,2246,Wheat,19.72923497,24.72081967,15.9207377,60.44852459,1943.01,6254.37,2892.43,1.513032787,5.9,1269
2073,Palpa,21,1662,Barley,19.72923497,24.72081967,15.9207377,60.44852459,1943.01,6254.37,2892.43,1.513032787,5.9,1269
2073,Panchthar,9203,2232,Paddy,11.17374317,16.34008197,7.278224044,73.75393443,1152.07,5539.9,2437.93,1.806256831,5.7,473
2073,Panchthar,18513,1860,Maize,11.17374317,16.34008197,7.278224044,73.75393443,1152.07,5539.9,2437.93,1.806256831,5.7,473
2073,Panchthar,4800,1867,Millet,11.17374317,16.34008197,7.278224044,73.75393443,1152.07,5539.9,2437.93,1.806256831,5.7,473
2073,Panchthar,56,714,Buckwheat,11.17374317,16.34008197,7.278224044,73.75393443,1152.07,5539.9,2437.93,1.806256831,5.7,473
2073,Panchthar,3715,1845,Wheat,11.17374317,16.34008197,7.278224044,73.75393443,1152.07,5539.9,2437.93,1.806256831,5.7,473
2073,Panchthar,345,1188,Barley,11.17374317,16.34008197,7.278224044,73.75393443,1152.07,5539.9,2437.93,1.806256831,5.7,473
2073,Parbat,8840,2828,Paddy,8.718087432,13.87724044,4.737431694,68.24297814,1877.02,6110.99,2628.71,1.552978142,5.7,772
2073,Parbat,13930,2161,Maize,8.718087432,13.87724044,4.737431694,68.24297814,1877.02,6110.99,2628.71,1.552978142,5.7,772
2073,Parbat,8555,921,Millet,8.718087432,13.87724044,4.737431694,68.24297814,1877.02,6110.99,2628.71,1.552978142,5.7,772
2073,Parbat,50,980,Buckwheat,8.718087432,13.87724044,4.737431694,68.24297814,1877.02,6110.99,2628.71,1.552978142,5.7,772
2073,Parbat,2600,2452,Wheat,8.718087432,13.87724044,4.737431694,68.24297814,1877.02,6110.99,2628.71,1.552978142,5.7,772
2073,Parbat,89,1180,Barley,8.718087432,13.87724044,4.737431694,68.24297814,1877.02,6110.99,2628.71,1.552978142,5.7,772
2073,Parsa,46500,3888,Paddy,26.1979235,32.5110929,20.8836612,54.86833333,1157.58,6186.66,2856.62,1.732896175,6.9,10732
2073,Parsa,4075,3500,Maize,26.1979235,32.5110929,20.8836612,54.86833333,1157.58,6186.66,2856.62,1.732896175,6.9,10732
2073,Parsa,0,0,Millet,26.1979235,32.5110929,20.8836612,54.86833333,1157.58,6186.66,2856.62,1.732896175,6.9,10732
2073,Parsa,0,0,Buckwheat,26.1979235,32.5110929,20.8836612,54.86833333,1157.58,6186.66,2856.62,1.732896175,6.9,10732
2073,Parsa,21532,3458,Wheat,26.1979235,32.5110929,20.8836612,54.86833333,1157.58,6186.66,2856.62,1.732896175,6.9,10732
2073,Parsa,35,1199,Barley,26.1979235,32.5110929,20.8836612,54.86833333,1157.58,6186.66,2856.62,1.732896175,6.9,10732
2073,Pyuthan,6319,3700,Paddy,22.64726776,28.44579235,18.11508197,53.37937158,1359.52,6166.95,2664.15,1.840054645,6.5,412
2073,Pyuthan,11858,2000,Maize,22.64726776,28.44579235,18.11508197,53.37937158,1359.52,6166.95,2664.15,1.840054645,6.5,412
2073,Pyuthan,1990,1118,Millet,22.64726776,28.44579235,18.11508197,53.37937158,1359.52,6166.95,2664.15,1.840054645,6.5,412
2073,Pyuthan,13,1000,Buckwheat,22.64726776,28.44579235,18.11508197,53.37937158,1359.52,6166.95,2664.15,1.840054645,6.5,412
2073,Pyuthan,8650,2800,Wheat,22.64726776,28.44579235,18.11508197,53.37937158,1359.52,6166.95,2664.15,1.840054645,6.5,412
2073,Pyuthan,516,1463,Barley,22.64726776,28.44579235,18.11508197,53.37937158,1359.52,6166.95,2664.15,1.840054645,6.5,412
2073,Ramechap,9307,2902,Paddy,14.19896175,19.05680328,10.54319672,66.04527322,1120.25,5845.15,2597.43,1.567322404,5.4,1240
2073,Ramechap,21045,2587,Maize,14.19896175,19.05680328,10.54319672,66.04527322,1120.25,5845.15,2597.43,1.567322404,5.4,1240
2073,Ramechap,4991,1110,Millet,14.19896175,19.05680328,10.54319672,66.04527322,1120.25,5845.15,2597.43,1.567322404,5.4,1240
2073,Ramechap,19,1000,Buckwheat,14.19896175,19.05680328,10.54319672,66.04527322,1120.25,5845.15,2597.43,1.567322404,5.4,1240
2073,Ramechap,3852,2126,Wheat,14.19896175,19.05680328,10.54319672,66.04527322,1120.25,5845.15,2597.43,1.567322404,5.4,1240
2073,Ramechap,75,1133,Barley,14.19896175,19.05680328,10.54319672,66.04527322,1120.25,5845.15,2597.43,1.567322404,5.4,1240
2073,Rasuwa,1275,2970,Paddy,9.603497268,14.89284153,5.486147541,67.01284153,929.98,6356.31,2763.65,1.716612079,6.1,432
2073,Rasuwa,2420,2236,Maize,9.603497268,14.89284153,5.486147541,67.01284153,929.98,6356.31,2763.65,1.716612079,6.1,432
2073,Rasuwa,895,1020,Millet,9.603497268,14.89284153,5.486147541,67.01284153,929.98,6356.31,2763.65,1.716612079,6.1,432
2073,Rasuwa,0,0,Buckwheat,9.603497268,14.89284153,5.486147541,67.01284153,929.98,6356.31,2763.65,1.716612079,6.1,432
2073,Rasuwa,720,1754,Wheat,9.603497268,14.89284153,5.486147541,67.01284153,929.98,6356.31,2763.65,1.716612079,6.1,432
2073,Rasuwa,288,1165,Barley,9.603497268,14.89284153,5.486147541,67.01284153,929.98,6356.31,2763.65,1.716612079,6.1,432
2073,Rautahat,38535,2600,Paddy,25.23275956,31.08494536,20.65245902,55.82663934,1180.82,5969.97,2673.72,1.658715847,6.8,6131
2073,Rautahat,2155,2794,Maize,25.23275956,31.08494536,20.65245902,55.82663934,1180.82,5969.97,2673.72,1.658715847,6.8,6131
2073,Rautahat,61,852,Millet,25.23275956,31.08494536,20.65245902,55.82663934,1180.82,5969.97,2673.72,1.658715847,6.8,6131
2073,Rautahat,0,0,Buckwheat,25.23275956,31.08494536,20.65245902,55.82663934,1180.82,5969.97,2673.72,1.658715847,6.8,6131
2073,Rautahat,15453,3092,Wheat,25.23275956,31.08494536,20.65245902,55.82663934,1180.82,5969.97,2673.72,1.658715847,6.8,6131
2073,Rautahat,4,1166,Barley,25.23275956,31.08494536,20.65245902,55.82663934,1180.82,5969.97,2673.72,1.658715847,6.8,6131
2073,Rolpa,4890,2593,Paddy,15.46901639,21.34076503,10.94800546,60.59579235,1257.94,6166.95,2664.15,1.693278689,6.1,417
2073,Rolpa,12640,2421,Maize,15.46901639,21.34076503,10.94800546,60.59579235,1257.94,6166.95,2664.15,1.693278689,6.1,417
2073,Rolpa,1015,1096,Millet,15.46901639,21.34076503,10.94800546,60.59579235,1257.94,6166.95,2664.15,1.693278689,6.1,417
2073,Rolpa,122,918,Buckwheat,15.46901639,21.34076503,10.94800546,60.59579235,1257.94,6166.95,2664.15,1.693278689,6.1,417
2073,Rolpa,8575,2466,Wheat,15.46901639,21.34076503,10.94800546,60.59579235,1257.94,6166.95,2664.15,1.693278689,6.1,417
2073,Rolpa,612,1032,Barley,15.46901639,21.34076503,10.94800546,60.59579235,1257.94,6166.95,2664.15,1.693278689,6.1,417
2073,Rukum,3762,2923,Paddy,15.46901639,21.34076503,10.94800546,60.59579235,1257.94,6222.78,2687.32,1.693278689,6.8,696
2073,Rukum,16281,2183,Maize,15.46901639,21.34076503,10.94800546,60.59579235,1257.94,6222.78,2687.32,1.693278689,6.8,696
2073,Rukum,918,1281,Millet,15.46901639,21.34076503,10.94800546,60.59579235,1257.94,6222.78,2687.32,1.693278689,6.8,696
2073,Rukum,0,0,Buckwheat,15.46901639,21.34076503,10.94800546,60.59579235,1257.94,6222.78,2687.32,1.693278689,6.8,696
2073,Rukum,11672,2140,Wheat,15.46901639,21.34076503,10.94800546,60.59579235,1257.94,6222.78,2687.32,1.693278689,6.8,696
2073,Rukum,910,1140,Barley,15.46901639,21.34076503,10.94800546,60.59579235,1257.94,6222.78,2687.32,1.693278689,6.8,696
2073,Rupandehi,69600,3911,Paddy,25.41721311,31.42456284,20.47177596,54.99210383,1608.29,6254.37,2892.43,1.577185792,6.6,19370
2073,Rupandehi,2520,3571,Maize,25.41721311,31.42456284,20.47177596,54.99210383,1608.29,6254.37,2892.43,1.577185792,6.6,19370
2073,Rupandehi,45,978,Millet,25.41721311,31.42456284,20.47177596,54.99210383,1608.29,6254.37,2892.43,1.577185792,6.6,19370
2073,Rupandehi,0,0,Buckwheat,25.41721311,31.42456284,20.47177596,54.99210383,1608.29,6254.37,2892.43,1.577185792,6.6,19370
2073,Rupandehi,28100,3167,Wheat,25.41721311,31.42456284,20.47177596,54.99210383,1608.29,6254.37,2892.43,1.577185792,6.6,19370
2073,Rupandehi,85,2330,Barley,25.41721311,31.42456284,20.47177596,54.99210383,1608.29,6254.37,2892.43,1.577185792,6.6,19370
2073,Salyan,7051,3915,Paddy,22.64726776,28.44579235,18.11508197,53.37937158,1359.52,6166.95,2664.15,1.840054645,5.9,1063
2073,Salyan,19850,2096,Maize,22.64726776,28.44579235,18.11508197,53.37937158,1359.52,6166.95,2664.15,1.840054645,5.9,1063
2073,Salyan,1045,1040,Millet,22.64726776,28.44579235,18.11508197,53.37937158,1359.52,6166.95,2664.15,1.840054645,5.9,1063
2073,Salyan,62,1145,Buckwheat,22.64726776,28.44579235,18.11508197,53.37937158,1359.52,6166.95,2664.15,1.840054645,5.9,1063
2073,Salyan,15935,2000,Wheat,22.64726776,28.44579235,18.11508197,53.37937158,1359.52,6166.95,2664.15,1.840054645,5.9,1063
2073,Salyan,1079,1184,Barley,22.64726776,28.44579235,18.11508197,53.37937158,1359.52,6166.95,2664.15,1.840054645,5.9,1063
2073,Sankhuwashava,13851,2500,Paddy,11.17374317,16.34008197,7.278224044,73.75393443,1152.07,5539.9,2437.93,1.806256831,5.6,779
2073,Sankhuwashava,12070,1831,Maize,11.17374317,16.34008197,7.278224044,73.75393443,1152.07,5539.9,2437.93,1.806256831,5.6,779
2073,Sankhuwashava,7185,1214,Millet,11.17374317,16.34008197,7.278224044,73.75393443,1152.07,5539.9,2437.93,1.806256831,5.6,779
2073,Sankhuwashava,18,1000,Buckwheat,11.17374317,16.34008197,7.278224044,73.75393443,1152.07,5539.9,2437.93,1.806256831,5.6,779
2073,Sankhuwashava,650,1902,Wheat,11.17374317,16.34008197,7.278224044,73.75393443,1152.07,5539.9,2437.93,1.806256831,5.6,779
2073,Sankhuwashava,14,1071,Barley,11.17374317,16.34008197,7.278224044,73.75393443,1152.07,5539.9,2437.93,1.806256831,5.6,779
2073,Saptari,54000,3007,Paddy,25.63846995,31.09803279,21.24680328,60.22620789,1446.71,5904.61,2645.02,1.741207886,6.6,8207
2073,Saptari,600,2500,Maize,25.63846995,31.09803279,21.24680328,60.22620789,1446.71,5904.61,2645.02,1.741207886,6.6,8207
2073,Saptari,200,1250,Millet,25.63846995,31.09803279,21.24680328,60.22620789,1446.71,5904.61,2645.02,1.741207886,6.6,8207
2073,Saptari,0,0,Buckwheat,25.63846995,31.09803279,21.24680328,60.22620789,1446.71,5904.61,2645.02,1.741207886,6.6,8207
2073,Saptari,18000,2444,Wheat,25.63846995,31.09803279,21.24680328,60.22620789,1446.71,5904.61,2645.02,1.741207886,6.6,8207
2073,Saptari,0,0,Barley,25.63846995,31.09803279,21.24680328,60.22620789,1446.71,5904.61,2645.02,1.741207886,6.6,8207
2073,Sarlahi,49650,2935,Paddy,25.23275956,31.08494536,20.65245902,55.82663934,1180.82,5969.97,2673.72,1.658715847,6.6,7378
2073,Sarlahi,8500,2818,Maize,25.23275956,31.08494536,20.65245902,55.82663934,1180.82,5969.97,2673.72,1.658715847,6.6,7378
2073,Sarlahi,745,843,Millet,25.23275956,31.08494536,20.65245902,55.82663934,1180.82,5969.97,2673.72,1.658715847,6.6,7378
2073,Sarlahi,0,0,Buckwheat,25.23275956,31.08494536,20.65245902,55.82663934,1180.82,5969.97,2673.72,1.658715847,6.6,7378
2073,Sarlahi,24622,2745,Wheat,25.23275956,31.08494536,20.65245902,55.82663934,1180.82,5969.97,2673.72,1.658715847,6.6,7378
2073,Sarlahi,71,999,Barley,25.23275956,31.08494536,20.65245902,55.82663934,1180.82,5969.97,2673.72,1.658715847,6.6,7378
2073,Sindhuli,14900,3562,Paddy,23.21478142,28.54120789,19.14199454,59.03377049,1284.39,5845.15,2597.43,1.655081967,6,3079
2073,Sindhuli,24815,2830,Maize,23.21478142,28.54120789,19.14199454,59.03377049,1284.39,5845.15,2597.43,1.655081967,6,3079
2073,Sindhuli,11635,1072,Millet,23.21478142,28.54120789,19.14199454,59.03377049,1284.39,5845.15,2597.43,1.655081967,6,3079
2073,Sindhuli,542,919,Buckwheat,23.21478142,28.54120789,19.14199454,59.03377049,1284.39,5845.15,2597.43,1.655081967,6,3079
2073,Sindhuli,5550,2725,Wheat,23.21478142,28.54120789,19.14199454,59.03377049,1284.39,5845.15,2597.43,1.655081967,6,3079
2073,Sindhuli,45,1444,Barley,23.21478142,28.54120789,19.14199454,59.03377049,1284.39,5845.15,2597.43,1.655081967,6,3079
2073,Sindhupalchok,12300,2321,Paddy,9.603497268,14.89284153,5.486147541,67.01284153,929.98,6110.9,2718.1,1.716612079,5.6,3387
2073,Sindhupalchok,23650,2500,Maize,9.603497268,14.89284153,5.486147541,67.01284153,929.98,6110.9,2718.1,1.716612079,5.6,3387
2073,Sindhupalchok,16545,1281,Millet,9.603497268,14.89284153,5.486147541,67.01284153,929.98,6110.9,2718.1,1.716612079,5.6,3387
2073,Sindhupalchok,0,0,Buckwheat,9.603497268,14.89284153,5.486147541,67.01284153,929.98,6110.9,2718.1,1.716612079,5.6,3387
2073,Sindhupalchok,6915,1197,Wheat,9.603497268,14.89284153,5.486147541,67.01284153,929.98,6110.9,2718.1,1.716612079,5.6,3387
2073,Sindhupalchok,198,1035,Barley,9.603497268,14.89284153,5.486147541,67.01284153,929.98,6110.9,2718.1,1.716612079,5.6,3387
2073,Siraha,51575,3015,Paddy,26.16461749,32.1592623,21.26016393,57.39928962,1242.89,5904.61,2645.02,1.832349727,6.8,8055
2073,Siraha,1750,2000,Maize,26.16461749,32.1592623,21.26016393,57.39928962,1242.89,5904.61,2645.02,1.832349727,6.8,8055
2073,Siraha,428,1012,Millet,26.16461749,32.1592623,21.26016393,57.39928962,1242.89,5904.61,2645.02,1.832349727,6.8,8055
2073,Siraha,0,0,Buckwheat,26.16461749,32.1592623,21.26016393,57.39928962,1242.89,5904.61,2645.02,1.832349727,6.8,8055
2073,Siraha,14210,2704,Wheat,26.16461749,32.1592623,21.26016393,57.39928962,1242.89,5904.61,2645.02,1.832349727,6.8,8055
2073,Siraha,0,0,Barley,26.16461749,32.1592623,21.26016393,57.39928962,1242.89,5904.61,2645.02,1.832349727,6.8,8055
2073,Solukhumbu,1525,2413,Paddy,9.856912568,14.85248634,6.020928962,71.5429235,1114.92,5845.15,2597.43,1.759071038,5.8,252
2073,Solukhumbu,12955,2277,Maize,9.856912568,14.85248634,6.020928962,71.5429235,1114.92,5845.15,2597.43,1.759071038,5.8,252
2073,Solukhumbu,2100,1312,Millet,9.856912568,14.85248634,6.020928962,71.5429235,1114.92,5845.15,2597.43,1.759071038,5.8,252
2073,Solukhumbu,321,903,Buckwheat,9.856912568,14.85248634,6.020928962,71.5429235,1114.92,5845.15,2597.43,1.759071038,5.8,252
2073,Solukhumbu,2789,1819,Wheat,9.856912568,14.85248634,6.020928962,71.5429235,1114.92,5845.15,2597.43,1.759071038,5.8,252
2073,Solukhumbu,185,969,Barley,9.856912568,14.85248634,6.020928962,71.5429235,1114.92,5845.15,2597.43,1.759071038,5.8,252
2073,Sunsari,55000,3350,Paddy,25.29704918,30.7573224,20.97546448,60.53863388,1494.45,5746.01,2579.34,1.663934426,6.6,5500
2073,Sunsari,8350,2407,Maize,25.29704918,30.7573224,20.97546448,60.53863388,1494.45,5746.01,2579.34,1.663934426,6.6,5500
2073,Sunsari,531,1153,Millet,25.29704918,30.7573224,20.97546448,60.53863388,1494.45,5746.01,2579.34,1.663934426,6.6,5500
2073,Sunsari,300,1000,Buckwheat,25.29704918,30.7573224,20.97546448,60.53863388,1494.45,5746.01,2579.34,1.663934426,6.6,5500
2073,Sunsari,14500,3021,Wheat,25.29704918,30.7573224,20.97546448,60.53863388,1494.45,5746.01,2579.34,1.663934426,6.6,5500
2073,Sunsari,12,1833,Barley,25.29704918,30.7573224,20.97546448,60.53863388,1494.45,5746.01,2579.34,1.663934426,6.6,5500
2073,Surkhet,13352,3847,Paddy,20.60877049,26.25543716,16.1407377,56.63019126,1365.25,5968.3,2634.91,1.537349727,5.9,1632
2073,Surkhet,15251,2523,Maize,20.60877049,26.25543716,16.1407377,56.63019126,1365.25,5968.3,2634.91,1.537349727,5.9,1632
2073,Surkhet,2095,1353,Millet,20.60877049,26.25543716,16.1407377,56.63019126,1365.25,5968.3,2634.91,1.537349727,5.9,1632
2073,Surkhet,0,0,Buckwheat,20.60877049,26.25543716,16.1407377,56.63019126,1365.25,5968.3,2634.91,1.537349727,5.9,1632
2073,Surkhet,14510,2866,Wheat,20.60877049,26.25543716,16.1407377,56.63019126,1365.25,5968.3,2634.91,1.537349727,5.9,1632
2073,Surkhet,1042,1358,Barley,20.60877049,26.25543716,16.1407377,56.63019126,1365.25,5968.3,2634.91,1.537349727,5.9,1632
2073,Syangja,16900,3817,Paddy,19.72923497,24.72081967,15.9207377,60.44852459,1943.01,6110.99,2628.71,1.513032787,6,1214
2073,Syangja,26500,3355,Maize,19.72923497,24.72081967,15.9207377,60.44852459,1943.01,6110.99,2628.71,1.513032787,6,1214
2073,Syangja,16490,1135,Millet,19.72923497,24.72081967,15.9207377,60.44852459,1943.01,6110.99,2628.71,1.513032787,6,1214
2073,Syangja,230,957,Buckwheat,19.72923497,24.72081967,15.9207377,60.44852459,1943.01,6110.99,2628.71,1.513032787,6,1214
2073,Syangja,5650,1942,Wheat,19.72923497,24.72081967,15.9207377,60.44852459,1943.01,6110.99,2628.71,1.513032787,6,1214
2073,Syangja,4,1500,Barley,19.72923497,24.72081967,15.9207377,60.44852459,1943.01,6110.99,2628.71,1.513032787,6,1214
2073,Tanahu,12415,3739,Paddy,19.72923497,24.72081967,15.9207377,60.44852459,1943.01,6186.66,2856.62,1.513032787,5.6,2105
2073,Tanahu,22002,2985,Maize,19.72923497,24.72081967,15.9207377,60.44852459,1943.01,6186.66,2856.62,1.513032787,5.6,2105
2073,Tanahu,6342,879,Millet,19.72923497,24.72081967,15.9207377,60.44852459,1943.01,6186.66,2856.62,1.513032787,5.6,2105
2073,Tanahu,180,972,Buckwheat,19.72923497,24.72081967,15.9207377,60.44852459,1943.01,6186.66,2856.62,1.513032787,5.6,2105
2073,Tanahu,1770,2159,Wheat,19.72923497,24.72081967,15.9207377,60.44852459,1943.01,6186.66,2856.62,1.513032787,5.6,2105
2073,Tanahu,6,933,Barley,19.72923497,24.72081967,15.9207377,60.44852459,1943.01,6186.66,2856.62,1.513032787,5.6,2105
2073,Taplejung,4080,2146,Paddy,5.850300546,10.70765027,2.172078858,77.11748634,1490.28,5539.9,2437.93,1.557923497,5.4,363
2073,Taplejung,9775,3207,Maize,5.850300546,10.70765027,2.172078858,77.11748634,1490.28,5539.9,2437.93,1.557923497,5.4,363
2073,Taplejung,3050,1350,Millet,5.850300546,10.70765027,2.172078858,77.11748634,1490.28,5539.9,2437.93,1.557923497,5.4,363
2073,Taplejung,118,1398,Buckwheat,5.850300546,10.70765027,2.172078858,77.11748634,1490.28,5539.9,2437.93,1.557923497,5.4,363
2073,Taplejung,1532,1857,Wheat,5.850300546,10.70765027,2.172078858,77.11748634,1490.28,5539.9,2437.93,1.557923497,5.4,363
2073,Taplejung,310,1211,Barley,5.850300546,10.70765027,2.172078858,77.11748634,1490.28,5539.9,2437.93,1.557923497,5.4,363
2073,Terhathum,9666,1967,Paddy,20.73412568,25.59639344,16.99696721,64.75852459,1411.39,5539.9,2437.93,1.529180328,5.6,610
2073,Terhathum,12350,2200,Maize,20.73412568,25.59639344,16.99696721,64.75852459,1411.39,5539.9,2437.93,1.529180328,5.6,610
2073,Terhathum,2700,1100,Millet,20.73412568,25.59639344,16.99696721,64.75852459,1411.39,5539.9,2437.93,1.529180328,5.6,610
2073,Terhathum,30,967,Buckwheat,20.73412568,25.59639344,16.99696721,64.75852459,1411.39,5539.9,2437.93,1.529180328,5.6,610
2073,Terhathum,1800,1917,Wheat,20.73412568,25.59639344,16.99696721,64.75852459,1411.39,5539.9,2437.93,1.529180328,5.6,610
2073,Terhathum,75,1133,Barley,20.73412568,25.59639344,16.99696721,64.75852459,1411.39,5539.9,2437.93,1.529180328,5.6,610
2073,Udayapur,13380,3873,Paddy,19.09038251,23.90822404,15.54087432,67.88685792,1822.85,5746.01,2579.34,1.292704918,5.4,1187
2073,Udayapur,17388,2020,Maize,19.09038251,23.90822404,15.54087432,67.88685792,1822.85,5746.01,2579.34,1.292704918,5.4,1187
2073,Udayapur,2765,1950,Millet,19.09038251,23.90822404,15.54087432,67.88685792,1822.85,5746.01,2579.34,1.292704918,5.4,1187
2073,Udayapur,19,947,Buckwheat,19.09038251,23.90822404,15.54087432,67.88685792,1822.85,5746.01,2579.34,1.292704918,5.4,1187
2073,Udayapur,5000,2448,Wheat,19.09038251,23.90822404,15.54087432,67.88685792,1822.85,5746.01,2579.34,1.292704918,5.4,1187
2073,Udayapur,35,1571,Barley,19.09038251,23.90822404,15.54087432,67.88685792,1822.85,5746.01,2579.34,1.292704918,5.4,1187
2074,Achham,15694.39139,2185.244658,Paddy,13.04569863,18.55871233,8.535835616,65.47454795,1078.7,6229.87,2709.26,1.567753425,6.1,74.3
2074,Achham,7104.725675,2341.584656,Maize,13.04569863,18.55871233,8.535835616,65.47454795,1078.7,6229.87,2709.26,1.567753425,6.1,74.3
2074,Achham,3407.113971,1126.16435,Millet,13.04569863,18.55871233,8.535835616,65.47454795,1078.7,6229.87,2709.26,1.567753425,6.1,74.3
2074,Achham,0,0,Buckwheat,13.04569863,18.55871233,8.535835616,65.47454795,1078.7,6229.87,2709.26,1.567753425,6.1,74.3
2074,Achham,14898,1643.646798,Wheat,13.04569863,18.55871233,8.535835616,65.47454795,1078.7,6229.87,2709.26,1.567753425,6.1,74.3
2074,Achham,454.5,1218.921892,Barley,13.04569863,18.55871233,8.535835616,65.47454795,1078.7,6229.87,2709.26,1.567753425,6.1,74.3
2074,Arghakhanchi,7620.015118,2813.736792,Paddy,20.47632877,25.7,16.41717808,58.44772603,1579.1,6443.56,2989.32,1.670547945,5.9,985.3
2074,Arghakhanchi,17535.97212,3309.697673,Maize,20.47632877,25.7,16.41717808,58.44772603,1579.1,6443.56,2989.32,1.670547945,5.9,985.3
2074,Arghakhanchi,500.7516125,1253.180761,Millet,20.47632877,25.7,16.41717808,58.44772603,1579.1,6443.56,2989.32,1.670547945,5.9,985.3
2074,Arghakhanchi,259.0495133,889.6307446,Buckwheat,20.47632877,25.7,16.41717808,58.44772603,1579.1,6443.56,2989.32,1.670547945,5.9,985.3
2074,Arghakhanchi,5340,2940,Wheat,20.47632877,25.7,16.41717808,58.44772603,1579.1,6443.56,2989.32,1.670547945,5.9,985.3
2074,Arghakhanchi,228.5757,1733.215736,Barley,20.47632877,25.7,16.41717808,58.44772603,1579.1,6443.56,2989.32,1.670547945,5.9,985.3
2074,Baglung,5272.48251,3348.952358,Paddy,19.73756164,24.62128767,15.82665753,62.77734247,1909.81,6029.65,2617.33,1.471643836,5.7,532
2074,Baglung,21165.38696,3512.350262,Maize,19.73756164,24.62128767,15.82665753,62.77734247,1909.81,6029.65,2617.33,1.471643836,5.7,532
2074,Baglung,18607.92992,1222.767519,Millet,19.73756164,24.62128767,15.82665753,62.77734247,1909.81,6029.65,2617.33,1.471643836,5.7,532
2074,Baglung,81.30751148,1452.930258,Buckwheat,19.73756164,24.62128767,15.82665753,62.77734247,1909.81,6029.65,2617.33,1.471643836,5.7,532
2074,Baglung,7562,2368.540069,Wheat,19.73756164,24.62128767,15.82665753,62.77734247,1909.81,6029.65,2617.33,1.471643836,5.7,532
2074,Baglung,788.3586,1443.264525,Barley,19.73756164,24.62128767,15.82665753,62.77734247,1909.81,6029.65,2617.33,1.471643836,5.7,532
2074,Baitadi,7572.685831,2411.573569,Paddy,11.84972603,17.82830137,6.981671233,62.27868493,763.53,6587.56,2902.51,1.692246575,6,142.9
2074,Baitadi,15410.39974,1756.188492,Maize,11.84972603,17.82830137,6.981671233,62.27868493,763.53,6587.56,2902.51,1.692246575,6,142.9
2074,Baitadi,401.6027932,1238.310818,Millet,11.84972603,17.82830137,6.981671233,62.27868493,763.53,6587.56,2902.51,1.692246575,6,142.9
2074,Baitadi,0,0,Buckwheat,11.84972603,17.82830137,6.981671233,62.27868493,763.53,6587.56,2902.51,1.692246575,6,142.9
2074,Baitadi,18866,1076.046857,Wheat,11.84972603,17.82830137,6.981671233,62.27868493,763.53,6587.56,2902.51,1.692246575,6,142.9
2074,Baitadi,900,688.8888889,Barley,11.84972603,17.82830137,6.981671233,62.27868493,763.53,6587.56,2902.51,1.692246575,6,142.9
2074,Bajhang,6720.758675,3433.955891,Paddy,11.84972603,17.82830137,6.981671233,62.27868493,763.53,6229.87,2709.26,1.692246575,5.6,88.7
2074,Bajhang,4463.701995,1383.66366,Maize,11.84972603,17.82830137,6.981671233,62.27868493,763.53,6229.87,2709.26,1.692246575,5.6,88.7
2074,Bajhang,3004.509675,716.6883437,Millet,11.84972603,17.82830137,6.981671233,62.27868493,763.53,6229.87,2709.26,1.692246575,5.6,88.7
2074,Bajhang,6.61805326,1170.510559,Buckwheat,11.84972603,17.82830137,6.981671233,62.27868493,763.53,6229.87,2709.26,1.692246575,5.6,88.7
2074,Bajhang,9852,1580.115713,Wheat,11.84972603,17.82830137,6.981671233,62.27868493,763.53,6229.87,2709.26,1.692246575,5.6,88.7
2074,Bajhang,4050,716.0493827,Barley,11.84972603,17.82830137,6.981671233,62.27868493,763.53,6229.87,2709.26,1.692246575,5.6,88.7
2074,Bajura,3133.198763,2201.592338,Paddy,9.708630137,16.06673973,4.639780822,63.54632877,717.71,6229.87,2709.26,1.690219178,6,102
2074,Bajura,839.6010895,1577.672976,Maize,9.708630137,16.06673973,4.639780822,63.54632877,717.71,6229.87,2709.26,1.690219178,6,102
2074,Bajura,2603.908385,1023.840491,Millet,9.708630137,16.06673973,4.639780822,63.54632877,717.71,6229.87,2709.26,1.690219178,6,102
2074,Bajura,7.56348944,1536.295109,Buckwheat,9.708630137,16.06673973,4.639780822,63.54632877,717.71,6229.87,2709.26,1.690219178,6,102
2074,Bajura,6452,890.5959392,Wheat,9.708630137,16.06673973,4.639780822,63.54632877,717.71,6229.87,2709.26,1.690219178,6,102
2074,Bajura,967.5,1000,Barley,9.708630137,16.06673973,4.639780822,63.54632877,717.71,6229.87,2709.26,1.690219178,6,102
2074,Banke,34550.37911,2435.899205,Paddy,20.70572603,26.158,16.28071233,57.80917808,1352.77,6099.27,2702.72,1.503506849,6.4,7254.4
2074,Banke,9033.682608,2166.278853,Maize,20.70572603,26.158,16.28071233,57.80917808,1352.77,6099.27,2702.72,1.503506849,6.4,7254.4
2074,Banke,0,0,Millet,20.70572603,26.158,16.28071233,57.80917808,1352.77,6099.27,2702.72,1.503506849,6.4,7254.4
2074,Banke,0,0,Buckwheat,20.70572603,26.158,16.28071233,57.80917808,1352.77,6099.27,2702.72,1.503506849,6.4,7254.4
2074,Banke,17850,3585.882353,Wheat,20.70572603,26.158,16.28071233,57.80917808,1352.77,6099.27,2702.72,1.503506849,6.4,7254.4
2074,Banke,9.10215,1036.309004,Barley,20.70572603,26.158,16.28071233,57.80917808,1352.77,6099.27,2702.72,1.503506849,6.4,7254.4
2074,Bara,60013.53521,3946.127736,Paddy,25.9359726,32.08027397,20.9890411,56.27057534,1202.11,6417.1,2968.95,1.676849315,6.7,13229.3
2074,Bara,12591.51086,2863.498702,Maize,25.9359726,32.08027397,20.9890411,56.27057534,1202.11,6417.1,2968.95,1.676849315,6.7,13229.3
2074,Bara,74.11123865,1079.18322,Millet,25.9359726,32.08027397,20.9890411,56.27057534,1202.11,6417.1,2968.95,1.676849315,6.7,13229.3
2074,Bara,0,0,Buckwheat,25.9359726,32.08027397,20.9890411,56.27057534,1202.11,6417.1,2968.95,1.676849315,6.7,13229.3
2074,Bara,26000,3628.557692,Wheat,25.9359726,32.08027397,20.9890411,56.27057534,1202.11,6417.1,2968.95,1.676849315,6.7,13229.3
2074,Bara,40.5,2172.839506,Barley,25.9359726,32.08027397,20.9890411,56.27057534,1202.11,6417.1,2968.95,1.676849315,6.7,13229.3
2074,Bardiya,47329.28645,4220.643968,Paddy,25.5370411,31.53106849,20.56627397,53.27210959,1418.88,6099.27,2702.72,1.612246575,6.8,9294.35
2074,Bardiya,2656.965473,2831.18872,Maize,25.5370411,31.53106849,20.56627397,53.27210959,1418.88,6099.27,2702.72,1.612246575,6.8,9294.35
2074,Bardiya,0,0,Millet,25.5370411,31.53106849,20.56627397,53.27210959,1418.88,6099.27,2702.72,1.612246575,6.8,9294.35
2074,Bardiya,0,0,Buckwheat,25.5370411,31.53106849,20.56627397,53.27210959,1418.88,6099.27,2702.72,1.612246575,6.8,9294.35
2074,Bardiya,18800,3702.925532,Wheat,25.5370411,31.53106849,20.56627397,53.27210959,1418.88,6099.27,2702.72,1.612246575,6.8,9294.35
2074,Bardiya,9.10215,1036.309004,Barley,25.5370411,31.53106849,20.56627397,53.27210959,1418.88,6099.27,2702.72,1.612246575,6.8,9294.35
2074,Bhaktapur,4119.541092,4907.188387,Paddy,19.63868493,24.67484932,15.87386301,61.9730411,1077.2,6322.97,2828.64,1.469123288,5.8,3647.85
2074,Bhaktapur,2093.688793,4036.451076,Maize,19.63868493,24.67484932,15.87386301,61.9730411,1077.2,6322.97,2828.64,1.469123288,5.8,3647.85
2074,Bhaktapur,110.1653547,1228.608589,Millet,19.63868493,24.67484932,15.87386301,61.9730411,1077.2,6322.97,2828.64,1.469123288,5.8,3647.85
2074,Bhaktapur,0,0,Buckwheat,19.63868493,24.67484932,15.87386301,61.9730411,1077.2,6322.97,2828.64,1.469123288,5.8,3647.85
2074,Bhaktapur,2546,4742.7337,Wheat,19.63868493,24.67484932,15.87386301,61.9730411,1077.2,6322.97,2828.64,1.469123288,5.8,3647.85
2074,Bhaktapur,18,1944.444444,Barley,19.63868493,24.67484932,15.87386301,61.9730411,1077.2,6322.97,2828.64,1.469123288,5.8,3647.85
2074,Bhojpur,17125.62901,2232.684457,Paddy,5.717287671,10.61860274,2.022383562,77.68142466,1370.79,5595.41,2471.33,1.576438356,5.4,1254.6
2074,Bhojpur,38642.90584,2451.884323,Maize,5.717287671,10.61860274,2.022383562,77.68142466,1370.79,5595.41,2471.33,1.576438356,5.4,1254.6
2074,Bhojpur,5541.317344,1256.43899,Millet,5.717287671,10.61860274,2.022383562,77.68142466,1370.79,5595.41,2471.33,1.576438356,5.4,1254.6
2074,Bhojpur,33.0902663,790.0946277,Buckwheat,5.717287671,10.61860274,2.022383562,77.68142466,1370.79,5595.41,2471.33,1.576438356,5.4,1254.6
2074,Bhojpur,656,1583.003049,Wheat,5.717287671,10.61860274,2.022383562,77.68142466,1370.79,5595.41,2471.33,1.576438356,5.4,1254.6
2074,Bhojpur,11.7,1282.051282,Barley,5.717287671,10.61860274,2.022383562,77.68142466,1370.79,5595.41,2471.33,1.576438356,5.4,1254.6
2074,Chitwan,27734.96186,3871.004822,Paddy,25.03150685,30.75441096,20.38345205,58.17460274,1632.69,6417.1,2968.95,1.34260274,6.1,10589.1
2074,Chitwan,5845.324041,3725.248316,Maize,25.03150685,30.75441096,20.38345205,58.17460274,1632.69,6417.1,2968.95,1.34260274,6.1,10589.1
2074,Chitwan,1492.239805,1023.840491,Millet,25.03150685,30.75441096,20.38345205,58.17460274,1632.69,6417.1,2968.95,1.34260274,6.1,10589.1
2074,Chitwan,0,0,Buckwheat,25.03150685,30.75441096,20.38345205,58.17460274,1632.69,6417.1,2968.95,1.34260274,6.1,10589.1
2074,Chitwan,5271.6,4405.713635,Wheat,25.03150685,30.75441096,20.38345205,58.17460274,1632.69,6417.1,2968.95,1.34260274,6.1,10589.1
2074,Chitwan,18,1888.888889,Barley,25.03150685,30.75441096,20.38345205,58.17460274,1632.69,6417.1,2968.95,1.34260274,6.1,10589.1
2074,Dadeldhura,5893.442748,3931.555083,Paddy,16.60369863,22.50632877,11.82890411,57.59290411,931.06,6587.56,2902.51,1.50139726,5.9,30.9
2074,Dadeldhura,3990.76214,3725.390042,Maize,16.60369863,22.50632877,11.82890411,57.59290411,931.06,6587.56,2902.51,1.50139726,5.9,30.9
2074,Dadeldhura,295.4434514,1332.727961,Millet,16.60369863,22.50632877,11.82890411,57.59290411,931.06,6587.56,2902.51,1.50139726,5.9,30.9
2074,Dadeldhura,0,0,Buckwheat,16.60369863,22.50632877,11.82890411,57.59290411,931.06,6587.56,2902.51,1.50139726,5.9,30.9
2074,Dadeldhura,9742,1935.095463,Wheat,16.60369863,22.50632877,11.82890411,57.59290411,931.06,6587.56,2902.51,1.50139726,5.9,30.9
2074,Dadeldhura,172.9413,1363.780659,Barley,16.60369863,22.50632877,11.82890411,57.59290411,931.06,6587.56,2902.51,1.50139726,5.9,30.9
2074,Dailekh,7957.946223,3252.115195,Paddy,13.04569863,18.55871233,8.535835616,65.47454795,1078.7,6099.27,2702.72,1.567753425,5.9,458.7
2074,Dailekh,21415.14171,2338.309712,Maize,13.04569863,18.55871233,8.535835616,65.47454795,1078.7,6099.27,2702.72,1.567753425,5.9,458.7
2074,Dailekh,2426.642314,1128.210529,Millet,13.04569863,18.55871233,8.535835616,65.47454795,1078.7,6099.27,2702.72,1.567753425,5.9,458.7
2074,Dailekh,25.52677686,986.263527,Buckwheat,13.04569863,18.55871233,8.535835616,65.47454795,1078.7,6099.27,2702.72,1.567753425,5.9,458.7
2074,Dailekh,18789,1652.482836,Wheat,13.04569863,18.55871233,8.535835616,65.47454795,1078.7,6099.27,2702.72,1.567753425,5.9,458.7
2074,Dailekh,182.043,1295.386255,Barley,13.04569863,18.55871233,8.535835616,65.47454795,1078.7,6099.27,2702.72,1.567753425,5.9,458.7
2074,Dang,36064.91627,4162.370777,Paddy,22.78109589,28.44169863,18.2299726,55.03252055,1289.55,6198.47,2697.07,1.796931507,5.8,13202.325
2074,Dang,24842.62717,2079.673233,Maize,22.78109589,28.44169863,18.2299726,55.03252055,1289.55,6198.47,2697.07,1.796931507,5.8,13202.325
2074,Dang,15.02254837,1023.840491,Millet,22.78109589,28.44169863,18.2299726,55.03252055,1289.55,6198.47,2697.07,1.796931507,5.8,13202.325
2074,Dang,18.9087236,1024.19674,Buckwheat,22.78109589,28.44169863,18.2299726,55.03252055,1289.55,6198.47,2697.07,1.796931507,5.8,13202.325
2074,Dang,12100,2238.842975,Wheat,22.78109589,28.44169863,18.2299726,55.03252055,1289.55,6198.47,2697.07,1.796931507,5.8,13202.325
2074,Dang,22.75542,1243.567467,Barley,22.78109589,28.44169863,18.2299726,55.03252055,1289.55,6198.47,2697.07,1.796931507,5.8,13202.325
2074,Darchula,4240.704066,2739.685453,Paddy,6.618,12.42520548,1.871589041,65.86117808,648.26,6587.56,2902.51,1.828821918,6,27.1
2074,Darchula,5869.768123,2122.161065,Maize,6.618,12.42520548,1.871589041,65.86117808,648.26,6587.56,2902.51,1.828821918,6,27.1
2074,Darchula,1201.80387,883.0624235,Millet,6.618,12.42520548,1.871589041,65.86117808,648.26,6587.56,2902.51,1.828821918,6,27.1
2074,Darchula,94.543618,1024.19674,Buckwheat,6.618,12.42520548,1.871589041,65.86117808,648.26,6587.56,2902.51,1.828821918,6,27.1
2074,Darchula,6323,1406.365649,Wheat,6.618,12.42520548,1.871589041,65.86117808,648.26,6587.56,2902.51,1.828821918,6,27.1
2074,Darchula,1080,819.4444444,Barley,6.618,12.42520548,1.871589041,65.86117808,648.26,6587.56,2902.51,1.828821918,6,27.1
2074,Dhading,13599.59717,4405.950733,Paddy,15.34216438,20.35068493,11.40775342,65.78386301,1290.06,6417.1,2968.95,1.518876712,5.5,10217.6
2074,Dhading,20517.08738,2753.213086,Maize,15.34216438,20.35068493,11.40775342,65.78386301,1290.06,6417.1,2968.95,1.518876712,5.5,10217.6
2074,Dhading,6940.417349,925.4454308,Millet,15.34216438,20.35068493,11.40775342,65.78386301,1290.06,6417.1,2968.95,1.518876712,5.5,10217.6
2074,Dhading,0,0,Buckwheat,15.34216438,20.35068493,11.40775342,65.78386301,1290.06,6417.1,2968.95,1.518876712,5.5,10217.6
2074,Dhading,4748,2835.088458,Wheat,15.34216438,20.35068493,11.40775342,65.78386301,1290.06,6417.1,2968.95,1.518876712,5.5,10217.6
2074,Dhading,260.1,1345.636294,Barley,15.34216438,20.35068493,11.40775342,65.78386301,1290.06,6417.1,2968.95,1.518876712,5.5,10217.6
2074,Dhankuta,7525.356545,3376.886908,Paddy,20.53624658,25.5609863,16.68506849,66.4559726,1190.95,5804.39,2611.24,1.530493151,5.8,1359.55
2074,Dhankuta,13587.72143,3161.684576,Maize,20.53624658,25.5609863,16.68506849,66.4559726,1190.95,5804.39,2611.24,1.530493151,5.8,1359.55
2074,Dhankuta,7811.725155,1162.715265,Millet,20.53624658,25.5609863,16.68506849,66.4559726,1190.95,5804.39,2611.24,1.530493151,5.8,1359.55
2074,Dhankuta,4.7271809,819.3573916,Buckwheat,20.53624658,25.5609863,16.68506849,66.4559726,1190.95,5804.39,2611.24,1.530493151,5.8,1359.55
2074,Dhankuta,1400,2286,Wheat,20.53624658,25.5609863,16.68506849,66.4559726,1190.95,5804.39,2611.24,1.530493151,5.8,1359.55
2074,Dhankuta,0,0,Barley,20.53624658,25.5609863,16.68506849,66.4559726,1190.95,5804.39,2611.24,1.530493151,5.8,1359.55
2074,Dhanusha,62039.22867,3578.692586,Paddy,23.17232877,28.57953425,18.99063014,59.95082192,1116.82,6055.43,2722.91,1.624054795,6.6,15003.3
2074,Dhanusha,3165.69589,2307.788055,Maize,23.17232877,28.57953425,18.99063014,59.95082192,1116.82,6055.43,2722.91,1.624054795,6.6,15003.3
2074,Dhanusha,200.300645,947.0524541,Millet,23.17232877,28.57953425,18.99063014,59.95082192,1116.82,6055.43,2722.91,1.624054795,6.6,15003.3
2074,Dhanusha,0,0,Buckwheat,23.17232877,28.57953425,18.99063014,59.95082192,1116.82,6055.43,2722.91,1.624054795,6.6,15003.3
2074,Dhanusha,35500,3223.943662,Wheat,23.17232877,28.57953425,18.99063014,59.95082192,1116.82,6055.43,2722.91,1.624054795,6.6,15003.3
2074,Dhanusha,0.910215,1036.309004,Barley,23.17232877,28.57953425,18.99063014,59.95082192,1116.82,6055.43,2722.91,1.624054795,6.6,15003.3
2074,Dolakha,2920.216974,2601.650389,Paddy,2.148383562,7.65660274,-2.184575342,71.74282192,711.62,5915.68,2662.21,2.079232877,6.5,427.6
2074,Dolakha,6164.159897,2745.306148,Maize,2.148383562,7.65660274,-2.184575342,71.74282192,711.62,5915.68,2662.21,2.079232877,6.5,427.6
2074,Dolakha,3605.41161,1330.992638,Millet,2.148383562,7.65660274,-2.184575342,71.74282192,711.62,5915.68,2662.21,2.079232877,6.5,427.6
2074,Dolakha,940.7089991,1177.568915,Buckwheat,2.148383562,7.65660274,-2.184575342,71.74282192,711.62,5915.68,2662.21,2.079232877,6.5,427.6
2074,Dolakha,4250,1773.635294,Wheat,2.148383562,7.65660274,-2.184575342,71.74282192,711.62,5915.68,2662.21,2.079232877,6.5,427.6
2074,Dolakha,148.5,1178.451178,Barley,2.148383562,7.65660274,-2.184575342,71.74282192,711.62,5915.68,2662.21,2.079232877,6.5,427.6
2074,Dolpa,191.2103172,1674.220919,Paddy,-0.712410959,5.250191781,-5.551835616,69.98257534,1224.07,6198.47,2697.07,1.91490411,6.6,0
2074,Dolpa,2343.443547,1351.564015,Maize,-0.712410959,5.250191781,-5.551835616,69.98257534,1224.07,6198.47,2697.07,1.91490411,6.6,0
2074,Dolpa,291.4374385,1055.505661,Millet,-0.712410959,5.250191781,-5.551835616,69.98257534,1224.07,6198.47,2697.07,1.91490411,6.6,0
2074,Dolpa,635.3331129,1066.871604,Buckwheat,-0.712410959,5.250191781,-5.551835616,69.98257534,1224.07,6198.47,2697.07,1.91490411,6.6,0
2074,Dolpa,2745,1740.437158,Wheat,-0.712410959,5.250191781,-5.551835616,69.98257534,1224.07,6198.47,2697.07,1.91490411,6.6,0
2074,Dolpa,351,954.4159544,Barley,-0.712410959,5.250191781,-5.551835616,69.98257534,1224.07,6198.47,2697.07,1.91490411,6.6,0
2074,Doti,10098.17656,2310.119683,Paddy,16.60369863,22.50632877,11.82890411,57.59290411,931.06,6587.56,2902.51,1.50139726,5.9,402
2074,Doti,3725.065593,2341.584656,Maize,16.60369863,22.50632877,11.82890411,57.59290411,931.06,6587.56,2902.51,1.50139726,5.9,402
2074,Doti,4376.569093,1126.22454,Millet,16.60369863,22.50632877,11.82890411,57.59290411,931.06,6587.56,2902.51,1.50139726,5.9,402
2074,Doti,11.34523416,853.497283,Buckwheat,16.60369863,22.50632877,11.82890411,57.59290411,931.06,6587.56,2902.51,1.50139726,5.9,402
2074,Doti,11989,2162.055009,Wheat,16.60369863,22.50632877,11.82890411,57.59290411,931.06,6587.56,2902.51,1.50139726,5.9,402
2074,Doti,189,1000,Barley,16.60369863,22.50632877,11.82890411,57.59290411,931.06,6587.56,2902.51,1.50139726,5.9,402
2074,Gorkha,11543.61296,3293.460944,Paddy,15.34216438,20.35068493,11.40775342,65.78386301,1290.06,6417.1,2968.95,1.518876712,5.5,1528.2
2074,Gorkha,18109.87666,2553.831366,Maize,15.34216438,20.35068493,11.40775342,65.78386301,1290.06,6417.1,2968.95,1.518876712,5.5,1528.2
2074,Gorkha,11623.44643,1265.641868,Millet,15.34216438,20.35068493,11.40775342,65.78386301,1290.06,6417.1,2968.95,1.518876712,5.5,1528.2
2074,Gorkha,372.5018549,1037.19416,Buckwheat,15.34216438,20.35068493,11.40775342,65.78386301,1290.06,6417.1,2968.95,1.518876712,5.5,1528.2
2074,Gorkha,3910,2130.613811,Wheat,15.34216438,20.35068493,11.40775342,65.78386301,1290.06,6417.1,2968.95,1.518876712,5.5,1528.2
2074,Gorkha,99,1363.636364,Barley,15.34216438,20.35068493,11.40775342,65.78386301,1290.06,6417.1,2968.95,1.518876712,5.5,1528.2
2074,Gulmi,9458.284603,2640.535204,Paddy,20.47632877,25.7,16.41717808,58.44772603,1579.1,6443.56,2989.32,1.670547945,6.1,621.35
2074,Gulmi,25443.10137,2325.934967,Maize,20.47632877,25.7,16.41717808,58.44772603,1579.1,6443.56,2989.32,1.670547945,6.1,621.35
2074,Gulmi,2904.359352,1022.075249,Millet,20.47632877,25.7,16.41717808,58.44772603,1579.1,6443.56,2989.32,1.670547945,6.1,621.35
2074,Gulmi,217.4503214,1180.052765,Buckwheat,20.47632877,25.7,16.41717808,58.44772603,1579.1,6443.56,2989.32,1.670547945,6.1,621.35
2074,Gulmi,6820,2842.851906,Wheat,20.47632877,25.7,16.41717808,58.44772603,1579.1,6443.56,2989.32,1.670547945,6.1,621.35
2074,Gulmi,246.78,1735.205446,Barley,20.47632877,25.7,16.41717808,58.44772603,1579.1,6443.56,2989.32,1.670547945,6.1,621.35
2074,Humla,555.6458229,1595.457282,Paddy,0.223808219,6.288493151,-4.649178082,72.86857534,543.68,6954.27,2914.76,2.08230137,6.5,0
2074,Humla,137.0994184,1773.92777,Maize,0.223808219,6.288493151,-4.649178082,72.86857534,543.68,6954.27,2914.76,2.08230137,6.5,0
2074,Humla,1283.927134,1154.815406,Millet,0.223808219,6.288493151,-4.649178082,72.86857534,543.68,6954.27,2914.76,2.08230137,6.5,0
2074,Humla,633.4422406,1222.92148,Buckwheat,0.223808219,6.288493151,-4.649178082,72.86857534,543.68,6954.27,2914.76,2.08230137,6.5,0
2074,Humla,898,1256.959911,Wheat,0.223808219,6.288493151,-4.649178082,72.86857534,543.68,6954.27,2914.76,2.08230137,6.5,0
2074,Humla,616.5,1294.403893,Barley,0.223808219,6.288493151,-4.649178082,72.86857534,543.68,6954.27,2914.76,2.08230137,6.5,0
2074,Illam,14023.66757,2465.393423,Paddy,18.84065753,23.70054795,15.30180822,69.97479452,1653.24,5595.41,2471.33,1.263287671,5.5,1018.4
2074,Illam,33366.17241,3427.197939,Maize,18.84065753,23.70054795,15.30180822,69.97479452,1653.24,5595.41,2471.33,1.263287671,5.5,1018.4
2074,Illam,1719.581037,1154.429348,Millet,18.84065753,23.70054795,15.30180822,69.97479452,1653.24,5595.41,2471.33,1.263287671,5.5,1018.4
2074,Illam,23.6359045,1024.19674,Buckwheat,18.84065753,23.70054795,15.30180822,69.97479452,1653.24,5595.41,2471.33,1.263287671,5.5,1018.4
2074,Illam,4620,3469.090909,Wheat,18.84065753,23.70054795,15.30180822,69.97479452,1653.24,5595.41,2471.33,1.263287671,5.5,1018.4
2074,Illam,43.2,1273.148148,Barley,18.84065753,23.70054795,15.30180822,69.97479452,1653.24,5595.41,2471.33,1.263287671,5.5,1018.4
2074,Jajarkot,2426.099223,3642.277432,Paddy,22.78109589,28.44169863,18.2299726,55.03252055,1289.55,6198.47,2697.07,1.796931507,6.2,177.2
2074,Jajarkot,14979.97134,2396.331629,Maize,22.78109589,28.44169863,18.2299726,55.03252055,1289.55,6198.47,2697.07,1.796931507,6.2,177.2
2074,Jajarkot,1852.780966,1023.840491,Millet,22.78109589,28.44169863,18.2299726,55.03252055,1289.55,6198.47,2697.07,1.796931507,6.2,177.2
2074,Jajarkot,26.47221304,1060.775195,Buckwheat,22.78109589,28.44169863,18.2299726,55.03252055,1289.55,6198.47,2697.07,1.796931507,6.2,177.2
2074,Jajarkot,14853,1287.174308,Wheat,22.78109589,28.44169863,18.2299726,55.03252055,1289.55,6198.47,2697.07,1.796931507,6.2,177.2
2074,Jajarkot,630,1111.111111,Barley,22.78109589,28.44169863,18.2299726,55.03252055,1289.55,6198.47,2697.07,1.796931507,6.2,177.2
2074,Jhapa,82826.25128,4019.660921,Paddy,24.71334247,29.87383562,20.69972603,67.49945205,1787.84,5804.39,2611.24,1.593232877,5.7,18454.95
2074,Jhapa,39960.76071,3725.248316,Maize,24.71334247,29.87383562,20.69972603,67.49945205,1787.84,5804.39,2611.24,1.593232877,5.7,18454.95
2074,Jhapa,1213.821909,1280.645367,Millet,24.71334247,29.87383562,20.69972603,67.49945205,1787.84,5804.39,2611.24,1.593232877,5.7,18454.95
2074,Jhapa,1039.979798,1183.412778,Buckwheat,24.71334247,29.87383562,20.69972603,67.49945205,1787.84,5804.39,2611.24,1.593232877,5.7,18454.95
2074,Jhapa,7250,4037.793103,Wheat,24.71334247,29.87383562,20.69972603,67.49945205,1787.84,5804.39,2611.24,1.593232877,5.7,18454.95
2074,Jhapa,4.5,1777.777778,Barley,24.71334247,29.87383562,20.69972603,67.49945205,1787.84,5804.39,2611.24,1.593232877,5.7,18454.95
2074,Jumla,2745.098614,2185.244658,Paddy,9.708630137,16.06673973,4.639780822,63.54632877,717.71,6460.21,2735.33,1.690219178,6.5,1.8
2074,Jumla,4782.537851,1491.754992,Maize,9.708630137,16.06673973,4.639780822,63.54632877,717.71,6460.21,2735.33,1.690219178,6.5,1.8
2074,Jumla,3755.637094,1023.840491,Millet,9.708630137,16.06673973,4.639780822,63.54632877,717.71,6460.21,2735.33,1.690219178,6.5,1.8
2074,Jumla,80.3620753,1048.295486,Buckwheat,9.708630137,16.06673973,4.639780822,63.54632877,717.71,6460.21,2735.33,1.690219178,6.5,1.8
2074,Jumla,2472,1868.932039,Wheat,9.708630137,16.06673973,4.639780822,63.54632877,717.71,6460.21,2735.33,1.690219178,6.5,1.8
2074,Jumla,3375,1666.666667,Barley,9.708630137,16.06673973,4.639780822,63.54632877,717.71,6460.21,2735.33,1.690219178,6.5,1.8
2074,Kailali,67870.19676,4110.47176,Paddy,26.02265753,32.58071233,20.59534247,50.77271233,1132.3,6188.74,2763.97,1.574410959,6.6,18486.05
2074,Kailali,6509.565409,2713.979158,Maize,26.02265753,32.58071233,20.59534247,50.77271233,1132.3,6188.74,2763.97,1.574410959,6.6,18486.05
2074,Kailali,350.5261287,1023.840491,Millet,26.02265753,32.58071233,20.59534247,50.77271233,1132.3,6188.74,2763.97,1.574410959,6.6,18486.05
2074,Kailali,23.6359045,1147.100348,Buckwheat,26.02265753,32.58071233,20.59534247,50.77271233,1132.3,6188.74,2763.97,1.574410959,6.6,18486.05
2074,Kailali,34859,3068.250667,Wheat,26.02265753,32.58071233,20.59534247,50.77271233,1132.3,6188.74,2763.97,1.574410959,6.6,18486.05
2074,Kailali,180,1944.444444,Barley,26.02265753,32.58071233,20.59534247,50.77271233,1132.3,6188.74,2763.97,1.574410959,6.6,18486.05
2074,Kalikot,2378.769937,2302.30616,Paddy,13.04569863,18.55871233,8.535835616,65.47454795,1078.7,6229.87,2709.26,1.567753425,6.2,31
2074,Kalikot,3116.089107,2082.247549,Maize,13.04569863,18.55871233,8.535835616,65.47454795,1078.7,6229.87,2709.26,1.567753425,6.2,31
2074,Kalikot,1236.856483,1032.130697,Millet,13.04569863,18.55871233,8.535835616,65.47454795,1078.7,6229.87,2709.26,1.567753425,6.2,31
2074,Kalikot,105.8888522,1143.076718,Buckwheat,13.04569863,18.55871233,8.535835616,65.47454795,1078.7,6229.87,2709.26,1.567753425,6.2,31
2074,Kalikot,5148,1194.454545,Wheat,13.04569863,18.55871233,8.535835616,65.47454795,1078.7,6229.87,2709.26,1.567753425,6.2,31
2074,Kalikot,814.5,1473.296501,Barley,13.04569863,18.55871233,8.535835616,65.47454795,1078.7,6229.87,2709.26,1.567753425,6.2,31
2074,Kanchanpur,45905.62151,3590.040503,Paddy,22.38060274,28.8019726,17.28326027,54.20750822,1122.23,6200.82,2765.35,1.029068493,6.2,9055.925
2074,Kanchanpur,3135.219258,2236.952984,Maize,22.38060274,28.8019726,17.28326027,54.20750822,1122.23,6200.82,2765.35,1.029068493,6.2,9055.925
2074,Kanchanpur,0,0,Millet,22.38060274,28.8019726,17.28326027,54.20750822,1122.23,6200.82,2765.35,1.029068493,6.2,9055.925
2074,Kanchanpur,0,0,Buckwheat,22.38060274,28.8019726,17.28326027,54.20750822,1122.23,6200.82,2765.35,1.029068493,6.2,9055.925
2074,Kanchanpur,32535,2520.77455,Wheat,22.38060274,28.8019726,17.28326027,54.20750822,1122.23,6200.82,2765.35,1.029068493,6.2,9055.925
2074,Kanchanpur,9.10215,1318.369836,Barley,22.38060274,28.8019726,17.28326027,54.20750822,1122.23,6200.82,2765.35,1.029068493,6.2,9055.925
2074,Kapilbastu,68154.17248,3043.473482,Paddy,26.01331507,32.19523288,20.97608219,53.9580274,1458.74,6443.56,2989.32,1.718767123,6.9,17194.5
2074,Kapilbastu,2550.686854,3459.159151,Maize,26.01331507,32.19523288,20.97608219,53.9580274,1458.74,6443.56,2989.32,1.718767123,6.9,17194.5
2074,Kapilbastu,0,0,Millet,26.01331507,32.19523288,20.97608219,53.9580274,1458.74,6443.56,2989.32,1.718767123,6.9,17194.5
2074,Kapilbastu,0,0,Buckwheat,26.01331507,32.19523288,20.97608219,53.9580274,1458.74,6443.56,2989.32,1.718767123,6.9,17194.5
2074,Kapilbastu,24565,3994.445349,Wheat,26.01331507,32.19523288,20.97608219,53.9580274,1458.74,6443.56,2989.32,1.718767123,6.9,17194.5
2074,Kapilbastu,182.043,1813.53856,Barley,26.01331507,32.19523288,20.97608219,53.9580274,1458.74,6443.56,2989.32,1.718767123,6.9,17194.5
2074,Kaski,23286.00893,3541.060797,Paddy,5.205178082,10.00764384,1.264876712,75.55824658,1673.67,6020.28,2661.05,1.597753425,6.7,1750.85
2074,Kaski,14637.75418,2448.02805,Maize,5.205178082,10.00764384,1.264876712,75.55824658,1673.67,6020.28,2661.05,1.597753425,6.7,1750.85
2074,Kaski,14789.19812,1228.580856,Millet,5.205178082,10.00764384,1.264876712,75.55824658,1673.67,6020.28,2661.05,1.597753425,6.7,1750.85
2074,Kaski,13.23610652,1170.510559,Buckwheat,5.205178082,10.00764384,1.264876712,75.55824658,1673.67,6020.28,2661.05,1.597753425,6.7,1750.85
2074,Kaski,6500,2243.769231,Wheat,5.205178082,10.00764384,1.264876712,75.55824658,1673.67,6020.28,2661.05,1.597753425,6.7,1750.85
2074,Kaski,108,1527.777778,Barley,5.205178082,10.00764384,1.264876712,75.55824658,1673.67,6020.28,2661.05,1.597753425,6.7,1750.85
2074,Kathmandu,6749.156247,4228.776061,Paddy,19.63868493,24.67484932,15.87386301,61.9730411,1077.2,6322.97,2828.64,1.469123288,6.5,2803.75
2074,Kathmandu,10500.32755,3762.953259,Maize,19.63868493,24.67484932,15.87386301,61.9730411,1077.2,6322.97,2828.64,1.469123288,6.5,2803.75
2074,Kathmandu,655.9846124,1023.840491,Millet,19.63868493,24.67484932,15.87386301,61.9730411,1077.2,6322.97,2828.64,1.469123288,6.5,2803.75
2074,Kathmandu,4.7271809,1024.19674,Buckwheat,19.63868493,24.67484932,15.87386301,61.9730411,1077.2,6322.97,2828.64,1.469123288,6.5,2803.75
2074,Kathmandu,3245,4361.787365,Wheat,19.63868493,24.67484932,15.87386301,61.9730411,1077.2,6322.97,2828.64,1.469123288,6.5,2803.75
2074,Kathmandu,2.7,1397.42963,Barley,19.63868493,24.67484932,15.87386301,61.9730411,1077.2,6322.97,2828.64,1.469123288,6.5,2803.75
2074,Kavre,10800.54317,3421.826283,Paddy,19.63868493,24.67484932,15.87386301,61.9730411,1077.2,6322.97,2828.64,1.469123288,5.7,10778.85
2074,Kavre,25188.03268,2947.414672,Maize,19.63868493,24.67484932,15.87386301,61.9730411,1077.2,6322.97,2828.64,1.469123288,5.7,10778.85
2074,Kavre,3555.336449,1176.69555,Millet,19.63868493,24.67484932,15.87386301,61.9730411,1077.2,6322.97,2828.64,1.469123288,5.7,10778.85
2074,Kavre,634.3876768,992.1428923,Buckwheat,19.63868493,24.67484932,15.87386301,61.9730411,1077.2,6322.97,2828.64,1.469123288,5.7,10778.85
2074,Kavre,8875,2860.377465,Wheat,19.63868493,24.67484932,15.87386301,61.9730411,1077.2,6322.97,2828.64,1.469123288,5.7,10778.85
2074,Kavre,364.5,1646.090535,Barley,19.63868493,24.67484932,15.87386301,61.9730411,1077.2,6322.97,2828.64,1.469123288,5.7,10778.85
2074,Khotang,12209.06273,2304.503777,Paddy,14.05934247,19.05279452,10.20934247,66.83873973,989.57,5915.68,2662.21,1.567808219,5.5,363.9
2074,Khotang,43638.00093,1846.371074,Maize,14.05934247,19.05279452,10.20934247,66.83873973,989.57,5915.68,2662.21,1.567808219,5.5,363.9
2074,Khotang,23482.24612,1146.673404,Millet,14.05934247,19.05279452,10.20934247,66.83873973,989.57,5915.68,2662.21,1.567808219,5.5,363.9
2074,Khotang,614.533517,929.6555021,Buckwheat,14.05934247,19.05279452,10.20934247,66.83873973,989.57,5915.68,2662.21,1.567808219,5.5,363.9
2074,Khotang,5533,2696.163926,Wheat,14.05934247,19.05279452,10.20934247,66.83873973,989.57,5915.68,2662.21,1.567808219,5.5,363.9
2074,Khotang,358.2,2561.677927,Barley,14.05934247,19.05279452,10.20934247,66.83873973,989.57,5915.68,2662.21,1.567808219,5.5,363.9
2074,Lalitpur,4430.021211,4181.048081,Paddy,19.63868493,24.67484932,15.87386301,61.9730411,1077.2,6322.97,2828.64,1.469123288,6.9,971.25
2074,Lalitpur,9128.270579,3405.966102,Maize,19.63868493,24.67484932,15.87386301,61.9730411,1077.2,6322.97,2828.64,1.469123288,6.9,971.25
2074,Lalitpur,560.841806,1023.840491,Millet,19.63868493,24.67484932,15.87386301,61.9730411,1077.2,6322.97,2828.64,1.469123288,6.9,971.25
2074,Lalitpur,47.271809,1003.712805,Buckwheat,19.63868493,24.67484932,15.87386301,61.9730411,1077.2,6322.97,2828.64,1.469123288,6.9,971.25
2074,Lalitpur,2745,3748.63388,Wheat,19.63868493,24.67484932,15.87386301,61.9730411,1077.2,6322.97,2828.64,1.469123288,6.9,971.25
2074,Lalitpur,40.5,1358.024691,Barley,19.63868493,24.67484932,15.87386301,61.9730411,1077.2,6322.97,2828.64,1.469123288,6.9,971.25
2074,Lamjung,14132.52493,3054.867903,Paddy,5.205178082,10.00764384,1.264876712,75.55824658,1673.67,6020.28,2661.05,1.597753425,5.4,611.3
2074,Lamjung,10255.88673,2319.415155,Maize,5.205178082,10.00764384,1.264876712,75.55824658,1673.67,6020.28,2661.05,1.597753425,5.4,611.3
2074,Lamjung,7926.898026,972.6161278,Millet,5.205178082,10.00764384,1.264876712,75.55824658,1673.67,6020.28,2661.05,1.597753425,5.4,611.3
2074,Lamjung,14.1815427,955.9169569,Buckwheat,5.205178082,10.00764384,1.264876712,75.55824658,1673.67,6020.28,2661.05,1.597753425,5.4,611.3
2074,Lamjung,1743,728.9156627,Wheat,5.205178082,10.00764384,1.264876712,75.55824658,1673.67,6020.28,2661.05,1.597753425,5.4,611.3
2074,Lamjung,38.7,1421.18863,Barley,5.205178082,10.00764384,1.264876712,75.55824658,1673.67,6020.28,2661.05,1.597753425,5.4,611.3
2074,Mahottari,32657.20765,2865.400172,Paddy,26.54739726,32.95515068,21.18917808,57.05342466,1029.31,6055.43,2722.91,1.886767123,6.8,10563.3
2074,Mahottari,9517.281603,2234.001438,Maize,26.54739726,32.95515068,21.18917808,57.05342466,1029.31,6055.43,2722.91,1.886767123,6.8,10563.3
2074,Mahottari,0,0,Millet,26.54739726,32.95515068,21.18917808,57.05342466,1029.31,6055.43,2722.91,1.886767123,6.8,10563.3
2074,Mahottari,0,0,Buckwheat,26.54739726,32.95515068,21.18917808,57.05342466,1029.31,6055.43,2722.91,1.886767123,6.8,10563.3
2074,Mahottari,26000,2778.461538,Wheat,26.54739726,32.95515068,21.18917808,57.05342466,1029.31,6055.43,2722.91,1.886767123,6.8,10563.3
2074,Mahottari,9.10215,1036.309004,Barley,26.54739726,32.95515068,21.18917808,57.05342466,1029.31,6055.43,2722.91,1.886767123,6.8,10563.3
2074,Makwanpur,10606.49309,3850.146534,Paddy,22.65978082,27.98221918,18.55254795,59.2919726,1321.9,6417.1,2968.95,1.42630137,5.9,6519.2
2074,Makwanpur,26096.71488,2980.415382,Maize,22.65978082,27.98221918,18.55254795,59.2919726,1321.9,6417.1,2968.95,1.42630137,5.9,6519.2
2074,Makwanpur,2669.006095,1248.970145,Millet,22.65978082,27.98221918,18.55254795,59.2919726,1321.9,6417.1,2968.95,1.42630137,5.9,6519.2
2074,Makwanpur,174.9056933,1079.558725,Buckwheat,22.65978082,27.98221918,18.55254795,59.2919726,1321.9,6417.1,2968.95,1.42630137,5.9,6519.2
2074,Makwanpur,4190,3252.74463,Wheat,22.65978082,27.98221918,18.55254795,59.2919726,1321.9,6417.1,2968.95,1.42630137,5.9,6519.2
2074,Makwanpur,247.5,1406.060606,Barley,22.65978082,27.98221918,18.55254795,59.2919726,1321.9,6417.1,2968.95,1.42630137,5.9,6519.2
2074,Manang,0,0,Paddy,5.205178082,10.00764384,1.264876712,75.55824658,1673.67,6020.28,2661.05,1.597753425,6.3,9.55
2074,Manang,0,0,Maize,5.205178082,10.00764384,1.264876712,75.55824658,1673.67,6020.28,2661.05,1.597753425,6.3,9.55
2074,Manang,0,0,Millet,5.205178082,10.00764384,1.264876712,75.55824658,1673.67,6020.28,2661.05,1.597753425,6.3,9.55
2074,Manang,270.3947475,1847.85146,Buckwheat,5.205178082,10.00764384,1.264876712,75.55824658,1673.67,6020.28,2661.05,1.597753425,6.3,9.55
2074,Manang,198,1378.787879,Wheat,5.205178082,10.00764384,1.264876712,75.55824658,1673.67,6020.28,2661.05,1.597753425,6.3,9.55
2074,Manang,108,1746.787037,Barley,5.205178082,10.00764384,1.264876712,75.55824658,1673.67,6020.28,2661.05,1.597753425,6.3,9.55
2074,Morang,83299.54415,3852.557952,Paddy,25.0290137,30.60038356,20.65,63.11994521,1253.39,5804.39,2611.24,1.659068493,6.8,22090.3
2074,Morang,1753.597212,3725.248316,Maize,25.0290137,30.60038356,20.65,63.11994521,1253.39,5804.39,2611.24,1.659068493,6.8,22090.3
2074,Morang,1318.979747,1207.307732,Millet,25.0290137,30.60038356,20.65,63.11994521,1253.39,5804.39,2611.24,1.659068493,6.8,22090.3
2074,Morang,51.9989899,1210.414329,Buckwheat,25.0290137,30.60038356,20.65,63.11994521,1253.39,5804.39,2611.24,1.659068493,6.8,22090.3
2074,Morang,11341,3549.686976,Wheat,25.0290137,30.60038356,20.65,63.11994521,1253.39,5804.39,2611.24,1.659068493,6.8,22090.3
2074,Morang,0,0,Barley,25.0290137,30.60038356,20.65,63.11994521,1253.39,5804.39,2611.24,1.659068493,6.8,22090.3
2074,Mugu,899.2564425,1279.381333,Paddy,13.04569863,18.55871233,8.535835616,65.47454795,1078.7,6229.87,2709.26,1.567753425,5.7,0
2074,Mugu,584.5324041,1596.534993,Maize,13.04569863,18.55871233,8.535835616,65.47454795,1078.7,6229.87,2709.26,1.567753425,5.7,0
2074,Mugu,4281.426287,773.5683709,Millet,13.04569863,18.55871233,8.535835616,65.47454795,1078.7,6229.87,2709.26,1.567753425,5.7,0
2074,Mugu,458.5365473,950.2856346,Buckwheat,13.04569863,18.55871233,8.535835616,65.47454795,1078.7,6229.87,2709.26,1.567753425,5.7,0
2074,Mugu,3245,961.0169492,Wheat,13.04569863,18.55871233,8.535835616,65.47454795,1078.7,6229.87,2709.26,1.567753425,5.7,0
2074,Mugu,1026,1111.111111,Barley,13.04569863,18.55871233,8.535835616,65.47454795,1078.7,6229.87,2709.26,1.567753425,5.7,0
2074,Mustang,0,0,Paddy,8.254109589,13.33956164,4.142657534,71.44673973,1848.24,6029.65,2617.33,1.527506849,7.3,11.3
2074,Mustang,548.3976736,1567.657099,Maize,8.254109589,13.33956164,4.142657534,71.44673973,1848.24,6029.65,2617.33,1.527506849,7.3,11.3
2074,Mustang,0,0,Millet,8.254109589,13.33956164,4.142657534,71.44673973,1848.24,6029.65,2617.33,1.527506849,7.3,11.3
2074,Mustang,550.2438567,1747.469695,Buckwheat,8.254109589,13.33956164,4.142657534,71.44673973,1848.24,6029.65,2617.33,1.527506849,7.3,11.3
2074,Mustang,582,1482.989691,Wheat,8.254109589,13.33956164,4.142657534,71.44673973,1848.24,6029.65,2617.33,1.527506849,7.3,11.3
2074,Mustang,252,1871.706349,Barley,8.254109589,13.33956164,4.142657534,71.44673973,1848.24,6029.65,2617.33,1.527506849,7.3,11.3
2074,Myagdi,3781.609987,3414.290121,Paddy,8.254109589,13.33956164,4.142657534,71.44673973,1848.24,6029.65,2617.33,1.527506849,5.8,185.05
2074,Myagdi,9793.574733,3405.941318,Maize,8.254109589,13.33956164,4.142657534,71.44673973,1848.24,6029.65,2617.33,1.527506849,5.8,185.05
2074,Myagdi,2744.118836,1298.11017,Millet,8.254109589,13.33956164,4.142657534,71.44673973,1848.24,6029.65,2617.33,1.527506849,5.8,185.05
2074,Myagdi,139.9245546,968.8347536,Buckwheat,8.254109589,13.33956164,4.142657534,71.44673973,1848.24,6029.65,2617.33,1.527506849,5.8,185.05
2074,Myagdi,3141,2329.321872,Wheat,8.254109589,13.33956164,4.142657534,71.44673973,1848.24,6029.65,2617.33,1.527506849,5.8,185.05
2074,Myagdi,276.7059,1346.162117,Barley,8.254109589,13.33956164,4.142657534,71.44673973,1848.24,6029.65,2617.33,1.527506849,5.8,185.05
2074,Nawalparasi,42350.24551,8483.92386,Paddy,25.54235616,31.49208219,20.66386301,56.76841096,1638.72,6443.56,2989.32,1.489643836,5.9,10248.95
2074,Nawalparasi,8932.71792,4923.520168,Maize,25.54235616,31.49208219,20.66386301,56.76841096,1638.72,6443.56,2989.32,1.489643836,5.9,10248.95
2074,Nawalparasi,450.6764512,2024.928971,Millet,25.54235616,31.49208219,20.66386301,56.76841096,1638.72,6443.56,2989.32,1.489643836,5.9,10248.95
2074,Nawalparasi,170.1785124,1934.593841,Buckwheat,25.54235616,31.49208219,20.66386301,56.76841096,1638.72,6443.56,2989.32,1.489643836,5.9,10248.95
2074,Nawalparasi,16203.4875,5448.562859,Wheat,25.54235616,31.49208219,20.66386301,56.76841096,1638.72,6443.56,2989.32,1.489643836,5.9,10248.95
2074,Nawalparasi,9.10215,2487.148641,Barley,25.54235616,31.49208219,20.66386301,56.76841096,1638.72,6443.56,2989.32,1.489643836,5.9,10248.95
2074,Nuwakot,16936.31186,4284.506069,Paddy,9.435808219,14.82084932,5.223205479,68.37934247,862.73,6322.97,2828.64,1.743178082,5.7,7253.35
2074,Nuwakot,17979.15396,3405.979068,Maize,9.435808219,14.82084932,5.223205479,68.37934247,862.73,6322.97,2828.64,1.743178082,5.7,7253.35
2074,Nuwakot,5132.704028,1226.610852,Millet,9.435808219,14.82084932,5.223205479,68.37934247,862.73,6322.97,2828.64,1.743178082,5.7,7253.35
2074,Nuwakot,189.087236,1029.317723,Buckwheat,9.435808219,14.82084932,5.223205479,68.37934247,862.73,6322.97,2828.64,1.743178082,5.7,7253.35
2074,Nuwakot,4425,3394.644068,Wheat,9.435808219,14.82084932,5.223205479,68.37934247,862.73,6322.97,2828.64,1.743178082,5.7,7253.35
2074,Nuwakot,153,1294.117647,Barley,9.435808219,14.82084932,5.223205479,68.37934247,862.73,6322.97,2828.64,1.743178082,5.7,7253.35
2074,Okhaldhunga,4167.816964,2531.88043,Paddy,14.05934247,19.05279452,10.20934247,66.83873973,989.57,5915.68,2662.21,1.567808219,5.7,151.5
2074,Okhaldhunga,13178.54875,2554.455988,Maize,14.05934247,19.05279452,10.20934247,66.83873973,989.57,5915.68,2662.21,1.567808219,5.7,151.5
2074,Okhaldhunga,7762.651497,1945.178051,Millet,14.05934247,19.05279452,10.20934247,66.83873973,989.57,5915.68,2662.21,1.567808219,5.7,151.5
2074,Okhaldhunga,99.2707989,926.6541929,Buckwheat,14.05934247,19.05279452,10.20934247,66.83873973,989.57,5915.68,2662.21,1.567808219,5.7,151.5
2074,Okhaldhunga,2365,1984.122622,Wheat,14.05934247,19.05279452,10.20934247,66.83873973,989.57,5915.68,2662.21,1.567808219,5.7,151.5
2074,Okhaldhunga,85.5,1695.906433,Barley,14.05934247,19.05279452,10.20934247,66.83873973,989.57,5915.68,2662.21,1.567808219,5.7,151.5
2074,Palpa,8254.227556,4044.946096,Paddy,19.73756164,24.62128767,15.82665753,62.77734247,1909.81,6443.56,2989.32,1.471643836,5.9,1481.3
2074,Palpa,21478.90888,2214.188379,Maize,19.73756164,24.62128767,15.82665753,62.77734247,1909.81,6443.56,2989.32,1.471643836,5.9,1481.3
2074,Palpa,2540.813682,1078.725121,Millet,19.73756164,24.62128767,15.82665753,62.77734247,1909.81,6443.56,2989.32,1.471643836,5.9,1481.3
2074,Palpa,424.5008448,937.5163919,Buckwheat,19.73756164,24.62128767,15.82665753,62.77734247,1909.81,6443.56,2989.32,1.471643836,5.9,1481.3
2074,Palpa,5863.7,2469.70343,Wheat,19.73756164,24.62128767,15.82665753,62.77734247,1909.81,6443.56,2989.32,1.471643836,5.9,1481.3
2074,Palpa,18.9,1846.502646,Barley,19.73756164,24.62128767,15.82665753,62.77734247,1909.81,6443.56,2989.32,1.471643836,5.9,1481.3
2074,Panchthar,8711.428463,2322.478968,Paddy,11.00610959,16.24676712,7.013479452,74.77016438,1025.85,5595.41,2471.33,1.821726027,5.7,453.5
2074,Panchthar,19675.36072,1979.693042,Maize,11.00610959,16.24676712,7.013479452,74.77016438,1025.85,5595.41,2471.33,1.821726027,5.7,453.5
2074,Panchthar,4807.21548,1911.168916,Millet,11.00610959,16.24676712,7.013479452,74.77016438,1025.85,5595.41,2471.33,1.821726027,5.7,453.5
2074,Panchthar,52.94442608,731.5690997,Buckwheat,11.00610959,16.24676712,7.013479452,74.77016438,1025.85,5595.41,2471.33,1.821726027,5.7,453.5
2074,Panchthar,3050,2359.84918,Wheat,11.00610959,16.24676712,7.013479452,74.77016438,1025.85,5595.41,2471.33,1.821726027,5.7,453.5
2074,Panchthar,310.5,1320.450886,Barley,11.00610959,16.24676712,7.013479452,74.77016438,1025.85,5595.41,2471.33,1.821726027,5.7,453.5
2074,Parbat,8367.817844,2942.617214,Paddy,8.254109589,13.33956164,4.142657534,71.44673973,1848.24,6029.65,2617.33,1.527506849,5.7,782.765
2074,Parbat,14804.61162,2299.560524,Maize,8.254109589,13.33956164,4.142657534,71.44673973,1848.24,6029.65,2617.33,1.527506849,5.7,782.765
2074,Parbat,8567.86009,942.4598324,Millet,8.254109589,13.33956164,4.142657534,71.44673973,1848.24,6029.65,2617.33,1.527506849,5.7,782.765
2074,Parbat,47.271809,1003.712805,Buckwheat,8.254109589,13.33956164,4.142657534,71.44673973,1848.24,6029.65,2617.33,1.527506849,5.7,782.765
2074,Parbat,2718,2463.134658,Wheat,8.254109589,13.33956164,4.142657534,71.44673973,1848.24,6029.65,2617.33,1.527506849,5.7,782.765
2074,Parbat,80.1,1310.861423,Barley,8.254109589,13.33956164,4.142657534,71.44673973,1848.24,6029.65,2617.33,1.527506849,5.7,782.765
2074,Parsa,44016.2364,4045.443963,Paddy,26.14520548,32.39583562,20.89635616,57.28852055,1310,6417.1,2968.95,1.704164384,6.9,19683.75
2074,Parsa,4840.60441,3069.22597,Maize,26.14520548,32.39583562,20.89635616,57.28852055,1310,6417.1,2968.95,1.704164384,6.9,19683.75
2074,Parsa,0,0,Millet,26.14520548,32.39583562,20.89635616,57.28852055,1310,6417.1,2968.95,1.704164384,6.9,19683.75
2074,Parsa,0,0,Buckwheat,26.14520548,32.39583562,20.89635616,57.28852055,1310,6417.1,2968.95,1.704164384,6.9,19683.75
2074,Parsa,21663,3608.800028,Wheat,26.14520548,32.39583562,20.89635616,57.28852055,1310,6417.1,2968.95,1.704164384,6.9,19683.75
2074,Parsa,31.85757,1332.6911,Barley,26.14520548,32.39583562,20.89635616,57.28852055,1310,6417.1,2968.95,1.704164384,6.9,19683.75
2074,Pyuthan,5981.475221,3850.143565,Paddy,22.78109589,28.44169863,18.2299726,55.03252055,1289.55,6198.47,2697.07,1.796931507,6.5,553.55
2074,Pyuthan,12602.51863,2128.713324,Maize,22.78109589,28.44169863,18.2299726,55.03252055,1289.55,6198.47,2697.07,1.796931507,6.5,553.55
2074,Pyuthan,1992.991418,1144.746278,Millet,22.78109589,28.44169863,18.2299726,55.03252055,1289.55,6198.47,2697.07,1.796931507,6.5,553.55
2074,Pyuthan,12.29067034,1024.19674,Buckwheat,22.78109589,28.44169863,18.2299726,55.03252055,1289.55,6198.47,2697.07,1.796931507,6.5,553.55
2074,Pyuthan,8577,2965.022735,Wheat,22.78109589,28.44169863,18.2299726,55.03252055,1289.55,6198.47,2697.07,1.796931507,6.5,553.55
2074,Pyuthan,464.2101,1625.966346,Barley,22.78109589,28.44169863,18.2299726,55.03252055,1289.55,6198.47,2697.07,1.796931507,6.5,553.55
2074,Ramechap,8809.873379,3019.921421,Paddy,14.05934247,19.05279452,10.20934247,66.83873973,989.57,5915.68,2662.21,1.567808219,5.4,597.1
2074,Ramechap,22366.33535,2753.41912,Maize,14.05934247,19.05279452,10.20934247,66.83873973,989.57,5915.68,2662.21,1.567808219,5.4,597.1
2074,Ramechap,4998.502596,1136.871168,Millet,14.05934247,19.05279452,10.20934247,66.83873973,989.57,5915.68,2662.21,1.567808219,5.4,597.1
2074,Ramechap,17.96328742,1024.19674,Buckwheat,14.05934247,19.05279452,10.20934247,66.83873973,989.57,5915.68,2662.21,1.567808219,5.4,597.1
2074,Ramechap,3678.66,2337.38644,Wheat,14.05934247,19.05279452,10.20934247,66.83873973,989.57,5915.68,2662.21,1.567808219,5.4,597.1
2074,Ramechap,67.5,1259.259259,Barley,14.05934247,19.05279452,10.20934247,66.83873973,989.57,5915.68,2662.21,1.567808219,5.4,597.1
2074,Rasuwa,1206.896804,3090.764339,Paddy,9.435808219,14.82084932,5.223205479,68.37934247,862.73,6482.83,2827.47,1.743178082,6.1,230.6
2074,Rasuwa,2571.942578,2380.288535,Maize,9.435808219,14.82084932,5.223205479,68.37934247,862.73,6482.83,2827.47,1.743178082,6.1,230.6
2074,Rasuwa,896.3453864,1044.431696,Millet,9.435808219,14.82084932,5.223205479,68.37934247,862.73,6482.83,2827.47,1.743178082,6.1,230.6
2074,Rasuwa,0,0,Buckwheat,9.435808219,14.82084932,5.223205479,68.37934247,862.73,6482.83,2827.47,1.743178082,6.1,230.6
2074,Rasuwa,750,1768.018,Wheat,9.435808219,14.82084932,5.223205479,68.37934247,862.73,6482.83,2827.47,1.743178082,6.1,230.6
2074,Rasuwa,259.4115,1294.34894,Barley,9.435808219,14.82084932,5.223205479,68.37934247,862.73,6482.83,2827.47,1.743178082,6.1,230.6
2074,Rautahat,36476.68106,2705.541005,Paddy,25.19443836,31.04279452,20.606,57.2790411,1144.69,6055.43,2722.91,1.636,6.8,13961.45
2074,Rautahat,3510.180621,2605.366456,Maize,25.19443836,31.04279452,20.606,57.2790411,1144.69,6055.43,2722.91,1.636,6.8,13961.45
2074,Rautahat,61.09169672,872.7820579,Millet,25.19443836,31.04279452,20.606,57.2790411,1144.69,6055.43,2722.91,1.636,6.8,13961.45
2074,Rautahat,0,0,Buckwheat,25.19443836,31.04279452,20.606,57.2790411,1144.69,6055.43,2722.91,1.636,6.8,13961.45
2074,Rautahat,14500,3459.916552,Wheat,25.19443836,31.04279452,20.606,57.2790411,1144.69,6055.43,2722.91,1.636,6.8,13961.45
2074,Rautahat,3.64086,1295.386255,Barley,25.19443836,31.04279452,20.606,57.2790411,1144.69,6055.43,2722.91,1.636,6.8,13961.45
2074,Rolpa,4628.804214,2698.7314,Paddy,15.51863014,21.24561644,10.97254795,61.61227397,1217.32,6198.47,2697.07,1.689917808,6.1,532.75
2074,Rolpa,13433.61743,2577.275661,Maize,15.51863014,21.24561644,10.97254795,61.61227397,1217.32,6198.47,2697.07,1.689917808,6.1,532.75
2074,Rolpa,1016.525773,1121.685346,Millet,15.51863014,21.24561644,10.97254795,61.61227397,1217.32,6198.47,2697.07,1.689917808,6.1,532.75
2074,Rolpa,115.343214,940.2461871,Buckwheat,15.51863014,21.24561644,10.97254795,61.61227397,1217.32,6198.47,2697.07,1.689917808,6.1,532.75
2074,Rolpa,8582,2587.683524,Wheat,15.51863014,21.24561644,10.97254795,61.61227397,1217.32,6198.47,2697.07,1.689917808,6.1,532.75
2074,Rolpa,550.6803,1147.193753,Barley,15.51863014,21.24561644,10.97254795,61.61227397,1217.32,6198.47,2697.07,1.689917808,6.1,532.75
2074,Rukum,3561.055512,6083.124543,Paddy,15.51863014,21.24561644,10.97254795,61.61227397,1217.32,6188.34,2691.08,1.689917808,6.8,426
2074,Rukum,17303.22195,4646.664382,Maize,15.51863014,21.24561644,10.97254795,61.61227397,1217.32,6188.34,2691.08,1.689917808,6.8,426
2074,Rukum,919.3799605,2623.173023,Millet,15.51863014,21.24561644,10.97254795,61.61227397,1217.32,6188.34,2691.08,1.689917808,6.8,426
2074,Rukum,0,0,Buckwheat,15.51863014,21.24561644,10.97254795,61.61227397,1217.32,6188.34,2691.08,1.689917808,6.8,426
2074,Rukum,11146.38,4707.016095,Wheat,15.51863014,21.24561644,10.97254795,61.61227397,1217.32,6188.34,2691.08,1.689917808,6.8,426
2074,Rukum,819.1944,2532.732157,Barley,15.51863014,21.24561644,10.97254795,61.61227397,1217.32,6188.34,2691.08,1.689917808,6.8,426
2074,Rupandehi,65882.36673,4069.435084,Paddy,25.54235616,31.49208219,20.66386301,56.76841096,1638.72,6443.56,2989.32,1.489643836,6.6,28090.855
2074,Rupandehi,2678.221197,3801.273792,Maize,25.54235616,31.49208219,20.66386301,56.76841096,1638.72,6443.56,2989.32,1.489643836,6.6,28090.855
2074,Rupandehi,45.06764512,1001.08848,Millet,25.54235616,31.49208219,20.66386301,56.76841096,1638.72,6443.56,2989.32,1.489643836,6.6,28090.855
2074,Rupandehi,0,0,Buckwheat,25.54235616,31.49208219,20.66386301,56.76841096,1638.72,6443.56,2989.32,1.489643836,6.6,28090.855
2074,Rupandehi,25934,3602.568057,Wheat,25.54235616,31.49208219,20.66386301,56.76841096,1638.72,6443.56,2989.32,1.489643836,6.6,28090.855
2074,Rupandehi,76.5,2589.346405,Barley,25.54235616,31.49208219,20.66386301,56.76841096,1638.72,6443.56,2989.32,1.489643836,6.6,28090.855
2074,Salyan,6674.375975,4073.527095,Paddy,22.78109589,28.44169863,18.2299726,55.03252055,1289.55,6198.47,2697.07,1.796931507,5.9,1170.25
2074,Salyan,21096.30586,2230.484051,Maize,22.78109589,28.44169863,18.2299726,55.03252055,1289.55,6198.47,2697.07,1.796931507,5.9,1170.25
2074,Salyan,1046.57087,1064.990061,Millet,22.78109589,28.44169863,18.2299726,55.03252055,1289.55,6198.47,2697.07,1.796931507,5.9,1170.25
2074,Salyan,58.61704316,1172.87046,Buckwheat,22.78109589,28.44169863,18.2299726,55.03252055,1289.55,6198.47,2697.07,1.796931507,5.9,1170.25
2074,Salyan,14785,2263.554278,Wheat,22.78109589,28.44169863,18.2299726,55.03252055,1289.55,6198.47,2697.07,1.796931507,5.9,1170.25
2074,Salyan,971.1,1315.003604,Barley,22.78109589,28.44169863,18.2299726,55.03252055,1289.55,6198.47,2697.07,1.796931507,5.9,1170.25
2074,Sankhuwashava,13111.15893,2601.481735,Paddy,11.00610959,16.24676712,7.013479452,74.77016438,1025.85,5595.41,2471.33,1.821726027,5.6,949.35
2074,Sankhuwashava,12827.8293,1949.262967,Maize,11.00610959,16.24676712,7.013479452,74.77016438,1025.85,5595.41,2471.33,1.821726027,5.6,949.35
2074,Sankhuwashava,7195.800672,1242.858283,Millet,11.00610959,16.24676712,7.013479452,74.77016438,1025.85,5595.41,2471.33,1.821726027,5.6,949.35
2074,Sankhuwashava,17.01785124,1024.19674,Buckwheat,11.00610959,16.24676712,7.013479452,74.77016438,1025.85,5595.41,2471.33,1.821726027,5.6,949.35
2074,Sankhuwashava,655,1981.374046,Wheat,11.00610959,16.24676712,7.013479452,74.77016438,1025.85,5595.41,2471.33,1.821726027,5.6,949.35
2074,Sankhuwashava,12.6,1190.47619,Barley,11.00610959,16.24676712,7.013479452,74.77016438,1025.85,5595.41,2471.33,1.821726027,5.6,949.35
2074,Saptari,51115.62936,3129.486177,Paddy,25.53087671,31.07375342,21.00038356,61.96471233,1214.57,6012.83,2703.56,1.733808219,6.6,10925.35
2074,Saptari,3801.210825,2178.215372,Maize,25.53087671,31.07375342,21.00038356,61.96471233,1214.57,6012.83,2703.56,1.733808219,6.6,10925.35
2074,Saptari,200.300645,1279.800614,Millet,25.53087671,31.07375342,21.00038356,61.96471233,1214.57,6012.83,2703.56,1.733808219,6.6,10925.35
2074,Saptari,0,0,Buckwheat,25.53087671,31.07375342,21.00038356,61.96471233,1214.57,6012.83,2703.56,1.733808219,6.6,10925.35
2074,Saptari,15000,3080,Wheat,25.53087671,31.07375342,21.00038356,61.96471233,1214.57,6012.83,2703.56,1.733808219,6.6,10925.35
2074,Saptari,0,0,Barley,25.53087671,31.07375342,21.00038356,61.96471233,1214.57,6012.83,2703.56,1.733808219,6.6,10925.35
2074,Sarlahi,46997.98144,3053.872336,Paddy,25.19443836,31.04279452,20.606,57.2790411,1144.69,6055.43,2722.91,1.636,6.6,15306.8
2074,Sarlahi,10975.99626,2487.852968,Maize,25.19443836,31.04279452,20.606,57.2790411,1144.69,6055.43,2722.91,1.636,6.6,15306.8
2074,Sarlahi,746.1199026,863.049434,Millet,25.19443836,31.04279452,20.606,57.2790411,1144.69,6055.43,2722.91,1.636,6.6,15306.8
2074,Sarlahi,0,0,Buckwheat,25.19443836,31.04279452,20.606,57.2790411,1144.69,6055.43,2722.91,1.636,6.6,15306.8
2074,Sarlahi,21200,3347.880425,Wheat,25.19443836,31.04279452,20.606,57.2790411,1144.69,6055.43,2722.91,1.636,6.6,15306.8
2074,Sarlahi,63.71514,1109.885343,Barley,25.19443836,31.04279452,20.606,57.2790411,1144.69,6055.43,2722.91,1.636,6.6,15306.8
2074,Sindhuli,14104.12736,3706.186114,Paddy,23.17232877,28.57953425,18.99063014,59.95082192,1116.82,5915.68,2662.21,1.624054795,6,4417.1
2074,Sindhuli,26373.03928,3012.110052,Maize,23.17232877,28.57953425,18.99063014,59.95082192,1116.82,5915.68,2662.21,1.624054795,6,4417.1
2074,Sindhuli,11652.49002,1097.405652,Millet,23.17232877,28.57953425,18.99063014,59.95082192,1116.82,5915.68,2662.21,1.624054795,6,4417.1
2074,Sindhuli,512.4264096,941.0516168,Buckwheat,23.17232877,28.57953425,18.99063014,59.95082192,1116.82,5915.68,2662.21,1.624054795,6,4417.1
2074,Sindhuli,5514,2880.168662,Wheat,23.17232877,28.57953425,18.99063014,59.95082192,1116.82,5915.68,2662.21,1.624054795,6,4417.1
2074,Sindhuli,40.5,1604.938272,Barley,23.17232877,28.57953425,18.99063014,59.95082192,1116.82,5915.68,2662.21,1.624054795,6,4417.1
2074,Sindhupalchok,11643.00447,2414.767258,Paddy,9.435808219,14.82084932,5.223205479,68.37934247,862.73,6322.97,2828.64,1.743178082,5.6,2176.55
2074,Sindhupalchok,25134.89337,2660.891655,Maize,9.435808219,14.82084932,5.223205479,68.37934247,862.73,6322.97,2828.64,1.743178082,5.6,2176.55
2074,Sindhupalchok,16569.87086,1311.901989,Millet,9.435808219,14.82084932,5.223205479,68.37934247,862.73,6322.97,2828.64,1.743178082,5.6,2176.55
2074,Sindhupalchok,0,0,Buckwheat,9.435808219,14.82084932,5.223205479,68.37934247,862.73,6322.97,2828.64,1.743178082,5.6,2176.55
2074,Sindhupalchok,6811,1275.554985,Wheat,9.435808219,14.82084932,5.223205479,68.37934247,862.73,6322.97,2828.64,1.743178082,5.6,2176.55
2074,Sindhupalchok,178.2,1150.392817,Barley,9.435808219,14.82084932,5.223205479,68.37934247,862.73,6322.97,2828.64,1.743178082,5.6,2176.55
2074,Siraha,48820.15897,3137.656831,Paddy,26.13624658,32.21254795,21.16106849,58.84526027,1085.5,6012.83,2703.56,1.81939726,6.8,15936.55
2074,Siraha,3623.029068,2057.840737,Maize,26.13624658,32.21254795,21.16106849,58.84526027,1085.5,6012.83,2703.56,1.81939726,6.8,15936.55
2074,Siraha,428.6433803,1035.801244,Millet,26.13624658,32.21254795,21.16106849,58.84526027,1085.5,6012.83,2703.56,1.81939726,6.8,15936.55
2074,Siraha,0,0,Buckwheat,26.13624658,32.21254795,21.16106849,58.84526027,1085.5,6012.83,2703.56,1.81939726,6.8,15936.55
2074,Siraha,12000,3361.75,Wheat,26.13624658,32.21254795,21.16106849,58.84526027,1085.5,6012.83,2703.56,1.81939726,6.8,15936.55
2074,Siraha,0,0,Barley,26.13624658,32.21254795,21.16106849,58.84526027,1085.5,6012.83,2703.56,1.81939726,6.8,15936.55
2074,Solukhumbu,1443.543237,2511.069583,Paddy,9.640438356,14.77531507,5.727506849,72.29882192,988.39,5915.68,2662.21,1.774739726,5.8,21
2074,Solukhumbu,13768.39508,2423.578322,Maize,9.640438356,14.77531507,5.727506849,72.29882192,988.39,5915.68,2662.21,1.774739726,5.8,21
2074,Solukhumbu,2103.156772,1343.668759,Millet,9.640438356,14.77531507,5.727506849,72.29882192,988.39,5915.68,2662.21,1.774739726,5.8,21
2074,Solukhumbu,303.4850138,925.2867741,Buckwheat,9.640438356,14.77531507,5.727506849,72.29882192,988.39,5915.68,2662.21,1.774739726,5.8,21
2074,Solukhumbu,3150,1690.666667,Wheat,9.640438356,14.77531507,5.727506849,72.29882192,988.39,5915.68,2662.21,1.774739726,5.8,21
2074,Solukhumbu,166.5,1076.852853,Barley,9.640438356,14.77531507,5.727506849,72.29882192,988.39,5915.68,2662.21,1.774739726,5.8,21
2074,Sunsari,52062.21509,3485.985525,Paddy,25.0290137,30.60038356,20.65,63.11994521,1253.39,5804.39,2611.24,1.659068493,6.6,9306.05
2074,Sunsari,8874.26468,2562.10406,Maize,25.0290137,30.60038356,20.65,63.11994521,1253.39,5804.39,2611.24,1.659068493,6.6,9306.05
2074,Sunsari,531.7982125,1180.019549,Millet,25.0290137,30.60038356,20.65,63.11994521,1253.39,5804.39,2611.24,1.659068493,6.6,9306.05
2074,Sunsari,283.630854,1024.19674,Buckwheat,25.0290137,30.60038356,20.65,63.11994521,1253.39,5804.39,2611.24,1.659068493,6.6,9306.05
2074,Sunsari,11400,4034.210526,Wheat,25.0290137,30.60038356,20.65,63.11994521,1253.39,5804.39,2611.24,1.659068493,6.6,9306.05
2074,Sunsari,10.8,2037.037037,Barley,25.0290137,30.60038356,20.65,63.11994521,1253.39,5804.39,2611.24,1.659068493,6.6,9306.05
2074,Surkhet,12638.81265,4002.993001,Paddy,20.70572603,26.158,16.28071233,57.80917808,1352.77,6099.27,2702.72,1.503506849,5.9,1848.55
2074,Surkhet,16208.55217,2685.701752,Maize,20.70572603,26.158,16.28071233,57.80917808,1352.77,6099.27,2702.72,1.503506849,5.9,1848.55
2074,Surkhet,2098.149256,1385.483433,Millet,20.70572603,26.158,16.28071233,57.80917808,1352.77,6099.27,2702.72,1.503506849,5.9,1848.55
2074,Surkhet,0,0,Buckwheat,20.70572603,26.158,16.28071233,57.80917808,1352.77,6099.27,2702.72,1.503506849,5.9,1848.55
2074,Surkhet,14997,2911.882376,Wheat,20.70572603,26.158,16.28071233,57.80917808,1352.77,6099.27,2702.72,1.503506849,5.9,1848.55
2074,Surkhet,937.521,1508.862201,Barley,20.70572603,26.158,16.28071233,57.80917808,1352.77,6099.27,2702.72,1.503506849,5.9,1848.55
2074,Syangja,15997.29882,3972.108562,Paddy,19.73756164,24.62128767,15.82665753,62.77734247,1909.81,6029.65,2617.33,1.471643836,6,1368.15
2074,Syangja,28163.83401,3570.816189,Maize,19.73756164,24.62128767,15.82665753,62.77734247,1909.81,6029.65,2617.33,1.471643836,6,1368.15
2074,Syangja,16514.78818,1162.297998,Millet,19.73756164,24.62128767,15.82665753,62.77734247,1909.81,6029.65,2617.33,1.471643836,6,1368.15
2074,Syangja,217.4503214,979.6664465,Buckwheat,19.73756164,24.62128767,15.82665753,62.77734247,1909.81,6029.65,2617.33,1.471643836,6,1368.15
2074,Syangja,4550,2532.461538,Wheat,19.73756164,24.62128767,15.82665753,62.77734247,1909.81,6029.65,2617.33,1.471643836,6,1368.15
2074,Syangja,3.6,1666.666667,Barley,19.73756164,24.62128767,15.82665753,62.77734247,1909.81,6029.65,2617.33,1.471643836,6,1368.15
2074,Tanahu,11751.86182,3890.467216,Paddy,19.73756164,24.62128767,15.82665753,62.77734247,1909.81,6417.1,2968.95,1.471643836,5.6,2233.55
2074,Tanahu,23383.42173,3177.49309,Maize,19.73756164,24.62128767,15.82665753,62.77734247,1909.81,6417.1,2968.95,1.471643836,5.6,2233.55
2074,Tanahu,6351.533453,899.6945847,Millet,19.73756164,24.62128767,15.82665753,62.77734247,1909.81,6417.1,2968.95,1.471643836,5.6,2233.55
2074,Tanahu,170.1785124,995.7468301,Buckwheat,19.73756164,24.62128767,15.82665753,62.77734247,1909.81,6417.1,2968.95,1.471643836,5.6,2233.55
2074,Tanahu,1800,2229.5,Wheat,19.73756164,24.62128767,15.82665753,62.77734247,1909.81,6417.1,2968.95,1.471643836,5.6,2233.55
2074,Tanahu,5.461299,1036.306564,Barley,19.73756164,24.62128767,15.82665753,62.77734247,1909.81,6417.1,2968.95,1.471643836,5.6,2233.55
2074,Taplejung,3862.069774,2233,Paddy,5.717287671,10.61860274,2.022383562,77.68142466,1370.79,5595.41,2471.33,1.576438356,5.4,371.4
2074,Taplejung,10388.735,3413.672195,Maize,5.717287671,10.61860274,2.022383562,77.68142466,1370.79,5595.41,2471.33,1.576438356,5.4,371.4
2074,Taplejung,3054.584836,1382.352506,Millet,5.717287671,10.61860274,2.022383562,77.68142466,1370.79,5595.41,2471.33,1.576438356,5.4,371.4
2074,Taplejung,111.5614692,1432.139509,Buckwheat,5.717287671,10.61860274,2.022383562,77.68142466,1370.79,5595.41,2471.33,1.576438356,5.4,371.4
2074,Taplejung,1540,1939.772727,Wheat,5.717287671,10.61860274,2.022383562,77.68142466,1370.79,5595.41,2471.33,1.576438356,5.4,371.4
2074,Taplejung,279,1345.139785,Barley,5.717287671,10.61860274,2.022383562,77.68142466,1370.79,5595.41,2471.33,1.576438356,5.4,371.4
2074,Terhathum,9149.697656,2046.735806,Paddy,20.53624658,25.5609863,16.68506849,66.4559726,1190.95,5595.41,2471.33,1.530493151,5.6,663.7
2074,Terhathum,13125.40944,2341.584656,Maize,20.53624658,25.5609863,16.68506849,66.4559726,1190.95,5595.41,2471.33,1.530493151,5.6,663.7
2074,Terhathum,2704.058707,1126.22454,Millet,20.53624658,25.5609863,16.68506849,66.4559726,1190.95,5595.41,2471.33,1.530493151,5.6,663.7
2074,Terhathum,28.3630854,990.0568482,Buckwheat,20.53624658,25.5609863,16.68506849,66.4559726,1190.95,5595.41,2471.33,1.530493151,5.6,663.7
2074,Terhathum,1900,1906.578947,Wheat,20.53624658,25.5609863,16.68506849,66.4559726,1190.95,5595.41,2471.33,1.530493151,5.6,663.7
2074,Terhathum,67.5,1259.259259,Barley,20.53624658,25.5609863,16.68506849,66.4559726,1190.95,5595.41,2471.33,1.530493151,5.6,663.7
2074,Udayapur,12665.31705,4030.002409,Paddy,18.84065753,23.70054795,15.30180822,69.97479452,1653.24,5804.39,2611.24,1.263287671,5.4,1326.45
2074,Udayapur,18479.72626,2150.015148,Maize,18.84065753,23.70054795,15.30180822,69.97479452,1653.24,5804.39,2611.24,1.263287671,5.4,1326.45
2074,Udayapur,2769.156417,1996.581529,Millet,18.84065753,23.70054795,15.30180822,69.97479452,1653.24,5804.39,2611.24,1.263287671,5.4,1326.45
2074,Udayapur,17.96328742,970.291648,Buckwheat,18.84065753,23.70054795,15.30180822,69.97479452,1653.24,5804.39,2611.24,1.263287671,5.4,1326.45
2074,Udayapur,5137,2501.849328,Wheat,18.84065753,23.70054795,15.30180822,69.97479452,1653.24,5804.39,2611.24,1.263287671,5.4,1326.45
2074,Udayapur,31.5,1746.031746,Barley,18.84065753,23.70054795,15.30180822,69.97479452,1653.24,5804.39,2611.24,1.263287671,5.4,1326.45
2075,Achham,15467,2260,Paddy,12.52515068,18.05257534,7.985589041,66.37147945,1247.17,6344.9,2751.8,1.565890411,6.1,47.95
2075,Achham,6907,2367,Maize,12.52515068,18.05257534,7.985589041,66.37147945,1247.17,6344.9,2751.8,1.565890411,6.1,47.95
2075,Achham,3430,1120,Millet,12.52515068,18.05257534,7.985589041,66.37147945,1247.17,6344.9,2751.8,1.565890411,6.1,47.95
2075,Achham,0,0,Buckwheat,12.52515068,18.05257534,7.985589041,66.37147945,1247.17,6344.9,2751.8,1.565890411,6.1,47.95
2075,Achham,14460,1743,Wheat,12.52515068,18.05257534,7.985589041,66.37147945,1247.17,6344.9,2751.8,1.565890411,6.1,47.95
2075,Achham,446,1220,Barley,12.52515068,18.05257534,7.985589041,66.37147945,1247.17,6344.9,2751.8,1.565890411,6.1,47.95
2075,Arghakhanchi,7425,3250,Paddy,19.74367123,25.09460274,15.60038356,58.91473973,1648.48,6338.94,2937.19,1.688684932,5.9,870.9
2075,Arghakhanchi,16729,3450,Maize,19.74367123,25.09460274,15.60038356,58.91473973,1648.48,6338.94,2937.19,1.688684932,5.9,870.9
2075,Arghakhanchi,499,1281,Millet,19.74367123,25.09460274,15.60038356,58.91473973,1648.48,6338.94,2937.19,1.688684932,5.9,870.9
2075,Arghakhanchi,248,899,Buckwheat,19.74367123,25.09460274,15.60038356,58.91473973,1648.48,6338.94,2937.19,1.688684932,5.9,870.9
2075,Arghakhanchi,5446,2950,Wheat,19.74367123,25.09460274,15.60038356,58.91473973,1648.48,6338.94,2937.19,1.688684932,5.9,870.9
2075,Arghakhanchi,219,1767,Barley,19.74367123,25.09460274,15.60038356,58.91473973,1648.48,6338.94,2937.19,1.688684932,5.9,870.9
2075,Baglung,5987,3570,Paddy,18.95630137,23.95712329,14.99643836,62.92334247,1641.29,5975.1,2585.92,1.484712329,5.7,691
2075,Baglung,20697,3487,Maize,18.95630137,23.95712329,14.99643836,62.92334247,1641.29,5975.1,2585.92,1.484712329,5.7,691
2075,Baglung,18163,1239,Millet,18.95630137,23.95712329,14.99643836,62.92334247,1641.29,5975.1,2585.92,1.484712329,5.7,691
2075,Baglung,76,1461,Buckwheat,18.95630137,23.95712329,14.99643836,62.92334247,1641.29,5975.1,2585.92,1.484712329,5.7,691
2075,Baglung,6493,2378,Wheat,18.95630137,23.95712329,14.99643836,62.92334247,1641.29,5975.1,2585.92,1.484712329,5.7,691
2075,Baglung,776,1437,Barley,18.95630137,23.95712329,14.99643836,62.92334247,1641.29,5975.1,2585.92,1.484712329,5.7,691
2075,Baitadi,7624,2540,Paddy,11.49158904,17.48468493,6.690684932,62.03063014,813.57,6587.55,2901.67,1.695232877,6,126.65
2075,Baitadi,14990,1854,Maize,11.49158904,17.48468493,6.690684932,62.03063014,813.57,6587.55,2901.67,1.695232877,6,126.65
2075,Baitadi,352,1159,Millet,11.49158904,17.48468493,6.690684932,62.03063014,813.57,6587.55,2901.67,1.695232877,6,126.65
2075,Baitadi,0,0,Buckwheat,11.49158904,17.48468493,6.690684932,62.03063014,813.57,6587.55,2901.67,1.695232877,6,126.65
2075,Baitadi,19527,1125,Wheat,11.49158904,17.48468493,6.690684932,62.03063014,813.57,6587.55,2901.67,1.695232877,6,126.65
2075,Baitadi,885,677,Barley,11.49158904,17.48468493,6.690684932,62.03063014,813.57,6587.55,2901.67,1.695232877,6,126.65
2075,Bajhang,6431,3540,Paddy,11.49158904,17.48468493,6.690684932,62.03063014,813.57,6344.9,2751.8,1.695232877,5.6,83.2
2075,Bajhang,4164,1391,Maize,11.49158904,17.48468493,6.690684932,62.03063014,813.57,6344.9,2751.8,1.695232877,5.6,83.2
2075,Bajhang,2736,752,Millet,11.49158904,17.48468493,6.690684932,62.03063014,813.57,6344.9,2751.8,1.695232877,5.6,83.2
2075,Bajhang,6,1167,Buckwheat,11.49158904,17.48468493,6.690684932,62.03063014,813.57,6344.9,2751.8,1.695232877,5.6,83.2
2075,Bajhang,10260,1573,Wheat,11.49158904,17.48468493,6.690684932,62.03063014,813.57,6344.9,2751.8,1.695232877,5.6,83.2
2075,Bajhang,3971,741,Barley,11.49158904,17.48468493,6.690684932,62.03063014,813.57,6344.9,2751.8,1.695232877,5.6,83.2
2075,Bajura,2917,2240,Paddy,9.324383562,15.75758904,4.29769863,63.68572603,783.88,6344.9,2751.8,1.665643836,6,180.25
2075,Bajura,904,1597,Maize,9.324383562,15.75758904,4.29769863,63.68572603,783.88,6344.9,2751.8,1.665643836,6,180.25
2075,Bajura,2545,1017,Millet,9.324383562,15.75758904,4.29769863,63.68572603,783.88,6344.9,2751.8,1.665643836,6,180.25
2075,Bajura,7,1571,Buckwheat,9.324383562,15.75758904,4.29769863,63.68572603,783.88,6344.9,2751.8,1.665643836,6,180.25
2075,Bajura,6664,940,Wheat,9.324383562,15.75758904,4.29769863,63.68572603,783.88,6344.9,2751.8,1.665643836,6,180.25
2075,Bajura,955,1003,Barley,9.324383562,15.75758904,4.29769863,63.68572603,783.88,6344.9,2751.8,1.665643836,6,180.25
2075,Banke,34182,3150,Paddy,20.08528767,25.59189041,15.55032877,58.64580822,1586.93,6075.23,2695.49,1.523178082,6.4,6889.05
2075,Banke,9183,2220,Maize,20.08528767,25.59189041,15.55032877,58.64580822,1586.93,6075.23,2695.49,1.523178082,6.4,6889.05
2075,Banke,0,0,Millet,20.08528767,25.59189041,15.55032877,58.64580822,1586.93,6075.23,2695.49,1.523178082,6.4,6889.05
2075,Banke,0,0,Buckwheat,20.08528767,25.59189041,15.55032877,58.64580822,1586.93,6075.23,2695.49,1.523178082,6.4,6889.05
2075,Banke,17798,3738,Wheat,20.08528767,25.59189041,15.55032877,58.64580822,1586.93,6075.23,2695.49,1.523178082,6.4,6889.05
2075,Banke,9,1111,Barley,20.08528767,25.59189041,15.55032877,58.64580822,1586.93,6075.23,2695.49,1.523178082,6.4,6889.05
2075,Bara,61247,4060,Paddy,25.62547945,32.01545205,20.47649315,52.2230137,943.01,6300.33,2916.22,1.756136986,6.7,14882.15
2075,Bara,11941,3641,Maize,25.62547945,32.01545205,20.47649315,52.2230137,943.01,6300.33,2916.22,1.756136986,6.7,14882.15
2075,Bara,69,1087,Millet,25.62547945,32.01545205,20.47649315,52.2230137,943.01,6300.33,2916.22,1.756136986,6.7,14882.15
2075,Bara,0,0,Buckwheat,25.62547945,32.01545205,20.47649315,52.2230137,943.01,6300.33,2916.22,1.756136986,6.7,14882.15
2075,Bara,27094,3482,Wheat,25.62547945,32.01545205,20.47649315,52.2230137,943.01,6300.33,2916.22,1.756136986,6.7,14882.15
2075,Bara,39,2179,Barley,25.62547945,32.01545205,20.47649315,52.2230137,943.01,6300.33,2916.22,1.756136986,6.7,14882.15
2075,Bardiya,49236,4310,Paddy,24.98868493,31.04824658,20.10657534,53.78619178,1649.58,6075.23,2695.49,1.668794521,6.8,8847.4
2075,Bardiya,2697,2937,Maize,24.98868493,31.04824658,20.10657534,53.78619178,1649.58,6075.23,2695.49,1.668794521,6.8,8847.4
2075,Bardiya,0,0,Millet,24.98868493,31.04824658,20.10657534,53.78619178,1649.58,6075.23,2695.49,1.668794521,6.8,8847.4
2075,Bardiya,0,0,Buckwheat,24.98868493,31.04824658,20.10657534,53.78619178,1649.58,6075.23,2695.49,1.668794521,6.8,8847.4
2075,Bardiya,17638,3802,Wheat,24.98868493,31.04824658,20.10657534,53.78619178,1649.58,6075.23,2695.49,1.668794521,6.8,8847.4
2075,Bardiya,9,1111,Barley,24.98868493,31.04824658,20.10657534,53.78619178,1649.58,6075.23,2695.49,1.668794521,6.8,8847.4
2075,Bhaktapur,3979,4980,Paddy,18.96068493,24.24008219,14.94460274,60.57865753,940.48,6164.56,2752.39,1.463123288,5.8,3345.45
2075,Bhaktapur,1998,4012,Maize,18.96068493,24.24008219,14.94460274,60.57865753,940.48,6164.56,2752.39,1.463123288,5.8,3345.45
2075,Bhaktapur,112,1241,Millet,18.96068493,24.24008219,14.94460274,60.57865753,940.48,6164.56,2752.39,1.463123288,5.8,3345.45
2075,Bhaktapur,0,0,Buckwheat,18.96068493,24.24008219,14.94460274,60.57865753,940.48,6164.56,2752.39,1.463123288,5.8,3345.45
2075,Bhaktapur,2172,5116,Wheat,18.96068493,24.24008219,14.94460274,60.57865753,940.48,6164.56,2752.39,1.463123288,5.8,3345.45
2075,Bhaktapur,18,2056,Barley,18.96068493,24.24008219,14.94460274,60.57865753,940.48,6164.56,2752.39,1.463123288,5.8,3345.45
2075,Bhojpur,16197,2360,Paddy,5.193753425,10.19512329,1.431315068,77.76227397,1362.22,5407.32,2389.79,1.572,5.4,998.45
2075,Bhojpur,37629,2641,Maize,5.193753425,10.19512329,1.431315068,77.76227397,1362.22,5407.32,2389.79,1.572,5.4,998.45
2075,Bhojpur,5531,1263,Millet,5.193753425,10.19512329,1.431315068,77.76227397,1362.22,5407.32,2389.79,1.572,5.4,998.45
2075,Bhojpur,32,875,Buckwheat,5.193753425,10.19512329,1.431315068,77.76227397,1362.22,5407.32,2389.79,1.572,5.4,998.45
2075,Bhojpur,405,2114,Wheat,5.193753425,10.19512329,1.431315068,77.76227397,1362.22,5407.32,2389.79,1.572,5.4,998.45
2075,Bhojpur,10,1200,Barley,5.193753425,10.19512329,1.431315068,77.76227397,1362.22,5407.32,2389.79,1.572,5.4,998.45
2075,Chitwan,26539,3970,Paddy,24.4419726,30.43863014,19.55528767,55.95564384,1338.81,6300.33,2916.22,1.393534247,6.1,11923.05
2075,Chitwan,5763,3710,Maize,24.4419726,30.43863014,19.55528767,55.95564384,1338.81,6300.33,2916.22,1.393534247,6.1,11923.05
2075,Chitwan,1483,1026,Millet,24.4419726,30.43863014,19.55528767,55.95564384,1338.81,6300.33,2916.22,1.393534247,6.1,11923.05
2075,Chitwan,67,1090,Buckwheat,24.4419726,30.43863014,19.55528767,55.95564384,1338.81,6300.33,2916.22,1.393534247,6.1,11923.05
2075,Chitwan,5055,4589,Wheat,24.4419726,30.43863014,19.55528767,55.95564384,1338.81,6300.33,2916.22,1.393534247,6.1,11923.05
2075,Chitwan,19,1895,Barley,24.4419726,30.43863014,19.55528767,55.95564384,1338.81,6300.33,2916.22,1.393534247,6.1,11923.05
2075,Dadeldhura,5917,3950,Paddy,16.20473973,22.14635616,11.45986301,57.42194521,917.48,6587.55,2901.67,1.528547945,5.9,29.8
2075,Dadeldhura,3871,3689,Maize,16.20473973,22.14635616,11.45986301,57.42194521,917.48,6587.55,2901.67,1.528547945,5.9,29.8
2075,Dadeldhura,259,1174,Millet,16.20473973,22.14635616,11.45986301,57.42194521,917.48,6587.55,2901.67,1.528547945,5.9,29.8
2075,Dadeldhura,0,0,Buckwheat,16.20473973,22.14635616,11.45986301,57.42194521,917.48,6587.55,2901.67,1.528547945,5.9,29.8
2075,Dadeldhura,9560,2025,Wheat,16.20473973,22.14635616,11.45986301,57.42194521,917.48,6587.55,2901.67,1.528547945,5.9,29.8
2075,Dadeldhura,175,1360,Barley,16.20473973,22.14635616,11.45986301,57.42194521,917.48,6587.55,2901.67,1.528547945,5.9,29.8
2075,Dailekh,7987,3330,Paddy,12.52515068,18.05257534,7.985589041,66.37147945,1247.17,6075.23,2695.49,1.565890411,5.9,250.35
2075,Dailekh,21331,2443,Maize,12.52515068,18.05257534,7.985589041,66.37147945,1247.17,6075.23,2695.49,1.565890411,5.9,250.35
2075,Dailekh,2489,1151,Millet,12.52515068,18.05257534,7.985589041,66.37147945,1247.17,6075.23,2695.49,1.565890411,5.9,250.35
2075,Dailekh,24,1000,Buckwheat,12.52515068,18.05257534,7.985589041,66.37147945,1247.17,6075.23,2695.49,1.565890411,5.9,250.35
2075,Dailekh,17785,1740,Wheat,12.52515068,18.05257534,7.985589041,66.37147945,1247.17,6075.23,2695.49,1.565890411,5.9,250.35
2075,Dailekh,178,1163,Barley,12.52515068,18.05257534,7.985589041,66.37147945,1247.17,6075.23,2695.49,1.565890411,5.9,250.35
2075,Dang,35728,4180,Paddy,22.10356164,27.7979726,17.63090411,55.84536986,1621.92,6185.69,2685.21,1.831287671,5.8,9808.5
2075,Dang,25691,2417,Maize,22.10356164,27.7979726,17.63090411,55.84536986,1621.92,6185.69,2685.21,1.831287671,5.8,9808.5
2075,Dang,15,1067,Millet,22.10356164,27.7979726,17.63090411,55.84536986,1621.92,6185.69,2685.21,1.831287671,5.8,9808.5
2075,Dang,18,1000,Buckwheat,22.10356164,27.7979726,17.63090411,55.84536986,1621.92,6185.69,2685.21,1.831287671,5.8,9808.5
2075,Dang,11772,2552,Wheat,22.10356164,27.7979726,17.63090411,55.84536986,1621.92,6185.69,2685.21,1.831287671,5.8,9808.5
2075,Dang,22,1227,Barley,22.10356164,27.7979726,17.63090411,55.84536986,1621.92,6185.69,2685.21,1.831287671,5.8,9808.5
2075,Darchula,4197,2750,Paddy,6.500931507,12.41517808,1.717041096,63.02928767,591.51,6587.55,2901.67,1.806246575,6,23.7
2075,Darchula,5739,2132,Maize,6.500931507,12.41517808,1.717041096,63.02928767,591.51,6587.55,2901.67,1.806246575,6,23.7
2075,Darchula,1374,825,Millet,6.500931507,12.41517808,1.717041096,63.02928767,591.51,6587.55,2901.67,1.806246575,6,23.7
2075,Darchula,92,1033,Buckwheat,6.500931507,12.41517808,1.717041096,63.02928767,591.51,6587.55,2901.67,1.806246575,6,23.7
2075,Darchula,6581,1472,Wheat,6.500931507,12.41517808,1.717041096,63.02928767,591.51,6587.55,2901.67,1.806246575,6,23.7
2075,Darchula,1069,810,Barley,6.500931507,12.41517808,1.717041096,63.02928767,591.51,6587.55,2901.67,1.806246575,6,23.7
2075,Dhading,13864,4450,Paddy,14.72136986,19.82410959,10.73917808,65.13827397,1129.04,6300.33,2916.22,1.533205479,5.5,8044.99
2075,Dhading,20678,2834,Maize,14.72136986,19.82410959,10.73917808,65.13827397,1129.04,6300.33,2916.22,1.533205479,5.5,8044.99
2075,Dhading,6933,924,Millet,14.72136986,19.82410959,10.73917808,65.13827397,1129.04,6300.33,2916.22,1.533205479,5.5,8044.99
2075,Dhading,0,0,Buckwheat,14.72136986,19.82410959,10.73917808,65.13827397,1129.04,6300.33,2916.22,1.533205479,5.5,8044.99
2075,Dhading,4638,2647,Wheat,14.72136986,19.82410959,10.73917808,65.13827397,1129.04,6300.33,2916.22,1.533205479,5.5,8044.99
2075,Dhading,255,1357,Barley,14.72136986,19.82410959,10.73917808,65.13827397,1129.04,6300.33,2916.22,1.533205479,5.5,8044.99
2075,Dhankuta,7021,3450,Paddy,19.91208219,25.13336986,15.92857534,64.83476712,1038.41,5746.54,2581.77,1.489534247,5.8,1272.9
2075,Dhankuta,13467,3090,Maize,19.91208219,25.13336986,15.92857534,64.83476712,1038.41,5746.54,2581.77,1.489534247,5.8,1272.9
2075,Dhankuta,7934,1208,Millet,19.91208219,25.13336986,15.92857534,64.83476712,1038.41,5746.54,2581.77,1.489534247,5.8,1272.9
2075,Dhankuta,6,833,Buckwheat,19.91208219,25.13336986,15.92857534,64.83476712,1038.41,5746.54,2581.77,1.489534247,5.8,1272.9
2075,Dhankuta,1302,2151,Wheat,19.91208219,25.13336986,15.92857534,64.83476712,1038.41,5746.54,2581.77,1.489534247,5.8,1272.9
2075,Dhankuta,0,0,Barley,19.91208219,25.13336986,15.92857534,64.83476712,1038.41,5746.54,2581.77,1.489534247,5.8,1272.9
2075,Dhanusha,63112,3980,Paddy,22.76063014,28.47980822,18.39684932,56.25909589,913.02,6034.37,2707.47,1.635178082,6.6,12692.275
2075,Dhanusha,3284,2910,Maize,22.76063014,28.47980822,18.39684932,56.25909589,913.02,6034.37,2707.47,1.635178082,6.6,12692.275
2075,Dhanusha,184,967,Millet,22.76063014,28.47980822,18.39684932,56.25909589,913.02,6034.37,2707.47,1.635178082,6.6,12692.275
2075,Dhanusha,0,0,Buckwheat,22.76063014,28.47980822,18.39684932,56.25909589,913.02,6034.37,2707.47,1.635178082,6.6,12692.275
2075,Dhanusha,36290,3216,Wheat,22.76063014,28.47980822,18.39684932,56.25909589,913.02,6034.37,2707.47,1.635178082,6.6,12692.275
2075,Dhanusha,2,1500,Barley,22.76063014,28.47980822,18.39684932,56.25909589,913.02,6034.37,2707.47,1.635178082,6.6,12692.275
2075,Dolakha,2901,2830,Paddy,1.788684932,7.365041096,-2.476876712,71.37093151,707.14,5763.58,2590.9,2.07660274,6.5,666.35
2075,Dolakha,6054,2811,Maize,1.788684932,7.365041096,-2.476876712,71.37093151,707.14,5763.58,2590.9,2.07660274,6.5,666.35
2075,Dolakha,3556,1338,Millet,1.788684932,7.365041096,-2.476876712,71.37093151,707.14,5763.58,2590.9,2.07660274,6.5,666.35
2075,Dolakha,899,1160,Buckwheat,1.788684932,7.365041096,-2.476876712,71.37093151,707.14,5763.58,2590.9,2.07660274,6.5,666.35
2075,Dolakha,4236,1950,Wheat,1.788684932,7.365041096,-2.476876712,71.37093151,707.14,5763.58,2590.9,2.07660274,6.5,666.35
2075,Dolakha,145,1193,Barley,1.788684932,7.365041096,-2.476876712,71.37093151,707.14,5763.58,2590.9,2.07660274,6.5,666.35
2075,Dolpa,198,1682,Paddy,-0.783808219,5.119479452,-5.558109589,67.49394521,1254.89,6185.69,2685.21,1.900767123,6.6,0
2075,Dolpa,2308,1364,Maize,-0.783808219,5.119479452,-5.558109589,67.49394521,1254.89,6185.69,2685.21,1.900767123,6.6,0
2075,Dolpa,277,1090,Millet,-0.783808219,5.119479452,-5.558109589,67.49394521,1254.89,6185.69,2685.21,1.900767123,6.6,0
2075,Dolpa,644,1057,Buckwheat,-0.783808219,5.119479452,-5.558109589,67.49394521,1254.89,6185.69,2685.21,1.900767123,6.6,0
2075,Dolpa,2794,1795,Wheat,-0.783808219,5.119479452,-5.558109589,67.49394521,1254.89,6185.69,2685.21,1.900767123,6.6,0
2075,Dolpa,355,969,Barley,-0.783808219,5.119479452,-5.558109589,67.49394521,1254.89,6185.69,2685.21,1.900767123,6.6,0
2075,Doti,9938,2360,Paddy,16.20473973,22.14635616,11.45986301,57.42194521,917.48,6587.55,2901.67,1.528547945,5.9,402.1
2075,Doti,3642,2360,Maize,16.20473973,22.14635616,11.45986301,57.42194521,917.48,6587.55,2901.67,1.528547945,5.9,402.1
2075,Doti,4577,1078,Millet,16.20473973,22.14635616,11.45986301,57.42194521,917.48,6587.55,2901.67,1.528547945,5.9,402.1
2075,Doti,12,917,Buckwheat,16.20473973,22.14635616,11.45986301,57.42194521,917.48,6587.55,2901.67,1.528547945,5.9,402.1
2075,Doti,12334,2251,Wheat,16.20473973,22.14635616,11.45986301,57.42194521,917.48,6587.55,2901.67,1.528547945,5.9,402.1
2075,Doti,187,936,Barley,16.20473973,22.14635616,11.45986301,57.42194521,917.48,6587.55,2901.67,1.528547945,5.9,402.1
2075,Gorkha,12347,3440,Paddy,14.72136986,19.82410959,10.73917808,65.13827397,1129.04,6300.33,2916.22,1.533205479,5.5,1263.25
2075,Gorkha,17567,2576,Maize,14.72136986,19.82410959,10.73917808,65.13827397,1129.04,6300.33,2916.22,1.533205479,5.5,1263.25
2075,Gorkha,11721,1271,Millet,14.72136986,19.82410959,10.73917808,65.13827397,1129.04,6300.33,2916.22,1.533205479,5.5,1263.25
2075,Gorkha,358,1045,Buckwheat,14.72136986,19.82410959,10.73917808,65.13827397,1129.04,6300.33,2916.22,1.533205479,5.5,1263.25
2075,Gorkha,3653,2177,Wheat,14.72136986,19.82410959,10.73917808,65.13827397,1129.04,6300.33,2916.22,1.533205479,5.5,1263.25
2075,Gorkha,97,1423,Barley,14.72136986,19.82410959,10.73917808,65.13827397,1129.04,6300.33,2916.22,1.533205479,5.5,1263.25
2075,Gulmi,8524,3210,Paddy,19.74367123,25.09460274,15.60038356,58.91473973,1648.48,6338.94,2937.19,1.688684932,6.1,609.3
2075,Gulmi,24086,2567,Maize,19.74367123,25.09460274,15.60038356,58.91473973,1648.48,6338.94,2937.19,1.688684932,6.1,609.3
2075,Gulmi,2997,1016,Millet,19.74367123,25.09460274,15.60038356,58.91473973,1648.48,6338.94,2937.19,1.688684932,6.1,609.3
2075,Gulmi,213,1192,Buckwheat,19.74367123,25.09460274,15.60038356,58.91473973,1648.48,6338.94,2937.19,1.688684932,6.1,609.3
2075,Gulmi,6601,2951,Wheat,19.74367123,25.09460274,15.60038356,58.91473973,1648.48,6338.94,2937.19,1.688684932,6.1,609.3
2075,Gulmi,242,1756,Barley,19.74367123,25.09460274,15.60038356,58.91473973,1648.48,6338.94,2937.19,1.688684932,6.1,609.3
2075,Humla,567,1621,Paddy,0.12060274,6.32369863,-4.856739726,69.00531507,529.66,7284.14,3042.35,2.068136986,6.5,0
2075,Humla,141,1809,Maize,0.12060274,6.32369863,-4.856739726,69.00531507,529.66,7284.14,3042.35,2.068136986,6.5,0
2075,Humla,1294,1157,Millet,0.12060274,6.32369863,-4.856739726,69.00531507,529.66,7284.14,3042.35,2.068136986,6.5,0
2075,Humla,632,1218,Buckwheat,0.12060274,6.32369863,-4.856739726,69.00531507,529.66,7284.14,3042.35,2.068136986,6.5,0
2075,Humla,957,1320,Wheat,0.12060274,6.32369863,-4.856739726,69.00531507,529.66,7284.14,3042.35,2.068136986,6.5,0
2075,Humla,614,1301,Barley,0.12060274,6.32369863,-4.856739726,69.00531507,529.66,7284.14,3042.35,2.068136986,6.5,0
2075,Illam,12887,2960,Paddy,18.19082192,23.17073973,14.54123288,69.05778082,1565.39,5407.32,2389.79,1.211780822,5.5,1066.75
2075,Illam,32798,3675,Maize,18.19082192,23.17073973,14.54123288,69.05778082,1565.39,5407.32,2389.79,1.211780822,5.5,1066.75
2075,Illam,1692,1168,Millet,18.19082192,23.17073973,14.54123288,69.05778082,1565.39,5407.32,2389.79,1.211780822,5.5,1066.75
2075,Illam,25,1200,Buckwheat,18.19082192,23.17073973,14.54123288,69.05778082,1565.39,5407.32,2389.79,1.211780822,5.5,1066.75
2075,Illam,4720,3273,Wheat,18.19082192,23.17073973,14.54123288,69.05778082,1565.39,5407.32,2389.79,1.211780822,5.5,1066.75
2075,Illam,47,1255,Barley,18.19082192,23.17073973,14.54123288,69.05778082,1565.39,5407.32,2389.79,1.211780822,5.5,1066.75
2075,Jajarkot,2451,3710,Paddy,22.10356164,27.7979726,17.63090411,55.84536986,1621.92,6185.69,2685.21,1.831287671,6.2,90.5
2075,Jajarkot,14693,2467,Maize,22.10356164,27.7979726,17.63090411,55.84536986,1621.92,6185.69,2685.21,1.831287671,6.2,90.5
2075,Jajarkot,1724,1111,Millet,22.10356164,27.7979726,17.63090411,55.84536986,1621.92,6185.69,2685.21,1.831287671,6.2,90.5
2075,Jajarkot,28,929,Buckwheat,22.10356164,27.7979726,17.63090411,55.84536986,1621.92,6185.69,2685.21,1.831287671,6.2,90.5
2075,Jajarkot,14003,1545,Wheat,22.10356164,27.7979726,17.63090411,55.84536986,1621.92,6185.69,2685.21,1.831287671,6.2,90.5
2075,Jajarkot,618,1123,Barley,22.10356164,27.7979726,17.63090411,55.84536986,1621.92,6185.69,2685.21,1.831287671,6.2,90.5
2075,Jhapa,85879,4260,Paddy,24.18621918,29.52986301,20.00715068,65.0280274,1538.7,5746.54,2581.77,1.514794521,5.7,12899.85
2075,Jhapa,38913,3897,Maize,24.18621918,29.52986301,20.00715068,65.0280274,1538.7,5746.54,2581.77,1.514794521,5.7,12899.85
2075,Jhapa,1224,1283,Millet,24.18621918,29.52986301,20.00715068,65.0280274,1538.7,5746.54,2581.77,1.514794521,5.7,12899.85
2075,Jhapa,1032,1181,Buckwheat,24.18621918,29.52986301,20.00715068,65.0280274,1538.7,5746.54,2581.77,1.514794521,5.7,12899.85
2075,Jhapa,7500,3927,Wheat,24.18621918,29.52986301,20.00715068,65.0280274,1538.7,5746.54,2581.77,1.514794521,5.7,12899.85
2075,Jhapa,4,1750,Barley,24.18621918,29.52986301,20.00715068,65.0280274,1538.7,5746.54,2581.77,1.514794521,5.7,12899.85
2075,Jumla,2821,2320,Paddy,9.324383562,15.75758904,4.29769863,63.68572603,783.88,6805.99,2875.65,1.665643836,6.5,0.4
2075,Jumla,4327,1510,Maize,9.324383562,15.75758904,4.29769863,63.68572603,783.88,6805.99,2875.65,1.665643836,6.5,0.4
2075,Jumla,3698,1051,Millet,9.324383562,15.75758904,4.29769863,63.68572603,783.88,6805.99,2875.65,1.665643836,6.5,0.4
2075,Jumla,77,1026,Buckwheat,9.324383562,15.75758904,4.29769863,63.68572603,783.88,6805.99,2875.65,1.665643836,6.5,0.4
2075,Jumla,2310,1820,Wheat,9.324383562,15.75758904,4.29769863,63.68572603,783.88,6805.99,2875.65,1.665643836,6.5,0.4
2075,Jumla,3379,1696,Barley,9.324383562,15.75758904,4.29769863,63.68572603,783.88,6805.99,2875.65,1.665643836,6.5,0.4
2075,Kailali,68347,4160,Paddy,25.4319726,31.91646575,20.2210411,53.04172603,1416.82,6055.47,2712.33,1.57490411,6.6,16395.374
2075,Kailali,6386,2871,Maize,25.4319726,31.91646575,20.2210411,53.04172603,1416.82,6055.47,2712.33,1.57490411,6.6,16395.374
2075,Kailali,363,1017,Millet,25.4319726,31.91646575,20.2210411,53.04172603,1416.82,6055.47,2712.33,1.57490411,6.6,16395.374
2075,Kailali,21,1238,Buckwheat,25.4319726,31.91646575,20.2210411,53.04172603,1416.82,6055.47,2712.33,1.57490411,6.6,16395.374
2075,Kailali,34994,3122,Wheat,25.4319726,31.91646575,20.2210411,53.04172603,1416.82,6055.47,2712.33,1.57490411,6.6,16395.374
2075,Kailali,175,1971,Barley,25.4319726,31.91646575,20.2210411,53.04172603,1416.82,6055.47,2712.33,1.57490411,6.6,16395.374
2075,Kalikot,2454,2360,Paddy,12.52515068,18.05257534,7.985589041,66.37147945,1247.17,6344.9,2751.8,1.565890411,6.2,2
2075,Kalikot,2998,2191,Maize,12.52515068,18.05257534,7.985589041,66.37147945,1247.17,6344.9,2751.8,1.565890411,6.2,2
2075,Kalikot,1228,1050,Millet,12.52515068,18.05257534,7.985589041,66.37147945,1247.17,6344.9,2751.8,1.565890411,6.2,2
2075,Kalikot,111,1135,Buckwheat,12.52515068,18.05257534,7.985589041,66.37147945,1247.17,6344.9,2751.8,1.565890411,6.2,2
2075,Kalikot,5039,1214,Wheat,12.52515068,18.05257534,7.985589041,66.37147945,1247.17,6344.9,2751.8,1.565890411,6.2,2
2075,Kalikot,829,1510,Barley,12.52515068,18.05257534,7.985589041,66.37147945,1247.17,6344.9,2751.8,1.565890411,6.2,2
2075,Kanchanpur,46215,3880,Paddy,21.80169863,28.24224658,16.65758904,55.32265753,1244.79,6051.52,2707.08,1.041342466,6.2,5835.45
2075,Kanchanpur,3168,2337,Maize,21.80169863,28.24224658,16.65758904,55.32265753,1244.79,6051.52,2707.08,1.041342466,6.2,5835.45
2075,Kanchanpur,0,0,Millet,21.80169863,28.24224658,16.65758904,55.32265753,1244.79,6051.52,2707.08,1.041342466,6.2,5835.45
2075,Kanchanpur,0,0,Buckwheat,21.80169863,28.24224658,16.65758904,55.32265753,1244.79,6051.52,2707.08,1.041342466,6.2,5835.45
2075,Kanchanpur,33073,2556,Wheat,21.80169863,28.24224658,16.65758904,55.32265753,1244.79,6051.52,2707.08,1.041342466,6.2,5835.45
2075,Kanchanpur,8,1250,Barley,21.80169863,28.24224658,16.65758904,55.32265753,1244.79,6051.52,2707.08,1.041342466,6.2,5835.45
2075,Kapilbastu,67216,3540,Paddy,25.30652055,31.64145205,20.1949589,53.80383562,1529.33,6338.94,2937.19,1.816794521,6.9,17671.75
2075,Kapilbastu,2688,3647,Maize,25.30652055,31.64145205,20.1949589,53.80383562,1529.33,6338.94,2937.19,1.816794521,6.9,17671.75
2075,Kapilbastu,0,0,Millet,25.30652055,31.64145205,20.1949589,53.80383562,1529.33,6338.94,2937.19,1.816794521,6.9,17671.75
2075,Kapilbastu,0,0,Buckwheat,25.30652055,31.64145205,20.1949589,53.80383562,1529.33,6338.94,2937.19,1.816794521,6.9,17671.75
2075,Kapilbastu,25667,4049,Wheat,25.30652055,31.64145205,20.1949589,53.80383562,1529.33,6338.94,2937.19,1.816794521,6.9,17671.75
2075,Kapilbastu,178,1843,Barley,25.30652055,31.64145205,20.1949589,53.80383562,1529.33,6338.94,2937.19,1.816794521,6.9,17671.75
2075,Kaski,20387,3750,Paddy,4.961068493,9.949260274,1.021013699,74.48917808,1352.94,5900.47,2602.15,1.61109589,6.7,1892
2075,Kaski,13624,2542,Maize,4.961068493,9.949260274,1.021013699,74.48917808,1352.94,5900.47,2602.15,1.61109589,6.7,1892
2075,Kaski,15441,1229,Millet,4.961068493,9.949260274,1.021013699,74.48917808,1352.94,5900.47,2602.15,1.61109589,6.7,1892
2075,Kaski,12,1250,Buckwheat,4.961068493,9.949260274,1.021013699,74.48917808,1352.94,5900.47,2602.15,1.61109589,6.7,1892
2075,Kaski,5951,2235,Wheat,4.961068493,9.949260274,1.021013699,74.48917808,1352.94,5900.47,2602.15,1.61109589,6.7,1892
2075,Kaski,110,1555,Barley,4.961068493,9.949260274,1.021013699,74.48917808,1352.94,5900.47,2602.15,1.61109589,6.7,1892
2075,Kathmandu,6015,4380,Paddy,18.96068493,24.24008219,14.94460274,60.57865753,940.48,6164.56,2752.39,1.463123288,6.5,2277.05
2075,Kathmandu,6420,3840,Maize,18.96068493,24.24008219,14.94460274,60.57865753,940.48,6164.56,2752.39,1.463123288,6.5,2277.05
2075,Kathmandu,608,1049,Millet,18.96068493,24.24008219,14.94460274,60.57865753,940.48,6164.56,2752.39,1.463123288,6.5,2277.05
2075,Kathmandu,4,1250,Buckwheat,18.96068493,24.24008219,14.94460274,60.57865753,940.48,6164.56,2752.39,1.463123288,6.5,2277.05
2075,Kathmandu,2141,4139,Wheat,18.96068493,24.24008219,14.94460274,60.57865753,940.48,6164.56,2752.39,1.463123288,6.5,2277.05
2075,Kathmandu,3,1000,Barley,18.96068493,24.24008219,14.94460274,60.57865753,940.48,6164.56,2752.39,1.463123288,6.5,2277.05
2075,Kavre,11136,3840,Paddy,18.96068493,24.24008219,14.94460274,60.57865753,940.48,6164.56,2752.39,1.463123288,5.7,9968.9
2075,Kavre,24643,3108,Maize,18.96068493,24.24008219,14.94460274,60.57865753,940.48,6164.56,2752.39,1.463123288,5.7,9968.9
2075,Kavre,3595,1162,Millet,18.96068493,24.24008219,14.94460274,60.57865753,940.48,6164.56,2752.39,1.463123288,5.7,9968.9
2075,Kavre,593,1000,Buckwheat,18.96068493,24.24008219,14.94460274,60.57865753,940.48,6164.56,2752.39,1.463123288,5.7,9968.9
2075,Kavre,8292,2898,Wheat,18.96068493,24.24008219,14.94460274,60.57865753,940.48,6164.56,2752.39,1.463123288,5.7,9968.9
2075,Kavre,357,1669,Barley,18.96068493,24.24008219,14.94460274,60.57865753,940.48,6164.56,2752.39,1.463123288,5.7,9968.9
2075,Khotang,12192,2810,Paddy,13.50134247,18.692,9.620734384,65.67421918,869.89,5763.58,2590.9,1.548136986,5.5,386.85
2075,Khotang,42621,2211,Maize,13.50134247,18.692,9.620734384,65.67421918,869.89,5763.58,2590.9,1.548136986,5.5,386.85
2075,Khotang,23744,1114,Millet,13.50134247,18.692,9.620734384,65.67421918,869.89,5763.58,2590.9,1.548136986,5.5,386.85
2075,Khotang,575,936,Buckwheat,13.50134247,18.692,9.620734384,65.67421918,869.89,5763.58,2590.9,1.548136986,5.5,386.85
2075,Khotang,5169,2435,Wheat,13.50134247,18.692,9.620734384,65.67421918,869.89,5763.58,2590.9,1.548136986,5.5,386.85
2075,Khotang,355,1366,Barley,13.50134247,18.692,9.620734384,65.67421918,869.89,5763.58,2590.9,1.548136986,5.5,386.85
2075,Lalitpur,4211,4420,Paddy,18.96068493,24.24008219,14.94460274,60.57865753,940.48,6164.56,2752.39,1.463123288,6.9,993.6
2075,Lalitpur,9165,3410,Maize,18.96068493,24.24008219,14.94460274,60.57865753,940.48,6164.56,2752.39,1.463123288,6.9,993.6
2075,Lalitpur,560,1029,Millet,18.96068493,24.24008219,14.94460274,60.57865753,940.48,6164.56,2752.39,1.463123288,6.9,993.6
2075,Lalitpur,44,1023,Buckwheat,18.96068493,24.24008219,14.94460274,60.57865753,940.48,6164.56,2752.39,1.463123288,6.9,993.6
2075,Lalitpur,2601,3410,Wheat,18.96068493,24.24008219,14.94460274,60.57865753,940.48,6164.56,2752.39,1.463123288,6.9,993.6
2075,Lalitpur,40,1325,Barley,18.96068493,24.24008219,14.94460274,60.57865753,940.48,6164.56,2752.39,1.463123288,6.9,993.6
2075,Lamjung,14576,3410,Paddy,4.961068493,9.949260274,1.021013699,74.48917808,1352.94,5900.47,2602.15,1.61109589,5.4,716.9
2075,Lamjung,9935,2410,Maize,4.961068493,9.949260274,1.021013699,74.48917808,1352.94,5900.47,2602.15,1.61109589,5.4,716.9
2075,Lamjung,7511,971,Millet,4.961068493,9.949260274,1.021013699,74.48917808,1352.94,5900.47,2602.15,1.61109589,5.4,716.9
2075,Lamjung,13,1000,Buckwheat,4.961068493,9.949260274,1.021013699,74.48917808,1352.94,5900.47,2602.15,1.61109589,5.4,716.9
2075,Lamjung,1627,849,Wheat,4.961068493,9.949260274,1.021013699,74.48917808,1352.94,5900.47,2602.15,1.61109589,5.4,716.9
2075,Lamjung,36,1472,Barley,4.961068493,9.949260274,1.021013699,74.48917808,1352.94,5900.47,2602.15,1.61109589,5.4,716.9
2075,Mahottari,40124,3460,Paddy,26.4250137,33.16939726,20.7240274,51.6969589,768.44,6034.37,2707.47,2.015068493,6.8,11093.325
2075,Mahottari,9714,2564,Maize,26.4250137,33.16939726,20.7240274,51.6969589,768.44,6034.37,2707.47,2.015068493,6.8,11093.325
2075,Mahottari,0,0,Millet,26.4250137,33.16939726,20.7240274,51.6969589,768.44,6034.37,2707.47,2.015068493,6.8,11093.325
2075,Mahottari,0,0,Buckwheat,26.4250137,33.16939726,20.7240274,51.6969589,768.44,6034.37,2707.47,2.015068493,6.8,11093.325
2075,Mahottari,24292,2966,Wheat,26.4250137,33.16939726,20.7240274,51.6969589,768.44,6034.37,2707.47,2.015068493,6.8,11093.325
2075,Mahottari,8,1000,Barley,26.4250137,33.16939726,20.7240274,51.6969589,768.44,6034.37,2707.47,2.015068493,6.8,11093.325
2075,Makwanpur,11520,3910,Paddy,22.01912329,27.58863014,17.68145205,57.55005479,1116.39,6300.33,2916.22,1.454109589,5.9,5552.6
2075,Makwanpur,25886,3157,Maize,22.01912329,27.58863014,17.68145205,57.55005479,1116.39,6300.33,2916.22,1.454109589,5.9,5552.6
2075,Makwanpur,2774,1250,Millet,22.01912329,27.58863014,17.68145205,57.55005479,1116.39,6300.33,2916.22,1.454109589,5.9,5552.6
2075,Makwanpur,184,1076,Buckwheat,22.01912329,27.58863014,17.68145205,57.55005479,1116.39,6300.33,2916.22,1.454109589,5.9,5552.6
2075,Makwanpur,3915,3372,Wheat,22.01912329,27.58863014,17.68145205,57.55005479,1116.39,6300.33,2916.22,1.454109589,5.9,5552.6
2075,Makwanpur,252,1409,Barley,22.01912329,27.58863014,17.68145205,57.55005479,1116.39,6300.33,2916.22,1.454109589,5.9,5552.6
2075,Manang,0,0,Paddy,4.961068493,9.949260274,1.021013699,74.48917808,1352.94,5900.47,2602.15,1.61109589,6.3,5.6
2075,Manang,68,1574,Maize,4.961068493,9.949260274,1.021013699,74.48917808,1352.94,5900.47,2602.15,1.61109589,6.3,5.6
2075,Manang,0,0,Millet,4.961068493,9.949260274,1.021013699,74.48917808,1352.94,5900.47,2602.15,1.61109589,6.3,5.6
2075,Manang,263,1867,Buckwheat,4.961068493,9.949260274,1.021013699,74.48917808,1352.94,5900.47,2602.15,1.61109589,6.3,5.6
2075,Manang,199,1397,Wheat,4.961068493,9.949260274,1.021013699,74.48917808,1352.94,5900.47,2602.15,1.61109589,6.3,5.6
2075,Manang,109,1752,Barley,4.961068493,9.949260274,1.021013699,74.48917808,1352.94,5900.47,2602.15,1.61109589,6.3,5.6
2075,Morang,87800,4140,Paddy,24.63136986,30.49775342,19.9799726,59.45052055,1036.42,5746.54,2581.77,1.643315068,6.8,21332.88
2075,Morang,17290,3881,Maize,24.63136986,30.49775342,19.9799726,59.45052055,1036.42,5746.54,2581.77,1.643315068,6.8,21332.88
2075,Morang,1321,1216,Millet,24.63136986,30.49775342,19.9799726,59.45052055,1036.42,5746.54,2581.77,1.643315068,6.8,21332.88
2075,Morang,59,1051,Buckwheat,24.63136986,30.49775342,19.9799726,59.45052055,1036.42,5746.54,2581.77,1.643315068,6.8,21332.88
2075,Morang,12305,3476,Wheat,24.63136986,30.49775342,19.9799726,59.45052055,1036.42,5746.54,2581.77,1.643315068,6.8,21332.88
2075,Morang,0,0,Barley,24.63136986,30.49775342,19.9799726,59.45052055,1036.42,5746.54,2581.77,1.643315068,6.8,21332.88
2075,Mugu,903,1330,Paddy,12.52515068,18.05257534,7.985589041,66.37147945,1247.17,6344.9,2751.8,1.565890411,5.7,0
2075,Mugu,588,1588,Maize,12.52515068,18.05257534,7.985589041,66.37147945,1247.17,6344.9,2751.8,1.565890411,5.7,0
2075,Mugu,4219,770,Millet,12.52515068,18.05257534,7.985589041,66.37147945,1247.17,6344.9,2751.8,1.565890411,5.7,0
2075,Mugu,455,947,Buckwheat,12.52515068,18.05257534,7.985589041,66.37147945,1247.17,6344.9,2751.8,1.565890411,5.7,0
2075,Mugu,3255,1008,Wheat,12.52515068,18.05257534,7.985589041,66.37147945,1247.17,6344.9,2751.8,1.565890411,5.7,0
2075,Mugu,1036,1109,Barley,12.52515068,18.05257534,7.985589041,66.37147945,1247.17,6344.9,2751.8,1.565890411,5.7,0
2075,Mustang,0,0,Paddy,8.027315068,13.26054795,3.950356164,69.96054795,1573.5,5975.1,2585.92,1.553808219,7.3,18.05
2075,Mustang,551,1670,Maize,8.027315068,13.26054795,3.950356164,69.96054795,1573.5,5975.1,2585.92,1.553808219,7.3,18.05
2075,Mustang,0,0,Millet,8.027315068,13.26054795,3.950356164,69.96054795,1573.5,5975.1,2585.92,1.553808219,7.3,18.05
2075,Mustang,544,1757,Buckwheat,8.027315068,13.26054795,3.950356164,69.96054795,1573.5,5975.1,2585.92,1.553808219,7.3,18.05
2075,Mustang,544,1890,Wheat,8.027315068,13.26054795,3.950356164,69.96054795,1573.5,5975.1,2585.92,1.553808219,7.3,18.05
2075,Mustang,255,1878,Barley,8.027315068,13.26054795,3.950356164,69.96054795,1573.5,5975.1,2585.92,1.553808219,7.3,18.05
2075,Myagdi,3884,3430,Paddy,8.027315068,13.26054795,3.950356164,69.96054795,1573.5,5975.1,2585.92,1.553808219,5.8,177.3
2075,Myagdi,9431,3467,Maize,8.027315068,13.26054795,3.950356164,69.96054795,1573.5,5975.1,2585.92,1.553808219,5.8,177.3
2075,Myagdi,2531,1330,Millet,8.027315068,13.26054795,3.950356164,69.96054795,1573.5,5975.1,2585.92,1.553808219,5.8,177.3
2075,Myagdi,141,979,Buckwheat,8.027315068,13.26054795,3.950356164,69.96054795,1573.5,5975.1,2585.92,1.553808219,5.8,177.3
2075,Myagdi,2861,2493,Wheat,8.027315068,13.26054795,3.950356164,69.96054795,1573.5,5975.1,2585.92,1.553808219,5.8,177.3
2075,Myagdi,274,1350,Barley,8.027315068,13.26054795,3.950356164,69.96054795,1573.5,5975.1,2585.92,1.553808219,5.8,177.3
2075,Nawalparasi,42008,8322,Paddy,24.82282192,31.01463014,19.71958904,55.72813699,1454.67,6338.94,2937.19,1.567342466,5.9,11424.376
2075,Nawalparasi,9302,5024,Maize,24.82282192,31.01463014,19.71958904,55.72813699,1454.67,6338.94,2937.19,1.567342466,5.9,11424.376
2075,Nawalparasi,472,2070,Millet,24.82282192,31.01463014,19.71958904,55.72813699,1454.67,6338.94,2937.19,1.567342466,5.9,11424.376
2075,Nawalparasi,159,1962,Buckwheat,24.82282192,31.01463014,19.71958904,55.72813699,1454.67,6338.94,2937.19,1.567342466,5.9,11424.376
2075,Nawalparasi,16818,5476,Wheat,24.82282192,31.01463014,19.71958904,55.72813699,1454.67,6338.94,2937.19,1.567342466,5.9,11424.376
2075,Nawalparasi,13,2472,Barley,24.82282192,31.01463014,19.71958904,55.72813699,1454.67,6338.94,2937.19,1.567342466,5.9,11424.376
2075,Nuwakot,16678,4320,Paddy,8.934273973,14.40216438,4.700109589,67.70336986,831.39,6164.56,2752.39,1.739808219,5.7,6477.05
2075,Nuwakot,16879,3534,Maize,8.934273973,14.40216438,4.700109589,67.70336986,831.39,6164.56,2752.39,1.739808219,5.7,6477.05
2075,Nuwakot,5158,1237,Millet,8.934273973,14.40216438,4.700109589,67.70336986,831.39,6164.56,2752.39,1.739808219,5.7,6477.05
2075,Nuwakot,177,1034,Buckwheat,8.934273973,14.40216438,4.700109589,67.70336986,831.39,6164.56,2752.39,1.739808219,5.7,6477.05
2075,Nuwakot,4134,3403,Wheat,8.934273973,14.40216438,4.700109589,67.70336986,831.39,6164.56,2752.39,1.739808219,5.7,6477.05
2075,Nuwakot,152,1289,Barley,8.934273973,14.40216438,4.700109589,67.70336986,831.39,6164.56,2752.39,1.739808219,5.7,6477.05
2075,Okhaldhunga,3928,2640,Paddy,13.50134247,18.692,9.620734384,65.67421918,869.89,5763.58,2590.9,1.548136986,5.7,215
2075,Okhaldhunga,12937,2578,Maize,13.50134247,18.692,9.620734384,65.67421918,869.89,5763.58,2590.9,1.548136986,5.7,215
2075,Okhaldhunga,7988,1913,Millet,13.50134247,18.692,9.620734384,65.67421918,869.89,5763.58,2590.9,1.548136986,5.7,215
2075,Okhaldhunga,96,938,Buckwheat,13.50134247,18.692,9.620734384,65.67421918,869.89,5763.58,2590.9,1.548136986,5.7,215
2075,Okhaldhunga,2210,2086,Wheat,13.50134247,18.692,9.620734384,65.67421918,869.89,5763.58,2590.9,1.548136986,5.7,215
2075,Okhaldhunga,88,1693,Barley,13.50134247,18.692,9.620734384,65.67421918,869.89,5763.58,2590.9,1.548136986,5.7,215
2075,Palpa,7954,4110,Paddy,18.95630137,23.95712329,14.99643836,62.92334247,1641.29,6338.94,2937.19,1.484712329,5.9,1614.525
2075,Palpa,21031,2312,Maize,18.95630137,23.95712329,14.99643836,62.92334247,1641.29,6338.94,2937.19,1.484712329,5.9,1614.525
2075,Palpa,2634,1060,Millet,18.95630137,23.95712329,14.99643836,62.92334247,1641.29,6338.94,2937.19,1.484712329,5.9,1614.525
2075,Palpa,432,942,Buckwheat,18.95630137,23.95712329,14.99643836,62.92334247,1641.29,6338.94,2937.19,1.484712329,5.9,1614.525
2075,Palpa,5741,2562,Wheat,18.95630137,23.95712329,14.99643836,62.92334247,1641.29,6338.94,2937.19,1.484712329,5.9,1614.525
2075,Palpa,19,1737,Barley,18.95630137,23.95712329,14.99643836,62.92334247,1641.29,6338.94,2937.19,1.484712329,5.9,1614.525
2075,Panchthar,8134,2610,Paddy,10.39630137,15.75739726,6.417589041,74.64043836,949.09,5407.32,2389.79,1.806136986,5.7,193.6
2075,Panchthar,18879,1982,Maize,10.39630137,15.75739726,6.417589041,74.64043836,949.09,5407.32,2389.79,1.806136986,5.7,193.6
2075,Panchthar,4751,1914,Millet,10.39630137,15.75739726,6.417589041,74.64043836,949.09,5407.32,2389.79,1.806136986,5.7,193.6
2075,Panchthar,59,729,Buckwheat,10.39630137,15.75739726,6.417589041,74.64043836,949.09,5407.32,2389.79,1.806136986,5.7,193.6
2075,Panchthar,3055,2428,Wheat,10.39630137,15.75739726,6.417589041,74.64043836,949.09,5407.32,2389.79,1.806136986,5.7,193.6
2075,Panchthar,302,1341,Barley,10.39630137,15.75739726,6.417589041,74.64043836,949.09,5407.32,2389.79,1.806136986,5.7,193.6
2075,Parbat,8434,3140,Paddy,8.027315068,13.26054795,3.950356164,69.96054795,1573.5,5975.1,2585.92,1.553808219,5.7,688.6
2075,Parbat,13673,2320,Maize,8.027315068,13.26054795,3.950356164,69.96054795,1573.5,5975.1,2585.92,1.553808219,5.7,688.6
2075,Parbat,8502,941,Millet,8.027315068,13.26054795,3.950356164,69.96054795,1573.5,5975.1,2585.92,1.553808219,5.7,688.6
2075,Parbat,44,1023,Buckwheat,8.027315068,13.26054795,3.950356164,69.96054795,1573.5,5975.1,2585.92,1.553808219,5.7,688.6
2075,Parbat,2646,2560,Wheat,8.027315068,13.26054795,3.950356164,69.96054795,1573.5,5975.1,2585.92,1.553808219,5.7,688.6
2075,Parbat,79,1316,Barley,8.027315068,13.26054795,3.950356164,69.96054795,1573.5,5975.1,2585.92,1.553808219,5.7,688.6
2075,Parsa,46697,4110,Paddy,25.7829863,32.28457534,20.33060274,54.07463014,1065.63,6300.33,2916.22,1.785287671,6.9,22471.625
2075,Parsa,4412,3847,Maize,25.7829863,32.28457534,20.33060274,54.07463014,1065.63,6300.33,2916.22,1.785287671,6.9,22471.625
2075,Parsa,0,0,Millet,25.7829863,32.28457534,20.33060274,54.07463014,1065.63,6300.33,2916.22,1.785287671,6.9,22471.625
2075,Parsa,0,0,Buckwheat,25.7829863,32.28457534,20.33060274,54.07463014,1065.63,6300.33,2916.22,1.785287671,6.9,22471.625
2075,Parsa,21981,3574,Wheat,25.7829863,32.28457534,20.33060274,54.07463014,1065.63,6300.33,2916.22,1.785287671,6.9,22471.625
2075,Parsa,30,1367,Barley,25.7829863,32.28457534,20.33060274,54.07463014,1065.63,6300.33,2916.22,1.785287671,6.9,22471.625
2075,Pyuthan,6264,3910,Paddy,22.10356164,27.7979726,17.63090411,55.84536986,1621.92,6185.69,2685.21,1.831287671,6.5,580.05
2075,Pyuthan,11354,2217,Maize,22.10356164,27.7979726,17.63090411,55.84536986,1621.92,6185.69,2685.21,1.831287671,6.5,580.05
2075,Pyuthan,2088,1113,Millet,22.10356164,27.7979726,17.63090411,55.84536986,1621.92,6185.69,2685.21,1.831287671,6.5,580.05
2075,Pyuthan,11,1091,Buckwheat,22.10356164,27.7979726,17.63090411,55.84536986,1621.92,6185.69,2685.21,1.831287671,6.5,580.05
2075,Pyuthan,8036,3097,Wheat,22.10356164,27.7979726,17.63090411,55.84536986,1621.92,6185.69,2685.21,1.831287671,6.5,580.05
2075,Pyuthan,467,1632,Barley,22.10356164,27.7979726,17.63090411,55.84536986,1621.92,6185.69,2685.21,1.831287671,6.5,580.05
2075,Ramechap,8909,3130,Paddy,13.50134247,18.692,9.620734384,65.67421918,869.89,5763.58,2590.9,1.548136986,5.4,959.9
2075,Ramechap,22034,2876,Maize,13.50134247,18.692,9.620734384,65.67421918,869.89,5763.58,2590.9,1.548136986,5.4,959.9
2075,Ramechap,4933,1156,Millet,13.50134247,18.692,9.620734384,65.67421918,869.89,5763.58,2590.9,1.548136986,5.4,959.9
2075,Ramechap,17,1000,Buckwheat,13.50134247,18.692,9.620734384,65.67421918,869.89,5763.58,2590.9,1.548136986,5.4,959.9
2075,Ramechap,3899,2261,Wheat,13.50134247,18.692,9.620734384,65.67421918,869.89,5763.58,2590.9,1.548136986,5.4,959.9
2075,Ramechap,62,1290,Barley,13.50134247,18.692,9.620734384,65.67421918,869.89,5763.58,2590.9,1.548136986,5.4,959.9
2075,Rasuwa,1256,3250,Paddy,8.934273973,14.40216438,4.700109589,67.70336986,831.39,6322.88,2747.31,1.739808219,6.1,150.45
2075,Rasuwa,2507,2400,Maize,8.934273973,14.40216438,4.700109589,67.70336986,831.39,6322.88,2747.31,1.739808219,6.1,150.45
2075,Rasuwa,831,1071,Millet,8.934273973,14.40216438,4.700109589,67.70336986,831.39,6322.88,2747.31,1.739808219,6.1,150.45
2075,Rasuwa,0,0,Buckwheat,8.934273973,14.40216438,4.700109589,67.70336986,831.39,6322.88,2747.31,1.739808219,6.1,150.45
2075,Rasuwa,701,1956,Wheat,8.934273973,14.40216438,4.700109589,67.70336986,831.39,6322.88,2747.31,1.739808219,6.1,150.45
2075,Rasuwa,254,1276,Barley,8.934273973,14.40216438,4.700109589,67.70336986,831.39,6322.88,2747.31,1.739808219,6.1,150.45
2075,Rautahat,39519,3410,Paddy,24.85238356,31.02175342,19.9769589,52.96254795,904.3,6034.37,2707.47,1.67909589,6.8,14113.45
2075,Rautahat,3416,3193,Maize,24.85238356,31.02175342,19.9769589,52.96254795,904.3,6034.37,2707.47,1.67909589,6.8,14113.45
2075,Rautahat,66,1061,Millet,24.85238356,31.02175342,19.9769589,52.96254795,904.3,6034.37,2707.47,1.67909589,6.8,14113.45
2075,Rautahat,0,0,Buckwheat,24.85238356,31.02175342,19.9769589,52.96254795,904.3,6034.37,2707.47,1.67909589,6.8,14113.45
2075,Rautahat,14982,3586,Wheat,24.85238356,31.02175342,19.9769589,52.96254795,904.3,6034.37,2707.47,1.67909589,6.8,14113.45
2075,Rautahat,3,1333,Barley,24.85238356,31.02175342,19.9769589,52.96254795,904.3,6034.37,2707.47,1.67909589,6.8,14113.45
2075,Rolpa,4407,3250,Paddy,14.85641096,20.56438356,10.27509589,63.02194521,1538.45,6185.69,2685.21,1.702876712,6.1,231.4
2075,Rolpa,13264,2587,Maize,14.85641096,20.56438356,10.27509589,63.02194521,1538.45,6185.69,2685.21,1.702876712,6.1,231.4
2075,Rolpa,1024,1135,Millet,14.85641096,20.56438356,10.27509589,63.02194521,1538.45,6185.69,2685.21,1.702876712,6.1,231.4
2075,Rolpa,114,895,Buckwheat,14.85641096,20.56438356,10.27509589,63.02194521,1538.45,6185.69,2685.21,1.702876712,6.1,231.4
2075,Rolpa,8417,2934,Wheat,14.85641096,20.56438356,10.27509589,63.02194521,1538.45,6185.69,2685.21,1.702876712,6.1,231.4
2075,Rolpa,560,1168,Barley,14.85641096,20.56438356,10.27509589,63.02194521,1538.45,6185.69,2685.21,1.702876712,6.1,231.4
2075,Rukum,3510,5332,Paddy,14.85641096,20.56438356,10.27509589,63.02194521,1538.45,6176.3,2679.45,1.702876712,6.8,239.575
2075,Rukum,16938,4684,Maize,14.85641096,20.56438356,10.27509589,63.02194521,1538.45,6176.3,2679.45,1.702876712,6.8,239.575
2075,Rukum,921,2656,Millet,14.85641096,20.56438356,10.27509589,63.02194521,1538.45,6176.3,2679.45,1.702876712,6.8,239.575
2075,Rukum,0,0,Buckwheat,14.85641096,20.56438356,10.27509589,63.02194521,1538.45,6176.3,2679.45,1.702876712,6.8,239.575
2075,Rukum,10932,5213,Wheat,14.85641096,20.56438356,10.27509589,63.02194521,1538.45,6176.3,2679.45,1.702876712,6.8,239.575
2075,Rukum,812,2513,Barley,14.85641096,20.56438356,10.27509589,63.02194521,1538.45,6176.3,2679.45,1.702876712,6.8,239.575
2075,Rupandehi,64213,4150,Paddy,24.82282192,31.01463014,19.71958904,55.72813699,1454.67,6338.94,2937.19,1.567342466,6.6,32066.225
2075,Rupandehi,2691,3910,Maize,24.82282192,31.01463014,19.71958904,55.72813699,1454.67,6338.94,2937.19,1.567342466,6.6,32066.225
2075,Rupandehi,41,1122,Millet,24.82282192,31.01463014,19.71958904,55.72813699,1454.67,6338.94,2937.19,1.567342466,6.6,32066.225
2075,Rupandehi,0,0,Buckwheat,24.82282192,31.01463014,19.71958904,55.72813699,1454.67,6338.94,2937.19,1.567342466,6.6,32066.225
2075,Rupandehi,26460,3471,Wheat,24.82282192,31.01463014,19.71958904,55.72813699,1454.67,6338.94,2937.19,1.567342466,6.6,32066.225
2075,Rupandehi,75,2587,Barley,24.82282192,31.01463014,19.71958904,55.72813699,1454.67,6338.94,2937.19,1.567342466,6.6,32066.225
2075,Salyan,6712,4090,Paddy,22.10356164,27.7979726,17.63090411,55.84536986,1621.92,6185.69,2685.21,1.831287671,5.9,785.7
2075,Salyan,20679,2289,Maize,22.10356164,27.7979726,17.63090411,55.84536986,1621.92,6185.69,2685.21,1.831287671,5.9,785.7
2075,Salyan,1015,1109,Millet,22.10356164,27.7979726,17.63090411,55.84536986,1621.92,6185.69,2685.21,1.831287671,5.9,785.7
2075,Salyan,58,1172,Buckwheat,22.10356164,27.7979726,17.63090411,55.84536986,1621.92,6185.69,2685.21,1.831287671,5.9,785.7
2075,Salyan,13914,2323,Wheat,22.10356164,27.7979726,17.63090411,55.84536986,1621.92,6185.69,2685.21,1.831287671,5.9,785.7
2075,Salyan,952,1334,Barley,22.10356164,27.7979726,17.63090411,55.84536986,1621.92,6185.69,2685.21,1.831287671,5.9,785.7
2075,Sankhuwashava,12134,2680,Paddy,10.39630137,15.75739726,6.417589041,74.64043836,949.09,5407.32,2389.79,1.806136986,5.6,807.6
2075,Sankhuwashava,12457,1939,Maize,10.39630137,15.75739726,6.417589041,74.64043836,949.09,5407.32,2389.79,1.806136986,5.6,807.6
2075,Sankhuwashava,6663,1269,Millet,10.39630137,15.75739726,6.417589041,74.64043836,949.09,5407.32,2389.79,1.806136986,5.6,807.6
2075,Sankhuwashava,18,1000,Buckwheat,10.39630137,15.75739726,6.417589041,74.64043836,949.09,5407.32,2389.79,1.806136986,5.6,807.6
2075,Sankhuwashava,715,2249,Wheat,10.39630137,15.75739726,6.417589041,74.64043836,949.09,5407.32,2389.79,1.806136986,5.6,807.6
2075,Sankhuwashava,15,1133,Barley,10.39630137,15.75739726,6.417589041,74.64043836,949.09,5407.32,2389.79,1.806136986,5.6,807.6
2075,Saptari,52241,3520,Paddy,25.18271233,31.08005479,20.3849863,57.79624658,1015.14,5995.5,2689.97,1.74939726,6.6,13866.35
2075,Saptari,3854,2854,Maize,25.18271233,31.08005479,20.3849863,57.79624658,1015.14,5995.5,2689.97,1.74939726,6.6,13866.35
2075,Saptari,189,1275,Millet,25.18271233,31.08005479,20.3849863,57.79624658,1015.14,5995.5,2689.97,1.74939726,6.6,13866.35
2075,Saptari,0,0,Buckwheat,25.18271233,31.08005479,20.3849863,57.79624658,1015.14,5995.5,2689.97,1.74939726,6.6,13866.35
2075,Saptari,15273,3477,Wheat,25.18271233,31.08005479,20.3849863,57.79624658,1015.14,5995.5,2689.97,1.74939726,6.6,13866.35
2075,Saptari,0,0,Barley,25.18271233,31.08005479,20.3849863,57.79624658,1015.14,5995.5,2689.97,1.74939726,6.6,13866.35
2075,Sarlahi,48769,3560,Paddy,24.85238356,31.02175342,19.9769589,52.96254795,904.3,6034.37,2707.47,1.67909589,6.6,11474.25
2075,Sarlahi,11123,3241,Maize,24.85238356,31.02175342,19.9769589,52.96254795,904.3,6034.37,2707.47,1.67909589,6.6,11474.25
2075,Sarlahi,747,874,Millet,24.85238356,31.02175342,19.9769589,52.96254795,904.3,6034.37,2707.47,1.67909589,6.6,11474.25
2075,Sarlahi,0,0,Buckwheat,24.85238356,31.02175342,19.9769589,52.96254795,904.3,6034.37,2707.47,1.67909589,6.6,11474.25
2075,Sarlahi,22462,3301,Wheat,24.85238356,31.02175342,19.9769589,52.96254795,904.3,6034.37,2707.47,1.67909589,6.6,11474.25
2075,Sarlahi,62,1113,Barley,24.85238356,31.02175342,19.9769589,52.96254795,904.3,6034.37,2707.47,1.67909589,6.6,11474.25
2075,Sindhuli,14287,3750,Paddy,22.76063014,28.47980822,18.39684932,56.25909589,913.02,5763.58,2590.9,1.635178082,6,2854.1
2075,Sindhuli,25136,3194,Maize,22.76063014,28.47980822,18.39684932,56.25909589,913.02,5763.58,2590.9,1.635178082,6,2854.1
2075,Sindhuli,11801,1098,Millet,22.76063014,28.47980822,18.39684932,56.25909589,913.02,5763.58,2590.9,1.635178082,6,2854.1
2075,Sindhuli,498,952,Buckwheat,22.76063014,28.47980822,18.39684932,56.25909589,913.02,5763.58,2590.9,1.635178082,6,2854.1
2075,Sindhuli,5645,3068,Wheat,22.76063014,28.47980822,18.39684932,56.25909589,913.02,5763.58,2590.9,1.635178082,6,2854.1
2075,Sindhuli,42,1571,Barley,22.76063014,28.47980822,18.39684932,56.25909589,913.02,5763.58,2590.9,1.635178082,6,2854.1
2075,Sindhupalchok,12547,2870,Paddy,8.934273973,14.40216438,4.700109589,67.70336986,831.39,6164.56,2752.39,1.739808219,5.6,2467.25
2075,Sindhupalchok,24687,2813,Maize,8.934273973,14.40216438,4.700109589,67.70336986,831.39,6164.56,2752.39,1.739808219,5.6,2467.25
2075,Sindhupalchok,16659,1312,Millet,8.934273973,14.40216438,4.700109589,67.70336986,831.39,6164.56,2752.39,1.739808219,5.6,2467.25
2075,Sindhupalchok,0,0,Buckwheat,8.934273973,14.40216438,4.700109589,67.70336986,831.39,6164.56,2752.39,1.739808219,5.6,2467.25
2075,Sindhupalchok,6927,1163,Wheat,8.934273973,14.40216438,4.700109589,67.70336986,831.39,6164.56,2752.39,1.739808219,5.6,2467.25
2075,Sindhupalchok,172,1157,Barley,8.934273973,14.40216438,4.700109589,67.70336986,831.39,6164.56,2752.39,1.739808219,5.6,2467.25
2075,Siraha,50197,3430,Paddy,25.94246575,32.37260274,20.69610959,53.81284932,860.16,5995.5,2689.97,1.904684932,6.8,14124.4
2075,Siraha,3816,2331,Maize,25.94246575,32.37260274,20.69610959,53.81284932,860.16,5995.5,2689.97,1.904684932,6.8,14124.4
2075,Siraha,445,1002,Millet,25.94246575,32.37260274,20.69610959,53.81284932,860.16,5995.5,2689.97,1.904684932,6.8,14124.4
2075,Siraha,0,0,Buckwheat,25.94246575,32.37260274,20.69610959,53.81284932,860.16,5995.5,2689.97,1.904684932,6.8,14124.4
2075,Siraha,11777,3393,Wheat,25.94246575,32.37260274,20.69610959,53.81284932,860.16,5995.5,2689.97,1.904684932,6.8,14124.4
2075,Siraha,0,0,Barley,25.94246575,32.37260274,20.69610959,53.81284932,860.16,5995.5,2689.97,1.904684932,6.8,14124.4
2075,Solukhumbu,1353,2640,Paddy,9.082410959,14.3779726,5.047726027,71.95150685,897.55,5763.58,2590.9,1.769972603,5.8,24.1
2075,Solukhumbu,13528,2421,Maize,9.082410959,14.3779726,5.047726027,71.95150685,897.55,5763.58,2590.9,1.769972603,5.8,24.1
2075,Solukhumbu,1948,1372,Millet,9.082410959,14.3779726,5.047726027,71.95150685,897.55,5763.58,2590.9,1.769972603,5.8,24.1
2075,Solukhumbu,294,898,Buckwheat,9.082410959,14.3779726,5.047726027,71.95150685,897.55,5763.58,2590.9,1.769972603,5.8,24.1
2075,Solukhumbu,2665,1915,Wheat,9.082410959,14.3779726,5.047726027,71.95150685,897.55,5763.58,2590.9,1.769972603,5.8,24.1
2075,Solukhumbu,171,1082,Barley,9.082410959,14.3779726,5.047726027,71.95150685,897.55,5763.58,2590.9,1.769972603,5.8,24.1
2075,Sunsari,54214,3980,Paddy,24.63136986,30.49775342,19.9799726,59.45052055,1036.42,5746.54,2581.77,1.643315068,6.6,7425.72
2075,Sunsari,8896,2712,Maize,24.63136986,30.49775342,19.9799726,59.45052055,1036.42,5746.54,2581.77,1.643315068,6.6,7425.72
2075,Sunsari,592,1171,Millet,24.63136986,30.49775342,19.9799726,59.45052055,1036.42,5746.54,2581.77,1.643315068,6.6,7425.72
2075,Sunsari,285,1032,Buckwheat,24.63136986,30.49775342,19.9799726,59.45052055,1036.42,5746.54,2581.77,1.643315068,6.6,7425.72
2075,Sunsari,11848,4047,Wheat,24.63136986,30.49775342,19.9799726,59.45052055,1036.42,5746.54,2581.77,1.643315068,6.6,7425.72
2075,Sunsari,10,2100,Barley,24.63136986,30.49775342,19.9799726,59.45052055,1036.42,5746.54,2581.77,1.643315068,6.6,7425.72
2075,Surkhet,12679,4020,Paddy,20.08528767,25.59189041,15.55032877,58.64580822,1586.93,6075.23,2695.49,1.523178082,5.9,1826.7
2075,Surkhet,15781,2794,Maize,20.08528767,25.59189041,15.55032877,58.64580822,1586.93,6075.23,2695.49,1.523178082,5.9,1826.7
2075,Surkhet,2066,1420,Millet,20.08528767,25.59189041,15.55032877,58.64580822,1586.93,6075.23,2695.49,1.523178082,5.9,1826.7
2075,Surkhet,0,0,Buckwheat,20.08528767,25.59189041,15.55032877,58.64580822,1586.93,6075.23,2695.49,1.523178082,5.9,1826.7
2075,Surkhet,14179,2971,Wheat,20.08528767,25.59189041,15.55032877,58.64580822,1586.93,6075.23,2695.49,1.523178082,5.9,1826.7
2075,Surkhet,929,1529,Barley,20.08528767,25.59189041,15.55032877,58.64580822,1586.93,6075.23,2695.49,1.523178082,5.9,1826.7
2075,Syangja,15879,4140,Paddy,18.95630137,23.95712329,14.99643836,62.92334247,1641.29,5975.1,2585.92,1.484712329,6,1291.15
2075,Syangja,26457,3647,Maize,18.95630137,23.95712329,14.99643836,62.92334247,1641.29,5975.1,2585.92,1.484712329,6,1291.15
2075,Syangja,15932,1164,Millet,18.95630137,23.95712329,14.99643836,62.92334247,1641.29,5975.1,2585.92,1.484712329,6,1291.15
2075,Syangja,213,991,Buckwheat,18.95630137,23.95712329,14.99643836,62.92334247,1641.29,5975.1,2585.92,1.484712329,6,1291.15
2075,Syangja,5185,2593,Wheat,18.95630137,23.95712329,14.99643836,62.92334247,1641.29,5975.1,2585.92,1.484712329,6,1291.15
2075,Syangja,4,1250,Barley,18.95630137,23.95712329,14.99643836,62.92334247,1641.29,5975.1,2585.92,1.484712329,6,1291.15
2075,Tanahu,11284,3970,Paddy,18.95630137,23.95712329,14.99643836,62.92334247,1641.29,6300.33,2916.22,1.484712329,5.6,1843.1
2075,Tanahu,22647,3254,Maize,18.95630137,23.95712329,14.99643836,62.92334247,1641.29,6300.33,2916.22,1.484712329,5.6,1843.1
2075,Tanahu,6558,900,Millet,18.95630137,23.95712329,14.99643836,62.92334247,1641.29,6300.33,2916.22,1.484712329,5.6,1843.1
2075,Tanahu,169,1006,Buckwheat,18.95630137,23.95712329,14.99643836,62.92334247,1641.29,6300.33,2916.22,1.484712329,5.6,1843.1
2075,Tanahu,1682,2272,Wheat,18.95630137,23.95712329,14.99643836,62.92334247,1641.29,6300.33,2916.22,1.484712329,5.6,1843.1
2075,Tanahu,5,1000,Barley,18.95630137,23.95712329,14.99643836,62.92334247,1641.29,6300.33,2916.22,1.484712329,5.6,1843.1
2075,Taplejung,3877,2670,Paddy,5.193753425,10.19512329,1.431315068,77.76227397,1362.22,5407.32,2389.79,1.572,5.4,313.1
2075,Taplejung,9968,3427,Maize,5.193753425,10.19512329,1.431315068,77.76227397,1362.22,5407.32,2389.79,1.572,5.4,313.1
2075,Taplejung,3005,1395,Millet,5.193753425,10.19512329,1.431315068,77.76227397,1362.22,5407.32,2389.79,1.572,5.4,313.1
2075,Taplejung,109,1404,Buckwheat,5.193753425,10.19512329,1.431315068,77.76227397,1362.22,5407.32,2389.79,1.572,5.4,313.1
2075,Taplejung,1538,1870,Wheat,5.193753425,10.19512329,1.431315068,77.76227397,1362.22,5407.32,2389.79,1.572,5.4,313.1
2075,Taplejung,265,1374,Barley,5.193753425,10.19512329,1.431315068,77.76227397,1362.22,5407.32,2389.79,1.572,5.4,313.1
2075,Terhathum,8534,2450,Paddy,19.91208219,25.13336986,15.92857534,64.83476712,1038.41,5407.32,2389.79,1.489534247,5.6,558.9
2075,Terhathum,12897,2410,Maize,19.91208219,25.13336986,15.92857534,64.83476712,1038.41,5407.32,2389.79,1.489534247,5.6,558.9
2075,Terhathum,2604,1144,Millet,19.91208219,25.13336986,15.92857534,64.83476712,1038.41,5407.32,2389.79,1.489534247,5.6,558.9
2075,Terhathum,26,923,Buckwheat,19.91208219,25.13336986,15.92857534,64.83476712,1038.41,5407.32,2389.79,1.489534247,5.6,558.9
2075,Terhathum,2401,1980,Wheat,19.91208219,25.13336986,15.92857534,64.83476712,1038.41,5407.32,2389.79,1.489534247,5.6,558.9
2075,Terhathum,64,1172,Barley,19.91208219,25.13336986,15.92857534,64.83476712,1038.41,5407.32,2389.79,1.489534247,5.6,558.9
2075,Udayapur,14578,4050,Paddy,18.19082192,23.17073973,14.54123288,69.05778082,1565.39,5746.54,2581.77,1.211780822,5.4,1876.55
2075,Udayapur,17836,2234,Maize,18.19082192,23.17073973,14.54123288,69.05778082,1565.39,5746.54,2581.77,1.211780822,5.4,1876.55
2075,Udayapur,2864,1966,Millet,18.19082192,23.17073973,14.54123288,69.05778082,1565.39,5746.54,2581.77,1.211780822,5.4,1876.55
2075,Udayapur,17,941,Buckwheat,18.19082192,23.17073973,14.54123288,69.05778082,1565.39,5746.54,2581.77,1.211780822,5.4,1876.55
2075,Udayapur,5799,2418,Wheat,18.19082192,23.17073973,14.54123288,69.05778082,1565.39,5746.54,2581.77,1.211780822,5.4,1876.55
2075,Udayapur,33,1758,Barley,18.19082192,23.17073973,14.54123288,69.05778082,1565.39,5746.54,2581.77,1.211780822,5.4,1876.55
2076,Achham,16580,2100,Paddy,12.16150685,17.47276712,7.603041096,69.93328767,1230.83,6116.91,2667.29,1.513068493,6.1,117.7
2076,Achham,6540,2706,Maize,12.16150685,17.47276712,7.603041096,69.93328767,1230.83,6116.91,2667.29,1.513068493,6.1,117.7
2076,Achham,3538,1031,Millet,12.16150685,17.47276712,7.603041096,69.93328767,1230.83,6116.91,2667.29,1.513068493,6.1,117.7
2076,Achham,0,0,Buckwheat,12.16150685,17.47276712,7.603041096,69.93328767,1230.83,6116.91,2667.29,1.513068493,6.1,117.7
2076,Achham,14419,2130,Wheat,12.16150685,17.47276712,7.603041096,69.93328767,1230.83,6116.91,2667.29,1.513068493,6.1,117.7
2076,Achham,445,1267,Barley,12.16150685,17.47276712,7.603041096,69.93328767,1230.83,6116.91,2667.29,1.513068493,6.1,117.7
2076,Arghakhanchi,6819,3314,Paddy,19.69958904,24.83991781,15.6620274,62.21630137,1640.4,6266.71,2928.24,1.689013699,5.9,1211.1
2076,Arghakhanchi,16041,3183,Maize,19.69958904,24.83991781,15.6620274,62.21630137,1640.4,6266.71,2928.24,1.689013699,5.9,1211.1
2076,Arghakhanchi,505,1125,Millet,19.69958904,24.83991781,15.6620274,62.21630137,1640.4,6266.71,2928.24,1.689013699,5.9,1211.1
2076,Arghakhanchi,236,915,Buckwheat,19.69958904,24.83991781,15.6620274,62.21630137,1640.4,6266.71,2928.24,1.689013699,5.9,1211.1
2076,Arghakhanchi,5451,2940,Wheat,19.69958904,24.83991781,15.6620274,62.21630137,1640.4,6266.71,2928.24,1.689013699,5.9,1211.1
2076,Arghakhanchi,200,1930,Barley,19.69958904,24.83991781,15.6620274,62.21630137,1640.4,6266.71,2928.24,1.689013699,5.9,1211.1
2076,Baglung,5580,3429,Paddy,18.97964384,23.83947945,15.13328767,66.23728767,1885.15,5919.13,2580.17,1.464328767,5.7,692.8
2076,Baglung,20420,3543,Maize,18.97964384,23.83947945,15.13328767,66.23728767,1885.15,5919.13,2580.17,1.464328767,5.7,692.8
2076,Baglung,18255,1252,Millet,18.97964384,23.83947945,15.13328767,66.23728767,1885.15,5919.13,2580.17,1.464328767,5.7,692.8
2076,Baglung,79,1418,Buckwheat,18.97964384,23.83947945,15.13328767,66.23728767,1885.15,5919.13,2580.17,1.464328767,5.7,692.8
2076,Baglung,6384,2606,Wheat,18.97964384,23.83947945,15.13328767,66.23728767,1885.15,5919.13,2580.17,1.464328767,5.7,692.8
2076,Baglung,774,1469,Barley,18.97964384,23.83947945,15.13328767,66.23728767,1885.15,5919.13,2580.17,1.464328767,5.7,692.8
2076,Baitadi,8545,2129,Paddy,10.77326027,16.67320548,5.664356164,66.734,878.06,6451.66,2859.23,1.624767123,6,134.95
2076,Baitadi,14999,1934,Maize,10.77326027,16.67320548,5.664356164,66.734,878.06,6451.66,2859.23,1.624767123,6,134.95
2076,Baitadi,350,1140,Millet,10.77326027,16.67320548,5.664356164,66.734,878.06,6451.66,2859.23,1.624767123,6,134.95
2076,Baitadi,0,0,Buckwheat,10.77326027,16.67320548,5.664356164,66.734,878.06,6451.66,2859.23,1.624767123,6,134.95
2076,Baitadi,19497,2120,Wheat,10.77326027,16.67320548,5.664356164,66.734,878.06,6451.66,2859.23,1.624767123,6,134.95
2076,Baitadi,885,701,Barley,10.77326027,16.67320548,5.664356164,66.734,878.06,6451.66,2859.23,1.624767123,6,134.95
2076,Bajhang,7006,3406,Paddy,10.77326027,16.67320548,5.664356164,66.734,878.06,6116.91,2667.29,1.624767123,5.6,146.4
2076,Bajhang,4186,1400,Maize,10.77326027,16.67320548,5.664356164,66.734,878.06,6116.91,2667.29,1.624767123,5.6,146.4
2076,Bajhang,2735,800,Millet,10.77326027,16.67320548,5.664356164,66.734,878.06,6116.91,2667.29,1.624767123,5.6,146.4
2076,Bajhang,6,1167,Buckwheat,10.77326027,16.67320548,5.664356164,66.734,878.06,6116.91,2667.29,1.624767123,5.6,146.4
2076,Bajhang,10187,1529,Wheat,10.77326027,16.67320548,5.664356164,66.734,878.06,6116.91,2667.29,1.624767123,5.6,146.4
2076,Bajhang,3941,786,Barley,10.77326027,16.67320548,5.664356164,66.734,878.06,6116.91,2667.29,1.624767123,5.6,146.4
2076,Bajura,4200,2500,Paddy,8.625972603,14.82065753,3.396054795,68.35663014,866.3,6116.91,2667.29,1.611068493,6,263.65
2076,Bajura,914,1597,Maize,8.625972603,14.82065753,3.396054795,68.35663014,866.3,6116.91,2667.29,1.611068493,6,263.65
2076,Bajura,2494,1015,Millet,8.625972603,14.82065753,3.396054795,68.35663014,866.3,6116.91,2667.29,1.611068493,6,263.65
2076,Bajura,7,1571,Buckwheat,8.625972603,14.82065753,3.396054795,68.35663014,866.3,6116.91,2667.29,1.611068493,6,263.65
2076,Bajura,6660,1400,Wheat,8.625972603,14.82065753,3.396054795,68.35663014,866.3,6116.91,2667.29,1.611068493,6,263.65
2076,Bajura,976,1014,Barley,8.625972603,14.82065753,3.396054795,68.35663014,866.3,6116.91,2667.29,1.611068493,6,263.65
2076,Banke,31500,3476,Paddy,19.80356164,25.09391781,15.39747945,62.87572603,1507.45,6018.39,2685.62,1.488547945,6.4,6770.95
2076,Banke,9336,2776,Maize,19.80356164,25.09391781,15.39747945,62.87572603,1507.45,6018.39,2685.62,1.488547945,6.4,6770.95
2076,Banke,0,0,Millet,19.80356164,25.09391781,15.39747945,62.87572603,1507.45,6018.39,2685.62,1.488547945,6.4,6770.95
2076,Banke,0,0,Buckwheat,19.80356164,25.09391781,15.39747945,62.87572603,1507.45,6018.39,2685.62,1.488547945,6.4,6770.95
2076,Banke,17840,3836,Wheat,19.80356164,25.09391781,15.39747945,62.87572603,1507.45,6018.39,2685.62,1.488547945,6.4,6770.95
2076,Banke,8,1375,Barley,19.80356164,25.09391781,15.39747945,62.87572603,1507.45,6018.39,2685.62,1.488547945,6.4,6770.95
2076,Bara,56116,4137,Paddy,25.30358904,31.2989589,20.45260274,59.66520548,1308.39,6240.93,2906.09,1.757671233,6.7,17496.1
2076,Bara,11915,3712,Maize,25.30358904,31.2989589,20.45260274,59.66520548,1308.39,6240.93,2906.09,1.757671233,6.7,17496.1
2076,Bara,75,1160,Millet,25.30358904,31.2989589,20.45260274,59.66520548,1308.39,6240.93,2906.09,1.757671233,6.7,17496.1
2076,Bara,0,0,Buckwheat,25.30358904,31.2989589,20.45260274,59.66520548,1308.39,6240.93,2906.09,1.757671233,6.7,17496.1
2076,Bara,27137,3591,Wheat,25.30358904,31.2989589,20.45260274,59.66520548,1308.39,6240.93,2906.09,1.757671233,6.7,17496.1
2076,Bara,38,2237,Barley,25.30358904,31.2989589,20.45260274,59.66520548,1308.39,6240.93,2906.09,1.757671233,6.7,17496.1
2076,Bardiya,49753,4301,Paddy,24.55890411,30.24049315,19.83079452,59.22939726,1568.33,6018.39,2685.62,1.645506849,6.8,9703.45
2076,Bardiya,2758,2941,Maize,24.55890411,30.24049315,19.83079452,59.22939726,1568.33,6018.39,2685.62,1.645506849,6.8,9703.45
2076,Bardiya,0,0,Millet,24.55890411,30.24049315,19.83079452,59.22939726,1568.33,6018.39,2685.62,1.645506849,6.8,9703.45
2076,Bardiya,0,0,Buckwheat,24.55890411,30.24049315,19.83079452,59.22939726,1568.33,6018.39,2685.62,1.645506849,6.8,9703.45
2076,Bardiya,17711,3898,Wheat,24.55890411,30.24049315,19.83079452,59.22939726,1568.33,6018.39,2685.62,1.645506849,6.8,9703.45
2076,Bardiya,8,1500,Barley,24.55890411,30.24049315,19.83079452,59.22939726,1568.33,6018.39,2685.62,1.645506849,6.8,9703.45
2076,Bhaktapur,3925,5020,Paddy,19.10830137,24.14819178,15.26282192,63.92452055,1182.47,6158.63,2768.15,1.471945205,5.8,3053.85
2076,Bhaktapur,1951,4294,Maize,19.10830137,24.14819178,15.26282192,63.92452055,1182.47,6158.63,2768.15,1.471945205,5.8,3053.85
2076,Bhaktapur,115,1348,Millet,19.10830137,24.14819178,15.26282192,63.92452055,1182.47,6158.63,2768.15,1.471945205,5.8,3053.85
2076,Bhaktapur,0,0,Buckwheat,19.10830137,24.14819178,15.26282192,63.92452055,1182.47,6158.63,2768.15,1.471945205,5.8,3053.85
2076,Bhaktapur,2094,5009,Wheat,19.10830137,24.14819178,15.26282192,63.92452055,1182.47,6158.63,2768.15,1.471945205,5.8,3053.85
2076,Bhaktapur,17,2059,Barley,19.10830137,24.14819178,15.26282192,63.92452055,1182.47,6158.63,2768.15,1.471945205,5.8,3053.85
2076,Bhojpur,14112,2372,Paddy,5.100712329,10.00438356,1.344246575,79.53520548,1486.47,5405.8,2406.77,1.589424658,5.4,820.15
2076,Bhojpur,36121,2747,Maize,5.100712329,10.00438356,1.344246575,79.53520548,1486.47,5405.8,2406.77,1.589424658,5.4,820.15
2076,Bhojpur,5429,1286,Millet,5.100712329,10.00438356,1.344246575,79.53520548,1486.47,5405.8,2406.77,1.589424658,5.4,820.15
2076,Bhojpur,35,914,Buckwheat,5.100712329,10.00438356,1.344246575,79.53520548,1486.47,5405.8,2406.77,1.589424658,5.4,820.15
2076,Bhojpur,400,2050,Wheat,5.100712329,10.00438356,1.344246575,79.53520548,1486.47,5405.8,2406.77,1.589424658,5.4,820.15
2076,Bhojpur,12,1417,Barley,5.100712329,10.00438356,1.344246575,79.53520548,1486.47,5405.8,2406.77,1.589424658,5.4,820.15
2076,Chitwan,26005,4002,Paddy,24.23273973,29.82084932,19.70679452,62.2590411,1716.68,6240.93,2906.09,1.36939726,6.1,12228.9
2076,Chitwan,5986,4023,Maize,24.23273973,29.82084932,19.70679452,62.2590411,1716.68,6240.93,2906.09,1.36939726,6.1,12228.9
2076,Chitwan,1473,1117,Millet,24.23273973,29.82084932,19.70679452,62.2590411,1716.68,6240.93,2906.09,1.36939726,6.1,12228.9
2076,Chitwan,70,1100,Buckwheat,24.23273973,29.82084932,19.70679452,62.2590411,1716.68,6240.93,2906.09,1.36939726,6.1,12228.9
2076,Chitwan,5088,3805,Wheat,24.23273973,29.82084932,19.70679452,62.2590411,1716.68,6240.93,2906.09,1.36939726,6.1,12228.9
2076,Chitwan,18,1889,Barley,24.23273973,29.82084932,19.70679452,62.2590411,1716.68,6240.93,2906.09,1.36939726,6.1,12228.9
2076,Dadeldhura,5876,3780,Paddy,15.58394521,21.40843836,10.66578082,61.40964384,964.52,6451.66,2859.23,1.464465753,5.9,37.2
2076,Dadeldhura,3811,3540,Maize,15.58394521,21.40843836,10.66578082,61.40964384,964.52,6451.66,2859.23,1.464465753,5.9,37.2
2076,Dadeldhura,269,1257,Millet,15.58394521,21.40843836,10.66578082,61.40964384,964.52,6451.66,2859.23,1.464465753,5.9,37.2
2076,Dadeldhura,0,0,Buckwheat,15.58394521,21.40843836,10.66578082,61.40964384,964.52,6451.66,2859.23,1.464465753,5.9,37.2
2076,Dadeldhura,9009,2450,Wheat,15.58394521,21.40843836,10.66578082,61.40964384,964.52,6451.66,2859.23,1.464465753,5.9,37.2
2076,Dadeldhura,174,1379,Barley,15.58394521,21.40843836,10.66578082,61.40964384,964.52,6451.66,2859.23,1.464465753,5.9,37.2
2076,Dailekh,7982,3206,Paddy,12.16150685,17.47276712,7.603041096,69.93328767,1230.83,6018.39,2685.62,1.513068493,5.9,339.8
2076,Dailekh,21512,2535,Maize,12.16150685,17.47276712,7.603041096,69.93328767,1230.83,6018.39,2685.62,1.513068493,5.9,339.8
2076,Dailekh,2538,1063,Millet,12.16150685,17.47276712,7.603041096,69.93328767,1230.83,6018.39,2685.62,1.513068493,5.9,339.8
2076,Dailekh,26,1000,Buckwheat,12.16150685,17.47276712,7.603041096,69.93328767,1230.83,6018.39,2685.62,1.513068493,5.9,339.8
2076,Dailekh,17497,2450,Wheat,12.16150685,17.47276712,7.603041096,69.93328767,1230.83,6018.39,2685.62,1.513068493,5.9,339.8
2076,Dailekh,181,1304,Barley,12.16150685,17.47276712,7.603041096,69.93328767,1230.83,6018.39,2685.62,1.513068493,5.9,339.8
2076,Dang,35556,4188,Paddy,21.85268493,27.26789041,17.48493151,60.55520548,1509.66,6064.68,2652.79,1.818520548,5.8,16327.6
2076,Dang,26250,2860,Maize,21.85268493,27.26789041,17.48493151,60.55520548,1509.66,6064.68,2652.79,1.818520548,5.8,16327.6
2076,Dang,14,1071,Millet,21.85268493,27.26789041,17.48493151,60.55520548,1509.66,6064.68,2652.79,1.818520548,5.8,16327.6
2076,Dang,17,1000,Buckwheat,21.85268493,27.26789041,17.48493151,60.55520548,1509.66,6064.68,2652.79,1.818520548,5.8,16327.6
2076,Dang,11783,2800,Wheat,21.85268493,27.26789041,17.48493151,60.55520548,1509.66,6064.68,2652.79,1.818520548,5.8,16327.6
2076,Dang,23,1217,Barley,21.85268493,27.26789041,17.48493151,60.55520548,1509.66,6064.68,2652.79,1.818520548,5.8,16327.6
2076,Darchula,4180,2758,Paddy,5.468657534,11.52090411,0.144712329,68.5529863,705.76,6451.66,2859.23,1.801561644,6,19.5
2076,Darchula,5799,2315,Maize,5.468657534,11.52090411,0.144712329,68.5529863,705.76,6451.66,2859.23,1.801561644,6,19.5
2076,Darchula,1254,932,Millet,5.468657534,11.52090411,0.144712329,68.5529863,705.76,6451.66,2859.23,1.801561644,6,19.5
2076,Darchula,88,1034,Buckwheat,5.468657534,11.52090411,0.144712329,68.5529863,705.76,6451.66,2859.23,1.801561644,6,19.5
2076,Darchula,6580,2160,Wheat,5.468657534,11.52090411,0.144712329,68.5529863,705.76,6451.66,2859.23,1.801561644,6,19.5
2076,Darchula,1060,834,Barley,5.468657534,11.52090411,0.144712329,68.5529863,705.76,6451.66,2859.23,1.801561644,6,19.5
2076,Dhading,12811,4470,Paddy,14.67843836,19.62753425,10.65482192,68.46589041,1476.78,6240.93,2906.09,1.496931507,5.5,8914.55
2076,Dhading,20860,3017,Maize,14.67843836,19.62753425,10.65482192,68.46589041,1476.78,6240.93,2906.09,1.496931507,5.5,8914.55
2076,Dhading,6940,1034,Millet,14.67843836,19.62753425,10.65482192,68.46589041,1476.78,6240.93,2906.09,1.496931507,5.5,8914.55
2076,Dhading,0,0,Buckwheat,14.67843836,19.62753425,10.65482192,68.46589041,1476.78,6240.93,2906.09,1.496931507,5.5,8914.55
2076,Dhading,4560,2983,Wheat,14.67843836,19.62753425,10.65482192,68.46589041,1476.78,6240.93,2906.09,1.496931507,5.5,8914.55
2076,Dhading,252,1389,Barley,14.67843836,19.62753425,10.65482192,68.46589041,1476.78,6240.93,2906.09,1.496931507,5.5,8914.55
2076,Dhankuta,6963,3338,Paddy,20.09432877,25.13835616,16.17372603,66.99441096,1310.62,5808.38,2629.77,1.509232877,5.8,1310.2
2076,Dhankuta,14004,3260,Maize,20.09432877,25.13835616,16.17372603,66.99441096,1310.62,5808.38,2629.77,1.509232877,5.8,1310.2
2076,Dhankuta,7530,1251,Millet,20.09432877,25.13835616,16.17372603,66.99441096,1310.62,5808.38,2629.77,1.509232877,5.8,1310.2
2076,Dhankuta,7,1000,Buckwheat,20.09432877,25.13835616,16.17372603,66.99441096,1310.62,5808.38,2629.77,1.509232877,5.8,1310.2
2076,Dhankuta,1302,2250,Wheat,20.09432877,25.13835616,16.17372603,66.99441096,1310.62,5808.38,2629.77,1.509232877,5.8,1310.2
2076,Dhankuta,0,0,Barley,20.09432877,25.13835616,16.17372603,66.99441096,1310.62,5808.38,2629.77,1.509232877,5.8,1310.2
2076,Dhanusha,57401,3983,Paddy,22.83273973,28.33315068,18.56117808,59.90189041,1134.85,6004.97,2711.66,1.685232877,6.6,12501.1
2076,Dhanusha,3469,3168,Maize,22.83273973,28.33315068,18.56117808,59.90189041,1134.85,6004.97,2711.66,1.685232877,6.6,12501.1
2076,Dhanusha,174,1017,Millet,22.83273973,28.33315068,18.56117808,59.90189041,1134.85,6004.97,2711.66,1.685232877,6.6,12501.1
2076,Dhanusha,0,0,Buckwheat,22.83273973,28.33315068,18.56117808,59.90189041,1134.85,6004.97,2711.66,1.685232877,6.6,12501.1
2076,Dhanusha,36374,3319,Wheat,22.83273973,28.33315068,18.56117808,59.90189041,1134.85,6004.97,2711.66,1.685232877,6.6,12501.1
2076,Dhanusha,2,1000,Barley,22.83273973,28.33315068,18.56117808,59.90189041,1134.85,6004.97,2711.66,1.685232877,6.6,12501.1
2076,Dolakha,2814,2890,Paddy,1.666273973,7.112027397,-2.660136986,72.83791781,722.41,5767.41,2605.18,2.130383562,6.5,744
2076,Dolakha,5718,2918,Maize,1.666273973,7.112027397,-2.660136986,72.83791781,722.41,5767.41,2605.18,2.130383562,6.5,744
2076,Dolakha,3635,1412,Millet,1.666273973,7.112027397,-2.660136986,72.83791781,722.41,5767.41,2605.18,2.130383562,6.5,744
2076,Dolakha,901,1218,Buckwheat,1.666273973,7.112027397,-2.660136986,72.83791781,722.41,5767.41,2605.18,2.130383562,6.5,744
2076,Dolakha,4248,1990,Wheat,1.666273973,7.112027397,-2.660136986,72.83791781,722.41,5767.41,2605.18,2.130383562,6.5,744
2076,Dolakha,146,1199,Barley,1.666273973,7.112027397,-2.660136986,72.83791781,722.41,5767.41,2605.18,2.130383562,6.5,744
2076,Dolpa,201,1791,Paddy,-2.052273973,3.783589041,-7.244082192,73.73139726,1333.33,6064.68,2652.79,1.85230137,6.6,0
2076,Dolpa,2354,1584,Maize,-2.052273973,3.783589041,-7.244082192,73.73139726,1333.33,6064.68,2652.79,1.85230137,6.6,0
2076,Dolpa,277,1101,Millet,-2.052273973,3.783589041,-7.244082192,73.73139726,1333.33,6064.68,2652.79,1.85230137,6.6,0
2076,Dolpa,646,1051,Buckwheat,-2.052273973,3.783589041,-7.244082192,73.73139726,1333.33,6064.68,2652.79,1.85230137,6.6,0
2076,Dolpa,2779,1840,Wheat,-2.052273973,3.783589041,-7.244082192,73.73139726,1333.33,6064.68,2652.79,1.85230137,6.6,0
2076,Dolpa,354,1003,Barley,-2.052273973,3.783589041,-7.244082192,73.73139726,1333.33,6064.68,2652.79,1.85230137,6.6,0
2076,Doti,10710,2800,Paddy,15.58394521,21.40843836,10.66578082,61.40964384,964.52,6451.66,2859.23,1.464465753,5.9,388.05
2076,Doti,3474,2508,Maize,15.58394521,21.40843836,10.66578082,61.40964384,964.52,6451.66,2859.23,1.464465753,5.9,388.05
2076,Doti,4575,1189,Millet,15.58394521,21.40843836,10.66578082,61.40964384,964.52,6451.66,2859.23,1.464465753,5.9,388.05
2076,Doti,12,917,Buckwheat,15.58394521,21.40843836,10.66578082,61.40964384,964.52,6451.66,2859.23,1.464465753,5.9,388.05
2076,Doti,12328,2229,Wheat,15.58394521,21.40843836,10.66578082,61.40964384,964.52,6451.66,2859.23,1.464465753,5.9,388.05
2076,Doti,191,990,Barley,15.58394521,21.40843836,10.66578082,61.40964384,964.52,6451.66,2859.23,1.464465753,5.9,388.05
2076,Gorkha,11195,3449,Paddy,14.67843836,19.62753425,10.65482192,68.46589041,1476.78,6240.93,2906.09,1.496931507,5.5,1033.25
2076,Gorkha,17703,2692,Maize,14.67843836,19.62753425,10.65482192,68.46589041,1476.78,6240.93,2906.09,1.496931507,5.5,1033.25
2076,Gorkha,11816,1325,Millet,14.67843836,19.62753425,10.65482192,68.46589041,1476.78,6240.93,2906.09,1.496931507,5.5,1033.25
2076,Gorkha,359,1058,Buckwheat,14.67843836,19.62753425,10.65482192,68.46589041,1476.78,6240.93,2906.09,1.496931507,5.5,1033.25
2076,Gorkha,3561,2330,Wheat,14.67843836,19.62753425,10.65482192,68.46589041,1476.78,6240.93,2906.09,1.496931507,5.5,1033.25
2076,Gorkha,100,1410,Barley,14.67843836,19.62753425,10.65482192,68.46589041,1476.78,6240.93,2906.09,1.496931507,5.5,1033.25
2076,Gulmi,8090,3293,Paddy,19.69958904,24.83991781,15.6620274,62.21630137,1640.4,6266.71,2928.24,1.689013699,6.1,843.3
2076,Gulmi,24451,2588,Maize,19.69958904,24.83991781,15.6620274,62.21630137,1640.4,6266.71,2928.24,1.689013699,6.1,843.3
2076,Gulmi,2896,1126,Millet,19.69958904,24.83991781,15.6620274,62.21630137,1640.4,6266.71,2928.24,1.689013699,6.1,843.3
2076,Gulmi,203,1207,Buckwheat,19.69958904,24.83991781,15.6620274,62.21630137,1640.4,6266.71,2928.24,1.689013699,6.1,843.3
2076,Gulmi,6617,2960,Wheat,19.69958904,24.83991781,15.6620274,62.21630137,1640.4,6266.71,2928.24,1.689013699,6.1,843.3
2076,Gulmi,243,1745,Barley,19.69958904,24.83991781,15.6620274,62.21630137,1640.4,6266.71,2928.24,1.689013699,6.1,843.3
2076,Humla,555,1667,Paddy,-1.356164384,4.89230137,-6.93230137,76.69460274,656.59,6868.25,2868.22,2.003041096,6.5,0
2076,Humla,146,1822,Maize,-1.356164384,4.89230137,-6.93230137,76.69460274,656.59,6868.25,2868.22,2.003041096,6.5,0
2076,Humla,1294,1069,Millet,-1.356164384,4.89230137,-6.93230137,76.69460274,656.59,6868.25,2868.22,2.003041096,6.5,0
2076,Humla,636,1215,Buckwheat,-1.356164384,4.89230137,-6.93230137,76.69460274,656.59,6868.25,2868.22,2.003041096,6.5,0
2076,Humla,941,1447,Wheat,-1.356164384,4.89230137,-6.93230137,76.69460274,656.59,6868.25,2868.22,2.003041096,6.5,0
2076,Humla,622,1305,Barley,-1.356164384,4.89230137,-6.93230137,76.69460274,656.59,6868.25,2868.22,2.003041096,6.5,0
2076,Illam,11845,3200,Paddy,18.33613699,23.20578082,14.71679452,70.55191781,1813.42,5405.8,2406.77,1.227643836,5.5,908.85
2076,Illam,33815,3740,Maize,18.33613699,23.20578082,14.71679452,70.55191781,1813.42,5405.8,2406.77,1.227643836,5.5,908.85
2076,Illam,1782,1350,Millet,18.33613699,23.20578082,14.71679452,70.55191781,1813.42,5405.8,2406.77,1.227643836,5.5,908.85
2076,Illam,28,1179,Buckwheat,18.33613699,23.20578082,14.71679452,70.55191781,1813.42,5405.8,2406.77,1.227643836,5.5,908.85
2076,Illam,4608,3000,Wheat,18.33613699,23.20578082,14.71679452,70.55191781,1813.42,5405.8,2406.77,1.227643836,5.5,908.85
2076,Illam,52,1231,Barley,18.33613699,23.20578082,14.71679452,70.55191781,1813.42,5405.8,2406.77,1.227643836,5.5,908.85
2076,Jajarkot,2845,3554,Paddy,21.85268493,27.26789041,17.48493151,60.55520548,1509.66,6064.68,2652.79,1.818520548,6.2,0
2076,Jajarkot,14047,2653,Maize,21.85268493,27.26789041,17.48493151,60.55520548,1509.66,6064.68,2652.79,1.818520548,6.2,0
2076,Jajarkot,1813,1023,Millet,21.85268493,27.26789041,17.48493151,60.55520548,1509.66,6064.68,2652.79,1.818520548,6.2,0
2076,Jajarkot,28,964,Buckwheat,21.85268493,27.26789041,17.48493151,60.55520548,1509.66,6064.68,2652.79,1.818520548,6.2,0
2076,Jajarkot,13774,2120,Wheat,21.85268493,27.26789041,17.48493151,60.55520548,1509.66,6064.68,2652.79,1.818520548,6.2,0
2076,Jajarkot,616,1135,Barley,21.85268493,27.26789041,17.48493151,60.55520548,1509.66,6064.68,2652.79,1.818520548,6.2,0
2076,Jhapa,84875,4403,Paddy,24.35158904,29.56580822,20.23816438,67.01309589,1964.14,5808.38,2629.77,1.631479452,5.7,19026.15
2076,Jhapa,39302,4045,Maize,24.35158904,29.56580822,20.23816438,67.01309589,1964.14,5808.38,2629.77,1.631479452,5.7,19026.15
2076,Jhapa,1153,1297,Millet,24.35158904,29.56580822,20.23816438,67.01309589,1964.14,5808.38,2629.77,1.631479452,5.7,19026.15
2076,Jhapa,1110,1219,Buckwheat,24.35158904,29.56580822,20.23816438,67.01309589,1964.14,5808.38,2629.77,1.631479452,5.7,19026.15
2076,Jhapa,7125,3230,Wheat,24.35158904,29.56580822,20.23816438,67.01309589,1964.14,5808.38,2629.77,1.631479452,5.7,19026.15
2076,Jhapa,5,1800,Barley,24.35158904,29.56580822,20.23816438,67.01309589,1964.14,5808.38,2629.77,1.631479452,5.7,19026.15
2076,Jumla,2800,2067,Paddy,8.625972603,14.82065753,3.396054795,68.35663014,866.3,6471.73,2725.42,1.611068493,6.5,0
2076,Jumla,4404,1557,Maize,8.625972603,14.82065753,3.396054795,68.35663014,866.3,6471.73,2725.42,1.611068493,6.5,0
2076,Jumla,3696,1062,Millet,8.625972603,14.82065753,3.396054795,68.35663014,866.3,6471.73,2725.42,1.611068493,6.5,0
2076,Jumla,79,1051,Buckwheat,8.625972603,14.82065753,3.396054795,68.35663014,866.3,6471.73,2725.42,1.611068493,6.5,0
2076,Jumla,2271,2376,Wheat,8.625972603,14.82065753,3.396054795,68.35663014,866.3,6471.73,2725.42,1.611068493,6.5,0
2076,Jumla,3405,1709,Barley,8.625972603,14.82065753,3.396054795,68.35663014,866.3,6471.73,2725.42,1.611068493,6.5,0
2076,Kailali,71710,4270,Paddy,25.12078918,31.1529863,19.98789041,57.20830137,1253.97,6085.39,2740.8,1.511041096,6.6,21752.85
2076,Kailali,6405,2918,Maize,25.12078918,31.1529863,19.98789041,57.20830137,1253.97,6085.39,2740.8,1.511041096,6.6,21752.85
2076,Kailali,352,1131,Millet,25.12078918,31.1529863,19.98789041,57.20830137,1253.97,6085.39,2740.8,1.511041096,6.6,21752.85
2076,Kailali,22,1227,Buckwheat,25.12078918,31.1529863,19.98789041,57.20830137,1253.97,6085.39,2740.8,1.511041096,6.6,21752.85
2076,Kailali,35950,3909,Wheat,25.12078918,31.1529863,19.98789041,57.20830137,1253.97,6085.39,2740.8,1.511041096,6.6,21752.85
2076,Kailali,176,2102,Barley,25.12078918,31.1529863,19.98789041,57.20830137,1253.97,6085.39,2740.8,1.511041096,6.6,21752.85
2076,Kalikot,2527,2398,Paddy,12.16150685,17.47276712,7.603041096,69.93328767,1230.83,6116.91,2667.29,1.513068493,6.2,0
2076,Kalikot,3030,2301,Maize,12.16150685,17.47276712,7.603041096,69.93328767,1230.83,6116.91,2667.29,1.513068493,6.2,0
2076,Kalikot,1227,1091,Millet,12.16150685,17.47276712,7.603041096,69.93328767,1230.83,6116.91,2667.29,1.513068493,6.2,0
2076,Kalikot,112,1143,Buckwheat,12.16150685,17.47276712,7.603041096,69.93328767,1230.83,6116.91,2667.29,1.513068493,6.2,0
2076,Kalikot,4953,1372,Wheat,12.16150685,17.47276712,7.603041096,69.93328767,1230.83,6116.91,2667.29,1.513068493,6.2,0
2076,Kalikot,821,1581,Barley,12.16150685,17.47276712,7.603041096,69.93328767,1230.83,6116.91,2667.29,1.513068493,6.2,0
2076,Kanchanpur,48475,3894,Paddy,21.40860274,27.5750137,16.26967123,59.63660274,1175.09,6082.84,2736.98,0.985369863,6.2,7927.2
2076,Kanchanpur,3271,2739,Maize,21.40860274,27.5750137,16.26967123,59.63660274,1175.09,6082.84,2736.98,0.985369863,6.2,7927.2
2076,Kanchanpur,0,0,Millet,21.40860274,27.5750137,16.26967123,59.63660274,1175.09,6082.84,2736.98,0.985369863,6.2,7927.2
2076,Kanchanpur,0,0,Buckwheat,21.40860274,27.5750137,16.26967123,59.63660274,1175.09,6082.84,2736.98,0.985369863,6.2,7927.2
2076,Kanchanpur,34554,3850,Wheat,21.40860274,27.5750137,16.26967123,59.63660274,1175.09,6082.84,2736.98,0.985369863,6.2,7927.2
2076,Kanchanpur,8,1500,Barley,21.40860274,27.5750137,16.26967123,59.63660274,1175.09,6082.84,2736.98,0.985369863,6.2,7927.2
2076,Kapilbastu,66495,3511,Paddy,25.21838356,31.15758904,20.35756164,58.50038356,1533.09,6266.71,2928.24,1.819643836,6.9,13254.7
2076,Kapilbastu,2651,3749,Maize,25.21838356,31.15758904,20.35756164,58.50038356,1533.09,6266.71,2928.24,1.819643836,6.9,13254.7
2076,Kapilbastu,0,0,Millet,25.21838356,31.15758904,20.35756164,58.50038356,1533.09,6266.71,2928.24,1.819643836,6.9,13254.7
2076,Kapilbastu,0,0,Buckwheat,25.21838356,31.15758904,20.35756164,58.50038356,1533.09,6266.71,2928.24,1.819643836,6.9,13254.7
2076,Kapilbastu,26118,3950,Wheat,25.21838356,31.15758904,20.35756164,58.50038356,1533.09,6266.71,2928.24,1.819643836,6.9,13254.7
2076,Kapilbastu,177,1864,Barley,25.21838356,31.15758904,20.35756164,58.50038356,1533.09,6266.71,2928.24,1.819643836,6.9,13254.7
2076,Kaski,18394,3838,Paddy,4.486794521,9.394164384,0.218630137,77.22515068,1748.38,5863.09,2610.06,1.599589041,6.7,1233.95
2076,Kaski,14111,2633,Maize,4.486794521,9.394164384,0.218630137,77.22515068,1748.38,5863.09,2610.06,1.599589041,6.7,1233.95
2076,Kaski,15434,1342,Millet,4.486794521,9.394164384,0.218630137,77.22515068,1748.38,5863.09,2610.06,1.599589041,6.7,1233.95
2076,Kaski,12,1167,Buckwheat,4.486794521,9.394164384,0.218630137,77.22515068,1748.38,5863.09,2610.06,1.599589041,6.7,1233.95
2076,Kaski,5650,2312,Wheat,4.486794521,9.394164384,0.218630137,77.22515068,1748.38,5863.09,2610.06,1.599589041,6.7,1233.95
2076,Kaski,109,1606,Barley,4.486794521,9.394164384,0.218630137,77.22515068,1748.38,5863.09,2610.06,1.599589041,6.7,1233.95
2076,Kathmandu,5959,4450,Paddy,19.10830137,24.14819178,15.26282192,63.92452055,1182.47,6158.63,2768.15,1.471945205,6.5,3024.95
2076,Kathmandu,5532,4192,Maize,19.10830137,24.14819178,15.26282192,63.92452055,1182.47,6158.63,2768.15,1.471945205,6.5,3024.95
2076,Kathmandu,613,1210,Millet,19.10830137,24.14819178,15.26282192,63.92452055,1182.47,6158.63,2768.15,1.471945205,6.5,3024.95
2076,Kathmandu,4,1250,Buckwheat,19.10830137,24.14819178,15.26282192,63.92452055,1182.47,6158.63,2768.15,1.471945205,6.5,3024.95
2076,Kathmandu,2075,4412,Wheat,19.10830137,24.14819178,15.26282192,63.92452055,1182.47,6158.63,2768.15,1.471945205,6.5,3024.95
2076,Kathmandu,3,1333,Barley,19.10830137,24.14819178,15.26282192,63.92452055,1182.47,6158.63,2768.15,1.471945205,6.5,3024.95
2076,Kavre,10755,3915,Paddy,19.10830137,24.14819178,15.26282192,63.92452055,1182.47,6158.63,2768.15,1.471945205,5.7,6598.9
2076,Kavre,24823,3228,Maize,19.10830137,24.14819178,15.26282192,63.92452055,1182.47,6158.63,2768.15,1.471945205,5.7,6598.9
2076,Kavre,3444,1013,Millet,19.10830137,24.14819178,15.26282192,63.92452055,1182.47,6158.63,2768.15,1.471945205,5.7,6598.9
2076,Kavre,563,1032,Buckwheat,19.10830137,24.14819178,15.26282192,63.92452055,1182.47,6158.63,2768.15,1.471945205,5.7,6598.9
2076,Kavre,8860,3001,Wheat,19.10830137,24.14819178,15.26282192,63.92452055,1182.47,6158.63,2768.15,1.471945205,5.7,6598.9
2076,Kavre,367,1632,Barley,19.10830137,24.14819178,15.26282192,63.92452055,1182.47,6158.63,2768.15,1.471945205,5.7,6598.9
2076,Khotang,12105,2864,Paddy,13.75413699,18.90969863,9.79769863,66.26893151,1000.76,5767.41,2605.18,1.58090411,5.5,161.25
2076,Khotang,42945,2305,Maize,13.75413699,18.90969863,9.79769863,66.26893151,1000.76,5767.41,2605.18,1.58090411,5.5,161.25
2076,Khotang,23535,1126,Millet,13.75413699,18.90969863,9.79769863,66.26893151,1000.76,5767.41,2605.18,1.58090411,5.5,161.25
2076,Khotang,580,926,Buckwheat,13.75413699,18.90969863,9.79769863,66.26893151,1000.76,5767.41,2605.18,1.58090411,5.5,161.25
2076,Khotang,5030,2300,Wheat,13.75413699,18.90969863,9.79769863,66.26893151,1000.76,5767.41,2605.18,1.58090411,5.5,161.25
2076,Khotang,350,1511,Barley,13.75413699,18.90969863,9.79769863,66.26893151,1000.76,5767.41,2605.18,1.58090411,5.5,161.25
2076,Lalitpur,4175,4450,Paddy,19.10830137,24.14819178,15.26282192,63.92452055,1182.47,6158.63,2768.15,1.471945205,6.9,2448.525
2076,Lalitpur,9203,3766,Maize,19.10830137,24.14819178,15.26282192,63.92452055,1182.47,6158.63,2768.15,1.471945205,6.9,2448.525
2076,Lalitpur,572,1129,Millet,19.10830137,24.14819178,15.26282192,63.92452055,1182.47,6158.63,2768.15,1.471945205,6.9,2448.525
2076,Lalitpur,46,1022,Buckwheat,19.10830137,24.14819178,15.26282192,63.92452055,1182.47,6158.63,2768.15,1.471945205,6.9,2448.525
2076,Lalitpur,2512,3452,Wheat,19.10830137,24.14819178,15.26282192,63.92452055,1182.47,6158.63,2768.15,1.471945205,6.9,2448.525
2076,Lalitpur,38,1447,Barley,19.10830137,24.14819178,15.26282192,63.92452055,1182.47,6158.63,2768.15,1.471945205,6.9,2448.525
2076,Lamjung,13575,3462,Paddy,4.486794521,9.394164384,0.218630137,77.22515068,1748.38,5863.09,2610.06,1.599589041,5.4,220.2
2076,Lamjung,10098,2614,Maize,4.486794521,9.394164384,0.218630137,77.22515068,1748.38,5863.09,2610.06,1.599589041,5.4,220.2
2076,Lamjung,7708,1081,Millet,4.486794521,9.394164384,0.218630137,77.22515068,1748.38,5863.09,2610.06,1.599589041,5.4,220.2
2076,Lamjung,16,938,Buckwheat,4.486794521,9.394164384,0.218630137,77.22515068,1748.38,5863.09,2610.06,1.599589041,5.4,220.2
2076,Lamjung,1596,2450,Wheat,4.486794521,9.394164384,0.218630137,77.22515068,1748.38,5863.09,2610.06,1.599589041,5.4,220.2
2076,Lamjung,39,1462,Barley,4.486794521,9.394164384,0.218630137,77.22515068,1748.38,5863.09,2610.06,1.599589041,5.4,220.2
2076,Mahottari,38200,3474,Paddy,26.3060274,32.63290411,20.99128767,57.78189041,1017,6004.97,2711.66,2.059150685,6.8,11259.8
2076,Mahottari,9733,2964,Maize,26.3060274,32.63290411,20.99128767,57.78189041,1017,6004.97,2711.66,2.059150685,6.8,11259.8
2076,Mahottari,0,0,Millet,26.3060274,32.63290411,20.99128767,57.78189041,1017,6004.97,2711.66,2.059150685,6.8,11259.8
2076,Mahottari,0,0,Buckwheat,26.3060274,32.63290411,20.99128767,57.78189041,1017,6004.97,2711.66,2.059150685,6.8,11259.8
2076,Mahottari,24373,3064,Wheat,26.3060274,32.63290411,20.99128767,57.78189041,1017,6004.97,2711.66,2.059150685,6.8,11259.8
2076,Mahottari,8,1125,Barley,26.3060274,32.63290411,20.99128767,57.78189041,1017,6004.97,2711.66,2.059150685,6.8,11259.8
2076,Makwanpur,11395,3823,Paddy,21.90846575,27.11594521,17.85279452,63.12849315,1500.39,6240.93,2906.09,1.431890411,5.9,5849.55
2076,Makwanpur,26169,3270,Maize,21.90846575,27.11594521,17.85279452,63.12849315,1500.39,6240.93,2906.09,1.431890411,5.9,5849.55
2076,Makwanpur,2773,1193,Millet,21.90846575,27.11594521,17.85279452,63.12849315,1500.39,6240.93,2906.09,1.431890411,5.9,5849.55
2076,Makwanpur,185,1092,Buckwheat,21.90846575,27.11594521,17.85279452,63.12849315,1500.39,6240.93,2906.09,1.431890411,5.9,5849.55
2076,Makwanpur,3929,3699,Wheat,21.90846575,27.11594521,17.85279452,63.12849315,1500.39,6240.93,2906.09,1.431890411,5.9,5849.55
2076,Makwanpur,250,1392,Barley,21.90846575,27.11594521,17.85279452,63.12849315,1500.39,6240.93,2906.09,1.431890411,5.9,5849.55
2076,Manang,0,0,Paddy,4.486794521,9.394164384,0.218630137,77.22515068,1748.38,5863.09,2610.06,1.599589041,6.3,12.85
2076,Manang,70,1586,Maize,4.486794521,9.394164384,0.218630137,77.22515068,1748.38,5863.09,2610.06,1.599589041,6.3,12.85
2076,Manang,0,0,Millet,4.486794521,9.394164384,0.218630137,77.22515068,1748.38,5863.09,2610.06,1.599589041,6.3,12.85
2076,Manang,262,1874,Buckwheat,4.486794521,9.394164384,0.218630137,77.22515068,1748.38,5863.09,2610.06,1.599589041,6.3,12.85
2076,Manang,202,1510,Wheat,4.486794521,9.394164384,0.218630137,77.22515068,1748.38,5863.09,2610.06,1.599589041,6.3,12.85
2076,Manang,109,1734,Barley,4.486794521,9.394164384,0.218630137,77.22515068,1748.38,5863.09,2610.06,1.599589041,6.3,12.85
2076,Morang,86634,4237,Paddy,24.62473973,30.22972603,20.15873973,63.34821918,1376.31,5808.38,2629.77,1.721863014,6.8,28531.95
2076,Morang,17255,3957,Maize,24.62473973,30.22972603,20.15873973,63.34821918,1376.31,5808.38,2629.77,1.721863014,6.8,28531.95
2076,Morang,1218,1237,Millet,24.62473973,30.22972603,20.15873973,63.34821918,1376.31,5808.38,2629.77,1.721863014,6.8,28531.95
2076,Morang,62,1113,Buckwheat,24.62473973,30.22972603,20.15873973,63.34821918,1376.31,5808.38,2629.77,1.721863014,6.8,28531.95
2076,Morang,12639,3120,Wheat,24.62473973,30.22972603,20.15873973,63.34821918,1376.31,5808.38,2629.77,1.721863014,6.8,28531.95
2076,Morang,0,0,Barley,24.62473973,30.22972603,20.15873973,63.34821918,1376.31,5808.38,2629.77,1.721863014,6.8,28531.95
2076,Mugu,915,1404,Paddy,12.16150685,17.47276712,7.603041096,69.93328767,1230.83,6116.91,2667.29,1.513068493,5.7,0
2076,Mugu,589,1598,Maize,12.16150685,17.47276712,7.603041096,69.93328767,1230.83,6116.91,2667.29,1.513068493,5.7,0
2076,Mugu,4218,978,Millet,12.16150685,17.47276712,7.603041096,69.93328767,1230.83,6116.91,2667.29,1.513068493,5.7,0
2076,Mugu,456,950,Buckwheat,12.16150685,17.47276712,7.603041096,69.93328767,1230.83,6116.91,2667.29,1.513068493,5.7,0
2076,Mugu,3201,1245,Wheat,12.16150685,17.47276712,7.603041096,69.93328767,1230.83,6116.91,2667.29,1.513068493,5.7,0
2076,Mugu,1034,1120,Barley,12.16150685,17.47276712,7.603041096,69.93328767,1230.83,6116.91,2667.29,1.513068493,5.7,0
2076,Mustang,0,0,Paddy,7.553863014,12.6849863,3.286054795,73.16016438,1865.89,5919.13,2580.17,1.507534247,7.3,16.5
2076,Mustang,565,1712,Maize,7.553863014,12.6849863,3.286054795,73.16016438,1865.89,5919.13,2580.17,1.507534247,7.3,16.5
2076,Mustang,0,0,Millet,7.553863014,12.6849863,3.286054795,73.16016438,1865.89,5919.13,2580.17,1.507534247,7.3,16.5
2076,Mustang,541,1762,Buckwheat,7.553863014,12.6849863,3.286054795,73.16016438,1865.89,5919.13,2580.17,1.507534247,7.3,16.5
2076,Mustang,535,1658,Wheat,7.553863014,12.6849863,3.286054795,73.16016438,1865.89,5919.13,2580.17,1.507534247,7.3,16.5
2076,Mustang,254,1854,Barley,7.553863014,12.6849863,3.286054795,73.16016438,1865.89,5919.13,2580.17,1.507534247,7.3,16.5
2076,Myagdi,3850,3370,Paddy,7.553863014,12.6849863,3.286054795,73.16016438,1865.89,5919.13,2580.17,1.507534247,5.8,262.2
2076,Myagdi,9180,3393,Maize,7.553863014,12.6849863,3.286054795,73.16016438,1865.89,5919.13,2580.17,1.507534247,5.8,262.2
2076,Myagdi,2530,1303,Millet,7.553863014,12.6849863,3.286054795,73.16016438,1865.89,5919.13,2580.17,1.507534247,5.8,262.2
2076,Myagdi,144,986,Buckwheat,7.553863014,12.6849863,3.286054795,73.16016438,1865.89,5919.13,2580.17,1.507534247,5.8,262.2
2076,Myagdi,2812,2531,Wheat,7.553863014,12.6849863,3.286054795,73.16016438,1865.89,5919.13,2580.17,1.507534247,5.8,262.2
2076,Myagdi,279,1333,Barley,7.553863014,12.6849863,3.286054795,73.16016438,1865.89,5919.13,2580.17,1.507534247,5.8,262.2
2076,Nawalparasi,42529,8262,Paddy,24.74443836,30.54887671,19.98991781,60.81235616,1630.95,6266.71,2928.24,1.566109589,5.9,11207.95
2076,Nawalparasi,9175,6153,Maize,24.74443836,30.54887671,19.98991781,60.81235616,1630.95,6266.71,2928.24,1.566109589,5.9,11207.95
2076,Nawalparasi,482,2156,Millet,24.74443836,30.54887671,19.98991781,60.81235616,1630.95,6266.71,2928.24,1.566109589,5.9,11207.95
2076,Nawalparasi,156,1975,Buckwheat,24.74443836,30.54887671,19.98991781,60.81235616,1630.95,6266.71,2928.24,1.566109589,5.9,11207.95
2076,Nawalparasi,16672,5852,Wheat,24.74443836,30.54887671,19.98991781,60.81235616,1630.95,6266.71,2928.24,1.566109589,5.9,11207.95
2076,Nawalparasi,13,2450,Barley,24.74443836,30.54887671,19.98991781,60.81235616,1630.95,6266.71,2928.24,1.566109589,5.9,11207.95
2076,Nuwakot,16129,4373,Paddy,8.866,14.15123288,4.604958904,70.31731507,992.91,6158.63,2768.15,1.72090411,5.7,7924.6
2076,Nuwakot,16218,3837,Maize,8.866,14.15123288,4.604958904,70.31731507,992.91,6158.63,2768.15,1.72090411,5.7,7924.6
2076,Nuwakot,5245,1320,Millet,8.866,14.15123288,4.604958904,70.31731507,992.91,6158.63,2768.15,1.72090411,5.7,7924.6
2076,Nuwakot,178,1051,Buckwheat,8.866,14.15123288,4.604958904,70.31731507,992.91,6158.63,2768.15,1.72090411,5.7,7924.6
2076,Nuwakot,4165,3300,Wheat,8.866,14.15123288,4.604958904,70.31731507,992.91,6158.63,2768.15,1.72090411,5.7,7924.6
2076,Nuwakot,152,1303,Barley,8.866,14.15123288,4.604958904,70.31731507,992.91,6158.63,2768.15,1.72090411,5.7,7924.6
2076,Okhaldhunga,3222,2766,Paddy,13.75413699,18.90969863,9.79769863,66.26893151,1000.76,5767.41,2605.18,1.58090411,5.7,169
2076,Okhaldhunga,12400,2891,Maize,13.75413699,18.90969863,9.79769863,66.26893151,1000.76,5767.41,2605.18,1.58090411,5.7,169
2076,Okhaldhunga,7585,1893,Millet,13.75413699,18.90969863,9.79769863,66.26893151,1000.76,5767.41,2605.18,1.58090411,5.7,169
2076,Okhaldhunga,91,989,Buckwheat,13.75413699,18.90969863,9.79769863,66.26893151,1000.76,5767.41,2605.18,1.58090411,5.7,169
2076,Okhaldhunga,2145,2130,Wheat,13.75413699,18.90969863,9.79769863,66.26893151,1000.76,5767.41,2605.18,1.58090411,5.7,169
2076,Okhaldhunga,80,1325,Barley,13.75413699,18.90969863,9.79769863,66.26893151,1000.76,5767.41,2605.18,1.58090411,5.7,169
2076,Palpa,7601,4221,Paddy,18.97964384,23.83947945,15.13328767,66.23728767,1885.15,6266.71,2928.24,1.464328767,5.9,1604.15
2076,Palpa,21185,2632,Maize,18.97964384,23.83947945,15.13328767,66.23728767,1885.15,6266.71,2928.24,1.464328767,5.9,1604.15
2076,Palpa,2655,1171,Millet,18.97964384,23.83947945,15.13328767,66.23728767,1885.15,6266.71,2928.24,1.464328767,5.9,1604.15
2076,Palpa,410,993,Buckwheat,18.97964384,23.83947945,15.13328767,66.23728767,1885.15,6266.71,2928.24,1.464328767,5.9,1604.15
2076,Palpa,5744,2729,Wheat,18.97964384,23.83947945,15.13328767,66.23728767,1885.15,6266.71,2928.24,1.464328767,5.9,1604.15
2076,Palpa,19,1842,Barley,18.97964384,23.83947945,15.13328767,66.23728767,1885.15,6266.71,2928.24,1.464328767,5.9,1604.15
2076,Panchthar,8243,2752,Paddy,10.56589041,15.88747945,6.442246575,75.05241096,1083.59,5405.8,2406.77,1.823479452,5.7,146.55
2076,Panchthar,18983,2165,Maize,10.56589041,15.88747945,6.442246575,75.05241096,1083.59,5405.8,2406.77,1.823479452,5.7,146.55
2076,Panchthar,4550,1853,Millet,10.56589041,15.88747945,6.442246575,75.05241096,1083.59,5405.8,2406.77,1.823479452,5.7,146.55
2076,Panchthar,62,790,Buckwheat,10.56589041,15.88747945,6.442246575,75.05241096,1083.59,5405.8,2406.77,1.823479452,5.7,146.55
2076,Panchthar,3904,2160,Wheat,10.56589041,15.88747945,6.442246575,75.05241096,1083.59,5405.8,2406.77,1.823479452,5.7,146.55
2076,Panchthar,305,1462,Barley,10.56589041,15.88747945,6.442246575,75.05241096,1083.59,5405.8,2406.77,1.823479452,5.7,146.55
2076,Parbat,7849,3242,Paddy,7.553863014,12.6849863,3.286054795,73.16016438,1865.89,5919.13,2580.17,1.507534247,5.7,1716.95
2076,Parbat,13958,2496,Maize,7.553863014,12.6849863,3.286054795,73.16016438,1865.89,5919.13,2580.17,1.507534247,5.7,1716.95
2076,Parbat,8499,990,Millet,7.553863014,12.6849863,3.286054795,73.16016438,1865.89,5919.13,2580.17,1.507534247,5.7,1716.95
2076,Parbat,50,1020,Buckwheat,7.553863014,12.6849863,3.286054795,73.16016438,1865.89,5919.13,2580.17,1.507534247,5.7,1716.95
2076,Parbat,2656,2550,Wheat,7.553863014,12.6849863,3.286054795,73.16016438,1865.89,5919.13,2580.17,1.507534247,5.7,1716.95
2076,Parbat,81,1296,Barley,7.553863014,12.6849863,3.286054795,73.16016438,1865.89,5919.13,2580.17,1.507534247,5.7,1716.95
2076,Parsa,45450,4135,Paddy,25.48413699,31.55520548,20.422,61.21515068,1396.14,6240.93,2906.09,1.796383562,6.9,21133.875
2076,Parsa,4580,3716,Maize,25.48413699,31.55520548,20.422,61.21515068,1396.14,6240.93,2906.09,1.796383562,6.9,21133.875
2076,Parsa,0,0,Millet,25.48413699,31.55520548,20.422,61.21515068,1396.14,6240.93,2906.09,1.796383562,6.9,21133.875
2076,Parsa,0,0,Buckwheat,25.48413699,31.55520548,20.422,61.21515068,1396.14,6240.93,2906.09,1.796383562,6.9,21133.875
2076,Parsa,21992,3675,Wheat,25.48413699,31.55520548,20.422,61.21515068,1396.14,6240.93,2906.09,1.796383562,6.9,21133.875
2076,Parsa,29,1448,Barley,25.48413699,31.55520548,20.422,61.21515068,1396.14,6240.93,2906.09,1.796383562,6.9,21133.875
2076,Pyuthan,6250,3845,Paddy,21.85268493,27.26789041,17.48493151,60.55520548,1509.66,6064.68,2652.79,1.818520548,6.5,790.8
2076,Pyuthan,11306,2475,Maize,21.85268493,27.26789041,17.48493151,60.55520548,1509.66,6064.68,2652.79,1.818520548,6.5,790.8
2076,Pyuthan,2182,1225,Millet,21.85268493,27.26789041,17.48493151,60.55520548,1509.66,6064.68,2652.79,1.818520548,6.5,790.8
2076,Pyuthan,11,1000,Buckwheat,21.85268493,27.26789041,17.48493151,60.55520548,1509.66,6064.68,2652.79,1.818520548,6.5,790.8
2076,Pyuthan,7951,2980,Wheat,21.85268493,27.26789041,17.48493151,60.55520548,1509.66,6064.68,2652.79,1.818520548,6.5,790.8
2076,Pyuthan,468,1632,Barley,21.85268493,27.26789041,17.48493151,60.55520548,1509.66,6064.68,2652.79,1.818520548,6.5,790.8
2076,Ramechap,8762,3133,Paddy,13.75413699,18.90969863,9.79769863,66.26893151,1000.76,5767.41,2605.18,1.58090411,5.4,922.1
2076,Ramechap,21686,2865,Maize,13.75413699,18.90969863,9.79769863,66.26893151,1000.76,5767.41,2605.18,1.58090411,5.4,922.1
2076,Ramechap,4831,1118,Millet,13.75413699,18.90969863,9.79769863,66.26893151,1000.76,5767.41,2605.18,1.58090411,5.4,922.1
2076,Ramechap,16,1063,Buckwheat,13.75413699,18.90969863,9.79769863,66.26893151,1000.76,5767.41,2605.18,1.58090411,5.4,922.1
2076,Ramechap,3875,2350,Wheat,13.75413699,18.90969863,9.79769863,66.26893151,1000.76,5767.41,2605.18,1.58090411,5.4,922.1
2076,Ramechap,63,1349,Barley,13.75413699,18.90969863,9.79769863,66.26893151,1000.76,5767.41,2605.18,1.58090411,5.4,922.1
2076,Rasuwa,1172,3412,Paddy,8.866,14.15123288,4.604958904,70.31731507,992.91,6279.95,2774.82,1.72090411,6.1,189.75
2076,Rasuwa,2298,2649,Maize,8.866,14.15123288,4.604958904,70.31731507,992.91,6279.95,2774.82,1.72090411,6.1,189.75
2076,Rasuwa,828,983,Millet,8.866,14.15123288,4.604958904,70.31731507,992.91,6279.95,2774.82,1.72090411,6.1,189.75
2076,Rasuwa,0,0,Buckwheat,8.866,14.15123288,4.604958904,70.31731507,992.91,6279.95,2774.82,1.72090411,6.1,189.75
2076,Rasuwa,689,2010,Wheat,8.866,14.15123288,4.604958904,70.31731507,992.91,6279.95,2774.82,1.72090411,6.1,189.75
2076,Rasuwa,253,1328,Barley,8.866,14.15123288,4.604958904,70.31731507,992.91,6279.95,2774.82,1.72090411,6.1,189.75
2076,Rautahat,36750,3444,Paddy,24.75786301,30.56761644,20.13238356,58.68136986,1180.48,6004.97,2711.66,1.724273973,6.8,14848.85
2076,Rautahat,3506,3543,Maize,24.75786301,30.56761644,20.13238356,58.68136986,1180.48,6004.97,2711.66,1.724273973,6.8,14848.85
2076,Rautahat,70,1043,Millet,24.75786301,30.56761644,20.13238356,58.68136986,1180.48,6004.97,2711.66,1.724273973,6.8,14848.85
2076,Rautahat,0,0,Buckwheat,24.75786301,30.56761644,20.13238356,58.68136986,1180.48,6004.97,2711.66,1.724273973,6.8,14848.85
2076,Rautahat,14987,3725,Wheat,24.75786301,30.56761644,20.13238356,58.68136986,1180.48,6004.97,2711.66,1.724273973,6.8,14848.85
2076,Rautahat,3,1667,Barley,24.75786301,30.56761644,20.13238356,58.68136986,1180.48,6004.97,2711.66,1.724273973,6.8,14848.85
2076,Rolpa,4490,3209,Paddy,14.74668493,20.28520548,10.11849315,65.93917808,1408.73,6064.68,2652.79,1.657068493,6.1,205.7
2076,Rolpa,13438,2566,Maize,14.74668493,20.28520548,10.11849315,65.93917808,1408.73,6064.68,2652.79,1.657068493,6.1,205.7
2076,Rolpa,1113,1146,Millet,14.74668493,20.28520548,10.11849315,65.93917808,1408.73,6064.68,2652.79,1.657068493,6.1,205.7
2076,Rolpa,108,907,Buckwheat,14.74668493,20.28520548,10.11849315,65.93917808,1408.73,6064.68,2652.79,1.657068493,6.1,205.7
2076,Rolpa,8407,2960,Wheat,14.74668493,20.28520548,10.11849315,65.93917808,1408.73,6064.68,2652.79,1.657068493,6.1,205.7
2076,Rolpa,556,1189,Barley,14.74668493,20.28520548,10.11849315,65.93917808,1408.73,6064.68,2652.79,1.657068493,6.1,205.7
2076,Rukum,3554,5333,Paddy,14.74668493,20.28520548,10.11849315,65.93917808,1408.73,6060.66,2649,1.657068493,6.8,74.6
2076,Rukum,18745,4619,Maize,14.74668493,20.28520548,10.11849315,65.93917808,1408.73,6060.66,2649,1.657068493,6.8,74.6
2076,Rukum,929,2627,Millet,14.74668493,20.28520548,10.11849315,65.93917808,1408.73,6060.66,2649,1.657068493,6.8,74.6
2076,Rukum,0,0,Buckwheat,14.74668493,20.28520548,10.11849315,65.93917808,1408.73,6060.66,2649,1.657068493,6.8,74.6
2076,Rukum,10846,5580,Wheat,14.74668493,20.28520548,10.11849315,65.93917808,1408.73,6060.66,2649,1.657068493,6.8,74.6
2076,Rukum,826,2532,Barley,14.74668493,20.28520548,10.11849315,65.93917808,1408.73,6060.66,2649,1.657068493,6.8,74.6
2076,Rupandehi,63882,4146,Paddy,24.74443836,30.54887671,19.98991781,60.81235616,1630.95,6266.71,2928.24,1.566109589,6.6,34431.675
2076,Rupandehi,2639,3925,Maize,24.74443836,30.54887671,19.98991781,60.81235616,1630.95,6266.71,2928.24,1.566109589,6.6,34431.675
2076,Rupandehi,46,1130,Millet,24.74443836,30.54887671,19.98991781,60.81235616,1630.95,6266.71,2928.24,1.566109589,6.6,34431.675
2076,Rupandehi,0,0,Buckwheat,24.74443836,30.54887671,19.98991781,60.81235616,1630.95,6266.71,2928.24,1.566109589,6.6,34431.675
2076,Rupandehi,26819,3561,Wheat,24.74443836,30.54887671,19.98991781,60.81235616,1630.95,6266.71,2928.24,1.566109589,6.6,34431.675
2076,Rupandehi,74,2541,Barley,24.74443836,30.54887671,19.98991781,60.81235616,1630.95,6266.71,2928.24,1.566109589,6.6,34431.675
2076,Salyan,7012,4064,Paddy,21.85268493,27.26789041,17.48493151,60.55520548,1509.66,6064.68,2652.79,1.818520548,5.9,839.25
2076,Salyan,20005,2469,Maize,21.85268493,27.26789041,17.48493151,60.55520548,1509.66,6064.68,2652.79,1.818520548,5.9,839.25
2076,Salyan,1020,1171,Millet,21.85268493,27.26789041,17.48493151,60.55520548,1509.66,6064.68,2652.79,1.818520548,5.9,839.25
2076,Salyan,60,1183,Buckwheat,21.85268493,27.26789041,17.48493151,60.55520548,1509.66,6064.68,2652.79,1.818520548,5.9,839.25
2076,Salyan,13992,3100,Wheat,21.85268493,27.26789041,17.48493151,60.55520548,1509.66,6064.68,2652.79,1.818520548,5.9,839.25
2076,Salyan,950,1343,Barley,21.85268493,27.26789041,17.48493151,60.55520548,1509.66,6064.68,2652.79,1.818520548,5.9,839.25
2076,Sankhuwashava,12054,2845,Paddy,10.56589041,15.88747945,6.442246575,75.05241096,1083.59,5405.8,2406.77,1.823479452,5.6,859.65
2076,Sankhuwashava,12858,2189,Maize,10.56589041,15.88747945,6.442246575,75.05241096,1083.59,5405.8,2406.77,1.823479452,5.6,859.65
2076,Sankhuwashava,6361,1262,Millet,10.56589041,15.88747945,6.442246575,75.05241096,1083.59,5405.8,2406.77,1.823479452,5.6,859.65
2076,Sankhuwashava,18,1000,Buckwheat,10.56589041,15.88747945,6.442246575,75.05241096,1083.59,5405.8,2406.77,1.823479452,5.6,859.65
2076,Sankhuwashava,715,2351,Wheat,10.56589041,15.88747945,6.442246575,75.05241096,1083.59,5405.8,2406.77,1.823479452,5.6,859.65
2076,Sankhuwashava,13,1308,Barley,10.56589041,15.88747945,6.442246575,75.05241096,1083.59,5405.8,2406.77,1.823479452,5.6,859.65
2076,Saptari,49519,3564,Paddy,25.10775342,30.68158904,20.55641096,62.5200274,1339.84,5987.11,2705.11,1.829945205,6.6,13558.35
2076,Saptari,3922,3191,Maize,25.10775342,30.68158904,20.55641096,62.5200274,1339.84,5987.11,2705.11,1.829945205,6.6,13558.35
2076,Saptari,181,1254,Millet,25.10775342,30.68158904,20.55641096,62.5200274,1339.84,5987.11,2705.11,1.829945205,6.6,13558.35
2076,Saptari,0,0,Buckwheat,25.10775342,30.68158904,20.55641096,62.5200274,1339.84,5987.11,2705.11,1.829945205,6.6,13558.35
2076,Saptari,15314,3549,Wheat,25.10775342,30.68158904,20.55641096,62.5200274,1339.84,5987.11,2705.11,1.829945205,6.6,13558.35
2076,Saptari,0,0,Barley,25.10775342,30.68158904,20.55641096,62.5200274,1339.84,5987.11,2705.11,1.829945205,6.6,13558.35
2076,Sarlahi,46468,3620,Paddy,24.75786301,30.56761644,20.13238356,58.68136986,1180.48,6004.97,2711.66,1.724273973,6.6,13701.95
2076,Sarlahi,11276,3336,Maize,24.75786301,30.56761644,20.13238356,58.68136986,1180.48,6004.97,2711.66,1.724273973,6.6,13701.95
2076,Sarlahi,702,893,Millet,24.75786301,30.56761644,20.13238356,58.68136986,1180.48,6004.97,2711.66,1.724273973,6.6,13701.95
2076,Sarlahi,0,0,Buckwheat,24.75786301,30.56761644,20.13238356,58.68136986,1180.48,6004.97,2711.66,1.724273973,6.6,13701.95
2076,Sarlahi,22479,3407,Wheat,24.75786301,30.56761644,20.13238356,58.68136986,1180.48,6004.97,2711.66,1.724273973,6.6,13701.95
2076,Sarlahi,62,1145,Barley,24.75786301,30.56761644,20.13238356,58.68136986,1180.48,6004.97,2711.66,1.724273973,6.6,13701.95
2076,Sindhuli,13947,3781,Paddy,22.83273973,28.33315068,18.56117808,59.90189041,1134.85,5767.41,2605.18,1.685232877,6,2873.75
2076,Sindhuli,25657,3165,Maize,22.83273973,28.33315068,18.56117808,59.90189041,1134.85,5767.41,2605.18,1.685232877,6,2873.75
2076,Sindhuli,11934,1019,Millet,22.83273973,28.33315068,18.56117808,59.90189041,1134.85,5767.41,2605.18,1.685232877,6,2873.75
2076,Sindhuli,505,962,Buckwheat,22.83273973,28.33315068,18.56117808,59.90189041,1134.85,5767.41,2605.18,1.685232877,6,2873.75
2076,Sindhuli,6875,2820,Wheat,22.83273973,28.33315068,18.56117808,59.90189041,1134.85,5767.41,2605.18,1.685232877,6,2873.75
2076,Sindhuli,41,1585,Barley,22.83273973,28.33315068,18.56117808,59.90189041,1134.85,5767.41,2605.18,1.685232877,6,2873.75
2076,Sindhupalchok,11981,2967,Paddy,8.866,14.15123288,4.604958904,70.31731507,992.91,6158.63,2768.15,1.72090411,5.6,10022.35
2076,Sindhupalchok,25168,2800,Maize,8.866,14.15123288,4.604958904,70.31731507,992.91,6158.63,2768.15,1.72090411,5.6,10022.35
2076,Sindhupalchok,16952,1302,Millet,8.866,14.15123288,4.604958904,70.31731507,992.91,6158.63,2768.15,1.72090411,5.6,10022.35
2076,Sindhupalchok,0,0,Buckwheat,8.866,14.15123288,4.604958904,70.31731507,992.91,6158.63,2768.15,1.72090411,5.6,10022.35
2076,Sindhupalchok,6908,2020,Wheat,8.866,14.15123288,4.604958904,70.31731507,992.91,6158.63,2768.15,1.72090411,5.6,10022.35
2076,Sindhupalchok,172,1192,Barley,8.866,14.15123288,4.604958904,70.31731507,992.91,6158.63,2768.15,1.72090411,5.6,10022.35
2076,Siraha,47707,3516,Paddy,25.85054795,31.91690411,20.85939726,58.98717808,1103.31,5987.11,2705.11,1.973972603,6.8,14147.75
2076,Siraha,3991,3005,Maize,25.85054795,31.91690411,20.85939726,58.98717808,1103.31,5987.11,2705.11,1.973972603,6.8,14147.75
2076,Siraha,435,1034,Millet,25.85054795,31.91690411,20.85939726,58.98717808,1103.31,5987.11,2705.11,1.973972603,6.8,14147.75
2076,Siraha,0,0,Buckwheat,25.85054795,31.91690411,20.85939726,58.98717808,1103.31,5987.11,2705.11,1.973972603,6.8,14147.75
2076,Siraha,11781,3505,Wheat,25.85054795,31.91690411,20.85939726,58.98717808,1103.31,5987.11,2705.11,1.973972603,6.8,14147.75
2076,Siraha,0,0,Barley,25.85054795,31.91690411,20.85939726,58.98717808,1103.31,5987.11,2705.11,1.973972603,6.8,14147.75
2076,Solukhumbu,1325,2783,Paddy,9.195479452,14.42063014,5.143205479,72.51060274,1028.9,5767.41,2605.18,1.791479452,5.8,20.9
2076,Solukhumbu,14050,2513,Maize,9.195479452,14.42063014,5.143205479,72.51060274,1028.9,5767.41,2605.18,1.791479452,5.8,20.9
2076,Solukhumbu,1827,1346,Millet,9.195479452,14.42063014,5.143205479,72.51060274,1028.9,5767.41,2605.18,1.791479452,5.8,20.9
2076,Solukhumbu,297,970,Buckwheat,9.195479452,14.42063014,5.143205479,72.51060274,1028.9,5767.41,2605.18,1.791479452,5.8,20.9
2076,Solukhumbu,2669,2099,Wheat,9.195479452,14.42063014,5.143205479,72.51060274,1028.9,5767.41,2605.18,1.791479452,5.8,20.9
2076,Solukhumbu,165,1170,Barley,9.195479452,14.42063014,5.143205479,72.51060274,1028.9,5767.41,2605.18,1.791479452,5.8,20.9
2076,Sunsari,53350,3988,Paddy,24.62473973,30.22972603,20.15873973,63.34821918,1376.31,5808.38,2629.77,1.721863014,6.6,16182.9
2076,Sunsari,8949,3118,Maize,24.62473973,30.22972603,20.15873973,63.34821918,1376.31,5808.38,2629.77,1.721863014,6.6,16182.9
2076,Sunsari,499,1152,Millet,24.62473973,30.22972603,20.15873973,63.34821918,1376.31,5808.38,2629.77,1.721863014,6.6,16182.9
2076,Sunsari,291,1052,Buckwheat,24.62473973,30.22972603,20.15873973,63.34821918,1376.31,5808.38,2629.77,1.721863014,6.6,16182.9
2076,Sunsari,12959,3250,Wheat,24.62473973,30.22972603,20.15873973,63.34821918,1376.31,5808.38,2629.77,1.721863014,6.6,16182.9
2076,Sunsari,11,2182,Barley,24.62473973,30.22972603,20.15873973,63.34821918,1376.31,5808.38,2629.77,1.721863014,6.6,16182.9
2076,Surkhet,12276,4154,Paddy,19.80356164,25.09391781,15.39747945,62.87572603,1507.45,6018.39,2685.62,1.488547945,5.9,2780.55
2076,Surkhet,15011,2921,Maize,19.80356164,25.09391781,15.39747945,62.87572603,1507.45,6018.39,2685.62,1.488547945,5.9,2780.55
2076,Surkhet,2215,1335,Millet,19.80356164,25.09391781,15.39747945,62.87572603,1507.45,6018.39,2685.62,1.488547945,5.9,2780.55
2076,Surkhet,0,0,Buckwheat,19.80356164,25.09391781,15.39747945,62.87572603,1507.45,6018.39,2685.62,1.488547945,5.9,2780.55
2076,Surkhet,13941,3043,Wheat,19.80356164,25.09391781,15.39747945,62.87572603,1507.45,6018.39,2685.62,1.488547945,5.9,2780.55
2076,Surkhet,931,1530,Barley,19.80356164,25.09391781,15.39747945,62.87572603,1507.45,6018.39,2685.62,1.488547945,5.9,2780.55
2076,Syangja,16093,4154,Paddy,18.97964384,23.83947945,15.13328767,66.23728767,1885.15,5919.13,2580.17,1.464328767,6,1219.8
2076,Syangja,26275,3671,Maize,18.97964384,23.83947945,15.13328767,66.23728767,1885.15,5919.13,2580.17,1.464328767,6,1219.8
2076,Syangja,15926,1256,Millet,18.97964384,23.83947945,15.13328767,66.23728767,1885.15,5919.13,2580.17,1.464328767,6,1219.8
2076,Syangja,221,995,Buckwheat,18.97964384,23.83947945,15.13328767,66.23728767,1885.15,5919.13,2580.17,1.464328767,6,1219.8
2076,Syangja,5098,2846,Wheat,18.97964384,23.83947945,15.13328767,66.23728767,1885.15,5919.13,2580.17,1.464328767,6,1219.8
2076,Syangja,4,1500,Barley,18.97964384,23.83947945,15.13328767,66.23728767,1885.15,5919.13,2580.17,1.464328767,6,1219.8
2076,Tanahu,10807,3963,Paddy,18.97964384,23.83947945,15.13328767,66.23728767,1885.15,6240.93,2906.09,1.464328767,5.6,2341.55
2076,Tanahu,22835,3223,Maize,18.97964384,23.83947945,15.13328767,66.23728767,1885.15,6240.93,2906.09,1.464328767,5.6,2341.55
2076,Tanahu,6656,990,Millet,18.97964384,23.83947945,15.13328767,66.23728767,1885.15,6240.93,2906.09,1.464328767,5.6,2341.55
2076,Tanahu,176,1000,Buckwheat,18.97964384,23.83947945,15.13328767,66.23728767,1885.15,6240.93,2906.09,1.464328767,5.6,2341.55
2076,Tanahu,1643,2507,Wheat,18.97964384,23.83947945,15.13328767,66.23728767,1885.15,6240.93,2906.09,1.464328767,5.6,2341.55
2076,Tanahu,6,1000,Barley,18.97964384,23.83947945,15.13328767,66.23728767,1885.15,6240.93,2906.09,1.464328767,5.6,2341.55
2076,Taplejung,7538,2556,Paddy,5.100712329,10.00438356,1.344246575,79.53520548,1486.47,5405.8,2406.77,1.589424658,5.4,305.05
2076,Taplejung,9598,2800,Maize,5.100712329,10.00438356,1.344246575,79.53520548,1486.47,5405.8,2406.77,1.589424658,5.4,305.05
2076,Taplejung,3008,1390,Millet,5.100712329,10.00438356,1.344246575,79.53520548,1486.47,5405.8,2406.77,1.589424658,5.4,305.05
2076,Taplejung,103,1359,Buckwheat,5.100712329,10.00438356,1.344246575,79.53520548,1486.47,5405.8,2406.77,1.589424658,5.4,305.05
2076,Taplejung,1535,2310,Wheat,5.100712329,10.00438356,1.344246575,79.53520548,1486.47,5405.8,2406.77,1.589424658,5.4,305.05
2076,Taplejung,270,1489,Barley,5.100712329,10.00438356,1.344246575,79.53520548,1486.47,5405.8,2406.77,1.589424658,5.4,305.05
2076,Terhathum,7140,2756,Paddy,20.09432877,25.13835616,16.17372603,66.99441096,1310.62,5405.8,2406.77,1.509232877,5.6,362.4
2076,Terhathum,12117,2692,Maize,20.09432877,25.13835616,16.17372603,66.99441096,1310.62,5405.8,2406.77,1.509232877,5.6,362.4
2076,Terhathum,2603,1256,Millet,20.09432877,25.13835616,16.17372603,66.99441096,1310.62,5405.8,2406.77,1.509232877,5.6,362.4
2076,Terhathum,23,957,Buckwheat,20.09432877,25.13835616,16.17372603,66.99441096,1310.62,5405.8,2406.77,1.509232877,5.6,362.4
2076,Terhathum,2400,2110,Wheat,20.09432877,25.13835616,16.17372603,66.99441096,1310.62,5405.8,2406.77,1.509232877,5.6,362.4
2076,Terhathum,64,1328,Barley,20.09432877,25.13835616,16.17372603,66.99441096,1310.62,5405.8,2406.77,1.509232877,5.6,362.4
2076,Udayapur,13811,3924,Paddy,18.33613699,23.20578082,14.71679452,70.55191781,1813.42,5808.38,2629.77,1.227643836,5.4,2423.05
2076,Udayapur,17907,2365,Maize,18.33613699,23.20578082,14.71679452,70.55191781,1813.42,5808.38,2629.77,1.227643836,5.4,2423.05
2076,Udayapur,2963,1886,Millet,18.33613699,23.20578082,14.71679452,70.55191781,1813.42,5808.38,2629.77,1.227643836,5.4,2423.05
2076,Udayapur,16,1063,Buckwheat,18.33613699,23.20578082,14.71679452,70.55191781,1813.42,5808.38,2629.77,1.227643836,5.4,2423.05
2076,Udayapur,5130,2750,Wheat,18.33613699,23.20578082,14.71679452,70.55191781,1813.42,5808.38,2629.77,1.227643836,5.4,2423.05
2076,Udayapur,25,1560,Barley,18.33613699,23.20578082,14.71679452,70.55191781,1813.42,5808.38,2629.77,1.227643836,5.4,2423.05
2077,Achham,16590,2670,Paddy,11.79530055,16.8960929,7.581775956,73.78494536,1358.08,6215.45,2700.79,1.459071038,6.1,203.7
2077,Achham,6554,2940,Maize,11.79530055,16.8960929,7.581775956,73.78494536,1358.08,6215.45,2700.79,1.459071038,6.1,203.7
2077,Achham,3557,1044,Millet,11.79530055,16.8960929,7.581775956,73.78494536,1358.08,6215.45,2700.79,1.459071038,6.1,203.7
2077,Achham,77,1052,Buckwheat,11.79530055,16.8960929,7.581775956,73.78494536,1358.08,6215.45,2700.79,1.459071038,6.1,203.7
2077,Achham,14453,1570,Wheat,11.79530055,16.8960929,7.581775956,73.78494536,1358.08,6215.45,2700.79,1.459071038,6.1,203.7
2077,Achham,444,1268,Barley,11.79530055,16.8960929,7.581775956,73.78494536,1358.08,6215.45,2700.79,1.459071038,6.1,203.7
2077,Arghakhanchi,6385,3323,Paddy,19.17087432,24.02784153,15.48445355,65.44849727,1624.18,6056.11,2843.2,1.639153005,5.9,1545.8
2077,Arghakhanchi,16075,3217,Maize,19.17087432,24.02784153,15.48445355,65.44849727,1624.18,6056.11,2843.2,1.639153005,5.9,1545.8
2077,Arghakhanchi,511,1129,Millet,19.17087432,24.02784153,15.48445355,65.44849727,1624.18,6056.11,2843.2,1.639153005,5.9,1545.8
2077,Arghakhanchi,310,1200,Buckwheat,19.17087432,24.02784153,15.48445355,65.44849727,1624.18,6056.11,2843.2,1.639153005,5.9,1545.8
2077,Arghakhanchi,5782,2769,Wheat,19.17087432,24.02784153,15.48445355,65.44849727,1624.18,6056.11,2843.2,1.639153005,5.9,1545.8
2077,Arghakhanchi,196,1918,Barley,19.17087432,24.02784153,15.48445355,65.44849727,1624.18,6056.11,2843.2,1.639153005,5.9,1545.8
2077,Baglung,5707,3200,Paddy,18.45918033,22.94540984,14.93754098,69.90494536,1893.35,5823.25,2539.99,1.45726776,5.7,961.5
2077,Baglung,19863,3307,Maize,18.45918033,22.94540984,14.93754098,69.90494536,1893.35,5823.25,2539.99,1.45726776,5.7,961.5
2077,Baglung,18456,1260,Millet,18.45918033,22.94540984,14.93754098,69.90494536,1893.35,5823.25,2539.99,1.45726776,5.7,961.5
2077,Baglung,87,1322,Buckwheat,18.45918033,22.94540984,14.93754098,69.90494536,1893.35,5823.25,2539.99,1.45726776,5.7,961.5
2077,Baglung,6900,2510,Wheat,18.45918033,22.94540984,14.93754098,69.90494536,1893.35,5823.25,2539.99,1.45726776,5.7,961.5
2077,Baglung,644,1759,Barley,18.45918033,22.94540984,14.93754098,69.90494536,1893.35,5823.25,2539.99,1.45726776,5.7,961.5
2077,Baitadi,8447,2450,Paddy,10.15915301,15.59478142,5.464562842,71.80710383,1638.17,6534.78,2888.66,1.503005464,6,169.4
2077,Baitadi,11031,2442,Maize,10.15915301,15.59478142,5.464562842,71.80710383,1638.17,6534.78,2888.66,1.503005464,6,169.4
2077,Baitadi,354,1153,Millet,10.15915301,15.59478142,5.464562842,71.80710383,1638.17,6534.78,2888.66,1.503005464,6,169.4
2077,Baitadi,45,1889,Buckwheat,10.15915301,15.59478142,5.464562842,71.80710383,1638.17,6534.78,2888.66,1.503005464,6,169.4
2077,Baitadi,15901,1623,Wheat,10.15915301,15.59478142,5.464562842,71.80710383,1638.17,6534.78,2888.66,1.503005464,6,169.4
2077,Baitadi,885,905,Barley,10.15915301,15.59478142,5.464562842,71.80710383,1638.17,6534.78,2888.66,1.503005464,6,169.4
2077,Bajhang,6491,2660,Paddy,10.15915301,15.59478142,5.464562842,71.80710383,1638.17,6215.45,2700.79,1.503005464,5.6,133.2
2077,Bajhang,4185,1433,Maize,10.15915301,15.59478142,5.464562842,71.80710383,1638.17,6215.45,2700.79,1.503005464,5.6,133.2
2077,Bajhang,2761,806,Millet,10.15915301,15.59478142,5.464562842,71.80710383,1638.17,6215.45,2700.79,1.503005464,5.6,133.2
2077,Bajhang,51,1275,Buckwheat,10.15915301,15.59478142,5.464562842,71.80710383,1638.17,6215.45,2700.79,1.503005464,5.6,133.2
2077,Bajhang,10300,2093,Wheat,10.15915301,15.59478142,5.464562842,71.80710383,1638.17,6215.45,2700.79,1.503005464,5.6,133.2
2077,Bajhang,2391,1063,Barley,10.15915301,15.59478142,5.464562842,71.80710383,1638.17,6215.45,2700.79,1.503005464,5.6,133.2
2077,Bajura,4251,2650,Paddy,8.348060109,14.31822404,3.322513661,71.42636612,1042.27,6215.45,2700.79,1.516092896,6,201.25
2077,Bajura,918,1642,Maize,8.348060109,14.31822404,3.322513661,71.42636612,1042.27,6215.45,2700.79,1.516092896,6,201.25
2077,Bajura,2521,1021,Millet,8.348060109,14.31822404,3.322513661,71.42636612,1042.27,6215.45,2700.79,1.516092896,6,201.25
2077,Bajura,45,1267,Buckwheat,8.348060109,14.31822404,3.322513661,71.42636612,1042.27,6215.45,2700.79,1.516092896,6,201.25
2077,Bajura,9831,1594,Wheat,8.348060109,14.31822404,3.322513661,71.42636612,1042.27,6215.45,2700.79,1.516092896,6,201.25
2077,Bajura,973,1262,Barley,8.348060109,14.31822404,3.322513661,71.42636612,1042.27,6215.45,2700.79,1.516092896,6,201.25
2077,Banke,31250,3509,Paddy,19.18065574,24.17256831,15.14915301,66.58147541,1506.09,5925.95,2632.8,1.430382514,6.4,10102.85
2077,Banke,19356,2880,Maize,19.18065574,24.17256831,15.14915301,66.58147541,1506.09,5925.95,2632.8,1.430382514,6.4,10102.85
2077,Banke,0,0,Millet,19.18065574,24.17256831,15.14915301,66.58147541,1506.09,5925.95,2632.8,1.430382514,6.4,10102.85
2077,Banke,8,1375,Buckwheat,19.18065574,24.17256831,15.14915301,66.58147541,1506.09,5925.95,2632.8,1.430382514,6.4,10102.85
2077,Banke,21944,3344,Wheat,19.18065574,24.17256831,15.14915301,66.58147541,1506.09,5925.95,2632.8,1.430382514,6.4,10102.85
2077,Banke,8,1375,Barley,19.18065574,24.17256831,15.14915301,66.58147541,1506.09,5925.95,2632.8,1.430382514,6.4,10102.85
2077,Bara,58625,3759,Paddy,24.16642077,29.64704918,19.69409836,66.7173224,1820.91,5979.33,2804.39,1.603579235,6.7,15275.55
2077,Bara,11940,3907,Maize,24.16642077,29.64704918,19.69409836,66.7173224,1820.91,5979.33,2804.39,1.603579235,6.7,15275.55
2077,Bara,76,1158,Millet,24.16642077,29.64704918,19.69409836,66.7173224,1820.91,5979.33,2804.39,1.603579235,6.7,15275.55
2077,Bara,0,0,Buckwheat,24.16642077,29.64704918,19.69409836,66.7173224,1820.91,5979.33,2804.39,1.603579235,6.7,15275.55
2077,Bara,27143,3587,Wheat,24.16642077,29.64704918,19.69409836,66.7173224,1820.91,5979.33,2804.39,1.603579235,6.7,15275.55
2077,Bara,38,2237,Barley,24.16642077,29.64704918,19.69409836,66.7173224,1820.91,5979.33,2804.39,1.603579235,6.7,15275.55
2077,Bardiya,50638,4670,Paddy,23.9734153,29.61871585,19.41398907,60.8779235,1450.12,5925.95,2632.8,1.583114754,6.8,11261.55
2077,Bardiya,2764,3029,Maize,23.9734153,29.61871585,19.41398907,60.8779235,1450.12,5925.95,2632.8,1.583114754,6.8,11261.55
2077,Bardiya,0,0,Millet,23.9734153,29.61871585,19.41398907,60.8779235,1450.12,5925.95,2632.8,1.583114754,6.8,11261.55
2077,Bardiya,8,1500,Buckwheat,23.9734153,29.61871585,19.41398907,60.8779235,1450.12,5925.95,2632.8,1.583114754,6.8,11261.55
2077,Bardiya,19775,3792,Wheat,23.9734153,29.61871585,19.41398907,60.8779235,1450.12,5925.95,2632.8,1.583114754,6.8,11261.55
2077,Bardiya,8,1500,Barley,23.9734153,29.61871585,19.41398907,60.8779235,1450.12,5925.95,2632.8,1.583114754,6.8,11261.55
2077,Bhaktapur,3979,5050,Paddy,18.37199454,22.86101093,14.96669399,69.78677596,1400.22,5900.58,2668.03,1.402868852,5.8,4853.75
2077,Bhaktapur,1955,4423,Maize,18.37199454,22.86101093,14.96669399,69.78677596,1400.22,5900.58,2668.03,1.402868852,5.8,4853.75
2077,Bhaktapur,116,1362,Millet,18.37199454,22.86101093,14.96669399,69.78677596,1400.22,5900.58,2668.03,1.402868852,5.8,4853.75
2077,Bhaktapur,0,0,Buckwheat,18.37199454,22.86101093,14.96669399,69.78677596,1400.22,5900.58,2668.03,1.402868852,5.8,4853.75
2077,Bhaktapur,3450,4177,Wheat,18.37199454,22.86101093,14.96669399,69.78677596,1400.22,5900.58,2668.03,1.402868852,5.8,4853.75
2077,Bhaktapur,17,2059,Barley,18.37199454,22.86101093,14.96669399,69.78677596,1400.22,5900.58,2668.03,1.402868852,5.8,4853.75
2077,Bhojpur,14043,2272,Paddy,4.965519126,9.668688525,1.341420765,82.39002732,2097.28,5290.09,2363.83,1.575300546,5.4,1461.1
2077,Bhojpur,36197,2719,Maize,4.965519126,9.668688525,1.341420765,82.39002732,2097.28,5290.09,2363.83,1.575300546,5.4,1461.1
2077,Bhojpur,5489,1293,Millet,4.965519126,9.668688525,1.341420765,82.39002732,2097.28,5290.09,2363.83,1.575300546,5.4,1461.1
2077,Bhojpur,39,821,Buckwheat,4.965519126,9.668688525,1.341420765,82.39002732,2097.28,5290.09,2363.83,1.575300546,5.4,1461.1
2077,Bhojpur,395,1149,Wheat,4.965519126,9.668688525,1.341420765,82.39002732,2097.28,5290.09,2363.83,1.575300546,5.4,1461.1
2077,Bhojpur,10,1500,Barley,4.965519126,9.668688525,1.341420765,82.39002732,2097.28,5290.09,2363.83,1.575300546,5.4,1461.1
2077,Chitwan,28457,3984,Paddy,23.41357923,28.63603825,19.13579235,66.81803279,1925.75,5979.33,2804.39,1.330027322,6.1,12742.6
2077,Chitwan,26019,3791,Maize,23.41357923,28.63603825,19.13579235,66.81803279,1925.75,5979.33,2804.39,1.330027322,6.1,12742.6
2077,Chitwan,1489,1124,Millet,23.41357923,28.63603825,19.13579235,66.81803279,1925.75,5979.33,2804.39,1.330027322,6.1,12742.6
2077,Chitwan,1150,800,Buckwheat,23.41357923,28.63603825,19.13579235,66.81803279,1925.75,5979.33,2804.39,1.330027322,6.1,12742.6
2077,Chitwan,5151,4513,Wheat,23.41357923,28.63603825,19.13579235,66.81803279,1925.75,5979.33,2804.39,1.330027322,6.1,12742.6
2077,Chitwan,15,2200,Barley,23.41357923,28.63603825,19.13579235,66.81803279,1925.75,5979.33,2804.39,1.330027322,6.1,12742.6
2077,Dadeldhura,5961,3458,Paddy,14.82715847,20.16071038,10.36838798,66.06054645,2375.96,6534.78,2888.66,1.342322404,5.9,68.6
2077,Dadeldhura,3819,3231,Maize,14.82715847,20.16071038,10.36838798,66.06054645,2375.96,6534.78,2888.66,1.342322404,5.9,68.6
2077,Dadeldhura,272,1261,Millet,14.82715847,20.16071038,10.36838798,66.06054645,2375.96,6534.78,2888.66,1.342322404,5.9,68.6
2077,Dadeldhura,35,1371,Buckwheat,14.82715847,20.16071038,10.36838798,66.06054645,2375.96,6534.78,2888.66,1.342322404,5.9,68.6
2077,Dadeldhura,9013,2447,Wheat,14.82715847,20.16071038,10.36838798,66.06054645,2375.96,6534.78,2888.66,1.342322404,5.9,68.6
2077,Dadeldhura,174,1379,Barley,14.82715847,20.16071038,10.36838798,66.06054645,2375.96,6534.78,2888.66,1.342322404,5.9,68.6
2077,Dailekh,7907,3295,Paddy,11.79530055,16.8960929,7.581775956,73.78494536,1358.08,5925.95,2632.8,1.459071038,5.9,569.8
2077,Dailekh,21057,2435,Maize,11.79530055,16.8960929,7.581775956,73.78494536,1358.08,5925.95,2632.8,1.459071038,5.9,569.8
2077,Dailekh,2566,1069,Millet,11.79530055,16.8960929,7.581775956,73.78494536,1358.08,5925.95,2632.8,1.459071038,5.9,569.8
2077,Dailekh,28,929,Buckwheat,11.79530055,16.8960929,7.581775956,73.78494536,1358.08,5925.95,2632.8,1.459071038,5.9,569.8
2077,Dailekh,13710,2335,Wheat,11.79530055,16.8960929,7.581775956,73.78494536,1358.08,5925.95,2632.8,1.459071038,5.9,569.8
2077,Dailekh,181,1249,Barley,11.79530055,16.8960929,7.581775956,73.78494536,1358.08,5925.95,2632.8,1.459071038,5.9,569.8
2077,Dang,37986,4051,Paddy,21.26221311,26.58491803,17.09363388,63.02505464,1346.76,5977.51,2601.67,1.759125683,5.8,17001.7
2077,Dang,24305,3209,Maize,21.26221311,26.58491803,17.09363388,63.02505464,1346.76,5977.51,2601.67,1.759125683,5.8,17001.7
2077,Dang,14,1071,Millet,21.26221311,26.58491803,17.09363388,63.02505464,1346.76,5977.51,2601.67,1.759125683,5.8,17001.7
2077,Dang,50,1040,Buckwheat,21.26221311,26.58491803,17.09363388,63.02505464,1346.76,5977.51,2601.67,1.759125683,5.8,17001.7
2077,Dang,11876,3197,Wheat,21.26221311,26.58491803,17.09363388,63.02505464,1346.76,5977.51,2601.67,1.759125683,5.8,17001.7
2077,Dang,23,1217,Barley,21.26221311,26.58491803,17.09363388,63.02505464,1346.76,5977.51,2601.67,1.759125683,5.8,17001.7
2077,Darchula,3494,2650,Paddy,5.047513661,10.53043716,0.026256831,70.74456284,1875.7,6534.78,2888.66,1.586721311,6,72.55
2077,Darchula,5311,3174,Maize,5.047513661,10.53043716,0.026256831,70.74456284,1875.7,6534.78,2888.66,1.586721311,6,72.55
2077,Darchula,1263,941,Millet,5.047513661,10.53043716,0.026256831,70.74456284,1875.7,6534.78,2888.66,1.586721311,6,72.55
2077,Darchula,96,969,Buckwheat,5.047513661,10.53043716,0.026256831,70.74456284,1875.7,6534.78,2888.66,1.586721311,6,72.55
2077,Darchula,5882,1564,Wheat,5.047513661,10.53043716,0.026256831,70.74456284,1875.7,6534.78,2888.66,1.586721311,6,72.55
2077,Darchula,1045,840,Barley,5.047513661,10.53043716,0.026256831,70.74456284,1875.7,6534.78,2888.66,1.586721311,6,72.55
2077,Dhading,13664,4199,Paddy,14.30885246,18.94396175,10.70071038,72.74204918,1386.81,5979.33,2804.39,1.477213115,5.5,10230.5
2077,Dhading,19904,3113,Maize,14.30885246,18.94396175,10.70071038,72.74204918,1386.81,5979.33,2804.39,1.477213115,5.5,10230.5
2077,Dhading,7017,1040,Millet,14.30885246,18.94396175,10.70071038,72.74204918,1386.81,5979.33,2804.39,1.477213115,5.5,10230.5
2077,Dhading,12,1000,Buckwheat,14.30885246,18.94396175,10.70071038,72.74204918,1386.81,5979.33,2804.39,1.477213115,5.5,10230.5
2077,Dhading,4748,2960,Wheat,14.30885246,18.94396175,10.70071038,72.74204918,1386.81,5979.33,2804.39,1.477213115,5.5,10230.5
2077,Dhading,252,1389,Barley,14.30885246,18.94396175,10.70071038,72.74204918,1386.81,5979.33,2804.39,1.477213115,5.5,10230.5
2077,Dhankuta,6196,3577,Paddy,19.40120789,23.87857923,15.99510929,73.56393443,2027.87,5421.28,2450.87,1.422349727,5.8,1910.35
2077,Dhankuta,14033,3358,Maize,19.40120789,23.87857923,15.99510929,73.56393443,2027.87,5421.28,2450.87,1.422349727,5.8,1910.35
2077,Dhankuta,7613,1259,Millet,19.40120789,23.87857923,15.99510929,73.56393443,2027.87,5421.28,2450.87,1.422349727,5.8,1910.35
2077,Dhankuta,8,875,Buckwheat,19.40120789,23.87857923,15.99510929,73.56393443,2027.87,5421.28,2450.87,1.422349727,5.8,1910.35
2077,Dhankuta,1302,2100,Wheat,19.40120789,23.87857923,15.99510929,73.56393443,2027.87,5421.28,2450.87,1.422349727,5.8,1910.35
2077,Dhankuta,39,821,Barley,19.40120789,23.87857923,15.99510929,73.56393443,2027.87,5421.28,2450.87,1.422349727,5.8,1910.35
2077,Dhanusha,58353,4002,Paddy,21.85699454,26.70032787,18.1445082,67.3060929,1646.96,5732.43,2589.53,1.554644809,6.6,7111.45
2077,Dhanusha,3476,3263,Maize,21.85699454,26.70032787,18.1445082,67.3060929,1646.96,5732.43,2589.53,1.554644809,6.6,7111.45
2077,Dhanusha,176,1023,Millet,21.85699454,26.70032787,18.1445082,67.3060929,1646.96,5732.43,2589.53,1.554644809,6.6,7111.45
2077,Dhanusha,0,0,Buckwheat,21.85699454,26.70032787,18.1445082,67.3060929,1646.96,5732.43,2589.53,1.554644809,6.6,7111.45
2077,Dhanusha,36383,3261,Wheat,21.85699454,26.70032787,18.1445082,67.3060929,1646.96,5732.43,2589.53,1.554644809,6.6,7111.45
2077,Dhanusha,7,1286,Barley,21.85699454,26.70032787,18.1445082,67.3060929,1646.96,5732.43,2589.53,1.554644809,6.6,7111.45
2077,Dolakha,2814,2650,Paddy,1.590655738,6.96442623,-2.598060109,74.87142077,705.15,5564.45,2533.38,2.112240437,6.5,1938.75
2077,Dolakha,5730,3005,Maize,1.590655738,6.96442623,-2.598060109,74.87142077,705.15,5564.45,2533.38,2.112240437,6.5,1938.75
2077,Dolakha,3675,1421,Millet,1.590655738,6.96442623,-2.598060109,74.87142077,705.15,5564.45,2533.38,2.112240437,6.5,1938.75
2077,Dolakha,935,937,Buckwheat,1.590655738,6.96442623,-2.598060109,74.87142077,705.15,5564.45,2533.38,2.112240437,6.5,1938.75
2077,Dolakha,4246,1770,Wheat,1.590655738,6.96442623,-2.598060109,74.87142077,705.15,5564.45,2533.38,2.112240437,6.5,1938.75
2077,Dolakha,136,1213,Barley,1.590655738,6.96442623,-2.598060109,74.87142077,705.15,5564.45,2533.38,2.112240437,6.5,1938.75
2077,Dolpa,198,1995,Paddy,-1.650874317,4.187978142,-6.576147541,71.62193989,1337.83,5977.51,2601.67,1.828961749,6.6,0
2077,Dolpa,2359,1589,Maize,-1.650874317,4.187978142,-6.576147541,71.62193989,1337.83,5977.51,2601.67,1.828961749,6.6,0
2077,Dolpa,280,1107,Millet,-1.650874317,4.187978142,-6.576147541,71.62193989,1337.83,5977.51,2601.67,1.828961749,6.6,0
2077,Dolpa,807,1235,Buckwheat,-1.650874317,4.187978142,-6.576147541,71.62193989,1337.83,5977.51,2601.67,1.828961749,6.6,0
2077,Dolpa,3000,1337,Wheat,-1.650874317,4.187978142,-6.576147541,71.62193989,1337.83,5977.51,2601.67,1.828961749,6.6,0
2077,Dolpa,334,1033,Barley,-1.650874317,4.187978142,-6.576147541,71.62193989,1337.83,5977.51,2601.67,1.828961749,6.6,0
2077,Doti,10715,2560,Paddy,14.82715847,20.16071038,10.36838798,66.06054645,2375.96,6534.78,2888.66,1.342322404,5.9,255.1
2077,Doti,3481,2583,Maize,14.82715847,20.16071038,10.36838798,66.06054645,2375.96,6534.78,2888.66,1.342322404,5.9,255.1
2077,Doti,4625,1196,Millet,14.82715847,20.16071038,10.36838798,66.06054645,2375.96,6534.78,2888.66,1.342322404,5.9,255.1
2077,Doti,13,769,Buckwheat,14.82715847,20.16071038,10.36838798,66.06054645,2375.96,6534.78,2888.66,1.342322404,5.9,255.1
2077,Doti,12631,2016,Wheat,14.82715847,20.16071038,10.36838798,66.06054645,2375.96,6534.78,2888.66,1.342322404,5.9,255.1
2077,Doti,191,1513,Barley,14.82715847,20.16071038,10.36838798,66.06054645,2375.96,6534.78,2888.66,1.342322404,5.9,255.1
2077,Gorkha,11287,3461,Paddy,14.30885246,18.94396175,10.70071038,72.74204918,1386.81,5979.33,2804.39,1.477213115,5.5,2941.15
2077,Gorkha,17740,2773,Maize,14.30885246,18.94396175,10.70071038,72.74204918,1386.81,5979.33,2804.39,1.477213115,5.5,2941.15
2077,Gorkha,11946,1333,Millet,14.30885246,18.94396175,10.70071038,72.74204918,1386.81,5979.33,2804.39,1.477213115,5.5,2941.15
2077,Gorkha,293,1331,Buckwheat,14.30885246,18.94396175,10.70071038,72.74204918,1386.81,5979.33,2804.39,1.477213115,5.5,2941.15
2077,Gorkha,3562,2328,Wheat,14.30885246,18.94396175,10.70071038,72.74204918,1386.81,5979.33,2804.39,1.477213115,5.5,2941.15
2077,Gorkha,100,1410,Barley,14.30885246,18.94396175,10.70071038,72.74204918,1386.81,5979.33,2804.39,1.477213115,5.5,2941.15
2077,Gulmi,8411,3097,Paddy,19.17087432,24.02784153,15.48445355,65.44849727,1624.18,6056.11,2843.2,1.639153005,6.1,927.05
2077,Gulmi,24502,2747,Maize,19.17087432,24.02784153,15.48445355,65.44849727,1624.18,6056.11,2843.2,1.639153005,6.1,927.05
2077,Gulmi,2927,1133,Millet,19.17087432,24.02784153,15.48445355,65.44849727,1624.18,6056.11,2843.2,1.639153005,6.1,927.05
2077,Gulmi,243,1745,Buckwheat,19.17087432,24.02784153,15.48445355,65.44849727,1624.18,6056.11,2843.2,1.639153005,6.1,927.05
2077,Gulmi,6699,2921,Wheat,19.17087432,24.02784153,15.48445355,65.44849727,1624.18,6056.11,2843.2,1.639153005,6.1,927.05
2077,Gulmi,243,1745,Barley,19.17087432,24.02784153,15.48445355,65.44849727,1624.18,6056.11,2843.2,1.639153005,6.1,927.05
2077,Humla,567,1667,Paddy,-1.611830601,4.292786885,-7.184180328,77.20038251,1384.04,7168.74,2993.39,1.792923497,6.5,0
2077,Humla,149,1839,Maize,-1.611830601,4.292786885,-7.184180328,77.20038251,1384.04,7168.74,2993.39,1.792923497,6.5,0
2077,Humla,1308,1076,Millet,-1.611830601,4.292786885,-7.184180328,77.20038251,1384.04,7168.74,2993.39,1.792923497,6.5,0
2077,Humla,806,1108,Buckwheat,-1.611830601,4.292786885,-7.184180328,77.20038251,1384.04,7168.74,2993.39,1.792923497,6.5,0
2077,Humla,1072,1424,Wheat,-1.611830601,4.292786885,-7.184180328,77.20038251,1384.04,7168.74,2993.39,1.792923497,6.5,0
2077,Humla,642,1263,Barley,-1.611830601,4.292786885,-7.184180328,77.20038251,1384.04,7168.74,2993.39,1.792923497,6.5,0
2077,Illam,11279,3268,Paddy,17.89010929,22.31983607,14.61418033,75.37530055,2996.89,5290.09,2363.83,1.198060109,5.5,1155.35
2077,Illam,33886,3852,Maize,17.89010929,22.31983607,14.61418033,75.37530055,2996.89,5290.09,2363.83,1.198060109,5.5,1155.35
2077,Illam,1801,1359,Millet,17.89010929,22.31983607,14.61418033,75.37530055,2996.89,5290.09,2363.83,1.198060109,5.5,1155.35
2077,Illam,30,1133,Buckwheat,17.89010929,22.31983607,14.61418033,75.37530055,2996.89,5290.09,2363.83,1.198060109,5.5,1155.35
2077,Illam,4585,3154,Wheat,17.89010929,22.31983607,14.61418033,75.37530055,2996.89,5290.09,2363.83,1.198060109,5.5,1155.35
2077,Illam,49,1204,Barley,17.89010929,22.31983607,14.61418033,75.37530055,2996.89,5290.09,2363.83,1.198060109,5.5,1155.35
2077,Jajarkot,2965,3524,Paddy,21.26221311,26.58491803,17.09363388,63.02505464,1346.76,5977.51,2601.67,1.759125683,6.2,220.9
2077,Jajarkot,10206,3181,Maize,21.26221311,26.58491803,17.09363388,63.02505464,1346.76,5977.51,2601.67,1.759125683,6.2,220.9
2077,Jajarkot,1833,1029,Millet,21.26221311,26.58491803,17.09363388,63.02505464,1346.76,5977.51,2601.67,1.759125683,6.2,220.9
2077,Jajarkot,31,1516,Buckwheat,21.26221311,26.58491803,17.09363388,63.02505464,1346.76,5977.51,2601.67,1.759125683,6.2,220.9
2077,Jajarkot,10432,2500,Wheat,21.26221311,26.58491803,17.09363388,63.02505464,1346.76,5977.51,2601.67,1.759125683,6.2,220.9
2077,Jajarkot,615,1135,Barley,21.26221311,26.58491803,17.09363388,63.02505464,1346.76,5977.51,2601.67,1.759125683,6.2,220.9
2077,Jhapa,93364,4329,Paddy,23.5492623,28.1297541,19.90674863,73.04964481,3252.97,5421.28,2450.87,1.48636612,5.7,17230.65
2077,Jhapa,39385,4040,Maize,23.5492623,28.1297541,19.90674863,73.04964481,3252.97,5421.28,2450.87,1.48636612,5.7,17230.65
2077,Jhapa,1166,1304,Millet,23.5492623,28.1297541,19.90674863,73.04964481,3252.97,5421.28,2450.87,1.48636612,5.7,17230.65
2077,Jhapa,1016,1367,Buckwheat,23.5492623,28.1297541,19.90674863,73.04964481,3252.97,5421.28,2450.87,1.48636612,5.7,17230.65
2077,Jhapa,7000,3371,Wheat,23.5492623,28.1297541,19.90674863,73.04964481,3252.97,5421.28,2450.87,1.48636612,5.7,17230.65
2077,Jhapa,4,2000,Barley,23.5492623,28.1297541,19.90674863,73.04964481,3252.97,5421.28,2450.87,1.48636612,5.7,17230.65
2077,Jumla,2821,2145,Paddy,8.348060109,14.31822404,3.322513661,71.42636612,1042.27,6569.4,2770.18,1.516092896,6.5,0
2077,Jumla,4413,1604,Maize,8.348060109,14.31822404,3.322513661,71.42636612,1042.27,6569.4,2770.18,1.516092896,6.5,0
2077,Jumla,3737,1068,Millet,8.348060109,14.31822404,3.322513661,71.42636612,1042.27,6569.4,2770.18,1.516092896,6.5,0
2077,Jumla,87,1092,Buckwheat,8.348060109,14.31822404,3.322513661,71.42636612,1042.27,6569.4,2770.18,1.516092896,6.5,0
2077,Jumla,2300,2300,Wheat,8.348060109,14.31822404,3.322513661,71.42636612,1042.27,6569.4,2770.18,1.516092896,6.5,0
2077,Jumla,3003,1537,Barley,8.348060109,14.31822404,3.322513661,71.42636612,1042.27,6569.4,2770.18,1.516092896,6.5,0
2077,Kailali,70520,4352,Paddy,24.15508197,30.13751366,19.20513661,60.8945082,1701.39,6010.08,2693.56,1.41852459,6.6,26379.6
2077,Kailali,6519,3266,Maize,24.15508197,30.13751366,19.20513661,60.8945082,1701.39,6010.08,2693.56,1.41852459,6.6,26379.6
2077,Kailali,356,1135,Millet,24.15508197,30.13751366,19.20513661,60.8945082,1701.39,6010.08,2693.56,1.41852459,6.6,26379.6
2077,Kailali,24,1167,Buckwheat,24.15508197,30.13751366,19.20513661,60.8945082,1701.39,6010.08,2693.56,1.41852459,6.6,26379.6
2077,Kailali,34565,3571,Wheat,24.15508197,30.13751366,19.20513661,60.8945082,1701.39,6010.08,2693.56,1.41852459,6.6,26379.6
2077,Kailali,176,1563,Barley,24.15508197,30.13751366,19.20513661,60.8945082,1701.39,6010.08,2693.56,1.41852459,6.6,26379.6
2077,Kalikot,2429,2510,Paddy,11.79530055,16.8960929,7.581775956,73.78494536,1358.08,6215.45,2700.79,1.459071038,6.2,8.3
2077,Kalikot,3036,2371,Maize,11.79530055,16.8960929,7.581775956,73.78494536,1358.08,6215.45,2700.79,1.459071038,6.2,8.3
2077,Kalikot,1241,1098,Millet,11.79530055,16.8960929,7.581775956,73.78494536,1358.08,6215.45,2700.79,1.459071038,6.2,8.3
2077,Kalikot,123,1154,Buckwheat,11.79530055,16.8960929,7.581775956,73.78494536,1358.08,6215.45,2700.79,1.459071038,6.2,8.3
2077,Kalikot,5606,1522,Wheat,11.79530055,16.8960929,7.581775956,73.78494536,1358.08,6215.45,2700.79,1.459071038,6.2,8.3
2077,Kalikot,821,1580,Barley,11.79530055,16.8960929,7.581775956,73.78494536,1358.08,6215.45,2700.79,1.459071038,6.2,8.3
2077,Kanchanpur,48749,3842,Paddy,20.65013661,26.54155738,15.93420765,63.36076503,2293.31,6015.45,2695.52,0.931010929,6.2,7501.2
2077,Kanchanpur,3378,2738,Maize,20.65013661,26.54155738,15.93420765,63.36076503,2293.31,6015.45,2695.52,0.931010929,6.2,7501.2
2077,Kanchanpur,0,0,Millet,20.65013661,26.54155738,15.93420765,63.36076503,2293.31,6015.45,2695.52,0.931010929,6.2,7501.2
2077,Kanchanpur,12,1250,Buckwheat,20.65013661,26.54155738,15.93420765,63.36076503,2293.31,6015.45,2695.52,0.931010929,6.2,7501.2
2077,Kanchanpur,31210,3204,Wheat,20.65013661,26.54155738,15.93420765,63.36076503,2293.31,6015.45,2695.52,0.931010929,6.2,7501.2
2077,Kanchanpur,8,1500,Barley,20.65013661,26.54155738,15.93420765,63.36076503,2293.31,6015.45,2695.52,0.931010929,6.2,7501.2
2077,Kapilbastu,64362,3649,Paddy,24.38959016,30.25800546,19.67754098,62.0245082,1563.33,6056.11,2843.2,1.739453552,6.9,9855.65
2077,Kapilbastu,2657,3861,Maize,24.38959016,30.25800546,19.67754098,62.0245082,1563.33,6056.11,2843.2,1.739453552,6.9,9855.65
2077,Kapilbastu,0,0,Millet,24.38959016,30.25800546,19.67754098,62.0245082,1563.33,6056.11,2843.2,1.739453552,6.9,9855.65
2077,Kapilbastu,75,1040,Buckwheat,24.38959016,30.25800546,19.67754098,62.0245082,1563.33,6056.11,2843.2,1.739453552,6.9,9855.65
2077,Kapilbastu,26725,3708,Wheat,24.38959016,30.25800546,19.67754098,62.0245082,1563.33,6056.11,2843.2,1.739453552,6.9,9855.65
2077,Kapilbastu,177,1864,Barley,24.38959016,30.25800546,19.67754098,62.0245082,1563.33,6056.11,2843.2,1.739453552,6.9,9855.65
2077,Kaski,18577,3825,Paddy,4.49852459,9.332377049,0.506693989,79.5836612,1517.44,5796.85,2590.69,1.586530055,6.7,2180.45
2077,Kaski,14140,2712,Maize,4.49852459,9.332377049,0.506693989,79.5836612,1517.44,5796.85,2590.69,1.586530055,6.7,2180.45
2077,Kaski,15604,1350,Millet,4.49852459,9.332377049,0.506693989,79.5836612,1517.44,5796.85,2590.69,1.586530055,6.7,2180.45
2077,Kaski,13,1077,Buckwheat,4.49852459,9.332377049,0.506693989,79.5836612,1517.44,5796.85,2590.69,1.586530055,6.7,2180.45
2077,Kaski,6820,2522,Wheat,4.49852459,9.332377049,0.506693989,79.5836612,1517.44,5796.85,2590.69,1.586530055,6.7,2180.45
2077,Kaski,109,1606,Barley,4.49852459,9.332377049,0.506693989,79.5836612,1517.44,5796.85,2590.69,1.586530055,6.7,2180.45
2077,Kathmandu,6015,4470,Paddy,18.37199454,22.86101093,14.96669399,69.78677596,1400.22,5900.58,2668.03,1.402868852,6.5,4105.35
2077,Kathmandu,5544,4138,Maize,18.37199454,22.86101093,14.96669399,69.78677596,1400.22,5900.58,2668.03,1.402868852,6.5,4105.35
2077,Kathmandu,620,1216,Millet,18.37199454,22.86101093,14.96669399,69.78677596,1400.22,5900.58,2668.03,1.402868852,6.5,4105.35
2077,Kathmandu,6,1000,Buckwheat,18.37199454,22.86101093,14.96669399,69.78677596,1400.22,5900.58,2668.03,1.402868852,6.5,4105.35
2077,Kathmandu,2565,3566,Wheat,18.37199454,22.86101093,14.96669399,69.78677596,1400.22,5900.58,2668.03,1.402868852,6.5,4105.35
2077,Kathmandu,2,2000,Barley,18.37199454,22.86101093,14.96669399,69.78677596,1400.22,5900.58,2668.03,1.402868852,6.5,4105.35
2077,Kavre,11058,3922,Paddy,18.37199454,22.86101093,14.96669399,69.78677596,1400.22,5900.58,2668.03,1.402868852,5.7,13383.805
2077,Kavre,24875,3325,Maize,18.37199454,22.86101093,14.96669399,69.78677596,1400.22,5900.58,2668.03,1.402868852,5.7,13383.805
2077,Kavre,3482,1020,Millet,18.37199454,22.86101093,14.96669399,69.78677596,1400.22,5900.58,2668.03,1.402868852,5.7,13383.805
2077,Kavre,750,933,Buckwheat,18.37199454,22.86101093,14.96669399,69.78677596,1400.22,5900.58,2668.03,1.402868852,5.7,13383.805
2077,Kavre,8860,2989,Wheat,18.37199454,22.86101093,14.96669399,69.78677596,1400.22,5900.58,2668.03,1.402868852,5.7,13383.805
2077,Kavre,360,1633,Barley,18.37199454,22.86101093,14.96669399,69.78677596,1400.22,5900.58,2668.03,1.402868852,5.7,13383.805
2077,Khotang,11749,2636,Paddy,13.19161202,17.86653005,9.661721311,72.1797541,1221.08,5564.45,2533.38,1.50557377,5.5,127.7
2077,Khotang,43035,2304,Maize,13.19161202,17.86653005,9.661721311,72.1797541,1221.08,5564.45,2533.38,1.50557377,5.5,127.7
2077,Khotang,23794,1133,Millet,13.19161202,17.86653005,9.661721311,72.1797541,1221.08,5564.45,2533.38,1.50557377,5.5,127.7
2077,Khotang,435,1267,Buckwheat,13.19161202,17.86653005,9.661721311,72.1797541,1221.08,5564.45,2533.38,1.50557377,5.5,127.7
2077,Khotang,5030,2191,Wheat,13.19161202,17.86653005,9.661721311,72.1797541,1221.08,5564.45,2533.38,1.50557377,5.5,127.7
2077,Khotang,341,1531,Barley,13.19161202,17.86653005,9.661721311,72.1797541,1221.08,5564.45,2533.38,1.50557377,5.5,127.7
2077,Lalitpur,4211,4300,Paddy,18.37199454,22.86101093,14.96669399,69.78677596,1400.22,5900.58,2668.03,1.402868852,6.9,1935.3
2077,Lalitpur,8223,4107,Maize,18.37199454,22.86101093,14.96669399,69.78677596,1400.22,5900.58,2668.03,1.402868852,6.9,1935.3
2077,Lalitpur,578,1137,Millet,18.37199454,22.86101093,14.96669399,69.78677596,1400.22,5900.58,2668.03,1.402868852,6.9,1935.3
2077,Lalitpur,50,960,Buckwheat,18.37199454,22.86101093,14.96669399,69.78677596,1400.22,5900.58,2668.03,1.402868852,6.9,1935.3
2077,Lalitpur,3485,3403,Wheat,18.37199454,22.86101093,14.96669399,69.78677596,1400.22,5900.58,2668.03,1.402868852,6.9,1935.3
2077,Lalitpur,38,1447,Barley,18.37199454,22.86101093,14.96669399,69.78677596,1400.22,5900.58,2668.03,1.402868852,6.9,1935.3
2077,Lamjung,14332,3367,Paddy,4.49852459,9.332377049,0.506693989,79.5836612,1517.44,5796.85,2590.69,1.586530055,5.4,1121.9
2077,Lamjung,20119,2100,Maize,4.49852459,9.332377049,0.506693989,79.5836612,1517.44,5796.85,2590.69,1.586530055,5.4,1121.9
2077,Lamjung,7793,1087,Millet,4.49852459,9.332377049,0.506693989,79.5836612,1517.44,5796.85,2590.69,1.586530055,5.4,1121.9
2077,Lamjung,17,882,Buckwheat,4.49852459,9.332377049,0.506693989,79.5836612,1517.44,5796.85,2590.69,1.586530055,5.4,1121.9
2077,Lamjung,1596,2448,Wheat,4.49852459,9.332377049,0.506693989,79.5836612,1517.44,5796.85,2590.69,1.586530055,5.4,1121.9
2077,Lamjung,39,1462,Barley,4.49852459,9.332377049,0.506693989,79.5836612,1517.44,5796.85,2590.69,1.586530055,5.4,1121.9
2077,Mahottari,39436,3815,Paddy,24.72153005,30.40704918,19.91489071,67.69959016,1758.28,5732.43,2589.53,1.815846995,6.8,10531.64
2077,Mahottari,9754,3053,Maize,24.72153005,30.40704918,19.91489071,67.69959016,1758.28,5732.43,2589.53,1.815846995,6.8,10531.64
2077,Mahottari,0,0,Millet,24.72153005,30.40704918,19.91489071,67.69959016,1758.28,5732.43,2589.53,1.815846995,6.8,10531.64
2077,Mahottari,0,0,Buckwheat,24.72153005,30.40704918,19.91489071,67.69959016,1758.28,5732.43,2589.53,1.815846995,6.8,10531.64
2077,Mahottari,28379,3263,Wheat,24.72153005,30.40704918,19.91489071,67.69959016,1758.28,5732.43,2589.53,1.815846995,6.8,10531.64
2077,Mahottari,8,1125,Barley,24.72153005,30.40704918,19.91489071,67.69959016,1758.28,5732.43,2589.53,1.815846995,6.8,10531.64
2077,Makwanpur,11470,3698,Paddy,21.18797814,25.91478142,17.53071038,68.01680328,1715.71,5979.33,2804.39,1.372896175,5.9,6401.75
2077,Makwanpur,24224,3234,Maize,21.18797814,25.91478142,17.53071038,68.01680328,1715.71,5979.33,2804.39,1.372896175,5.9,6401.75
2077,Makwanpur,2803,1200,Millet,21.18797814,25.91478142,17.53071038,68.01680328,1715.71,5979.33,2804.39,1.372896175,5.9,6401.75
2077,Makwanpur,172,1093,Buckwheat,21.18797814,25.91478142,17.53071038,68.01680328,1715.71,5979.33,2804.39,1.372896175,5.9,6401.75
2077,Makwanpur,4128,3300,Wheat,21.18797814,25.91478142,17.53071038,68.01680328,1715.71,5979.33,2804.39,1.372896175,5.9,6401.75
2077,Makwanpur,245,1404,Barley,21.18797814,25.91478142,17.53071038,68.01680328,1715.71,5979.33,2804.39,1.372896175,5.9,6401.75
2077,Manang,0,0,Paddy,4.49852459,9.332377049,0.506693989,79.5836612,1517.44,5796.85,2590.69,1.586530055,6.3,11.75
2077,Manang,70,1643,Maize,4.49852459,9.332377049,0.506693989,79.5836612,1517.44,5796.85,2590.69,1.586530055,6.3,11.75
2077,Manang,0,0,Millet,4.49852459,9.332377049,0.506693989,79.5836612,1517.44,5796.85,2590.69,1.586530055,6.3,11.75
2077,Manang,286,1762,Buckwheat,4.49852459,9.332377049,0.506693989,79.5836612,1517.44,5796.85,2590.69,1.586530055,6.3,11.75
2077,Manang,202,1510,Wheat,4.49852459,9.332377049,0.506693989,79.5836612,1517.44,5796.85,2590.69,1.586530055,6.3,11.75
2077,Manang,111,1577,Barley,4.49852459,9.332377049,0.506693989,79.5836612,1517.44,5796.85,2590.69,1.586530055,6.3,11.75
2077,Morang,86853,4251,Paddy,23.65830601,28.59672131,19.72530055,70.54387978,2219.05,5421.28,2450.87,1.51226776,6.8,24914.45
2077,Morang,17991,3862,Maize,23.65830601,28.59672131,19.72530055,70.54387978,2219.05,5421.28,2450.87,1.51226776,6.8,24914.45
2077,Morang,1231,1245,Millet,23.65830601,28.59672131,19.72530055,70.54387978,2219.05,5421.28,2450.87,1.51226776,6.8,24914.45
2077,Morang,68,1044,Buckwheat,23.65830601,28.59672131,19.72530055,70.54387978,2219.05,5421.28,2450.87,1.51226776,6.8,24914.45
2077,Morang,12640,3041,Wheat,23.65830601,28.59672131,19.72530055,70.54387978,2219.05,5421.28,2450.87,1.51226776,6.8,24914.45
2077,Morang,68,1044,Barley,23.65830601,28.59672131,19.72530055,70.54387978,2219.05,5421.28,2450.87,1.51226776,6.8,24914.45
2077,Mugu,894,1714,Paddy,11.79530055,16.8960929,7.581775956,73.78494536,1358.08,6215.45,2700.79,1.459071038,5.7,0
2077,Mugu,560,1734,Maize,11.79530055,16.8960929,7.581775956,73.78494536,1358.08,6215.45,2700.79,1.459071038,5.7,0
2077,Mugu,4264,984,Millet,11.79530055,16.8960929,7.581775956,73.78494536,1358.08,6215.45,2700.79,1.459071038,5.7,0
2077,Mugu,609,1123,Buckwheat,11.79530055,16.8960929,7.581775956,73.78494536,1358.08,6215.45,2700.79,1.459071038,5.7,0
2077,Mugu,1780,1612,Wheat,11.79530055,16.8960929,7.581775956,73.78494536,1358.08,6215.45,2700.79,1.459071038,5.7,0
2077,Mugu,1034,1103,Barley,11.79530055,16.8960929,7.581775956,73.78494536,1358.08,6215.45,2700.79,1.459071038,5.7,0
2077,Mustang,0,0,Paddy,7.457650273,12.4139071,3.443879781,76.18934426,1715.96,5823.25,2539.99,1.491994536,7.3,32.5
2077,Mustang,566,1763,Maize,7.457650273,12.4139071,3.443879781,76.18934426,1715.96,5823.25,2539.99,1.491994536,7.3,32.5
2077,Mustang,0,0,Millet,7.457650273,12.4139071,3.443879781,76.18934426,1715.96,5823.25,2539.99,1.491994536,7.3,32.5
2077,Mustang,503,1944,Buckwheat,7.457650273,12.4139071,3.443879781,76.18934426,1715.96,5823.25,2539.99,1.491994536,7.3,32.5
2077,Mustang,535,1658,Wheat,7.457650273,12.4139071,3.443879781,76.18934426,1715.96,5823.25,2539.99,1.491994536,7.3,32.5
2077,Mustang,244,1906,Barley,7.457650273,12.4139071,3.443879781,76.18934426,1715.96,5823.25,2539.99,1.491994536,7.3,32.5
2077,Myagdi,3842,3280,Paddy,7.457650273,12.4139071,3.443879781,76.18934426,1715.96,5823.25,2539.99,1.491994536,5.8,321.1
2077,Myagdi,9199,3495,Maize,7.457650273,12.4139071,3.443879781,76.18934426,1715.96,5823.25,2539.99,1.491994536,5.8,321.1
2077,Myagdi,2558,1310,Millet,7.457650273,12.4139071,3.443879781,76.18934426,1715.96,5823.25,2539.99,1.491994536,5.8,321.1
2077,Myagdi,157,930,Buckwheat,7.457650273,12.4139071,3.443879781,76.18934426,1715.96,5823.25,2539.99,1.491994536,5.8,321.1
2077,Myagdi,2113,3365,Wheat,7.457650273,12.4139071,3.443879781,76.18934426,1715.96,5823.25,2539.99,1.491994536,5.8,321.1
2077,Myagdi,279,1333,Barley,7.457650273,12.4139071,3.443879781,76.18934426,1715.96,5823.25,2539.99,1.491994536,5.8,321.1
2077,Nawalparasi,42332,8545,Paddy,23.9034153,29.4460929,19.37248634,65.10215847,1852.51,6056.11,2843.2,1.50295082,5.9,11875.15
2077,Nawalparasi,9494,5147,Maize,23.9034153,29.4460929,19.37248634,65.10215847,1852.51,6056.11,2843.2,1.50295082,5.9,11875.15
2077,Nawalparasi,487,2171,Millet,23.9034153,29.4460929,19.37248634,65.10215847,1852.51,6056.11,2843.2,1.50295082,5.9,11875.15
2077,Nawalparasi,92,2131,Buckwheat,23.9034153,29.4460929,19.37248634,65.10215847,1852.51,6056.11,2843.2,1.50295082,5.9,11875.15
2077,Nawalparasi,16303,5885,Wheat,23.9034153,29.4460929,19.37248634,65.10215847,1852.51,6056.11,2843.2,1.50295082,5.9,11875.15
2077,Nawalparasi,13,2450,Barley,23.9034153,29.4460929,19.37248634,65.10215847,1852.51,6056.11,2843.2,1.50295082,5.9,11875.15
2077,Nuwakot,17098,4060,Paddy,8.612595628,13.69453552,4.66852459,74.48918033,910.52,5900.58,2668.03,1.695519126,5.7,9333.79
2077,Nuwakot,15952,3776,Maize,8.612595628,13.69453552,4.66852459,74.48918033,910.52,5900.58,2668.03,1.695519126,5.7,9333.79
2077,Nuwakot,5303,1328,Millet,8.612595628,13.69453552,4.66852459,74.48918033,910.52,5900.58,2668.03,1.695519126,5.7,9333.79
2077,Nuwakot,194,985,Buckwheat,8.612595628,13.69453552,4.66852459,74.48918033,910.52,5900.58,2668.03,1.695519126,5.7,9333.79
2077,Nuwakot,4495,3792,Wheat,8.612595628,13.69453552,4.66852459,74.48918033,910.52,5900.58,2668.03,1.695519126,5.7,9333.79
2077,Nuwakot,152,1303,Barley,8.612595628,13.69453552,4.66852459,74.48918033,910.52,5900.58,2668.03,1.695519126,5.7,9333.79
2077,Okhaldhunga,3921,2648,Paddy,13.19161202,17.86653005,9.661721311,72.1797541,1221.08,5564.45,2533.38,1.50557377,5.7,394.9
2077,Okhaldhunga,11426,3151,Maize,13.19161202,17.86653005,9.661721311,72.1797541,1221.08,5564.45,2533.38,1.50557377,5.7,394.9
2077,Okhaldhunga,7668,1905,Millet,13.19161202,17.86653005,9.661721311,72.1797541,1221.08,5564.45,2533.38,1.50557377,5.7,394.9
2077,Okhaldhunga,100,920,Buckwheat,13.19161202,17.86653005,9.661721311,72.1797541,1221.08,5564.45,2533.38,1.50557377,5.7,394.9
2077,Okhaldhunga,2145,2483,Wheat,13.19161202,17.86653005,9.661721311,72.1797541,1221.08,5564.45,2533.38,1.50557377,5.7,394.9
2077,Okhaldhunga,75,1427,Barley,13.19161202,17.86653005,9.661721311,72.1797541,1221.08,5564.45,2533.38,1.50557377,5.7,394.9
2077,Palpa,7850,3549,Paddy,18.45918033,22.94540984,14.93754098,69.90494536,1893.35,6056.11,2843.2,1.45726776,5.9,2142.35
2077,Palpa,21230,2617,Maize,18.45918033,22.94540984,14.93754098,69.90494536,1893.35,6056.11,2843.2,1.45726776,5.9,2142.35
2077,Palpa,2684,1178,Millet,18.45918033,22.94540984,14.93754098,69.90494536,1893.35,6056.11,2843.2,1.45726776,5.9,2142.35
2077,Palpa,409,1169,Buckwheat,18.45918033,22.94540984,14.93754098,69.90494536,1893.35,6056.11,2843.2,1.45726776,5.9,2142.35
2077,Palpa,5795,2530,Wheat,18.45918033,22.94540984,14.93754098,69.90494536,1893.35,6056.11,2843.2,1.45726776,5.9,2142.35
2077,Palpa,15,1667,Barley,18.45918033,22.94540984,14.93754098,69.90494536,1893.35,6056.11,2843.2,1.45726776,5.9,2142.35
2077,Panchthar,7590,2786,Paddy,10.22953552,15.14153005,6.49136612,80.18568306,1466.51,5290.09,2363.83,1.780355191,5.7,383.4
2077,Panchthar,19023,2230,Maize,10.22953552,15.14153005,6.49136612,80.18568306,1466.51,5290.09,2363.83,1.780355191,5.7,383.4
2077,Panchthar,4600,1864,Millet,10.22953552,15.14153005,6.49136612,80.18568306,1466.51,5290.09,2363.83,1.780355191,5.7,383.4
2077,Panchthar,67,746,Buckwheat,10.22953552,15.14153005,6.49136612,80.18568306,1466.51,5290.09,2363.83,1.780355191,5.7,383.4
2077,Panchthar,3903,1660,Wheat,10.22953552,15.14153005,6.49136612,80.18568306,1466.51,5290.09,2363.83,1.780355191,5.7,383.4
2077,Panchthar,299,1441,Barley,10.22953552,15.14153005,6.49136612,80.18568306,1466.51,5290.09,2363.83,1.780355191,5.7,383.4
2077,Parbat,7325,3267,Paddy,7.457650273,12.4139071,3.443879781,76.18934426,1715.96,5823.25,2539.99,1.491994536,5.7,734.35
2077,Parbat,13987,2500,Maize,7.457650273,12.4139071,3.443879781,76.18934426,1715.96,5823.25,2539.99,1.491994536,5.7,734.35
2077,Parbat,8592,996,Millet,7.457650273,12.4139071,3.443879781,76.18934426,1715.96,5823.25,2539.99,1.491994536,5.7,734.35
2077,Parbat,55,945,Buckwheat,7.457650273,12.4139071,3.443879781,76.18934426,1715.96,5823.25,2539.99,1.491994536,5.7,734.35
2077,Parbat,2646,2557,Wheat,7.457650273,12.4139071,3.443879781,76.18934426,1715.96,5823.25,2539.99,1.491994536,5.7,734.35
2077,Parbat,81,1296,Barley,7.457650273,12.4139071,3.443879781,76.18934426,1715.96,5823.25,2539.99,1.491994536,5.7,734.35
2077,Parsa,43013,4094,Paddy,24.3360929,30.01614754,19.53172131,67.67456284,1793.57,5979.33,2804.39,1.684125683,6.9,14594.35
2077,Parsa,4589,4046,Maize,24.3360929,30.01614754,19.53172131,67.67456284,1793.57,5979.33,2804.39,1.684125683,6.9,14594.35
2077,Parsa,0,0,Millet,24.3360929,30.01614754,19.53172131,67.67456284,1793.57,5979.33,2804.39,1.684125683,6.9,14594.35
2077,Parsa,0,0,Buckwheat,24.3360929,30.01614754,19.53172131,67.67456284,1793.57,5979.33,2804.39,1.684125683,6.9,14594.35
2077,Parsa,21998,3717,Wheat,24.3360929,30.01614754,19.53172131,67.67456284,1793.57,5979.33,2804.39,1.684125683,6.9,14594.35
2077,Parsa,29,1448,Barley,24.3360929,30.01614754,19.53172131,67.67456284,1793.57,5979.33,2804.39,1.684125683,6.9,14594.35
2077,Pyuthan,6064,3084,Paddy,21.26221311,26.58491803,17.09363388,63.02505464,1346.76,5977.51,2601.67,1.759125683,6.5,891.75
2077,Pyuthan,11330,2550,Maize,21.26221311,26.58491803,17.09363388,63.02505464,1346.76,5977.51,2601.67,1.759125683,6.5,891.75
2077,Pyuthan,2205,1233,Millet,21.26221311,26.58491803,17.09363388,63.02505464,1346.76,5977.51,2601.67,1.759125683,6.5,891.75
2077,Pyuthan,510,1633,Buckwheat,21.26221311,26.58491803,17.09363388,63.02505464,1346.76,5977.51,2601.67,1.759125683,6.5,891.75
2077,Pyuthan,7960,3136,Wheat,21.26221311,26.58491803,17.09363388,63.02505464,1346.76,5977.51,2601.67,1.759125683,6.5,891.75
2077,Pyuthan,468,1632,Barley,21.26221311,26.58491803,17.09363388,63.02505464,1346.76,5977.51,2601.67,1.759125683,6.5,891.75
2077,Ramechap,7954,3090,Paddy,13.19161202,17.86653005,9.661721311,72.1797541,1221.08,5564.45,2533.38,1.50557377,5.4,1755.05
2077,Ramechap,21731,2951,Maize,13.19161202,17.86653005,9.661721311,72.1797541,1221.08,5564.45,2533.38,1.50557377,5.4,1755.05
2077,Ramechap,4884,1124,Millet,13.19161202,17.86653005,9.661721311,72.1797541,1221.08,5564.45,2533.38,1.50557377,5.4,1755.05
2077,Ramechap,18,889,Buckwheat,13.19161202,17.86653005,9.661721311,72.1797541,1221.08,5564.45,2533.38,1.50557377,5.4,1755.05
2077,Ramechap,3674,2330,Wheat,13.19161202,17.86653005,9.661721311,72.1797541,1221.08,5564.45,2533.38,1.50557377,5.4,1755.05
2077,Ramechap,63,1349,Barley,13.19161202,17.86653005,9.661721311,72.1797541,1221.08,5564.45,2533.38,1.50557377,5.4,1755.05
2077,Rasuwa,1233,2230,Paddy,8.612595628,13.69453552,4.66852459,74.48918033,910.52,6302.18,2789.33,1.695519126,6.1,495.9
2077,Rasuwa,2302,2730,Maize,8.612595628,13.69453552,4.66852459,74.48918033,910.52,6302.18,2789.33,1.695519126,6.1,495.9
2077,Rasuwa,838,988,Millet,8.612595628,13.69453552,4.66852459,74.48918033,910.52,6302.18,2789.33,1.695519126,6.1,495.9
2077,Rasuwa,19,842,Buckwheat,8.612595628,13.69453552,4.66852459,74.48918033,910.52,6302.18,2789.33,1.695519126,6.1,495.9
2077,Rasuwa,761,1619,Wheat,8.612595628,13.69453552,4.66852459,74.48918033,910.52,6302.18,2789.33,1.695519126,6.1,495.9
2077,Rasuwa,243,1379,Barley,8.612595628,13.69453552,4.66852459,74.48918033,910.52,6302.18,2789.33,1.695519126,6.1,495.9
2077,Rautahat,36998,3512,Paddy,23.58806011,28.81808743,19.43308743,66.51456284,1732.94,5732.43,2589.53,1.574480874,6.8,8251.6
2077,Rautahat,3513,3650,Maize,23.58806011,28.81808743,19.43308743,66.51456284,1732.94,5732.43,2589.53,1.574480874,6.8,8251.6
2077,Rautahat,71,1042,Millet,23.58806011,28.81808743,19.43308743,66.51456284,1732.94,5732.43,2589.53,1.574480874,6.8,8251.6
2077,Rautahat,0,0,Buckwheat,23.58806011,28.81808743,19.43308743,66.51456284,1732.94,5732.43,2589.53,1.574480874,6.8,8251.6
2077,Rautahat,14991,3521,Wheat,23.58806011,28.81808743,19.43308743,66.51456284,1732.94,5732.43,2589.53,1.574480874,6.8,8251.6
2077,Rautahat,3,1667,Barley,23.58806011,28.81808743,19.43308743,66.51456284,1732.94,5732.43,2589.53,1.574480874,6.8,8251.6
2077,Rolpa,4610,2890,Paddy,14.20344262,19.45838798,9.946939891,70.22740437,1457.3,5977.51,2601.67,1.589344262,6.1,622.6
2077,Rolpa,13966,2692,Maize,14.20344262,19.45838798,9.946939891,70.22740437,1457.3,5977.51,2601.67,1.589344262,6.1,622.6
2077,Rolpa,1126,1153,Millet,14.20344262,19.45838798,9.946939891,70.22740437,1457.3,5977.51,2601.67,1.589344262,6.1,622.6
2077,Rolpa,548,1141,Buckwheat,14.20344262,19.45838798,9.946939891,70.22740437,1457.3,5977.51,2601.67,1.589344262,6.1,622.6
2077,Rolpa,8429,2950,Wheat,14.20344262,19.45838798,9.946939891,70.22740437,1457.3,5977.51,2601.67,1.589344262,6.1,622.6
2077,Rolpa,551,1187,Barley,14.20344262,19.45838798,9.946939891,70.22740437,1457.3,5977.51,2601.67,1.589344262,6.1,622.6
2077,Rukum,3795,5829,Paddy,14.20344262,19.45838798,9.946939891,70.22740437,1457.3,5972.31,2600.52,1.589344262,6.8,286.9
2077,Rukum,15784,5396,Maize,14.20344262,19.45838798,9.946939891,70.22740437,1457.3,5972.31,2600.52,1.589344262,6.8,286.9
2077,Rukum,939,2641,Millet,14.20344262,19.45838798,9.946939891,70.22740437,1457.3,5972.31,2600.52,1.589344262,6.8,286.9
2077,Rukum,60,2446,Buckwheat,14.20344262,19.45838798,9.946939891,70.22740437,1457.3,5972.31,2600.52,1.589344262,6.8,286.9
2077,Rukum,14834,4490,Wheat,14.20344262,19.45838798,9.946939891,70.22740437,1457.3,5972.31,2600.52,1.589344262,6.8,286.9
2077,Rukum,826,2532,Barley,14.20344262,19.45838798,9.946939891,70.22740437,1457.3,5972.31,2600.52,1.589344262,6.8,286.9
2077,Rupandehi,64158,4236,Paddy,23.9034153,29.4460929,19.37248634,65.10215847,1852.51,6056.11,2843.2,1.50295082,6.6,31322.7
2077,Rupandehi,3145,3400,Maize,23.9034153,29.4460929,19.37248634,65.10215847,1852.51,6056.11,2843.2,1.50295082,6.6,31322.7
2077,Rupandehi,46,1152,Millet,23.9034153,29.4460929,19.37248634,65.10215847,1852.51,6056.11,2843.2,1.50295082,6.6,31322.7
2077,Rupandehi,74,1203,Buckwheat,23.9034153,29.4460929,19.37248634,65.10215847,1852.51,6056.11,2843.2,1.50295082,6.6,31322.7
2077,Rupandehi,26118,3950,Wheat,23.9034153,29.4460929,19.37248634,65.10215847,1852.51,6056.11,2843.2,1.50295082,6.6,31322.7
2077,Rupandehi,74,1959,Barley,23.9034153,29.4460929,19.37248634,65.10215847,1852.51,6056.11,2843.2,1.50295082,6.6,31322.7
2077,Salyan,7059,4058,Paddy,21.26221311,26.58491803,17.09363388,63.02505464,1346.76,5977.51,2601.67,1.759125683,5.9,1331.15
2077,Salyan,19047,2834,Maize,21.26221311,26.58491803,17.09363388,63.02505464,1346.76,5977.51,2601.67,1.759125683,5.9,1331.15
2077,Salyan,1031,1177,Millet,21.26221311,26.58491803,17.09363388,63.02505464,1346.76,5977.51,2601.67,1.759125683,5.9,1331.15
2077,Salyan,66,1106,Buckwheat,21.26221311,26.58491803,17.09363388,63.02505464,1346.76,5977.51,2601.67,1.759125683,5.9,1331.15
2077,Salyan,14217,2716,Wheat,21.26221311,26.58491803,17.09363388,63.02505464,1346.76,5977.51,2601.67,1.759125683,5.9,1331.15
2077,Salyan,749,1702,Barley,21.26221311,26.58491803,17.09363388,63.02505464,1346.76,5977.51,2601.67,1.759125683,5.9,1331.15
2077,Sankhuwashava,11769,2741,Paddy,10.22953552,15.14153005,6.49136612,80.18568306,1466.51,5290.09,2363.83,1.780355191,5.6,1246.55
2077,Sankhuwashava,11885,2445,Maize,10.22953552,15.14153005,6.49136612,80.18568306,1466.51,5290.09,2363.83,1.780355191,5.6,1246.55
2077,Sankhuwashava,6431,1270,Millet,10.22953552,15.14153005,6.49136612,80.18568306,1466.51,5290.09,2363.83,1.780355191,5.6,1246.55
2077,Sankhuwashava,20,950,Buckwheat,10.22953552,15.14153005,6.49136612,80.18568306,1466.51,5290.09,2363.83,1.780355191,5.6,1246.55
2077,Sankhuwashava,715,2260,Wheat,10.22953552,15.14153005,6.49136612,80.18568306,1466.51,5290.09,2363.83,1.780355191,5.6,1246.55
2077,Sankhuwashava,12,1333,Barley,10.22953552,15.14153005,6.49136612,80.18568306,1466.51,5290.09,2363.83,1.780355191,5.6,1246.55
2077,Saptari,50325,3538,Paddy,23.96418033,28.86349727,19.93467213,70.44953552,2213.73,5680.78,2562.33,1.599808743,6.6,11354.45
2077,Saptari,3930,3288,Maize,23.96418033,28.86349727,19.93467213,70.44953552,2213.73,5680.78,2562.33,1.599808743,6.6,11354.45
2077,Saptari,183,1262,Millet,23.96418033,28.86349727,19.93467213,70.44953552,2213.73,5680.78,2562.33,1.599808743,6.6,11354.45
2077,Saptari,0,0,Buckwheat,23.96418033,28.86349727,19.93467213,70.44953552,2213.73,5680.78,2562.33,1.599808743,6.6,11354.45
2077,Saptari,15317,3480,Wheat,23.96418033,28.86349727,19.93467213,70.44953552,2213.73,5680.78,2562.33,1.599808743,6.6,11354.45
2077,Saptari,12,1583,Barley,23.96418033,28.86349727,19.93467213,70.44953552,2213.73,5680.78,2562.33,1.599808743,6.6,11354.45
2077,Sarlahi,46600,3654,Paddy,23.58806011,28.81808743,19.43308743,66.51456284,1732.94,5732.43,2589.53,1.574480874,6.6,10457.6
2077,Sarlahi,12299,3320,Maize,23.58806011,28.81808743,19.43308743,66.51456284,1732.94,5732.43,2589.53,1.574480874,6.6,10457.6
2077,Sarlahi,709,900,Millet,23.58806011,28.81808743,19.43308743,66.51456284,1732.94,5732.43,2589.53,1.574480874,6.6,10457.6
2077,Sarlahi,0,0,Buckwheat,23.58806011,28.81808743,19.43308743,66.51456284,1732.94,5732.43,2589.53,1.574480874,6.6,10457.6
2077,Sarlahi,22484,3181,Wheat,23.58806011,28.81808743,19.43308743,66.51456284,1732.94,5732.43,2589.53,1.574480874,6.6,10457.6
2077,Sarlahi,62,1145,Barley,23.58806011,28.81808743,19.43308743,66.51456284,1732.94,5732.43,2589.53,1.574480874,6.6,10457.6
2077,Sindhuli,12878,3687,Paddy,21.85699454,26.70032787,18.1445082,67.3060929,1646.96,5564.45,2533.38,1.554644809,6,3724.35
2077,Sindhuli,24711,3392,Maize,21.85699454,26.70032787,18.1445082,67.3060929,1646.96,5564.45,2533.38,1.554644809,6,3724.35
2077,Sindhuli,12065,1025,Millet,21.85699454,26.70032787,18.1445082,67.3060929,1646.96,5564.45,2533.38,1.554644809,6,3724.35
2077,Sindhuli,570,798,Buckwheat,21.85699454,26.70032787,18.1445082,67.3060929,1646.96,5564.45,2533.38,1.554644809,6,3724.35
2077,Sindhuli,6354,2658,Wheat,21.85699454,26.70032787,18.1445082,67.3060929,1646.96,5564.45,2533.38,1.554644809,6,3724.35
2077,Sindhuli,41,1585,Barley,21.85699454,26.70032787,18.1445082,67.3060929,1646.96,5564.45,2533.38,1.554644809,6,3724.35
2077,Sindhupalchok,11982,3028,Paddy,8.612595628,13.69453552,4.66852459,74.48918033,910.52,5900.58,2668.03,1.695519126,5.6,4152.05
2077,Sindhupalchok,25221,2884,Maize,8.612595628,13.69453552,4.66852459,74.48918033,910.52,5900.58,2668.03,1.695519126,5.6,4152.05
2077,Sindhupalchok,17139,1310,Millet,8.612595628,13.69453552,4.66852459,74.48918033,910.52,5900.58,2668.03,1.695519126,5.6,4152.05
2077,Sindhupalchok,200,850,Buckwheat,8.612595628,13.69453552,4.66852459,74.48918033,910.52,5900.58,2668.03,1.695519126,5.6,4152.05
2077,Sindhupalchok,6904,1263,Wheat,8.612595628,13.69453552,4.66852459,74.48918033,910.52,5900.58,2668.03,1.695519126,5.6,4152.05
2077,Sindhupalchok,172,1192,Barley,8.612595628,13.69453552,4.66852459,74.48918033,910.52,5900.58,2668.03,1.695519126,5.6,4152.05
2077,Siraha,48925,3558,Paddy,24.4984153,29.86409836,20.07931694,67.87521858,1774.43,5680.78,2562.33,1.732704918,6.8,10361.35
2077,Siraha,3699,3347,Maize,24.4984153,29.86409836,20.07931694,67.87521858,1774.43,5680.78,2562.33,1.732704918,6.8,10361.35
2077,Siraha,440,1041,Millet,24.4984153,29.86409836,20.07931694,67.87521858,1774.43,5680.78,2562.33,1.732704918,6.8,10361.35
2077,Siraha,0,0,Buckwheat,24.4984153,29.86409836,20.07931694,67.87521858,1774.43,5680.78,2562.33,1.732704918,6.8,10361.35
2077,Siraha,11784,3416,Wheat,24.4984153,29.86409836,20.07931694,67.87521858,1774.43,5680.78,2562.33,1.732704918,6.8,10361.35
2077,Siraha,19,1316,Barley,24.4984153,29.86409836,20.07931694,67.87521858,1774.43,5680.78,2562.33,1.732704918,6.8,10361.35
2077,Solukhumbu,1410,2774,Paddy,8.836885246,13.69136612,5.117431694,77.78243169,1349.64,5564.45,2533.38,1.760601093,5.8,20.5
2077,Solukhumbu,14080,2588,Maize,8.836885246,13.69136612,5.117431694,77.78243169,1349.64,5564.45,2533.38,1.760601093,5.8,20.5
2077,Solukhumbu,1847,1355,Millet,8.836885246,13.69136612,5.117431694,77.78243169,1349.64,5564.45,2533.38,1.760601093,5.8,20.5
2077,Solukhumbu,299,987,Buckwheat,8.836885246,13.69136612,5.117431694,77.78243169,1349.64,5564.45,2533.38,1.760601093,5.8,20.5
2077,Solukhumbu,2669,1991,Wheat,8.836885246,13.69136612,5.117431694,77.78243169,1349.64,5564.45,2533.38,1.760601093,5.8,20.5
2077,Solukhumbu,162,1191,Barley,8.836885246,13.69136612,5.117431694,77.78243169,1349.64,5564.45,2533.38,1.760601093,5.8,20.5
2077,Sunsari,53555,4086,Paddy,23.65830601,28.59672131,19.72530055,70.54387978,2219.05,5421.28,2450.87,1.51226776,6.6,13616.95
2077,Sunsari,8968,3211,Maize,23.65830601,28.59672131,19.72530055,70.54387978,2219.05,5421.28,2450.87,1.51226776,6.6,13616.95
2077,Sunsari,505,1158,Millet,23.65830601,28.59672131,19.72530055,70.54387978,2219.05,5421.28,2450.87,1.51226776,6.6,13616.95
2077,Sunsari,319,984,Buckwheat,23.65830601,28.59672131,19.72530055,70.54387978,2219.05,5421.28,2450.87,1.51226776,6.6,13616.95
2077,Sunsari,12765,3250,Wheat,23.65830601,28.59672131,19.72530055,70.54387978,2219.05,5421.28,2450.87,1.51226776,6.6,13616.95
2077,Sunsari,14,1571,Barley,23.65830601,28.59672131,19.72530055,70.54387978,2219.05,5421.28,2450.87,1.51226776,6.6,13616.95
2077,Surkhet,12463,4181,Paddy,19.18065574,24.17256831,15.14915301,66.58147541,1506.09,5925.95,2632.8,1.430382514,5.9,2610.3
2077,Surkhet,14943,3095,Maize,19.18065574,24.17256831,15.14915301,66.58147541,1506.09,5925.95,2632.8,1.430382514,5.9,2610.3
2077,Surkhet,2235,1346,Millet,19.18065574,24.17256831,15.14915301,66.58147541,1506.09,5925.95,2632.8,1.430382514,5.9,2610.3
2077,Surkhet,56,1518,Buckwheat,19.18065574,24.17256831,15.14915301,66.58147541,1506.09,5925.95,2632.8,1.430382514,5.9,2610.3
2077,Surkhet,12191,3392,Wheat,19.18065574,24.17256831,15.14915301,66.58147541,1506.09,5925.95,2632.8,1.430382514,5.9,2610.3
2077,Surkhet,631,1582,Barley,19.18065574,24.17256831,15.14915301,66.58147541,1506.09,5925.95,2632.8,1.430382514,5.9,2610.3
2077,Syangja,15993,4076,Paddy,18.45918033,22.94540984,14.93754098,69.90494536,1893.35,5823.25,2539.99,1.45726776,6,1798.1
2077,Syangja,26330,3743,Maize,18.45918033,22.94540984,14.93754098,69.90494536,1893.35,5823.25,2539.99,1.45726776,6,1798.1
2077,Syangja,16101,1264,Millet,18.45918033,22.94540984,14.93754098,69.90494536,1893.35,5823.25,2539.99,1.45726776,6,1798.1
2077,Syangja,242,934,Buckwheat,18.45918033,22.94540984,14.93754098,69.90494536,1893.35,5823.25,2539.99,1.45726776,6,1798.1
2077,Syangja,5099,2843,Wheat,18.45918033,22.94540984,14.93754098,69.90494536,1893.35,5823.25,2539.99,1.45726776,6,1798.1
2077,Syangja,4,1500,Barley,18.45918033,22.94540984,14.93754098,69.90494536,1893.35,5823.25,2539.99,1.45726776,6,1798.1
2077,Tanahu,10525,3938,Paddy,18.45918033,22.94540984,14.93754098,69.90494536,1893.35,5979.33,2804.39,1.45726776,5.6,2400.25
2077,Tanahu,22883,3320,Maize,18.45918033,22.94540984,14.93754098,69.90494536,1893.35,5979.33,2804.39,1.45726776,5.6,2400.25
2077,Tanahu,6729,996,Millet,18.45918033,22.94540984,14.93754098,69.90494536,1893.35,5979.33,2804.39,1.45726776,5.6,2400.25
2077,Tanahu,192,943,Buckwheat,18.45918033,22.94540984,14.93754098,69.90494536,1893.35,5979.33,2804.39,1.45726776,5.6,2400.25
2077,Tanahu,1743,2361,Wheat,18.45918033,22.94540984,14.93754098,69.90494536,1893.35,5979.33,2804.39,1.45726776,5.6,2400.25
2077,Tanahu,6,1000,Barley,18.45918033,22.94540984,14.93754098,69.90494536,1893.35,5979.33,2804.39,1.45726776,5.6,2400.25
2077,Taplejung,7437,2547,Paddy,4.965519126,9.668688525,1.341420765,82.39002732,2097.28,5290.09,2363.83,1.575300546,5.4,473.45
2077,Taplejung,9718,3163,Maize,4.965519126,9.668688525,1.341420765,82.39002732,2097.28,5290.09,2363.83,1.575300546,5.4,473.45
2077,Taplejung,3041,1398,Millet,4.965519126,9.668688525,1.341420765,82.39002732,2097.28,5290.09,2363.83,1.575300546,5.4,473.45
2077,Taplejung,113,1265,Buckwheat,4.965519126,9.668688525,1.341420765,82.39002732,2097.28,5290.09,2363.83,1.575300546,5.4,473.45
2077,Taplejung,1540,1876,Wheat,4.965519126,9.668688525,1.341420765,82.39002732,2097.28,5290.09,2363.83,1.575300546,5.4,473.45
2077,Taplejung,269,1506,Barley,4.965519126,9.668688525,1.341420765,82.39002732,2097.28,5290.09,2363.83,1.575300546,5.4,473.45
2077,Terhathum,7171,2763,Paddy,19.40120789,23.87857923,15.99510929,73.56393443,2027.87,5290.09,2363.83,1.422349727,5.6,903.25
2077,Terhathum,12142,2773,Maize,19.40120789,23.87857923,15.99510929,73.56393443,2027.87,5290.09,2363.83,1.422349727,5.6,903.25
2077,Terhathum,2632,1263,Millet,19.40120789,23.87857923,15.99510929,73.56393443,2027.87,5290.09,2363.83,1.422349727,5.6,903.25
2077,Terhathum,25,880,Buckwheat,19.40120789,23.87857923,15.99510929,73.56393443,2027.87,5290.09,2363.83,1.422349727,5.6,903.25
2077,Terhathum,2399,2417,Wheat,19.40120789,23.87857923,15.99510929,73.56393443,2027.87,5290.09,2363.83,1.422349727,5.6,903.25
2077,Terhathum,64,1328,Barley,19.40120789,23.87857923,15.99510929,73.56393443,2027.87,5290.09,2363.83,1.422349727,5.6,903.25
2077,Udayapur,14102,3904,Paddy,17.89010929,22.31983607,14.61418033,75.37530055,2996.89,5421.28,2450.87,1.198060109,5.4,2258.55
2077,Udayapur,17945,2436,Maize,17.89010929,22.31983607,14.61418033,75.37530055,2996.89,5421.28,2450.87,1.198060109,5.4,2258.55
2077,Udayapur,2996,1898,Millet,17.89010929,22.31983607,14.61418033,75.37530055,2996.89,5421.28,2450.87,1.198060109,5.4,2258.55
2077,Udayapur,17,1000,Buckwheat,17.89010929,22.31983607,14.61418033,75.37530055,2996.89,5421.28,2450.87,1.198060109,5.4,2258.55
2077,Udayapur,5130,2500,Wheat,17.89010929,22.31983607,14.61418033,75.37530055,2996.89,5421.28,2450.87,1.198060109,5.4,2258.55
2077,Udayapur,29,1483,Barley,17.89010929,22.31983607,14.61418033,75.37530055,2996.89,5421.28,2450.87,1.198060109,5.4,2258.55
2078,Achham,15003,2125,Paddy,12.59443836,18.03605479,8.18060274,66.42375342,1509.75,6099.88,2643.1,1.493671233,6.1,169.7
2078,Achham,6688,3097,Maize,12.59443836,18.03605479,8.18060274,66.42375342,1509.75,6099.88,2643.1,1.493671233,6.1,169.7
2078,Achham,3857,1274,Millet,12.59443836,18.03605479,8.18060274,66.42375342,1509.75,6099.88,2643.1,1.493671233,6.1,169.7
2078,Achham,83,916,Buckwheat,12.59443836,18.03605479,8.18060274,66.42375342,1509.75,6099.88,2643.1,1.493671233,6.1,169.7
2078,Achham,14730,1675,Wheat,12.59443836,18.03605479,8.18060274,66.42375342,1509.75,6099.88,2643.1,1.493671233,6.1,169.7
2078,Achham,412,1104,Barley,12.59443836,18.03605479,8.18060274,66.42375342,1509.75,6099.88,2643.1,1.493671233,6.1,169.7
2078,Arghakhanchi,7164,3063,Paddy,19.77909589,24.73473973,16.02509589,63.00569863,2484,5944.12,2767.87,1.690438356,5.9,458.95
2078,Arghakhanchi,16955,3242,Maize,19.77909589,24.73473973,16.02509589,63.00569863,2484,5944.12,2767.87,1.690438356,5.9,458.95
2078,Arghakhanchi,511,1129,Millet,19.77909589,24.73473973,16.02509589,63.00569863,2484,5944.12,2767.87,1.690438356,5.9,458.95
2078,Arghakhanchi,350,1286,Buckwheat,19.77909589,24.73473973,16.02509589,63.00569863,2484,5944.12,2767.87,1.690438356,5.9,458.95
2078,Arghakhanchi,7340,2719,Wheat,19.77909589,24.73473973,16.02509589,63.00569863,2484,5944.12,2767.87,1.690438356,5.9,458.95
2078,Arghakhanchi,375,1035,Barley,19.77909589,24.73473973,16.02509589,63.00569863,2484,5944.12,2767.87,1.690438356,5.9,458.95
2078,Baglung,5893,3446,Paddy,19.23134247,23.97564384,15.57657534,66.248,3039.48,5663.31,2459.62,1.480876712,5.7,577.35
2078,Baglung,18850,3409,Maize,19.23134247,23.97564384,15.57657534,66.248,3039.48,5663.31,2459.62,1.480876712,5.7,577.35
2078,Baglung,2958,1235,Millet,19.23134247,23.97564384,15.57657534,66.248,3039.48,5663.31,2459.62,1.480876712,5.7,577.35
2078,Baglung,178,1107,Buckwheat,19.23134247,23.97564384,15.57657534,66.248,3039.48,5663.31,2459.62,1.480876712,5.7,577.35
2078,Baglung,6900,2510,Wheat,19.23134247,23.97564384,15.57657534,66.248,3039.48,5663.31,2459.62,1.480876712,5.7,577.35
2078,Baglung,275,1436,Barley,19.23134247,23.97564384,15.57657534,66.248,3039.48,5663.31,2459.62,1.480876712,5.7,577.35
2078,Baitadi,7219,2310,Paddy,11.35268493,17.23032877,6.588410959,62.97071233,1016.87,6519.87,2861.83,1.608410959,6,37.45
2078,Baitadi,10864,2953,Maize,11.35268493,17.23032877,6.588410959,62.97071233,1016.87,6519.87,2861.83,1.608410959,6,37.45
2078,Baitadi,354,1153,Millet,11.35268493,17.23032877,6.588410959,62.97071233,1016.87,6519.87,2861.83,1.608410959,6,37.45
2078,Baitadi,17,1176,Buckwheat,11.35268493,17.23032877,6.588410959,62.97071233,1016.87,6519.87,2861.83,1.608410959,6,37.45
2078,Baitadi,15400,1566,Wheat,11.35268493,17.23032877,6.588410959,62.97071233,1016.87,6519.87,2861.83,1.608410959,6,37.45
2078,Baitadi,671,1210,Barley,11.35268493,17.23032877,6.588410959,62.97071233,1016.87,6519.87,2861.83,1.608410959,6,37.45
2078,Bajhang,6367,2600,Paddy,11.35268493,17.23032877,6.588410959,62.97071233,1016.87,6099.88,2643.1,1.608410959,5.6,116.6
2078,Bajhang,4050,1629,Maize,11.35268493,17.23032877,6.588410959,62.97071233,1016.87,6099.88,2643.1,1.608410959,5.6,116.6
2078,Bajhang,2761,1277,Millet,11.35268493,17.23032877,6.588410959,62.97071233,1016.87,6099.88,2643.1,1.608410959,5.6,116.6
2078,Bajhang,105,1362,Buckwheat,11.35268493,17.23032877,6.588410959,62.97071233,1016.87,6099.88,2643.1,1.608410959,5.6,116.6
2078,Bajhang,10927,2008,Wheat,11.35268493,17.23032877,6.588410959,62.97071233,1016.87,6099.88,2643.1,1.608410959,5.6,116.6
2078,Bajhang,2354,1743,Barley,11.35268493,17.23032877,6.588410959,62.97071233,1016.87,6099.88,2643.1,1.608410959,5.6,116.6
2078,Bajura,4150,2610,Paddy,9.29230137,15.52684932,4.349506849,64.32772603,950.31,6099.88,2643.1,1.594136986,6,48.1
2078,Bajura,3293,1473,Maize,9.29230137,15.52684932,4.349506849,64.32772603,950.31,6099.88,2643.1,1.594136986,6,48.1
2078,Bajura,5870,1006,Millet,9.29230137,15.52684932,4.349506849,64.32772603,950.31,6099.88,2643.1,1.594136986,6,48.1
2078,Bajura,255,1047,Buckwheat,9.29230137,15.52684932,4.349506849,64.32772603,950.31,6099.88,2643.1,1.594136986,6,48.1
2078,Bajura,10450,1500,Wheat,9.29230137,15.52684932,4.349506849,64.32772603,950.31,6099.88,2643.1,1.594136986,6,48.1
2078,Bajura,1470,1340,Barley,9.29230137,15.52684932,4.349506849,64.32772603,950.31,6099.88,2643.1,1.594136986,6,48.1
2078,Banke,33896,2310,Paddy,19.96328767,25.28175342,15.80849315,61.63276712,1987.14,5817.06,2560.07,1.483205479,6.4,4582.3
2078,Banke,19545,3182,Maize,19.96328767,25.28175342,15.80849315,61.63276712,1987.14,5817.06,2560.07,1.483205479,6.4,4582.3
2078,Banke,0,0,Millet,19.96328767,25.28175342,15.80849315,61.63276712,1987.14,5817.06,2560.07,1.483205479,6.4,4582.3
2078,Banke,0,0,Buckwheat,19.96328767,25.28175342,15.80849315,61.63276712,1987.14,5817.06,2560.07,1.483205479,6.4,4582.3
2078,Banke,23500,3362,Wheat,19.96328767,25.28175342,15.80849315,61.63276712,1987.14,5817.06,2560.07,1.483205479,6.4,4582.3
2078,Banke,8,1375,Barley,19.96328767,25.28175342,15.80849315,61.63276712,1987.14,5817.06,2560.07,1.483205479,6.4,4582.3
2078,Bara,55198,3887,Paddy,24.6430137,30.09432877,20.23213699,65.32723288,1984.96,5906.7,2742.51,1.674246575,6.7,11849
2078,Bara,11940,3907,Maize,24.6430137,30.09432877,20.23213699,65.32723288,1984.96,5906.7,2742.51,1.674246575,6.7,11849
2078,Bara,76,1158,Millet,24.6430137,30.09432877,20.23213699,65.32723288,1984.96,5906.7,2742.51,1.674246575,6.7,11849
2078,Bara,0,0,Buckwheat,24.6430137,30.09432877,20.23213699,65.32723288,1984.96,5906.7,2742.51,1.674246575,6.7,11849
2078,Bara,27103,3492,Wheat,24.6430137,30.09432877,20.23213699,65.32723288,1984.96,5906.7,2742.51,1.674246575,6.7,11849
2078,Bara,38,1079,Barley,24.6430137,30.09432877,20.23213699,65.32723288,1984.96,5906.7,2742.51,1.674246575,6.7,11849
2078,Bardiya,49557,2966,Paddy,24.26073973,29.80575342,19.7449589,60.5769589,2132.52,5817.06,2560.07,1.665589041,6.8,5512.75
2078,Bardiya,5350,3740,Maize,24.26073973,29.80575342,19.7449589,60.5769589,2132.52,5817.06,2560.07,1.665589041,6.8,5512.75
2078,Bardiya,0,0,Millet,24.26073973,29.80575342,19.7449589,60.5769589,2132.52,5817.06,2560.07,1.665589041,6.8,5512.75
2078,Bardiya,0,0,Buckwheat,24.26073973,29.80575342,19.7449589,60.5769589,2132.52,5817.06,2560.07,1.665589041,6.8,5512.75
2078,Bardiya,23500,3383,Wheat,24.26073973,29.80575342,19.7449589,60.5769589,2132.52,5817.06,2560.07,1.665589041,6.8,5512.75
2078,Bardiya,8,1500,Barley,24.26073973,29.80575342,19.7449589,60.5769589,2132.52,5817.06,2560.07,1.665589041,6.8,5512.75
2078,Bhaktapur,3939,5120,Paddy,19.04983562,23.75931507,15.57358904,67.60767123,1561.96,5883.92,2627.24,1.469315068,5.8,2364.88
2078,Bhaktapur,1900,4079,Maize,19.04983562,23.75931507,15.57358904,67.60767123,1561.96,5883.92,2627.24,1.469315068,5.8,2364.88
2078,Bhaktapur,110,1064,Millet,19.04983562,23.75931507,15.57358904,67.60767123,1561.96,5883.92,2627.24,1.469315068,5.8,2364.88
2078,Bhaktapur,4,1250,Buckwheat,19.04983562,23.75931507,15.57358904,67.60767123,1561.96,5883.92,2627.24,1.469315068,5.8,2364.88
2078,Bhaktapur,3150,3939,Wheat,19.04983562,23.75931507,15.57358904,67.60767123,1561.96,5883.92,2627.24,1.469315068,5.8,2364.88
2078,Bhaktapur,17,1706,Barley,19.04983562,23.75931507,15.57358904,67.60767123,1561.96,5883.92,2627.24,1.469315068,5.8,2364.88
2078,Bhojpur,14570,2560,Paddy,5.479123288,10.3269863,1.765315068,79.66871233,1826.71,5257.41,2324.55,1.546219178,5.4,158.5
2078,Bhojpur,36898,2644,Maize,5.479123288,10.3269863,1.765315068,79.66871233,1826.71,5257.41,2324.55,1.546219178,5.4,158.5
2078,Bhojpur,5284,1260,Millet,5.479123288,10.3269863,1.765315068,79.66871233,1826.71,5257.41,2324.55,1.546219178,5.4,158.5
2078,Bhojpur,36,1083,Buckwheat,5.479123288,10.3269863,1.765315068,79.66871233,1826.71,5257.41,2324.55,1.546219178,5.4,158.5
2078,Bhojpur,414,1800,Wheat,5.479123288,10.3269863,1.765315068,79.66871233,1826.71,5257.41,2324.55,1.546219178,5.4,158.5
2078,Bhojpur,10,1500,Barley,5.479123288,10.3269863,1.765315068,79.66871233,1826.71,5257.41,2324.55,1.546219178,5.4,158.5
2078,Chitwan,27403,3815,Paddy,24.05547945,29.27687671,19.86950685,64.90271233,2621.42,5906.7,2742.51,1.399178082,6.1,5503.65
2078,Chitwan,28055,3751,Maize,24.05547945,29.27687671,19.86950685,64.90271233,2621.42,5906.7,2742.51,1.399178082,6.1,5503.65
2078,Chitwan,1478,1145,Millet,24.05547945,29.27687671,19.86950685,64.90271233,2621.42,5906.7,2742.51,1.399178082,6.1,5503.65
2078,Chitwan,1300,1072,Buckwheat,24.05547945,29.27687671,19.86950685,64.90271233,2621.42,5906.7,2742.51,1.399178082,6.1,5503.65
2078,Chitwan,5151,4513,Wheat,24.05547945,29.27687671,19.86950685,64.90271233,2621.42,5906.7,2742.51,1.399178082,6.1,5503.65
2078,Chitwan,15,1867,Barley,24.05547945,29.27687671,19.86950685,64.90271233,2621.42,5906.7,2742.51,1.399178082,6.1,5503.65
2078,Dadeldhura,5799,3070,Paddy,15.95424658,21.73758904,11.32410959,58.27106849,1242.02,6519.87,2861.83,1.422027397,5.9,51.75
2078,Dadeldhura,3810,3000,Maize,15.95424658,21.73758904,11.32410959,58.27106849,1242.02,6519.87,2861.83,1.422027397,5.9,51.75
2078,Dadeldhura,572,1131,Millet,15.95424658,21.73758904,11.32410959,58.27106849,1242.02,6519.87,2861.83,1.422027397,5.9,51.75
2078,Dadeldhura,34,1324,Buckwheat,15.95424658,21.73758904,11.32410959,58.27106849,1242.02,6519.87,2861.83,1.422027397,5.9,51.75
2078,Dadeldhura,8744,2734,Wheat,15.95424658,21.73758904,11.32410959,58.27106849,1242.02,6519.87,2861.83,1.422027397,5.9,51.75
2078,Dadeldhura,205,1732,Barley,15.95424658,21.73758904,11.32410959,58.27106849,1242.02,6519.87,2861.83,1.422027397,5.9,51.75
2078,Dailekh,7987,3021,Paddy,12.59443836,18.03605479,8.18060274,66.42375342,1509.75,5817.06,2560.07,1.493671233,5.9,263.35
2078,Dailekh,18680,2991,Maize,12.59443836,18.03605479,8.18060274,66.42375342,1509.75,5817.06,2560.07,1.493671233,5.9,263.35
2078,Dailekh,2760,1116,Millet,12.59443836,18.03605479,8.18060274,66.42375342,1509.75,5817.06,2560.07,1.493671233,5.9,263.35
2078,Dailekh,32,1000,Buckwheat,12.59443836,18.03605479,8.18060274,66.42375342,1509.75,5817.06,2560.07,1.493671233,5.9,263.35
2078,Dailekh,13710,2465,Wheat,12.59443836,18.03605479,8.18060274,66.42375342,1509.75,5817.06,2560.07,1.493671233,5.9,263.35
2078,Dailekh,185,1146,Barley,12.59443836,18.03605479,8.18060274,66.42375342,1509.75,5817.06,2560.07,1.493671233,5.9,263.35
2078,Dang,35114,3699,Paddy,21.714,26.99726027,17.54926027,61.55471233,1873.79,5853.37,2530.94,1.836493151,5.8,6746.8
2078,Dang,24900,3126,Maize,21.714,26.99726027,17.54926027,61.55471233,1873.79,5853.37,2530.94,1.836493151,5.8,6746.8
2078,Dang,14,1071,Millet,21.714,26.99726027,17.54926027,61.55471233,1873.79,5853.37,2530.94,1.836493151,5.8,6746.8
2078,Dang,57,1105,Buckwheat,21.714,26.99726027,17.54926027,61.55471233,1873.79,5853.37,2530.94,1.836493151,5.8,6746.8
2078,Dang,12690,3128,Wheat,21.714,26.99726027,17.54926027,61.55471233,1873.79,5853.37,2530.94,1.836493151,5.8,6746.8
2078,Dang,23,1217,Barley,21.714,26.99726027,17.54926027,61.55471233,1873.79,5853.37,2530.94,1.836493151,5.8,6746.8
2078,Darchula,3494,2700,Paddy,6.174109589,12.19630137,1.155917808,63.68430137,876.71,6519.87,2861.83,1.717479452,6,50.25
2078,Darchula,5530,2785,Maize,6.174109589,12.19630137,1.155917808,63.68430137,876.71,6519.87,2861.83,1.717479452,6,50.25
2078,Darchula,1263,1258,Millet,6.174109589,12.19630137,1.155917808,63.68430137,876.71,6519.87,2861.83,1.717479452,6,50.25
2078,Darchula,109,1037,Buckwheat,6.174109589,12.19630137,1.155917808,63.68430137,876.71,6519.87,2861.83,1.717479452,6,50.25
2078,Darchula,5962,1620,Wheat,6.174109589,12.19630137,1.155917808,63.68430137,876.71,6519.87,2861.83,1.717479452,6,50.25
2078,Darchula,1087,1470,Barley,6.174109589,12.19630137,1.155917808,63.68430137,876.71,6519.87,2861.83,1.717479452,6,50.25
2078,Dhading,13632,4037,Paddy,15.1129863,19.8399726,11.45093151,68.68030137,1924.01,5906.7,2742.51,1.470410959,5.5,3663.8
2078,Dhading,19776,2315,Maize,15.1129863,19.8399726,11.45093151,68.68030137,1924.01,5906.7,2742.51,1.470410959,5.5,3663.8
2078,Dhading,6940,1073,Millet,15.1129863,19.8399726,11.45093151,68.68030137,1924.01,5906.7,2742.51,1.470410959,5.5,3663.8
2078,Dhading,114,1044,Buckwheat,15.1129863,19.8399726,11.45093151,68.68030137,1924.01,5906.7,2742.51,1.470410959,5.5,3663.8
2078,Dhading,4748,3264,Wheat,15.1129863,19.8399726,11.45093151,68.68030137,1924.01,5906.7,2742.51,1.470410959,5.5,3663.8
2078,Dhading,301,1279,Barley,15.1129863,19.8399726,11.45093151,68.68030137,1924.01,5906.7,2742.51,1.470410959,5.5,3663.8
2078,Dhankuta,6362,3871,Paddy,19.92616438,24.60810959,16.29536986,70.74926027,1724.29,5502.23,2446.66,1.509041096,5.8,952.85
2078,Dhankuta,13467,3350,Maize,19.92616438,24.60810959,16.29536986,70.74926027,1724.29,5502.23,2446.66,1.509041096,5.8,952.85
2078,Dhankuta,7230,1211,Millet,19.92616438,24.60810959,16.29536986,70.74926027,1724.29,5502.23,2446.66,1.509041096,5.8,952.85
2078,Dhankuta,5,1600,Buckwheat,19.92616438,24.60810959,16.29536986,70.74926027,1724.29,5502.23,2446.66,1.509041096,5.8,952.85
2078,Dhankuta,1302,2099,Wheat,19.92616438,24.60810959,16.29536986,70.74926027,1724.29,5502.23,2446.66,1.509041096,5.8,952.85
2078,Dhankuta,0,0,Barley,19.92616438,24.60810959,16.29536986,70.74926027,1724.29,5502.23,2446.66,1.509041096,5.8,952.85
2078,Dhanusha,55806,3208,Paddy,22.26216438,27.28632877,18.42857534,66.4989863,1596.92,5600.75,2496.85,1.671013699,6.6,8727.1
2078,Dhanusha,3476,3263,Maize,22.26216438,27.28632877,18.42857534,66.4989863,1596.92,5600.75,2496.85,1.671013699,6.6,8727.1
2078,Dhanusha,176,1023,Millet,22.26216438,27.28632877,18.42857534,66.4989863,1596.92,5600.75,2496.85,1.671013699,6.6,8727.1
2078,Dhanusha,0,0,Buckwheat,22.26216438,27.28632877,18.42857534,66.4989863,1596.92,5600.75,2496.85,1.671013699,6.6,8727.1
2078,Dhanusha,37788,3345,Wheat,22.26216438,27.28632877,18.42857534,66.4989863,1596.92,5600.75,2496.85,1.671013699,6.6,8727.1
2078,Dhanusha,1,2000,Barley,22.26216438,27.28632877,18.42857534,66.4989863,1596.92,5600.75,2496.85,1.671013699,6.6,8727.1
2078,Dolakha,2872,2470,Paddy,2.259041096,7.629972603,-1.909945205,72.42,879.62,5582.54,2520.54,2.088465753,6.5,1047.15
2078,Dolakha,6171,3590,Maize,2.259041096,7.629972603,-1.909945205,72.42,879.62,5582.54,2520.54,2.088465753,6.5,1047.15
2078,Dolakha,3659,1327,Millet,2.259041096,7.629972603,-1.909945205,72.42,879.62,5582.54,2520.54,2.088465753,6.5,1047.15
2078,Dolakha,1057,1097,Buckwheat,2.259041096,7.629972603,-1.909945205,72.42,879.62,5582.54,2520.54,2.088465753,6.5,1047.15
2078,Dolakha,4246,1770,Wheat,2.259041096,7.629972603,-1.909945205,72.42,879.62,5582.54,2520.54,2.088465753,6.5,1047.15
2078,Dolakha,136,1213,Barley,2.259041096,7.629972603,-1.909945205,72.42,879.62,5582.54,2520.54,2.088465753,6.5,1047.15
2078,Dolpa,198,1758,Paddy,-0.636054795,5.159534247,-5.399315068,68.47824658,1757.84,5853.37,2530.94,1.880520548,6.6,0
2078,Dolpa,2204,1270,Maize,-0.636054795,5.159534247,-5.399315068,68.47824658,1757.84,5853.37,2530.94,1.880520548,6.6,0
2078,Dolpa,280,1107,Millet,-0.636054795,5.159534247,-5.399315068,68.47824658,1757.84,5853.37,2530.94,1.880520548,6.6,0
2078,Dolpa,986,870,Buckwheat,-0.636054795,5.159534247,-5.399315068,68.47824658,1757.84,5853.37,2530.94,1.880520548,6.6,0
2078,Dolpa,2805,1430,Wheat,-0.636054795,5.159534247,-5.399315068,68.47824658,1757.84,5853.37,2530.94,1.880520548,6.6,0
2078,Dolpa,334,1033,Barley,-0.636054795,5.159534247,-5.399315068,68.47824658,1757.84,5853.37,2530.94,1.880520548,6.6,0
2078,Doti,9633,2326,Paddy,15.95424658,21.73758904,11.32410959,58.27106849,1242.02,6519.87,2861.83,1.422027397,5.9,90.5
2078,Doti,3998,3011,Maize,15.95424658,21.73758904,11.32410959,58.27106849,1242.02,6519.87,2861.83,1.422027397,5.9,90.5
2078,Doti,4570,1276,Millet,15.95424658,21.73758904,11.32410959,58.27106849,1242.02,6519.87,2861.83,1.422027397,5.9,90.5
2078,Doti,14,1000,Buckwheat,15.95424658,21.73758904,11.32410959,58.27106849,1242.02,6519.87,2861.83,1.422027397,5.9,90.5
2078,Doti,14302,1969,Wheat,15.95424658,21.73758904,11.32410959,58.27106849,1242.02,6519.87,2861.83,1.422027397,5.9,90.5
2078,Doti,240,1338,Barley,15.95424658,21.73758904,11.32410959,58.27106849,1242.02,6519.87,2861.83,1.422027397,5.9,90.5
2078,Gorkha,12586,3834,Paddy,15.1129863,19.8399726,11.45093151,68.68030137,1924.01,5906.7,2742.51,1.470410959,5.5,412.15
2078,Gorkha,18935,2450,Maize,15.1129863,19.8399726,11.45093151,68.68030137,1924.01,5906.7,2742.51,1.470410959,5.5,412.15
2078,Gorkha,12180,1217,Millet,15.1129863,19.8399726,11.45093151,68.68030137,1924.01,5906.7,2742.51,1.470410959,5.5,412.15
2078,Gorkha,332,1422,Buckwheat,15.1129863,19.8399726,11.45093151,68.68030137,1924.01,5906.7,2742.51,1.470410959,5.5,412.15
2078,Gorkha,3910,2362,Wheat,15.1129863,19.8399726,11.45093151,68.68030137,1924.01,5906.7,2742.51,1.470410959,5.5,412.15
2078,Gorkha,110,1282,Barley,15.1129863,19.8399726,11.45093151,68.68030137,1924.01,5906.7,2742.51,1.470410959,5.5,412.15
2078,Gulmi,8190,3043,Paddy,19.77909589,24.73473973,16.02509589,63.00569863,2484,5944.12,2767.87,1.690438356,6.1,323.65
2078,Gulmi,22445,3042,Maize,19.77909589,24.73473973,16.02509589,63.00569863,2484,5944.12,2767.87,1.690438356,6.1,323.65
2078,Gulmi,2927,1304,Millet,19.77909589,24.73473973,16.02509589,63.00569863,2484,5944.12,2767.87,1.690438356,6.1,323.65
2078,Gulmi,275,1865,Buckwheat,19.77909589,24.73473973,16.02509589,63.00569863,2484,5944.12,2767.87,1.690438356,6.1,323.65
2078,Gulmi,6517,2975,Wheat,19.77909589,24.73473973,16.02509589,63.00569863,2484,5944.12,2767.87,1.690438356,6.1,323.65
2078,Gulmi,426,829,Barley,19.77909589,24.73473973,16.02509589,63.00569863,2484,5944.12,2767.87,1.690438356,6.1,323.65
2078,Humla,567,1503,Paddy,-0.063671233,6.154986301,-5.285287671,70.05758904,717.76,6917.79,2898.09,1.96109589,6.5,0
2078,Humla,219,1151,Maize,-0.063671233,6.154986301,-5.285287671,70.05758904,717.76,6917.79,2898.09,1.96109589,6.5,0
2078,Humla,1308,1229,Millet,-0.063671233,6.154986301,-5.285287671,70.05758904,717.76,6917.79,2898.09,1.96109589,6.5,0
2078,Humla,911,1054,Buckwheat,-0.063671233,6.154986301,-5.285287671,70.05758904,717.76,6917.79,2898.09,1.96109589,6.5,0
2078,Humla,1172,1302,Wheat,-0.063671233,6.154986301,-5.285287671,70.05758904,717.76,6917.79,2898.09,1.96109589,6.5,0
2078,Humla,642,1263,Barley,-0.063671233,6.154986301,-5.285287671,70.05758904,717.76,6917.79,2898.09,1.96109589,6.5,0
2078,Illam,11999,3479,Paddy,18.32230137,22.98213699,14.86323288,72.61347945,2364.3,5257.41,2324.55,1.244547945,5.5,588.8
2078,Illam,33915,3883,Maize,18.32230137,22.98213699,14.86323288,72.61347945,2364.3,5257.41,2324.55,1.244547945,5.5,588.8
2078,Illam,1600,1578,Millet,18.32230137,22.98213699,14.86323288,72.61347945,2364.3,5257.41,2324.55,1.244547945,5.5,588.8
2078,Illam,25,1640,Buckwheat,18.32230137,22.98213699,14.86323288,72.61347945,2364.3,5257.41,2324.55,1.244547945,5.5,588.8
2078,Illam,4580,2550,Wheat,18.32230137,22.98213699,14.86323288,72.61347945,2364.3,5257.41,2324.55,1.244547945,5.5,588.8
2078,Illam,49,1204,Barley,18.32230137,22.98213699,14.86323288,72.61347945,2364.3,5257.41,2324.55,1.244547945,5.5,588.8
2078,Jajarkot,2651,3507,Paddy,21.714,26.99726027,17.54926027,61.55471233,1873.79,5853.37,2530.94,1.836493151,6.2,121.2
2078,Jajarkot,10500,3300,Maize,21.714,26.99726027,17.54926027,61.55471233,1873.79,5853.37,2530.94,1.836493151,6.2,121.2
2078,Jajarkot,1833,1302,Millet,21.714,26.99726027,17.54926027,61.55471233,1873.79,5853.37,2530.94,1.836493151,6.2,121.2
2078,Jajarkot,35,1257,Buckwheat,21.714,26.99726027,17.54926027,61.55471233,1873.79,5853.37,2530.94,1.836493151,6.2,121.2
2078,Jajarkot,10432,2500,Wheat,21.714,26.99726027,17.54926027,61.55471233,1873.79,5853.37,2530.94,1.836493151,6.2,121.2
2078,Jajarkot,595,1318,Barley,21.714,26.99726027,17.54926027,61.55471233,1873.79,5853.37,2530.94,1.836493151,6.2,121.2
2078,Jhapa,92915,4378,Paddy,23.97449315,28.84158904,20.09556164,70.25479452,2460.1,5502.23,2446.66,1.607945205,5.7,9321.05
2078,Jhapa,41059,3960,Maize,23.97449315,28.84158904,20.09556164,70.25479452,2460.1,5502.23,2446.66,1.607945205,5.7,9321.05
2078,Jhapa,1000,1300,Millet,23.97449315,28.84158904,20.09556164,70.25479452,2460.1,5502.23,2446.66,1.607945205,5.7,9321.05
2078,Jhapa,1850,1743,Buckwheat,23.97449315,28.84158904,20.09556164,70.25479452,2460.1,5502.23,2446.66,1.607945205,5.7,9321.05
2078,Jhapa,5000,2701,Wheat,23.97449315,28.84158904,20.09556164,70.25479452,2460.1,5502.23,2446.66,1.607945205,5.7,9321.05
2078,Jhapa,4,1750,Barley,23.97449315,28.84158904,20.09556164,70.25479452,2460.1,5502.23,2446.66,1.607945205,5.7,9321.05
2078,Jumla,2821,1533,Paddy,9.29230137,15.52684932,4.349506849,64.32772603,950.31,6420.33,2711.97,1.594136986,6.5,0
2078,Jumla,4200,1600,Maize,9.29230137,15.52684932,4.349506849,64.32772603,950.31,6420.33,2711.97,1.594136986,6.5,0
2078,Jumla,3737,1389,Millet,9.29230137,15.52684932,4.349506849,64.32772603,950.31,6420.33,2711.97,1.594136986,6.5,0
2078,Jumla,243,1173,Buckwheat,9.29230137,15.52684932,4.349506849,64.32772603,950.31,6420.33,2711.97,1.594136986,6.5,0
2078,Jumla,2355,2246,Wheat,9.29230137,15.52684932,4.349506849,64.32772603,950.31,6420.33,2711.97,1.594136986,6.5,0
2078,Jumla,3003,1537,Barley,9.29230137,15.52684932,4.349506849,64.32772603,950.31,6420.33,2711.97,1.594136986,6.5,0
2078,Kailali,72377,2513,Paddy,24.73575342,30.75230137,19.83517808,57.79175342,1524.97,5951.24,2644.57,1.511780822,6.6,10663
2078,Kailali,6130,3473,Maize,24.73575342,30.75230137,19.83517808,57.79175342,1524.97,5951.24,2644.57,1.511780822,6.6,10663
2078,Kailali,356,1135,Millet,24.73575342,30.75230137,19.83517808,57.79175342,1524.97,5951.24,2644.57,1.511780822,6.6,10663
2078,Kailali,27,1259,Buckwheat,24.73575342,30.75230137,19.83517808,57.79175342,1524.97,5951.24,2644.57,1.511780822,6.6,10663
2078,Kailali,34944,3584,Wheat,24.73575342,30.75230137,19.83517808,57.79175342,1524.97,5951.24,2644.57,1.511780822,6.6,10663
2078,Kailali,410,1144,Barley,24.73575342,30.75230137,19.83517808,57.79175342,1524.97,5951.24,2644.57,1.511780822,6.6,10663
2078,Kalikot,2454,2227,Paddy,12.59443836,18.03605479,8.18060274,66.42375342,1509.75,6099.88,2643.1,1.493671233,6.2,1.1
2078,Kalikot,3036,2811,Maize,12.59443836,18.03605479,8.18060274,66.42375342,1509.75,6099.88,2643.1,1.493671233,6.2,1.1
2078,Kalikot,1241,1339,Millet,12.59443836,18.03605479,8.18060274,66.42375342,1509.75,6099.88,2643.1,1.493671233,6.2,1.1
2078,Kalikot,139,1144,Buckwheat,12.59443836,18.03605479,8.18060274,66.42375342,1509.75,6099.88,2643.1,1.493671233,6.2,1.1
2078,Kalikot,5508,1555,Wheat,12.59443836,18.03605479,8.18060274,66.42375342,1509.75,6099.88,2643.1,1.493671233,6.2,1.1
2078,Kalikot,647,1193,Barley,12.59443836,18.03605479,8.18060274,66.42375342,1509.75,6099.88,2643.1,1.493671233,6.2,1.1
2078,Kanchanpur,48745,2718,Paddy,21.52926027,27.70430137,16.75057534,57.30186301,1503.82,5948,2642.77,0.972438356,6.2,4443.9
2078,Kanchanpur,3250,3549,Maize,21.52926027,27.70430137,16.75057534,57.30186301,1503.82,5948,2642.77,0.972438356,6.2,4443.9
2078,Kanchanpur,0,0,Millet,21.52926027,27.70430137,16.75057534,57.30186301,1503.82,5948,2642.77,0.972438356,6.2,4443.9
2078,Kanchanpur,0,0,Buckwheat,21.52926027,27.70430137,16.75057534,57.30186301,1503.82,5948,2642.77,0.972438356,6.2,4443.9
2078,Kanchanpur,31355,3253,Wheat,21.52926027,27.70430137,16.75057534,57.30186301,1503.82,5948,2642.77,0.972438356,6.2,4443.9
2078,Kanchanpur,133,1744,Barley,21.52926027,27.70430137,16.75057534,57.30186301,1503.82,5948,2642.77,0.972438356,6.2,4443.9
2078,Kapilbastu,66261,3192,Paddy,24.77772603,30.37534247,20.24446575,61.68989041,2305.27,5944.12,2767.87,1.854109589,6.9,6947.9
2078,Kapilbastu,1334,3337,Maize,24.77772603,30.37534247,20.24446575,61.68989041,2305.27,5944.12,2767.87,1.854109589,6.9,6947.9
2078,Kapilbastu,0,0,Millet,24.77772603,30.37534247,20.24446575,61.68989041,2305.27,5944.12,2767.87,1.854109589,6.9,6947.9
2078,Kapilbastu,18,944,Buckwheat,24.77772603,30.37534247,20.24446575,61.68989041,2305.27,5944.12,2767.87,1.854109589,6.9,6947.9
2078,Kapilbastu,26292,3734,Wheat,24.77772603,30.37534247,20.24446575,61.68989041,2305.27,5944.12,2767.87,1.854109589,6.9,6947.9
2078,Kapilbastu,330,567,Barley,24.77772603,30.37534247,20.24446575,61.68989041,2305.27,5944.12,2767.87,1.854109589,6.9,6947.9
2078,Kaski,20055,2968,Paddy,5.356575342,10.166,1.430630137,73.67879452,2472.84,5632.3,2513.79,1.589561644,6.7,1676.5
2078,Kaski,13583,2888,Maize,5.356575342,10.166,1.430630137,73.67879452,2472.84,5632.3,2513.79,1.589561644,6.7,1676.5
2078,Kaski,13604,1548,Millet,5.356575342,10.166,1.430630137,73.67879452,2472.84,5632.3,2513.79,1.589561644,6.7,1676.5
2078,Kaski,15,1133,Buckwheat,5.356575342,10.166,1.430630137,73.67879452,2472.84,5632.3,2513.79,1.589561644,6.7,1676.5
2078,Kaski,6820,2522,Wheat,5.356575342,10.166,1.430630137,73.67879452,2472.84,5632.3,2513.79,1.589561644,6.7,1676.5
2078,Kaski,8,1000,Barley,5.356575342,10.166,1.430630137,73.67879452,2472.84,5632.3,2513.79,1.589561644,6.7,1676.5
2078,Kathmandu,5955,4450,Paddy,19.04983562,23.75931507,15.57358904,67.60767123,1561.96,5883.92,2627.24,1.469315068,6.5,1704.55
2078,Kathmandu,6897,4313,Maize,19.04983562,23.75931507,15.57358904,67.60767123,1561.96,5883.92,2627.24,1.469315068,6.5,1704.55
2078,Kathmandu,770,1688,Millet,19.04983562,23.75931507,15.57358904,67.60767123,1561.96,5883.92,2627.24,1.469315068,6.5,1704.55
2078,Kathmandu,7,1000,Buckwheat,19.04983562,23.75931507,15.57358904,67.60767123,1561.96,5883.92,2627.24,1.469315068,6.5,1704.55
2078,Kathmandu,3200,3492,Wheat,19.04983562,23.75931507,15.57358904,67.60767123,1561.96,5883.92,2627.24,1.469315068,6.5,1704.55
2078,Kathmandu,2,2000,Barley,19.04983562,23.75931507,15.57358904,67.60767123,1561.96,5883.92,2627.24,1.469315068,6.5,1704.55
2078,Kavre,10861,3499,Paddy,19.04983562,23.75931507,15.57358904,67.60767123,1561.96,5883.92,2627.24,1.469315068,5.7,4803.938
2078,Kavre,26010,3404,Maize,19.04983562,23.75931507,15.57358904,67.60767123,1561.96,5883.92,2627.24,1.469315068,5.7,4803.938
2078,Kavre,3505,1292,Millet,19.04983562,23.75931507,15.57358904,67.60767123,1561.96,5883.92,2627.24,1.469315068,5.7,4803.938
2078,Kavre,548,1089,Buckwheat,19.04983562,23.75931507,15.57358904,67.60767123,1561.96,5883.92,2627.24,1.469315068,5.7,4803.938
2078,Kavre,8860,3239,Wheat,19.04983562,23.75931507,15.57358904,67.60767123,1561.96,5883.92,2627.24,1.469315068,5.7,4803.938
2078,Kavre,378,1741,Barley,19.04983562,23.75931507,15.57358904,67.60767123,1561.96,5883.92,2627.24,1.469315068,5.7,4803.938
2078,Khotang,12267,2610,Paddy,13.80361644,18.65290411,10.14690411,69.47843836,1279.36,5582.54,2520.54,1.583780822,5.5,51
2078,Khotang,35845,2736,Maize,13.80361644,18.65290411,10.14690411,69.47843836,1279.36,5582.54,2520.54,1.583780822,5.5,51
2078,Khotang,22315,1403,Millet,13.80361644,18.65290411,10.14690411,69.47843836,1279.36,5582.54,2520.54,1.583780822,5.5,51
2078,Khotang,622,1180,Buckwheat,13.80361644,18.65290411,10.14690411,69.47843836,1279.36,5582.54,2520.54,1.583780822,5.5,51
2078,Khotang,3530,1850,Wheat,13.80361644,18.65290411,10.14690411,69.47843836,1279.36,5582.54,2520.54,1.583780822,5.5,51
2078,Khotang,341,1531,Barley,13.80361644,18.65290411,10.14690411,69.47843836,1279.36,5582.54,2520.54,1.583780822,5.5,51
2078,Lalitpur,4169,4450,Paddy,19.04983562,23.75931507,15.57358904,67.60767123,1561.96,5883.92,2627.24,1.469315068,6.9,915.7
2078,Lalitpur,8573,3926,Maize,19.04983562,23.75931507,15.57358904,67.60767123,1561.96,5883.92,2627.24,1.469315068,6.9,915.7
2078,Lalitpur,600,1340,Millet,19.04983562,23.75931507,15.57358904,67.60767123,1561.96,5883.92,2627.24,1.469315068,6.9,915.7
2078,Lalitpur,57,1018,Buckwheat,19.04983562,23.75931507,15.57358904,67.60767123,1561.96,5883.92,2627.24,1.469315068,6.9,915.7
2078,Lalitpur,3485,3403,Wheat,19.04983562,23.75931507,15.57358904,67.60767123,1561.96,5883.92,2627.24,1.469315068,6.9,915.7
2078,Lalitpur,38,1447,Barley,19.04983562,23.75931507,15.57358904,67.60767123,1561.96,5883.92,2627.24,1.469315068,6.9,915.7
2078,Lamjung,14598,3184,Paddy,5.356575342,10.166,1.430630137,73.67879452,2472.84,5632.3,2513.79,1.589561644,5.4,452.05
2078,Lamjung,19255,2501,Maize,5.356575342,10.166,1.430630137,73.67879452,2472.84,5632.3,2513.79,1.589561644,5.4,452.05
2078,Lamjung,7793,1216,Millet,5.356575342,10.166,1.430630137,73.67879452,2472.84,5632.3,2513.79,1.589561644,5.4,452.05
2078,Lamjung,19,947,Buckwheat,5.356575342,10.166,1.430630137,73.67879452,2472.84,5632.3,2513.79,1.589561644,5.4,452.05
2078,Lamjung,368,2614,Wheat,5.356575342,10.166,1.430630137,73.67879452,2472.84,5632.3,2513.79,1.589561644,5.4,452.05
2078,Lamjung,16,1750,Barley,5.356575342,10.166,1.430630137,73.67879452,2472.84,5632.3,2513.79,1.589561644,5.4,452.05
2078,Mahottari,39436,3755,Paddy,25.11808219,30.85216438,20.2869589,66.07750685,1771.24,5600.75,2496.85,1.887808219,6.8,5065.4
2078,Mahottari,9754,3053,Maize,25.11808219,30.85216438,20.2869589,66.07750685,1771.24,5600.75,2496.85,1.887808219,6.8,5065.4
2078,Mahottari,0,0,Millet,25.11808219,30.85216438,20.2869589,66.07750685,1771.24,5600.75,2496.85,1.887808219,6.8,5065.4
2078,Mahottari,0,0,Buckwheat,25.11808219,30.85216438,20.2869589,66.07750685,1771.24,5600.75,2496.85,1.887808219,6.8,5065.4
2078,Mahottari,29379,3263,Wheat,25.11808219,30.85216438,20.2869589,66.07750685,1771.24,5600.75,2496.85,1.887808219,6.8,5065.4
2078,Mahottari,8,1125,Barley,25.11808219,30.85216438,20.2869589,66.07750685,1771.24,5600.75,2496.85,1.887808219,6.8,5065.4
2078,Makwanpur,12067,3772,Paddy,21.82364384,26.66550685,18.15306849,66.18569863,2069.3,5906.7,2742.51,1.440630137,5.9,3207.45
2078,Makwanpur,24113,3243,Maize,21.82364384,26.66550685,18.15306849,66.18569863,2069.3,5906.7,2742.51,1.440630137,5.9,3207.45
2078,Makwanpur,2650,1260,Millet,21.82364384,26.66550685,18.15306849,66.18569863,2069.3,5906.7,2742.51,1.440630137,5.9,3207.45
2078,Makwanpur,394,1084,Buckwheat,21.82364384,26.66550685,18.15306849,66.18569863,2069.3,5906.7,2742.51,1.440630137,5.9,3207.45
2078,Makwanpur,4128,3300,Wheat,21.82364384,26.66550685,18.15306849,66.18569863,2069.3,5906.7,2742.51,1.440630137,5.9,3207.45
2078,Makwanpur,265,1328,Barley,21.82364384,26.66550685,18.15306849,66.18569863,2069.3,5906.7,2742.51,1.440630137,5.9,3207.45
2078,Manang,0,0,Paddy,5.356575342,10.166,1.430630137,73.67879452,2472.84,5632.3,2513.79,1.589561644,6.3,0
2078,Manang,177,1983,Maize,5.356575342,10.166,1.430630137,73.67879452,2472.84,5632.3,2513.79,1.589561644,6.3,0
2078,Manang,0,0,Millet,5.356575342,10.166,1.430630137,73.67879452,2472.84,5632.3,2513.79,1.589561644,6.3,0
2078,Manang,361,1690,Buckwheat,5.356575342,10.166,1.430630137,73.67879452,2472.84,5632.3,2513.79,1.589561644,6.3,0
2078,Manang,213,2347,Wheat,5.356575342,10.166,1.430630137,73.67879452,2472.84,5632.3,2513.79,1.589561644,6.3,0
2078,Manang,111,1577,Barley,5.356575342,10.166,1.430630137,73.67879452,2472.84,5632.3,2513.79,1.589561644,6.3,0
2078,Morang,87746,4034,Paddy,24.07789041,29.19841096,19.96569863,68.18235616,1960.96,5502.23,2446.66,1.650958904,6.8,16288.4
2078,Morang,18552,3709,Maize,24.07789041,29.19841096,19.96569863,68.18235616,1960.96,5502.23,2446.66,1.650958904,6.8,16288.4
2078,Morang,1531,1197,Millet,24.07789041,29.19841096,19.96569863,68.18235616,1960.96,5502.23,2446.66,1.650958904,6.8,16288.4
2078,Morang,245,1041,Buckwheat,24.07789041,29.19841096,19.96569863,68.18235616,1960.96,5502.23,2446.66,1.650958904,6.8,16288.4
2078,Morang,11755,2866,Wheat,24.07789041,29.19841096,19.96569863,68.18235616,1960.96,5502.23,2446.66,1.650958904,6.8,16288.4
2078,Morang,0,0,Barley,24.07789041,29.19841096,19.96569863,68.18235616,1960.96,5502.23,2446.66,1.650958904,6.8,16288.4
2078,Mugu,903,1105,Paddy,12.59443836,18.03605479,8.18060274,66.42375342,1509.75,6099.88,2643.1,1.493671233,5.7,0
2078,Mugu,1120,2098,Maize,12.59443836,18.03605479,8.18060274,66.42375342,1509.75,6099.88,2643.1,1.493671233,5.7,0
2078,Mugu,4264,1172,Millet,12.59443836,18.03605479,8.18060274,66.42375342,1509.75,6099.88,2643.1,1.493671233,5.7,0
2078,Mugu,677,941,Buckwheat,12.59443836,18.03605479,8.18060274,66.42375342,1509.75,6099.88,2643.1,1.493671233,5.7,0
2078,Mugu,1795,1042,Wheat,12.59443836,18.03605479,8.18060274,66.42375342,1509.75,6099.88,2643.1,1.493671233,5.7,0
2078,Mugu,994,1212,Barley,12.59443836,18.03605479,8.18060274,66.42375342,1509.75,6099.88,2643.1,1.493671233,5.7,0
2078,Mustang,0,0,Paddy,8.357890411,13.36230137,4.355835616,70.07071233,2816.85,5663.31,2459.62,1.511068493,7.3,10
2078,Mustang,67,1478,Maize,8.357890411,13.36230137,4.355835616,70.07071233,2816.85,5663.31,2459.62,1.511068493,7.3,10
2078,Mustang,0,0,Millet,8.357890411,13.36230137,4.355835616,70.07071233,2816.85,5663.31,2459.62,1.511068493,7.3,10
2078,Mustang,568,1417,Buckwheat,8.357890411,13.36230137,4.355835616,70.07071233,2816.85,5663.31,2459.62,1.511068493,7.3,10
2078,Mustang,84,1690,Wheat,8.357890411,13.36230137,4.355835616,70.07071233,2816.85,5663.31,2459.62,1.511068493,7.3,10
2078,Mustang,255,1941,Barley,8.357890411,13.36230137,4.355835616,70.07071233,2816.85,5663.31,2459.62,1.511068493,7.3,10
2078,Myagdi,3884,3439,Paddy,8.357890411,13.36230137,4.355835616,70.07071233,2816.85,5663.31,2459.62,1.511068493,5.8,218.2
2078,Myagdi,9435,3413,Maize,8.357890411,13.36230137,4.355835616,70.07071233,2816.85,5663.31,2459.62,1.511068493,5.8,218.2
2078,Myagdi,259,1127,Millet,8.357890411,13.36230137,4.355835616,70.07071233,2816.85,5663.31,2459.62,1.511068493,5.8,218.2
2078,Myagdi,99,990,Buckwheat,8.357890411,13.36230137,4.355835616,70.07071233,2816.85,5663.31,2459.62,1.511068493,5.8,218.2
2078,Myagdi,2530,2479,Wheat,8.357890411,13.36230137,4.355835616,70.07071233,2816.85,5663.31,2459.62,1.511068493,5.8,218.2
2078,Myagdi,205,1088,Barley,8.357890411,13.36230137,4.355835616,70.07071233,2816.85,5663.31,2459.62,1.511068493,5.8,218.2
2078,Nawalparasi,39155,7748,Paddy,24.43939726,29.8559726,20.03471233,63.83391781,2701.92,5944.12,2767.87,1.599178082,5.9,8757.35
2078,Nawalparasi,9567,6503,Maize,24.43939726,29.8559726,20.03471233,63.83391781,2701.92,5944.12,2767.87,1.599178082,5.9,8757.35
2078,Nawalparasi,18684,2304,Millet,24.43939726,29.8559726,20.03471233,63.83391781,2701.92,5944.12,2767.87,1.599178082,5.9,8757.35
2078,Nawalparasi,104,2596,Buckwheat,24.43939726,29.8559726,20.03471233,63.83391781,2701.92,5944.12,2767.87,1.599178082,5.9,8757.35
2078,Nawalparasi,15243,5672,Wheat,24.43939726,29.8559726,20.03471233,63.83391781,2701.92,5944.12,2767.87,1.599178082,5.9,8757.35
2078,Nawalparasi,95,2533,Barley,24.43939726,29.8559726,20.03471233,63.83391781,2701.92,5944.12,2767.87,1.599178082,5.9,8757.35
2078,Nuwakot,17868,4211,Paddy,9.386630137,14.49679452,5.385945205,70.31769863,1200.4,5883.92,2627.24,1.705506849,5.7,4372.85
2078,Nuwakot,16206,3049,Maize,9.386630137,14.49679452,5.385945205,70.31769863,1200.4,5883.92,2627.24,1.705506849,5.7,4372.85
2078,Nuwakot,5110,1416,Millet,9.386630137,14.49679452,5.385945205,70.31769863,1200.4,5883.92,2627.24,1.705506849,5.7,4372.85
2078,Nuwakot,219,1055,Buckwheat,9.386630137,14.49679452,5.385945205,70.31769863,1200.4,5883.92,2627.24,1.705506849,5.7,4372.85
2078,Nuwakot,4495,3569,Wheat,9.386630137,14.49679452,5.385945205,70.31769863,1200.4,5883.92,2627.24,1.705506849,5.7,4372.85
2078,Nuwakot,155,1277,Barley,9.386630137,14.49679452,5.385945205,70.31769863,1200.4,5883.92,2627.24,1.705506849,5.7,4372.85
2078,Okhaldhunga,4021,2489,Paddy,13.80361644,18.65290411,10.14690411,69.47843836,1279.36,5582.54,2520.54,1.583780822,5.7,137.35
2078,Okhaldhunga,12400,3200,Maize,13.80361644,18.65290411,10.14690411,69.47843836,1279.36,5582.54,2520.54,1.583780822,5.7,137.35
2078,Okhaldhunga,8251,1864,Millet,13.80361644,18.65290411,10.14690411,69.47843836,1279.36,5582.54,2520.54,1.583780822,5.7,137.35
2078,Okhaldhunga,105,1057,Buckwheat,13.80361644,18.65290411,10.14690411,69.47843836,1279.36,5582.54,2520.54,1.583780822,5.7,137.35
2078,Okhaldhunga,2145,1552,Wheat,13.80361644,18.65290411,10.14690411,69.47843836,1279.36,5582.54,2520.54,1.583780822,5.7,137.35
2078,Okhaldhunga,75,1427,Barley,13.80361644,18.65290411,10.14690411,69.47843836,1279.36,5582.54,2520.54,1.583780822,5.7,137.35
2078,Palpa,7775,3810,Paddy,19.23134247,23.97564384,15.57657534,66.248,3039.48,5944.12,2767.87,1.480876712,5.9,1315.35
2078,Palpa,21643,2577,Maize,19.23134247,23.97564384,15.57657534,66.248,3039.48,5944.12,2767.87,1.480876712,5.9,1315.35
2078,Palpa,2684,1402,Millet,19.23134247,23.97564384,15.57657534,66.248,3039.48,5944.12,2767.87,1.480876712,5.9,1315.35
2078,Palpa,438,920,Buckwheat,19.23134247,23.97564384,15.57657534,66.248,3039.48,5944.12,2767.87,1.480876712,5.9,1315.35
2078,Palpa,5786,2346,Wheat,19.23134247,23.97564384,15.57657534,66.248,3039.48,5944.12,2767.87,1.480876712,5.9,1315.35
2078,Palpa,24,1008,Barley,19.23134247,23.97564384,15.57657534,66.248,3039.48,5944.12,2767.87,1.480876712,5.9,1315.35
2078,Panchthar,7852,2900,Paddy,10.7830411,15.90287671,6.899232877,76.96145205,1282.46,5257.41,2324.55,1.775123288,5.7,90.65
2078,Panchthar,18683,2300,Maize,10.7830411,15.90287671,6.899232877,76.96145205,1282.46,5257.41,2324.55,1.775123288,5.7,90.65
2078,Panchthar,3738,1663,Millet,10.7830411,15.90287671,6.899232877,76.96145205,1282.46,5257.41,2324.55,1.775123288,5.7,90.65
2078,Panchthar,57,1070,Buckwheat,10.7830411,15.90287671,6.899232877,76.96145205,1282.46,5257.41,2324.55,1.775123288,5.7,90.65
2078,Panchthar,3902,1660,Wheat,10.7830411,15.90287671,6.899232877,76.96145205,1282.46,5257.41,2324.55,1.775123288,5.7,90.65
2078,Panchthar,299,1441,Barley,10.7830411,15.90287671,6.899232877,76.96145205,1282.46,5257.41,2324.55,1.775123288,5.7,90.65
2078,Parbat,8384,3955,Paddy,8.357890411,13.36230137,4.355835616,70.07071233,2816.85,5663.31,2459.62,1.511068493,5.7,447.85
2078,Parbat,13700,2591,Maize,8.357890411,13.36230137,4.355835616,70.07071233,2816.85,5663.31,2459.62,1.511068493,5.7,447.85
2078,Parbat,8592,1113,Millet,8.357890411,13.36230137,4.355835616,70.07071233,2816.85,5663.31,2459.62,1.511068493,5.7,447.85
2078,Parbat,193,1316,Buckwheat,8.357890411,13.36230137,4.355835616,70.07071233,2816.85,5663.31,2459.62,1.511068493,5.7,447.85
2078,Parbat,2600,2442,Wheat,8.357890411,13.36230137,4.355835616,70.07071233,2816.85,5663.31,2459.62,1.511068493,5.7,447.85
2078,Parbat,80,1313,Barley,8.357890411,13.36230137,4.355835616,70.07071233,2816.85,5663.31,2459.62,1.511068493,5.7,447.85
2078,Parsa,45216,4897,Paddy,24.872,30.50230137,20.16484932,65.62156164,2151.47,5906.7,2742.51,1.76460274,6.9,16461.25
2078,Parsa,4189,4098,Maize,24.872,30.50230137,20.16484932,65.62156164,2151.47,5906.7,2742.51,1.76460274,6.9,16461.25
2078,Parsa,0,0,Millet,24.872,30.50230137,20.16484932,65.62156164,2151.47,5906.7,2742.51,1.76460274,6.9,16461.25
2078,Parsa,0,0,Buckwheat,24.872,30.50230137,20.16484932,65.62156164,2151.47,5906.7,2742.51,1.76460274,6.9,16461.25
2078,Parsa,23008,3745,Wheat,24.872,30.50230137,20.16484932,65.62156164,2151.47,5906.7,2742.51,1.76460274,6.9,16461.25
2078,Parsa,29,1448,Barley,24.872,30.50230137,20.16484932,65.62156164,2151.47,5906.7,2742.51,1.76460274,6.9,16461.25
2078,Pyuthan,6029,3085,Paddy,21.714,26.99726027,17.54926027,61.55471233,1873.79,5853.37,2530.94,1.836493151,6.5,475.75
2078,Pyuthan,12158,2930,Maize,21.714,26.99726027,17.54926027,61.55471233,1873.79,5853.37,2530.94,1.836493151,6.5,475.75
2078,Pyuthan,2205,1323,Millet,21.714,26.99726027,17.54926027,61.55471233,1873.79,5853.37,2530.94,1.836493151,6.5,475.75
2078,Pyuthan,11,1273,Buckwheat,21.714,26.99726027,17.54926027,61.55471233,1873.79,5853.37,2530.94,1.836493151,6.5,475.75
2078,Pyuthan,8690,2872,Wheat,21.714,26.99726027,17.54926027,61.55471233,1873.79,5853.37,2530.94,1.836493151,6.5,475.75
2078,Pyuthan,736,1069,Barley,21.714,26.99726027,17.54926027,61.55471233,1873.79,5853.37,2530.94,1.836493151,6.5,475.75
2078,Ramechap,8709,2205,Paddy,13.80361644,18.65290411,10.14690411,69.47843836,1279.36,5582.54,2520.54,1.583780822,5.4,524.2
2078,Ramechap,22367,3053,Maize,13.80361644,18.65290411,10.14690411,69.47843836,1279.36,5582.54,2520.54,1.583780822,5.4,524.2
2078,Ramechap,4989,1141,Millet,13.80361644,18.65290411,10.14690411,69.47843836,1279.36,5582.54,2520.54,1.583780822,5.4,524.2
2078,Ramechap,20,1000,Buckwheat,13.80361644,18.65290411,10.14690411,69.47843836,1279.36,5582.54,2520.54,1.583780822,5.4,524.2
2078,Ramechap,3674,2330,Wheat,13.80361644,18.65290411,10.14690411,69.47843836,1279.36,5582.54,2520.54,1.583780822,5.4,524.2
2078,Ramechap,63,1349,Barley,13.80361644,18.65290411,10.14690411,69.47843836,1279.36,5582.54,2520.54,1.583780822,5.4,524.2
2078,Rasuwa,1245,2831,Paddy,9.386630137,14.49679452,5.385945205,70.31769863,1200.4,6159.06,2714.3,1.705506849,6.1,173.45
2078,Rasuwa,2524,2500,Maize,9.386630137,14.49679452,5.385945205,70.31769863,1200.4,6159.06,2714.3,1.705506849,6.1,173.45
2078,Rasuwa,898,1149,Millet,9.386630137,14.49679452,5.385945205,70.31769863,1200.4,6159.06,2714.3,1.705506849,6.1,173.45
2078,Rasuwa,21,905,Buckwheat,9.386630137,14.49679452,5.385945205,70.31769863,1200.4,6159.06,2714.3,1.705506849,6.1,173.45
2078,Rasuwa,761,1619,Wheat,9.386630137,14.49679452,5.385945205,70.31769863,1200.4,6159.06,2714.3,1.705506849,6.1,173.45
2078,Rasuwa,243,1379,Barley,9.386630137,14.49679452,5.385945205,70.31769863,1200.4,6159.06,2714.3,1.705506849,6.1,173.45
2078,Rautahat,40529,3202,Paddy,24.03939726,29.29846575,19.89682192,65.52564384,1793.78,5600.75,2496.85,1.658657534,6.8,8280.05
2078,Rautahat,3513,3650,Maize,24.03939726,29.29846575,19.89682192,65.52564384,1793.78,5600.75,2496.85,1.658657534,6.8,8280.05
2078,Rautahat,71,1042,Millet,24.03939726,29.29846575,19.89682192,65.52564384,1793.78,5600.75,2496.85,1.658657534,6.8,8280.05
2078,Rautahat,0,0,Buckwheat,24.03939726,29.29846575,19.89682192,65.52564384,1793.78,5600.75,2496.85,1.658657534,6.8,8280.05
2078,Rautahat,15991,3307,Wheat,24.03939726,29.29846575,19.89682192,65.52564384,1793.78,5600.75,2496.85,1.658657534,6.8,8280.05
2078,Rautahat,3,1667,Barley,24.03939726,29.29846575,19.89682192,65.52564384,1793.78,5600.75,2496.85,1.658657534,6.8,8280.05
2078,Rolpa,4407,2636,Paddy,15.02586301,20.52331507,10.688,64.1330137,1796.87,5853.37,2530.94,1.625972603,6.1,220.3
2078,Rolpa,12335,3121,Maize,15.02586301,20.52331507,10.688,64.1330137,1796.87,5853.37,2530.94,1.625972603,6.1,220.3
2078,Rolpa,1126,1330,Millet,15.02586301,20.52331507,10.688,64.1330137,1796.87,5853.37,2530.94,1.625972603,6.1,220.3
2078,Rolpa,102,931,Buckwheat,15.02586301,20.52331507,10.688,64.1330137,1796.87,5853.37,2530.94,1.625972603,6.1,220.3
2078,Rolpa,8596,2839,Wheat,15.02586301,20.52331507,10.688,64.1330137,1796.87,5853.37,2530.94,1.625972603,6.1,220.3
2078,Rolpa,620,1008,Barley,15.02586301,20.52331507,10.688,64.1330137,1796.87,5853.37,2530.94,1.625972603,6.1,220.3
2078,Rukum,3475,5250,Paddy,15.02586301,20.52331507,10.688,64.1330137,1796.87,5846.5,2528.52,1.625972603,6.8,140.55
2078,Rukum,13387,6717,Maize,15.02586301,20.52331507,10.688,64.1330137,1796.87,5846.5,2528.52,1.625972603,6.8,140.55
2078,Rukum,1107,2658,Millet,15.02586301,20.52331507,10.688,64.1330137,1796.87,5846.5,2528.52,1.625972603,6.8,140.55
2078,Rukum,328,2395,Buckwheat,15.02586301,20.52331507,10.688,64.1330137,1796.87,5846.5,2528.52,1.625972603,6.8,140.55
2078,Rukum,12658,5105,Wheat,15.02586301,20.52331507,10.688,64.1330137,1796.87,5846.5,2528.52,1.625972603,6.8,140.55
2078,Rukum,1442,2468,Barley,15.02586301,20.52331507,10.688,64.1330137,1796.87,5846.5,2528.52,1.625972603,6.8,140.55
2078,Rupandehi,63873,3901,Paddy,24.43939726,29.8559726,20.03471233,63.83391781,2701.92,5944.12,2767.87,1.599178082,6.6,19431.15
2078,Rupandehi,2751,3908,Maize,24.43939726,29.8559726,20.03471233,63.83391781,2701.92,5944.12,2767.87,1.599178082,6.6,19431.15
2078,Rupandehi,46,1152,Millet,24.43939726,29.8559726,20.03471233,63.83391781,2701.92,5944.12,2767.87,1.599178082,6.6,19431.15
2078,Rupandehi,0,0,Buckwheat,24.43939726,29.8559726,20.03471233,63.83391781,2701.92,5944.12,2767.87,1.599178082,6.6,19431.15
2078,Rupandehi,26118,3950,Wheat,24.43939726,29.8559726,20.03471233,63.83391781,2701.92,5944.12,2767.87,1.599178082,6.6,19431.15
2078,Rupandehi,74,1959,Barley,24.43939726,29.8559726,20.03471233,63.83391781,2701.92,5944.12,2767.87,1.599178082,6.6,19431.15
2078,Salyan,6758,3587,Paddy,21.714,26.99726027,17.54926027,61.55471233,1873.79,5853.37,2530.94,1.836493151,5.9,766.9
2078,Salyan,19335,3116,Maize,21.714,26.99726027,17.54926027,61.55471233,1873.79,5853.37,2530.94,1.836493151,5.9,766.9
2078,Salyan,1231,1067,Millet,21.714,26.99726027,17.54926027,61.55471233,1873.79,5853.37,2530.94,1.836493151,5.9,766.9
2078,Salyan,74,1203,Buckwheat,21.714,26.99726027,17.54926027,61.55471233,1873.79,5853.37,2530.94,1.836493151,5.9,766.9
2078,Salyan,13217,3148,Wheat,21.714,26.99726027,17.54926027,61.55471233,1873.79,5853.37,2530.94,1.836493151,5.9,766.9
2078,Salyan,749,1702,Barley,21.714,26.99726027,17.54926027,61.55471233,1873.79,5853.37,2530.94,1.836493151,5.9,766.9
2078,Sankhuwashava,11998,2784,Paddy,10.7830411,15.90287671,6.899232877,76.96145205,1282.46,5257.41,2324.55,1.775123288,5.6,354.2
2078,Sankhuwashava,12458,2661,Maize,10.7830411,15.90287671,6.899232877,76.96145205,1282.46,5257.41,2324.55,1.775123288,5.6,354.2
2078,Sankhuwashava,6664,1300,Millet,10.7830411,15.90287671,6.899232877,76.96145205,1282.46,5257.41,2324.55,1.775123288,5.6,354.2
2078,Sankhuwashava,18,1278,Buckwheat,10.7830411,15.90287671,6.899232877,76.96145205,1282.46,5257.41,2324.55,1.775123288,5.6,354.2
2078,Sankhuwashava,715,2308,Wheat,10.7830411,15.90287671,6.899232877,76.96145205,1282.46,5257.41,2324.55,1.775123288,5.6,354.2
2078,Sankhuwashava,12,1333,Barley,10.7830411,15.90287671,6.899232877,76.96145205,1282.46,5257.41,2324.55,1.775123288,5.6,354.2
2078,Saptari,50864,3385,Paddy,24.39649315,29.50221918,20.27241096,68.48509589,1951.42,5625.77,2504.32,1.741041096,6.6,9610.55
2078,Saptari,6589,3523,Maize,24.39649315,29.50221918,20.27241096,68.48509589,1951.42,5625.77,2504.32,1.741041096,6.6,9610.55
2078,Saptari,183,1262,Millet,24.39649315,29.50221918,20.27241096,68.48509589,1951.42,5625.77,2504.32,1.741041096,6.6,9610.55
2078,Saptari,0,0,Buckwheat,24.39649315,29.50221918,20.27241096,68.48509589,1951.42,5625.77,2504.32,1.741041096,6.6,9610.55
2078,Saptari,15017,3619,Wheat,24.39649315,29.50221918,20.27241096,68.48509589,1951.42,5625.77,2504.32,1.741041096,6.6,9610.55
2078,Saptari,0,0,Barley,24.39649315,29.50221918,20.27241096,68.48509589,1951.42,5625.77,2504.32,1.741041096,6.6,9610.55
2078,Sarlahi,45964,3465,Paddy,24.03939726,29.29846575,19.89682192,65.52564384,1793.78,5600.75,2496.85,1.658657534,6.6,9185.9
2078,Sarlahi,10205,3511,Maize,24.03939726,29.29846575,19.89682192,65.52564384,1793.78,5600.75,2496.85,1.658657534,6.6,9185.9
2078,Sarlahi,709,900,Millet,24.03939726,29.29846575,19.89682192,65.52564384,1793.78,5600.75,2496.85,1.658657534,6.6,9185.9
2078,Sarlahi,0,0,Buckwheat,24.03939726,29.29846575,19.89682192,65.52564384,1793.78,5600.75,2496.85,1.658657534,6.6,9185.9
2078,Sarlahi,22984,3356,Wheat,24.03939726,29.29846575,19.89682192,65.52564384,1793.78,5600.75,2496.85,1.658657534,6.6,9185.9
2078,Sarlahi,260,1115,Barley,24.03939726,29.29846575,19.89682192,65.52564384,1793.78,5600.75,2496.85,1.658657534,6.6,9185.9
2078,Sindhuli,14161,3850,Paddy,22.26216438,27.28632877,18.42857534,66.4989863,1596.92,5582.54,2520.54,1.671013699,6,1803.25
2078,Sindhuli,27556,3106,Maize,22.26216438,27.28632877,18.42857534,66.4989863,1596.92,5582.54,2520.54,1.671013699,6,1803.25
2078,Sindhuli,11700,948,Millet,22.26216438,27.28632877,18.42857534,66.4989863,1596.92,5582.54,2520.54,1.671013699,6,1803.25
2078,Sindhuli,644,1011,Buckwheat,22.26216438,27.28632877,18.42857534,66.4989863,1596.92,5582.54,2520.54,1.671013699,6,1803.25
2078,Sindhuli,6354,2343,Wheat,22.26216438,27.28632877,18.42857534,66.4989863,1596.92,5582.54,2520.54,1.671013699,6,1803.25
2078,Sindhuli,41,1585,Barley,22.26216438,27.28632877,18.42857534,66.4989863,1596.92,5582.54,2520.54,1.671013699,6,1803.25
2078,Sindhupalchok,11862,3278,Paddy,9.386630137,14.49679452,5.385945205,70.31769863,1200.4,5883.92,2627.24,1.705506849,5.6,1436.15
2078,Sindhupalchok,26190,2891,Maize,9.386630137,14.49679452,5.385945205,70.31769863,1200.4,5883.92,2627.24,1.705506849,5.6,1436.15
2078,Sindhupalchok,17350,1066,Millet,9.386630137,14.49679452,5.385945205,70.31769863,1200.4,5883.92,2627.24,1.705506849,5.6,1436.15
2078,Sindhupalchok,226,912,Buckwheat,9.386630137,14.49679452,5.385945205,70.31769863,1200.4,5883.92,2627.24,1.705506849,5.6,1436.15
2078,Sindhupalchok,6904,1263,Wheat,9.386630137,14.49679452,5.385945205,70.31769863,1200.4,5883.92,2627.24,1.705506849,5.6,1436.15
2078,Sindhupalchok,172,1192,Barley,9.386630137,14.49679452,5.385945205,70.31769863,1200.4,5883.92,2627.24,1.705506849,5.6,1436.15
2078,Siraha,48885,3374,Paddy,24.84728767,30.33547945,20.36238356,66.68306849,1732.4,5625.77,2504.32,1.83860274,6.8,8982.55
2078,Siraha,3755,3730,Maize,24.84728767,30.33547945,20.36238356,66.68306849,1732.4,5625.77,2504.32,1.83860274,6.8,8982.55
2078,Siraha,440,1041,Millet,24.84728767,30.33547945,20.36238356,66.68306849,1732.4,5625.77,2504.32,1.83860274,6.8,8982.55
2078,Siraha,0,0,Buckwheat,24.84728767,30.33547945,20.36238356,66.68306849,1732.4,5625.77,2504.32,1.83860274,6.8,8982.55
2078,Siraha,11794,3516,Wheat,24.84728767,30.33547945,20.36238356,66.68306849,1732.4,5625.77,2504.32,1.83860274,6.8,8982.55
2078,Siraha,0,0,Barley,24.84728767,30.33547945,20.36238356,66.68306849,1732.4,5625.77,2504.32,1.83860274,6.8,8982.55
2078,Solukhumbu,1276,2731,Paddy,9.427561644,14.45284932,5.516027397,74.66109589,1202.52,5582.54,2520.54,1.777013699,5.8,0
2078,Solukhumbu,13770,2836,Maize,9.427561644,14.45284932,5.516027397,74.66109589,1202.52,5582.54,2520.54,1.777013699,5.8,0
2078,Solukhumbu,2105,1344,Millet,9.427561644,14.45284932,5.516027397,74.66109589,1202.52,5582.54,2520.54,1.777013699,5.8,0
2078,Solukhumbu,339,1056,Buckwheat,9.427561644,14.45284932,5.516027397,74.66109589,1202.52,5582.54,2520.54,1.777013699,5.8,0
2078,Solukhumbu,2665,1991,Wheat,9.427561644,14.45284932,5.516027397,74.66109589,1202.52,5582.54,2520.54,1.777013699,5.8,0
2078,Solukhumbu,162,1191,Barley,9.427561644,14.45284932,5.516027397,74.66109589,1202.52,5582.54,2520.54,1.777013699,5.8,0
2078,Sunsari,53392,3752,Paddy,24.07789041,29.19841096,19.96569863,68.18235616,1960.96,5502.23,2446.66,1.650958904,6.6,10999.8
2078,Sunsari,9034,3258,Maize,24.07789041,29.19841096,19.96569863,68.18235616,1960.96,5502.23,2446.66,1.650958904,6.6,10999.8
2078,Sunsari,505,1158,Millet,24.07789041,29.19841096,19.96569863,68.18235616,1960.96,5502.23,2446.66,1.650958904,6.6,10999.8
2078,Sunsari,299,1271,Buckwheat,24.07789041,29.19841096,19.96569863,68.18235616,1960.96,5502.23,2446.66,1.650958904,6.6,10999.8
2078,Sunsari,12127,3397,Wheat,24.07789041,29.19841096,19.96569863,68.18235616,1960.96,5502.23,2446.66,1.650958904,6.6,10999.8
2078,Sunsari,14,1571,Barley,24.07789041,29.19841096,19.96569863,68.18235616,1960.96,5502.23,2446.66,1.650958904,6.6,10999.8
2078,Surkhet,12818,3971,Paddy,19.96328767,25.28175342,15.80849315,61.63276712,1987.14,5817.06,2560.07,1.483205479,5.9,1916.05
2078,Surkhet,13252,3528,Maize,19.96328767,25.28175342,15.80849315,61.63276712,1987.14,5817.06,2560.07,1.483205479,5.9,1916.05
2078,Surkhet,2995,1168,Millet,19.96328767,25.28175342,15.80849315,61.63276712,1987.14,5817.06,2560.07,1.483205479,5.9,1916.05
2078,Surkhet,56,1518,Buckwheat,19.96328767,25.28175342,15.80849315,61.63276712,1987.14,5817.06,2560.07,1.483205479,5.9,1916.05
2078,Surkhet,12191,3474,Wheat,19.96328767,25.28175342,15.80849315,61.63276712,1987.14,5817.06,2560.07,1.483205479,5.9,1916.05
2078,Surkhet,630,1754,Barley,19.96328767,25.28175342,15.80849315,61.63276712,1987.14,5817.06,2560.07,1.483205479,5.9,1916.05
2078,Syangja,16305,3809,Paddy,19.23134247,23.97564384,15.57657534,66.248,3039.48,5663.31,2459.62,1.480876712,6,1070.85
2078,Syangja,28945,3383,Maize,19.23134247,23.97564384,15.57657534,66.248,3039.48,5663.31,2459.62,1.480876712,6,1070.85
2078,Syangja,16501,1233,Millet,19.23134247,23.97564384,15.57657534,66.248,3039.48,5663.31,2459.62,1.480876712,6,1070.85
2078,Syangja,273,1077,Buckwheat,19.23134247,23.97564384,15.57657534,66.248,3039.48,5663.31,2459.62,1.480876712,6,1070.85
2078,Syangja,5560,2879,Wheat,19.23134247,23.97564384,15.57657534,66.248,3039.48,5663.31,2459.62,1.480876712,6,1070.85
2078,Syangja,6,1000,Barley,19.23134247,23.97564384,15.57657534,66.248,3039.48,5663.31,2459.62,1.480876712,6,1070.85
2078,Tanahu,11007,3994,Paddy,19.23134247,23.97564384,15.57657534,66.248,3039.48,5906.7,2742.51,1.480876712,5.6,1054.65
2078,Tanahu,22316,3342,Maize,19.23134247,23.97564384,15.57657534,66.248,3039.48,5906.7,2742.51,1.480876712,5.6,1054.65
2078,Tanahu,6729,1144,Millet,19.23134247,23.97564384,15.57657534,66.248,3039.48,5906.7,2742.51,1.480876712,5.6,1054.65
2078,Tanahu,217,1009,Buckwheat,19.23134247,23.97564384,15.57657534,66.248,3039.48,5906.7,2742.51,1.480876712,5.6,1054.65
2078,Tanahu,1643,2507,Wheat,19.23134247,23.97564384,15.57657534,66.248,3039.48,5906.7,2742.51,1.480876712,5.6,1054.65
2078,Tanahu,5,1200,Barley,19.23134247,23.97564384,15.57657534,66.248,3039.48,5906.7,2742.51,1.480876712,5.6,1054.65
2078,Taplejung,6772,3020,Paddy,5.479123288,10.3269863,1.765315068,79.66871233,1826.71,5257.41,2324.55,1.546219178,5.4,64.25
2078,Taplejung,11198,3421,Maize,5.479123288,10.3269863,1.765315068,79.66871233,1826.71,5257.41,2324.55,1.546219178,5.4,64.25
2078,Taplejung,2987,1420,Millet,5.479123288,10.3269863,1.765315068,79.66871233,1826.71,5257.41,2324.55,1.546219178,5.4,64.25
2078,Taplejung,131,1328,Buckwheat,5.479123288,10.3269863,1.765315068,79.66871233,1826.71,5257.41,2324.55,1.546219178,5.4,64.25
2078,Taplejung,1537,1871,Wheat,5.479123288,10.3269863,1.765315068,79.66871233,1826.71,5257.41,2324.55,1.546219178,5.4,64.25
2078,Taplejung,269,1506,Barley,5.479123288,10.3269863,1.765315068,79.66871233,1826.71,5257.41,2324.55,1.546219178,5.4,64.25
2078,Terhathum,7782,2785,Paddy,19.92616438,24.60810959,16.29536986,70.74926027,1724.29,5257.41,2324.55,1.509041096,5.6,177.2
2078,Terhathum,12897,3005,Maize,19.92616438,24.60810959,16.29536986,70.74926027,1724.29,5257.41,2324.55,1.509041096,5.6,177.2
2078,Terhathum,2505,1180,Millet,19.92616438,24.60810959,16.29536986,70.74926027,1724.29,5257.41,2324.55,1.509041096,5.6,177.2
2078,Terhathum,27,1000,Buckwheat,19.92616438,24.60810959,16.29536986,70.74926027,1724.29,5257.41,2324.55,1.509041096,5.6,177.2
2078,Terhathum,2399,1999,Wheat,19.92616438,24.60810959,16.29536986,70.74926027,1724.29,5257.41,2324.55,1.509041096,5.6,177.2
2078,Terhathum,64,1328,Barley,19.92616438,24.60810959,16.29536986,70.74926027,1724.29,5257.41,2324.55,1.509041096,5.6,177.2
2078,Udayapur,14233,3876,Paddy,18.32230137,22.98213699,14.86323288,72.61347945,2364.3,5502.23,2446.66,1.244547945,5.4,1494.5
2078,Udayapur,17836,3097,Maize,18.32230137,22.98213699,14.86323288,72.61347945,2364.3,5502.23,2446.66,1.244547945,5.4,1494.5
2078,Udayapur,2768,1859,Millet,18.32230137,22.98213699,14.86323288,72.61347945,2364.3,5502.23,2446.66,1.244547945,5.4,1494.5
2078,Udayapur,21,1095,Buckwheat,18.32230137,22.98213699,14.86323288,72.61347945,2364.3,5502.23,2446.66,1.244547945,5.4,1494.5
2078,Udayapur,5130,2500,Wheat,18.32230137,22.98213699,14.86323288,72.61347945,2364.3,5502.23,2446.66,1.244547945,5.4,1494.5
2078,Udayapur,29,1483,Barley,18.32230137,22.98213699,14.86323288,72.61347945,2364.3,5502.23,2446.66,1.244547945,5.4,1494.5
2079,Achham,10705,2140,Paddy,12.61068493,17.87649315,8.272684932,71.65652055,1249.65,6247.63,2717.87,1.49690411,6.1,472.35
2079,Achham,5688,2200,Maize,12.61068493,17.87649315,8.272684932,71.65652055,1249.65,6247.63,2717.87,1.49690411,6.1,472.35
2079,Achham,3002,920,Millet,12.61068493,17.87649315,8.272684932,71.65652055,1249.65,6247.63,2717.87,1.49690411,6.1,472.35
2079,Achham,10,700,Buckwheat,12.61068493,17.87649315,8.272684932,71.65652055,1249.65,6247.63,2717.87,1.49690411,6.1,472.35
2079,Achham,10730,1600,Wheat,12.61068493,17.87649315,8.272684932,71.65652055,1249.65,6247.63,2717.87,1.49690411,6.1,472.35
2079,Achham,752,548,Barley,12.61068493,17.87649315,8.272684932,71.65652055,1249.65,6247.63,2717.87,1.49690411,6.1,472.35
2079,Arghakhanchi,7064,3152,Paddy,19.74057534,24.67093151,15.95410959,66.47813699,1681.09,6303.83,2921.96,1.645479452,5.9,1867.45
2079,Arghakhanchi,16965,3205,Maize,19.74057534,24.67093151,15.95410959,66.47813699,1681.09,6303.83,2921.96,1.645479452,5.9,1867.45
2079,Arghakhanchi,501,1228,Millet,19.74057534,24.67093151,15.95410959,66.47813699,1681.09,6303.83,2921.96,1.645479452,5.9,1867.45
2079,Arghakhanchi,97,940,Buckwheat,19.74057534,24.67093151,15.95410959,66.47813699,1681.09,6303.83,2921.96,1.645479452,5.9,1867.45
2079,Arghakhanchi,5245,2750,Wheat,19.74057534,24.67093151,15.95410959,66.47813699,1681.09,6303.83,2921.96,1.645479452,5.9,1867.45
2079,Arghakhanchi,300,1150,Barley,19.74057534,24.67093151,15.95410959,66.47813699,1681.09,6303.83,2921.96,1.645479452,5.9,1867.45
2079,Baglung,5717,3551,Paddy,18.93142466,23.48323288,15.36120548,71.38808219,2217.11,5839.74,2534.06,1.410986301,5.7,987.7
2079,Baglung,15500,3400,Maize,18.93142466,23.48323288,15.36120548,71.38808219,2217.11,5839.74,2534.06,1.410986301,5.7,987.7
2079,Baglung,8460,1270,Millet,18.93142466,23.48323288,15.36120548,71.38808219,2217.11,5839.74,2534.06,1.410986301,5.7,987.7
2079,Baglung,80,1500,Buckwheat,18.93142466,23.48323288,15.36120548,71.38808219,2217.11,5839.74,2534.06,1.410986301,5.7,987.7
2079,Baglung,6005,2510,Wheat,18.93142466,23.48323288,15.36120548,71.38808219,2217.11,5839.74,2534.06,1.410986301,5.7,987.7
2079,Baglung,95,1484,Barley,18.93142466,23.48323288,15.36120548,71.38808219,2217.11,5839.74,2534.06,1.410986301,5.7,987.7
2079,Baitadi,4956,2350,Paddy,11.44312329,17.23690411,6.657616438,67.77580822,868.42,6610.02,2916.54,1.647863014,6,267.75
2079,Baitadi,7560,2810,Maize,11.44312329,17.23690411,6.657616438,67.77580822,868.42,6610.02,2916.54,1.647863014,6,267.75
2079,Baitadi,400,1600,Millet,11.44312329,17.23690411,6.657616438,67.77580822,868.42,6610.02,2916.54,1.647863014,6,267.75
2079,Baitadi,18,722,Buckwheat,11.44312329,17.23690411,6.657616438,67.77580822,868.42,6610.02,2916.54,1.647863014,6,267.75
2079,Baitadi,12400,1855,Wheat,11.44312329,17.23690411,6.657616438,67.77580822,868.42,6610.02,2916.54,1.647863014,6,267.75
2079,Baitadi,700,600,Barley,11.44312329,17.23690411,6.657616438,67.77580822,868.42,6610.02,2916.54,1.647863014,6,267.75
2079,Bajhang,6135,2610,Paddy,11.44312329,17.23690411,6.657616438,67.77580822,868.42,6247.63,2717.87,1.647863014,5.6,206.5
2079,Bajhang,4080,1480,Maize,11.44312329,17.23690411,6.657616438,67.77580822,868.42,6247.63,2717.87,1.647863014,5.6,206.5
2079,Bajhang,2200,1093,Millet,11.44312329,17.23690411,6.657616438,67.77580822,868.42,6247.63,2717.87,1.647863014,5.6,206.5
2079,Bajhang,16,1000,Buckwheat,11.44312329,17.23690411,6.657616438,67.77580822,868.42,6247.63,2717.87,1.647863014,5.6,206.5
2079,Bajhang,9372,1801,Wheat,11.44312329,17.23690411,6.657616438,67.77580822,868.42,6247.63,2717.87,1.647863014,5.6,206.5
2079,Bajhang,1440,1576,Barley,11.44312329,17.23690411,6.657616438,67.77580822,868.42,6247.63,2717.87,1.647863014,5.6,206.5
2079,Bajura,4050,2620,Paddy,9.316054795,15.51673973,4.300958904,69.0760274,812.98,6247.63,2717.87,1.625041096,6,196.8
2079,Bajura,1350,1500,Maize,9.316054795,15.51673973,4.300958904,69.0760274,812.98,6247.63,2717.87,1.625041096,6,196.8
2079,Bajura,2050,1200,Millet,9.316054795,15.51673973,4.300958904,69.0760274,812.98,6247.63,2717.87,1.625041096,6,196.8
2079,Bajura,20,700,Buckwheat,9.316054795,15.51673973,4.300958904,69.0760274,812.98,6247.63,2717.87,1.625041096,6,196.8
2079,Bajura,6450,1500,Wheat,9.316054795,15.51673973,4.300958904,69.0760274,812.98,6247.63,2717.87,1.625041096,6,196.8
2079,Bajura,960,998,Barley,9.316054795,15.51673973,4.300958904,69.0760274,812.98,6247.63,2717.87,1.625041096,6,196.8
2079,Banke,30396,3650,Paddy,19.98389041,25.11241096,15.84556164,66.78416438,1544.1,5982.91,2638.71,1.454,6.4,6751.2
2079,Banke,9023,4161,Maize,19.98389041,25.11241096,15.84556164,66.78416438,1544.1,5982.91,2638.71,1.454,6.4,6751.2
2079,Banke,0,0,Millet,19.98389041,25.11241096,15.84556164,66.78416438,1544.1,5982.91,2638.71,1.454,6.4,6751.2
2079,Banke,0,0,Buckwheat,19.98389041,25.11241096,15.84556164,66.78416438,1544.1,5982.91,2638.71,1.454,6.4,6751.2
2079,Banke,23510,3364,Wheat,19.98389041,25.11241096,15.84556164,66.78416438,1544.1,5982.91,2638.71,1.454,6.4,6751.2
2079,Banke,6,1333,Barley,19.98389041,25.11241096,15.84556164,66.78416438,1544.1,5982.91,2638.71,1.454,6.4,6751.2
2079,Bara,55660,4458,Paddy,24.58931507,30.36435616,19.87375342,67.58789041,1377.57,6253.82,2893.12,1.677452055,6.7,12363.7
2079,Bara,11940,3907,Maize,24.58931507,30.36435616,19.87375342,67.58789041,1377.57,6253.82,2893.12,1.677452055,6.7,12363.7
2079,Bara,5,1000,Millet,24.58931507,30.36435616,19.87375342,67.58789041,1377.57,6253.82,2893.12,1.677452055,6.7,12363.7
2079,Bara,0,0,Buckwheat,24.58931507,30.36435616,19.87375342,67.58789041,1377.57,6253.82,2893.12,1.677452055,6.7,12363.7
2079,Bara,29700,3500,Wheat,24.58931507,30.36435616,19.87375342,67.58789041,1377.57,6253.82,2893.12,1.677452055,6.7,12363.7
2079,Bara,3,1000,Barley,24.58931507,30.36435616,19.87375342,67.58789041,1377.57,6253.82,2893.12,1.677452055,6.7,12363.7
2079,Bardiya,48971,4204,Paddy,24.50323288,30.04408219,19.88789041,63.70364384,1486.86,5982.91,2638.71,1.65460274,6.8,9612.8
2079,Bardiya,5660,3744,Maize,24.50323288,30.04408219,19.88789041,63.70364384,1486.86,5982.91,2638.71,1.65460274,6.8,9612.8
2079,Bardiya,0,0,Millet,24.50323288,30.04408219,19.88789041,63.70364384,1486.86,5982.91,2638.71,1.65460274,6.8,9612.8
2079,Bardiya,0,0,Buckwheat,24.50323288,30.04408219,19.88789041,63.70364384,1486.86,5982.91,2638.71,1.65460274,6.8,9612.8
2079,Bardiya,22900,3648,Wheat,24.50323288,30.04408219,19.88789041,63.70364384,1486.86,5982.91,2638.71,1.65460274,6.8,9612.8
2079,Bardiya,6,1333,Barley,24.50323288,30.04408219,19.88789041,63.70364384,1486.86,5982.91,2638.71,1.65460274,6.8,9612.8
2079,Bhaktapur,3891,5120,Paddy,18.79052055,23.48761644,15.22506849,71.14569863,1242.18,6149.85,2737.48,1.38430137,5.8,2019.6
2079,Bhaktapur,1849,5050,Maize,18.79052055,23.48761644,15.22506849,71.14569863,1242.18,6149.85,2737.48,1.38430137,5.8,2019.6
2079,Bhaktapur,86,2605,Millet,18.79052055,23.48761644,15.22506849,71.14569863,1242.18,6149.85,2737.48,1.38430137,5.8,2019.6
2079,Bhaktapur,0,0,Buckwheat,18.79052055,23.48761644,15.22506849,71.14569863,1242.18,6149.85,2737.48,1.38430137,5.8,2019.6
2079,Bhaktapur,1892,5170,Wheat,18.79052055,23.48761644,15.22506849,71.14569863,1242.18,6149.85,2737.48,1.38430137,5.8,2019.6
2079,Bhaktapur,16,3125,Barley,18.79052055,23.48761644,15.22506849,71.14569863,1242.18,6149.85,2737.48,1.38430137,5.8,2019.6
2079,Bhojpur,14522,2980,Paddy,5.493479452,10.28123288,1.814630137,83.80142466,1842.8,5400.37,2377.82,1.531917808,5.4,1731.4
2079,Bhojpur,32812,2350,Maize,5.493479452,10.28123288,1.814630137,83.80142466,1842.8,5400.37,2377.82,1.531917808,5.4,1731.4
2079,Bhojpur,5048,1400,Millet,5.493479452,10.28123288,1.814630137,83.80142466,1842.8,5400.37,2377.82,1.531917808,5.4,1731.4
2079,Bhojpur,27,815,Buckwheat,5.493479452,10.28123288,1.814630137,83.80142466,1842.8,5400.37,2377.82,1.531917808,5.4,1731.4
2079,Bhojpur,414,1800,Wheat,5.493479452,10.28123288,1.814630137,83.80142466,1842.8,5400.37,2377.82,1.531917808,5.4,1731.4
2079,Bhojpur,10,1200,Barley,5.493479452,10.28123288,1.814630137,83.80142466,1842.8,5400.37,2377.82,1.531917808,5.4,1731.4
2079,Chitwan,27378,4011,Paddy,23.81772603,29.06049315,19.4829589,68.88219178,1882.94,6253.82,2893.12,1.318438356,6.1,7999.55
2079,Chitwan,26116,3700,Maize,23.81772603,29.06049315,19.4829589,68.88219178,1882.94,6253.82,2893.12,1.318438356,6.1,7999.55
2079,Chitwan,1464,1100,Millet,23.81772603,29.06049315,19.4829589,68.88219178,1882.94,6253.82,2893.12,1.318438356,6.1,7999.55
2079,Chitwan,1050,1060,Buckwheat,23.81772603,29.06049315,19.4829589,68.88219178,1882.94,6253.82,2893.12,1.318438356,6.1,7999.55
2079,Chitwan,3460,4400,Wheat,23.81772603,29.06049315,19.4829589,68.88219178,1882.94,6253.82,2893.12,1.318438356,6.1,7999.55
2079,Chitwan,15,1733,Barley,23.81772603,29.06049315,19.4829589,68.88219178,1882.94,6253.82,2893.12,1.318438356,6.1,7999.55
2079,Dadeldhura,4732,3100,Paddy,16.15767123,21.88923288,11.53652055,63.11284932,995.86,6610.02,2916.54,1.472767123,5.9,188.3
2079,Dadeldhura,3500,2237,Maize,16.15767123,21.88923288,11.53652055,63.11284932,995.86,6610.02,2916.54,1.472767123,5.9,188.3
2079,Dadeldhura,320,1775,Millet,16.15767123,21.88923288,11.53652055,63.11284932,995.86,6610.02,2916.54,1.472767123,5.9,188.3
2079,Dadeldhura,2,500,Buckwheat,16.15767123,21.88923288,11.53652055,63.11284932,995.86,6610.02,2916.54,1.472767123,5.9,188.3
2079,Dadeldhura,7600,1900,Wheat,16.15767123,21.88923288,11.53652055,63.11284932,995.86,6610.02,2916.54,1.472767123,5.9,188.3
2079,Dadeldhura,200,1335,Barley,16.15767123,21.88923288,11.53652055,63.11284932,995.86,6610.02,2916.54,1.472767123,5.9,188.3
2079,Dailekh,7925,3344,Paddy,12.61068493,17.87649315,8.272684932,71.65652055,1249.65,5982.91,2638.71,1.49690411,5.9,623.75
2079,Dailekh,19125,2207,Maize,12.61068493,17.87649315,8.272684932,71.65652055,1249.65,5982.91,2638.71,1.49690411,5.9,623.75
2079,Dailekh,2005,1369,Millet,12.61068493,17.87649315,8.272684932,71.65652055,1249.65,5982.91,2638.71,1.49690411,5.9,623.75
2079,Dailekh,28,929,Buckwheat,12.61068493,17.87649315,8.272684932,71.65652055,1249.65,5982.91,2638.71,1.49690411,5.9,623.75
2079,Dailekh,13285,1160,Wheat,12.61068493,17.87649315,8.272684932,71.65652055,1249.65,5982.91,2638.71,1.49690411,5.9,623.75
2079,Dailekh,181,1249,Barley,12.61068493,17.87649315,8.272684932,71.65652055,1249.65,5982.91,2638.71,1.49690411,5.9,623.75
2079,Dang,37630,3834,Paddy,21.8780274,27.19071233,17.63739726,65.11879452,1365.12,6072.85,2625.59,1.817780822,5.8,11788.3
2079,Dang,24990,3263,Maize,21.8780274,27.19071233,17.63739726,65.11879452,1365.12,6072.85,2625.59,1.817780822,5.8,11788.3
2079,Dang,15,1400,Millet,21.8780274,27.19071233,17.63739726,65.11879452,1365.12,6072.85,2625.59,1.817780822,5.8,11788.3
2079,Dang,35,1531,Buckwheat,21.8780274,27.19071233,17.63739726,65.11879452,1365.12,6072.85,2625.59,1.817780822,5.8,11788.3
2079,Dang,12235,3205,Wheat,21.8780274,27.19071233,17.63739726,65.11879452,1365.12,6072.85,2625.59,1.817780822,5.8,11788.3
2079,Dang,16,2000,Barley,21.8780274,27.19071233,17.63739726,65.11879452,1365.12,6072.85,2625.59,1.817780822,5.8,11788.3
2079,Darchula,3521,2710,Paddy,6.435150685,12.37657534,1.43890411,68.24882192,688.79,6610.02,2916.54,1.755287671,6,181.75
2079,Darchula,4538,1820,Maize,6.435150685,12.37657534,1.43890411,68.24882192,688.79,6610.02,2916.54,1.755287671,6,181.75
2079,Darchula,1185,1000,Millet,6.435150685,12.37657534,1.43890411,68.24882192,688.79,6610.02,2916.54,1.755287671,6,181.75
2079,Darchula,12,833,Buckwheat,6.435150685,12.37657534,1.43890411,68.24882192,688.79,6610.02,2916.54,1.755287671,6,181.75
2079,Darchula,5965,1743,Wheat,6.435150685,12.37657534,1.43890411,68.24882192,688.79,6610.02,2916.54,1.755287671,6,181.75
2079,Darchula,807,1123,Barley,6.435150685,12.37657534,1.43890411,68.24882192,688.79,6610.02,2916.54,1.755287671,6,181.75
2079,Dhading,13545,4105,Paddy,14.78520548,19.42115068,11.11238356,73.66134247,1665.75,6253.82,2893.12,1.433835616,5.5,4557.95
2079,Dhading,19530,2496,Maize,14.78520548,19.42115068,11.11238356,73.66134247,1665.75,6253.82,2893.12,1.433835616,5.5,4557.95
2079,Dhading,6920,931,Millet,14.78520548,19.42115068,11.11238356,73.66134247,1665.75,6253.82,2893.12,1.433835616,5.5,4557.95
2079,Dhading,92,848,Buckwheat,14.78520548,19.42115068,11.11238356,73.66134247,1665.75,6253.82,2893.12,1.433835616,5.5,4557.95
2079,Dhading,4650,2820,Wheat,14.78520548,19.42115068,11.11238356,73.66134247,1665.75,6253.82,2893.12,1.433835616,5.5,4557.95
2079,Dhading,278,1122,Barley,14.78520548,19.42115068,11.11238356,73.66134247,1665.75,6253.82,2893.12,1.433835616,5.5,4557.95
2079,Dhankuta,6355,3667,Paddy,19.83208219,24.45665753,16.23736986,74.54882192,1505.45,5645.47,2521.16,1.436383562,5.8,2249.5
2079,Dhankuta,13467,3350,Maize,19.83208219,24.45665753,16.23736986,74.54882192,1505.45,5645.47,2521.16,1.436383562,5.8,2249.5
2079,Dhankuta,7228,1140,Millet,19.83208219,24.45665753,16.23736986,74.54882192,1505.45,5645.47,2521.16,1.436383562,5.8,2249.5
2079,Dhankuta,4,101250,Buckwheat,19.83208219,24.45665753,16.23736986,74.54882192,1505.45,5645.47,2521.16,1.436383562,5.8,2249.5
2079,Dhankuta,1302,2099,Wheat,19.83208219,24.45665753,16.23736986,74.54882192,1505.45,5645.47,2521.16,1.436383562,5.8,2249.5
2079,Dhankuta,3,1000,Barley,19.83208219,24.45665753,16.23736986,74.54882192,1505.45,5645.47,2521.16,1.436383562,5.8,2249.5
2079,Dhanusha,55730,3357,Paddy,22.36556164,27.5489863,18.34180822,67.39635616,1183.43,6000.2,2672.61,1.563150685,6.6,15042.08
2079,Dhanusha,3476,3263,Maize,22.36556164,27.5489863,18.34180822,67.39635616,1183.43,6000.2,2672.61,1.563150685,6.6,15042.08
2079,Dhanusha,210,900,Millet,22.36556164,27.5489863,18.34180822,67.39635616,1183.43,6000.2,2672.61,1.563150685,6.6,15042.08
2079,Dhanusha,0,0,Buckwheat,22.36556164,27.5489863,18.34180822,67.39635616,1183.43,6000.2,2672.61,1.563150685,6.6,15042.08
2079,Dhanusha,34000,3400,Wheat,22.36556164,27.5489863,18.34180822,67.39635616,1183.43,6000.2,2672.61,1.563150685,6.6,15042.08
2079,Dhanusha,1,1000,Barley,22.36556164,27.5489863,18.34180822,67.39635616,1183.43,6000.2,2672.61,1.563150685,6.6,15042.08
2079,Dolakha,2814,2450,Paddy,2.139260274,7.632575342,-2.152931507,74.8,705.33,5711.35,2568.91,1.98969863,6.5,2178.45
2079,Dolakha,5844,3010,Maize,2.139260274,7.632575342,-2.152931507,74.8,705.33,5711.35,2568.91,1.98969863,6.5,2178.45
2079,Dolakha,3675,1420,Millet,2.139260274,7.632575342,-2.152931507,74.8,705.33,5711.35,2568.91,1.98969863,6.5,2178.45
2079,Dolakha,935,930,Buckwheat,2.139260274,7.632575342,-2.152931507,74.8,705.33,5711.35,2568.91,1.98969863,6.5,2178.45
2079,Dolakha,4243,1780,Wheat,2.139260274,7.632575342,-2.152931507,74.8,705.33,5711.35,2568.91,1.98969863,6.5,2178.45
2079,Dolakha,136,1213,Barley,2.139260274,7.632575342,-2.152931507,74.8,705.33,5711.35,2568.91,1.98969863,6.5,2178.45
2079,Dolpa,200,1610,Paddy,-1.031287671,5.016164384,-6.127041096,71.77756164,1432.52,6072.85,2625.59,1.801232877,6.6,0
2079,Dolpa,2359,1582,Maize,-1.031287671,5.016164384,-6.127041096,71.77756164,1432.52,6072.85,2625.59,1.801232877,6.6,0
2079,Dolpa,294,1031,Millet,-1.031287671,5.016164384,-6.127041096,71.77756164,1432.52,6072.85,2625.59,1.801232877,6.6,0
2079,Dolpa,807,1235,Buckwheat,-1.031287671,5.016164384,-6.127041096,71.77756164,1432.52,6072.85,2625.59,1.801232877,6.6,0
2079,Dolpa,2375,1712,Wheat,-1.031287671,5.016164384,-6.127041096,71.77756164,1432.52,6072.85,2625.59,1.801232877,6.6,0
2079,Dolpa,334,1033,Barley,-1.031287671,5.016164384,-6.127041096,71.77756164,1432.52,6072.85,2625.59,1.801232877,6.6,0
2079,Doti,8435,2340,Paddy,16.15767123,21.88923288,11.53652055,63.11284932,995.86,6610.02,2916.54,1.472767123,5.9,444.15
2079,Doti,3650,2795,Maize,16.15767123,21.88923288,11.53652055,63.11284932,995.86,6610.02,2916.54,1.472767123,5.9,444.15
2079,Doti,3250,1212,Millet,16.15767123,21.88923288,11.53652055,63.11284932,995.86,6610.02,2916.54,1.472767123,5.9,444.15
2079,Doti,8,750,Buckwheat,16.15767123,21.88923288,11.53652055,63.11284932,995.86,6610.02,2916.54,1.472767123,5.9,444.15
2079,Doti,10290,1672,Wheat,16.15767123,21.88923288,11.53652055,63.11284932,995.86,6610.02,2916.54,1.472767123,5.9,444.15
2079,Doti,295,614,Barley,16.15767123,21.88923288,11.53652055,63.11284932,995.86,6610.02,2916.54,1.472767123,5.9,444.15
2079,Gorkha,11225,3876,Paddy,14.78520548,19.42115068,11.11238356,73.66134247,1665.75,6253.82,2893.12,1.433835616,5.5,1221.05
2079,Gorkha,18005,2490,Maize,14.78520548,19.42115068,11.11238356,73.66134247,1665.75,6253.82,2893.12,1.433835616,5.5,1221.05
2079,Gorkha,11200,1220,Millet,14.78520548,19.42115068,11.11238356,73.66134247,1665.75,6253.82,2893.12,1.433835616,5.5,1221.05
2079,Gorkha,200,1420,Buckwheat,14.78520548,19.42115068,11.11238356,73.66134247,1665.75,6253.82,2893.12,1.433835616,5.5,1221.05
2079,Gorkha,2500,2370,Wheat,14.78520548,19.42115068,11.11238356,73.66134247,1665.75,6253.82,2893.12,1.433835616,5.5,1221.05
2079,Gorkha,110,1282,Barley,14.78520548,19.42115068,11.11238356,73.66134247,1665.75,6253.82,2893.12,1.433835616,5.5,1221.05
2079,Gulmi,7556,3859,Paddy,19.74057534,24.67093151,15.95410959,66.47813699,1681.09,6303.83,2921.96,1.645479452,6.1,1412.7
2079,Gulmi,22488,3041,Maize,19.74057534,24.67093151,15.95410959,66.47813699,1681.09,6303.83,2921.96,1.645479452,6.1,1412.7
2079,Gulmi,2921,1310,Millet,19.74057534,24.67093151,15.95410959,66.47813699,1681.09,6303.83,2921.96,1.645479452,6.1,1412.7
2079,Gulmi,205,1900,Buckwheat,19.74057534,24.67093151,15.95410959,66.47813699,1681.09,6303.83,2921.96,1.645479452,6.1,1412.7
2079,Gulmi,6480,2990,Wheat,19.74057534,24.67093151,15.95410959,66.47813699,1681.09,6303.83,2921.96,1.645479452,6.1,1412.7
2079,Gulmi,420,1300,Barley,19.74057534,24.67093151,15.95410959,66.47813699,1681.09,6303.83,2921.96,1.645479452,6.1,1412.7
2079,Humla,626,1570,Paddy,-0.107479452,6.164027397,-5.43260274,74.57010959,605.67,7059.68,2976.06,1.976,6.5,0
2079,Humla,239,1142,Maize,-0.107479452,6.164027397,-5.43260274,74.57010959,605.67,7059.68,2976.06,1.976,6.5,0
2079,Humla,1308,1072,Millet,-0.107479452,6.164027397,-5.43260274,74.57010959,605.67,7059.68,2976.06,1.976,6.5,0
2079,Humla,806,1108,Buckwheat,-0.107479452,6.164027397,-5.43260274,74.57010959,605.67,7059.68,2976.06,1.976,6.5,0
2079,Humla,1072,1061,Wheat,-0.107479452,6.164027397,-5.43260274,74.57010959,605.67,7059.68,2976.06,1.976,6.5,0
2079,Humla,642,1263,Barley,-0.107479452,6.164027397,-5.43260274,74.57010959,605.67,7059.68,2976.06,1.976,6.5,0
2079,Illam,11969,3595,Paddy,18.19120548,22.61147945,14.86271233,77.76772603,2380.33,5400.37,2377.82,1.171561644,5.5,1231.5
2079,Illam,32995,3830,Maize,18.19120548,22.61147945,14.86271233,77.76772603,2380.33,5400.37,2377.82,1.171561644,5.5,1231.5
2079,Illam,1597,1200,Millet,18.19120548,22.61147945,14.86271233,77.76772603,2380.33,5400.37,2377.82,1.171561644,5.5,1231.5
2079,Illam,19,1053,Buckwheat,18.19120548,22.61147945,14.86271233,77.76772603,2380.33,5400.37,2377.82,1.171561644,5.5,1231.5
2079,Illam,4580,2550,Wheat,18.19120548,22.61147945,14.86271233,77.76772603,2380.33,5400.37,2377.82,1.171561644,5.5,1231.5
2079,Illam,50,1240,Barley,18.19120548,22.61147945,14.86271233,77.76772603,2380.33,5400.37,2377.82,1.171561644,5.5,1231.5
2079,Jajarkot,2565,3429,Paddy,21.8780274,27.19071233,17.63739726,65.11879452,1365.12,6072.85,2625.59,1.817780822,6.2,424.65
2079,Jajarkot,10450,2453,Maize,21.8780274,27.19071233,17.63739726,65.11879452,1365.12,6072.85,2625.59,1.817780822,6.2,424.65
2079,Jajarkot,1315,1435,Millet,21.8780274,27.19071233,17.63739726,65.11879452,1365.12,6072.85,2625.59,1.817780822,6.2,424.65
2079,Jajarkot,31,1516,Buckwheat,21.8780274,27.19071233,17.63739726,65.11879452,1365.12,6072.85,2625.59,1.817780822,6.2,424.65
2079,Jajarkot,10432,2407,Wheat,21.8780274,27.19071233,17.63739726,65.11879452,1365.12,6072.85,2625.59,1.817780822,6.2,424.65
2079,Jajarkot,615,1135,Barley,21.8780274,27.19071233,17.63739726,65.11879452,1365.12,6072.85,2625.59,1.817780822,6.2,424.65
2079,Jhapa,92910,4389,Paddy,23.81326027,28.56046575,20.05408219,74.61832877,2417.94,5645.47,2521.16,1.49690411,5.7,20280.9
2079,Jhapa,44250,5100,Maize,23.81326027,28.56046575,20.05408219,74.61832877,2417.94,5645.47,2521.16,1.49690411,5.7,20280.9
2079,Jhapa,850,1300,Millet,23.81326027,28.56046575,20.05408219,74.61832877,2417.94,5645.47,2521.16,1.49690411,5.7,20280.9
2079,Jhapa,1850,2010,Buckwheat,23.81326027,28.56046575,20.05408219,74.61832877,2417.94,5645.47,2521.16,1.49690411,5.7,20280.9
2079,Jhapa,5000,2701,Wheat,23.81326027,28.56046575,20.05408219,74.61832877,2417.94,5645.47,2521.16,1.49690411,5.7,20280.9
2079,Jhapa,5,2000,Barley,23.81326027,28.56046575,20.05408219,74.61832877,2417.94,5645.47,2521.16,1.49690411,5.7,20280.9
2079,Jumla,2850,1703,Paddy,9.316054795,15.51673973,4.300958904,69.0760274,812.98,6541.24,2774.87,1.625041096,6.5,0
2079,Jumla,4452,2510,Maize,9.316054795,15.51673973,4.300958904,69.0760274,812.98,6541.24,2774.87,1.625041096,6.5,0
2079,Jumla,3165,1255,Millet,9.316054795,15.51673973,4.300958904,69.0760274,812.98,6541.24,2774.87,1.625041096,6.5,0
2079,Jumla,87,1092,Buckwheat,9.316054795,15.51673973,4.300958904,69.0760274,812.98,6541.24,2774.87,1.625041096,6.5,0
2079,Jumla,2461,2194,Wheat,9.316054795,15.51673973,4.300958904,69.0760274,812.98,6541.24,2774.87,1.625041096,6.5,0
2079,Jumla,815,5663,Barley,9.316054795,15.51673973,4.300958904,69.0760274,812.98,6541.24,2774.87,1.625041096,6.5,0
2079,Kailali,71380,4520,Paddy,25.03175342,30.98772603,20.01934247,61.97216438,1293.23,6037.38,2687.68,1.551041096,6.6,20.2
2079,Kailali,5975,3250,Maize,25.03175342,30.98772603,20.01934247,61.97216438,1293.23,6037.38,2687.68,1.551041096,6.6,20.2
2079,Kailali,105,1190,Millet,25.03175342,30.98772603,20.01934247,61.97216438,1293.23,6037.38,2687.68,1.551041096,6.6,20.2
2079,Kailali,0,0,Buckwheat,25.03175342,30.98772603,20.01934247,61.97216438,1293.23,6037.38,2687.68,1.551041096,6.6,20.2
2079,Kailali,39565,3690,Wheat,25.03175342,30.98772603,20.01934247,61.97216438,1293.23,6037.38,2687.68,1.551041096,6.6,20.2
2079,Kailali,19,1000,Barley,25.03175342,30.98772603,20.01934247,61.97216438,1293.23,6037.38,2687.68,1.551041096,6.6,20.2
2079,Kalikot,2322,2110,Paddy,12.61068493,17.87649315,8.272684932,71.65652055,1249.65,6247.63,2717.87,1.49690411,6.2,10072.05
2079,Kalikot,3773,2191,Maize,12.61068493,17.87649315,8.272684932,71.65652055,1249.65,6247.63,2717.87,1.49690411,6.2,10072.05
2079,Kalikot,1261,1080,Millet,12.61068493,17.87649315,8.272684932,71.65652055,1249.65,6247.63,2717.87,1.49690411,6.2,10072.05
2079,Kalikot,123,1154,Buckwheat,12.61068493,17.87649315,8.272684932,71.65652055,1249.65,6247.63,2717.87,1.49690411,6.2,10072.05
2079,Kalikot,5606,2068,Wheat,12.61068493,17.87649315,8.272684932,71.65652055,1249.65,6247.63,2717.87,1.49690411,6.2,10072.05
2079,Kalikot,660,1965,Barley,12.61068493,17.87649315,8.272684932,71.65652055,1249.65,6247.63,2717.87,1.49690411,6.2,10072.05
2079,Kanchanpur,48606,3322,Paddy,21.69189041,27.79189041,16.82767123,62.42624658,1240.23,6065.79,2723.1,0.984547945,6.2,10079.5
2079,Kanchanpur,3095,4500,Maize,21.69189041,27.79189041,16.82767123,62.42624658,1240.23,6065.79,2723.1,0.984547945,6.2,10079.5
2079,Kanchanpur,0,0,Millet,21.69189041,27.79189041,16.82767123,62.42624658,1240.23,6065.79,2723.1,0.984547945,6.2,10079.5
2079,Kanchanpur,0,0,Buckwheat,21.69189041,27.79189041,16.82767123,62.42624658,1240.23,6065.79,2723.1,0.984547945,6.2,10079.5
2079,Kanchanpur,31210,3230,Wheat,21.69189041,27.79189041,16.82767123,62.42624658,1240.23,6065.79,2723.1,0.984547945,6.2,10079.5
2079,Kanchanpur,13,692,Barley,21.69189041,27.79189041,16.82767123,62.42624658,1240.23,6065.79,2723.1,0.984547945,6.2,10079.5
2079,Kapilbastu,65855,3560,Paddy,24.93687671,30.74057534,20.13906849,63.66273973,1395.13,6303.83,2921.96,1.824082192,6.9,5704.8
2079,Kapilbastu,1352,3342,Maize,24.93687671,30.74057534,20.13906849,63.66273973,1395.13,6303.83,2921.96,1.824082192,6.9,5704.8
2079,Kapilbastu,0,0,Millet,24.93687671,30.74057534,20.13906849,63.66273973,1395.13,6303.83,2921.96,1.824082192,6.9,5704.8
2079,Kapilbastu,19,974,Buckwheat,24.93687671,30.74057534,20.13906849,63.66273973,1395.13,6303.83,2921.96,1.824082192,6.9,5704.8
2079,Kapilbastu,28305,3446,Wheat,24.93687671,30.74057534,20.13906849,63.66273973,1395.13,6303.83,2921.96,1.824082192,6.9,5704.8
2079,Kapilbastu,97,1870,Barley,24.93687671,30.74057534,20.13906849,63.66273973,1395.13,6303.83,2921.96,1.824082192,6.9,5704.8
2079,Kaski,18386,3138,Paddy,5.127369863,9.972520548,1.138,77.43668493,2146.69,5854.11,2596.11,1.548520548,6.7,2444.6
2079,Kaski,12443,2950,Maize,5.127369863,9.972520548,1.138,77.43668493,2146.69,5854.11,2596.11,1.548520548,6.7,2444.6
2079,Kaski,9195,1550,Millet,5.127369863,9.972520548,1.138,77.43668493,2146.69,5854.11,2596.11,1.548520548,6.7,2444.6
2079,Kaski,10,1200,Buckwheat,5.127369863,9.972520548,1.138,77.43668493,2146.69,5854.11,2596.11,1.548520548,6.7,2444.6
2079,Kaski,5500,2510,Wheat,5.127369863,9.972520548,1.138,77.43668493,2146.69,5854.11,2596.11,1.548520548,6.7,2444.6
2079,Kaski,6,1000,Barley,5.127369863,9.972520548,1.138,77.43668493,2146.69,5854.11,2596.11,1.548520548,6.7,2444.6
2079,Kathmandu,5556,4510,Paddy,18.79052055,23.48761644,15.22506849,71.14569863,1242.18,6149.85,2737.48,1.38430137,6.5,3335.5
2079,Kathmandu,6317,4010,Maize,18.79052055,23.48761644,15.22506849,71.14569863,1242.18,6149.85,2737.48,1.38430137,6.5,3335.5
2079,Kathmandu,602,1050,Millet,18.79052055,23.48761644,15.22506849,71.14569863,1242.18,6149.85,2737.48,1.38430137,6.5,3335.5
2079,Kathmandu,4,1000,Buckwheat,18.79052055,23.48761644,15.22506849,71.14569863,1242.18,6149.85,2737.48,1.38430137,6.5,3335.5
2079,Kathmandu,2043,4640,Wheat,18.79052055,23.48761644,15.22506849,71.14569863,1242.18,6149.85,2737.48,1.38430137,6.5,3335.5
2079,Kathmandu,0,0,Barley,18.79052055,23.48761644,15.22506849,71.14569863,1242.18,6149.85,2737.48,1.38430137,6.5,3335.5
2079,Kavre,9980,3848,Paddy,18.79052055,23.48761644,15.22506849,71.14569863,1242.18,6149.85,2737.48,1.38430137,5.7,7969.05
2079,Kavre,25620,3500,Maize,18.79052055,23.48761644,15.22506849,71.14569863,1242.18,6149.85,2737.48,1.38430137,5.7,7969.05
2079,Kavre,3510,1300,Millet,18.79052055,23.48761644,15.22506849,71.14569863,1242.18,6149.85,2737.48,1.38430137,5.7,7969.05
2079,Kavre,600,1080,Buckwheat,18.79052055,23.48761644,15.22506849,71.14569863,1242.18,6149.85,2737.48,1.38430137,5.7,7969.05
2079,Kavre,8550,2900,Wheat,18.79052055,23.48761644,15.22506849,71.14569863,1242.18,6149.85,2737.48,1.38430137,5.7,7969.05
2079,Kavre,347,980,Barley,18.79052055,23.48761644,15.22506849,71.14569863,1242.18,6149.85,2737.48,1.38430137,5.7,7969.05
2079,Khotang,12149,2829,Paddy,13.69747945,18.52172603,10.04586301,72.78534247,1005.16,5711.35,2568.91,1.523726027,5.5,868.07
2079,Khotang,31845,1780,Maize,13.69747945,18.52172603,10.04586301,72.78534247,1005.16,5711.35,2568.91,1.523726027,5.5,868.07
2079,Khotang,21315,1800,Millet,13.69747945,18.52172603,10.04586301,72.78534247,1005.16,5711.35,2568.91,1.523726027,5.5,868.07
2079,Khotang,550,1053,Buckwheat,13.69747945,18.52172603,10.04586301,72.78534247,1005.16,5711.35,2568.91,1.523726027,5.5,868.07
2079,Khotang,3530,1850,Wheat,13.69747945,18.52172603,10.04586301,72.78534247,1005.16,5711.35,2568.91,1.523726027,5.5,868.07
2079,Khotang,350,1366,Barley,13.69747945,18.52172603,10.04586301,72.78534247,1005.16,5711.35,2568.91,1.523726027,5.5,868.07
2079,Lalitpur,4012,4460,Paddy,18.79052055,23.48761644,15.22506849,71.14569863,1242.18,6149.85,2737.48,1.38430137,6.9,1478.55
2079,Lalitpur,9160,4020,Maize,18.79052055,23.48761644,15.22506849,71.14569863,1242.18,6149.85,2737.48,1.38430137,6.9,1478.55
2079,Lalitpur,520,1050,Millet,18.79052055,23.48761644,15.22506849,71.14569863,1242.18,6149.85,2737.48,1.38430137,6.9,1478.55
2079,Lalitpur,0,0,Buckwheat,18.79052055,23.48761644,15.22506849,71.14569863,1242.18,6149.85,2737.48,1.38430137,6.9,1478.55
2079,Lalitpur,2502,3740,Wheat,18.79052055,23.48761644,15.22506849,71.14569863,1242.18,6149.85,2737.48,1.38430137,6.9,1478.55
2079,Lalitpur,40,1200,Barley,18.79052055,23.48761644,15.22506849,71.14569863,1242.18,6149.85,2737.48,1.38430137,6.9,1478.55
2079,Lamjung,13305,3372,Paddy,5.127369863,9.972520548,1.138,77.43668493,2146.69,5854.11,2596.11,1.548520548,5.4,902.35
2079,Lamjung,12570,2450,Maize,5.127369863,9.972520548,1.138,77.43668493,2146.69,5854.11,2596.11,1.548520548,5.4,902.35
2079,Lamjung,7200,1220,Millet,5.127369863,9.972520548,1.138,77.43668493,2146.69,5854.11,2596.11,1.548520548,5.4,902.35
2079,Lamjung,15,933,Buckwheat,5.127369863,9.972520548,1.138,77.43668493,2146.69,5854.11,2596.11,1.548520548,5.4,902.35
2079,Lamjung,15,2600,Wheat,5.127369863,9.972520548,1.138,77.43668493,2146.69,5854.11,2596.11,1.548520548,5.4,902.35
2079,Lamjung,10,1800,Barley,5.127369863,9.972520548,1.138,77.43668493,2146.69,5854.11,2596.11,1.548520548,5.4,902.35
2079,Mahottari,34135,3508,Paddy,25.37953425,31.59649315,20.17734247,66.45328767,1135.04,6000.2,2672.61,1.942164384,6.8,8109.4
2079,Mahottari,9754,3053,Maize,25.37953425,31.59649315,20.17734247,66.45328767,1135.04,6000.2,2672.61,1.942164384,6.8,8109.4
2079,Mahottari,300,1100,Millet,25.37953425,31.59649315,20.17734247,66.45328767,1135.04,6000.2,2672.61,1.942164384,6.8,8109.4
2079,Mahottari,0,0,Buckwheat,25.37953425,31.59649315,20.17734247,66.45328767,1135.04,6000.2,2672.61,1.942164384,6.8,8109.4
2079,Mahottari,29320,3364,Wheat,25.37953425,31.59649315,20.17734247,66.45328767,1135.04,6000.2,2672.61,1.942164384,6.8,8109.4
2079,Mahottari,10,1200,Barley,25.37953425,31.59649315,20.17734247,66.45328767,1135.04,6000.2,2672.61,1.942164384,6.8,8109.4
2079,Makwanpur,12070,4003,Paddy,21.54923288,26.40646575,17.718,70.21076712,1629.85,6253.82,2893.12,1.366876712,5.9,4620.95
2079,Makwanpur,24120,3000,Maize,21.54923288,26.40646575,17.718,70.21076712,1629.85,6253.82,2893.12,1.366876712,5.9,4620.95
2079,Makwanpur,2655,1200,Millet,21.54923288,26.40646575,17.718,70.21076712,1629.85,6253.82,2893.12,1.366876712,5.9,4620.95
2079,Makwanpur,170,1100,Buckwheat,21.54923288,26.40646575,17.718,70.21076712,1629.85,6253.82,2893.12,1.366876712,5.9,4620.95
2079,Makwanpur,3840,3500,Wheat,21.54923288,26.40646575,17.718,70.21076712,1629.85,6253.82,2893.12,1.366876712,5.9,4620.95
2079,Makwanpur,240,1300,Barley,21.54923288,26.40646575,17.718,70.21076712,1629.85,6253.82,2893.12,1.366876712,5.9,4620.95
2079,Manang,0,0,Paddy,5.127369863,9.972520548,1.138,77.43668493,2146.69,5854.11,2596.11,1.548520548,6.3,12.9
2079,Manang,135,1978,Maize,5.127369863,9.972520548,1.138,77.43668493,2146.69,5854.11,2596.11,1.548520548,6.3,12.9
2079,Manang,2,1000,Millet,5.127369863,9.972520548,1.138,77.43668493,2146.69,5854.11,2596.11,1.548520548,6.3,12.9
2079,Manang,80,1600,Buckwheat,5.127369863,9.972520548,1.138,77.43668493,2146.69,5854.11,2596.11,1.548520548,6.3,12.9
2079,Manang,105,2352,Wheat,5.127369863,9.972520548,1.138,77.43668493,2146.69,5854.11,2596.11,1.548520548,6.3,12.9
2079,Manang,122,1598,Barley,5.127369863,9.972520548,1.138,77.43668493,2146.69,5854.11,2596.11,1.548520548,6.3,12.9
2079,Morang,88045,4458,Paddy,24.07419178,29.24810959,19.88920548,70.96052055,1631.09,5645.47,2521.16,1.547506849,6.8,22987.95
2079,Morang,20052,6600,Maize,24.07419178,29.24810959,19.88920548,70.96052055,1631.09,5645.47,2521.16,1.547506849,6.8,22987.95
2079,Morang,1290,1230,Millet,24.07419178,29.24810959,19.88920548,70.96052055,1631.09,5645.47,2521.16,1.547506849,6.8,22987.95
2079,Morang,52,1135,Buckwheat,24.07419178,29.24810959,19.88920548,70.96052055,1631.09,5645.47,2521.16,1.547506849,6.8,22987.95
2079,Morang,11755,2866,Wheat,24.07419178,29.24810959,19.88920548,70.96052055,1631.09,5645.47,2521.16,1.547506849,6.8,22987.95
2079,Morang,0,0,Barley,24.07419178,29.24810959,19.88920548,70.96052055,1631.09,5645.47,2521.16,1.547506849,6.8,22987.95
2079,Mugu,565,1504,Paddy,12.61068493,17.87649315,8.272684932,71.65652055,1249.65,6247.63,2717.87,1.49690411,5.7,0
2079,Mugu,2635,509,Maize,12.61068493,17.87649315,8.272684932,71.65652055,1249.65,6247.63,2717.87,1.49690411,5.7,0
2079,Mugu,2122,1977,Millet,12.61068493,17.87649315,8.272684932,71.65652055,1249.65,6247.63,2717.87,1.49690411,5.7,0
2079,Mugu,609,1123,Buckwheat,12.61068493,17.87649315,8.272684932,71.65652055,1249.65,6247.63,2717.87,1.49690411,5.7,0
2079,Mugu,1782,1838,Wheat,12.61068493,17.87649315,8.272684932,71.65652055,1249.65,6247.63,2717.87,1.49690411,5.7,0
2079,Mugu,630,1810,Barley,12.61068493,17.87649315,8.272684932,71.65652055,1249.65,6247.63,2717.87,1.49690411,5.7,0
2079,Mustang,0,0,Paddy,8.104082192,13.13712329,4.082547945,74.21430137,2284.96,5839.74,2534.06,1.502109589,7.3,5
2079,Mustang,55,1473,Maize,8.104082192,13.13712329,4.082547945,74.21430137,2284.96,5839.74,2534.06,1.502109589,7.3,5
2079,Mustang,2,1000,Millet,8.104082192,13.13712329,4.082547945,74.21430137,2284.96,5839.74,2534.06,1.502109589,7.3,5
2079,Mustang,125,1896,Buckwheat,8.104082192,13.13712329,4.082547945,74.21430137,2284.96,5839.74,2534.06,1.502109589,7.3,5
2079,Mustang,74,1689,Wheat,8.104082192,13.13712329,4.082547945,74.21430137,2284.96,5839.74,2534.06,1.502109589,7.3,5
2079,Mustang,44,1568,Barley,8.104082192,13.13712329,4.082547945,74.21430137,2284.96,5839.74,2534.06,1.502109589,7.3,5
2079,Myagdi,3830,3541,Paddy,8.104082192,13.13712329,4.082547945,74.21430137,2284.96,5839.74,2534.06,1.502109589,5.8,359.65
2079,Myagdi,8800,3400,Maize,8.104082192,13.13712329,4.082547945,74.21430137,2284.96,5839.74,2534.06,1.502109589,5.8,359.65
2079,Myagdi,2500,1230,Millet,8.104082192,13.13712329,4.082547945,74.21430137,2284.96,5839.74,2534.06,1.502109589,5.8,359.65
2079,Myagdi,160,1113,Buckwheat,8.104082192,13.13712329,4.082547945,74.21430137,2284.96,5839.74,2534.06,1.502109589,5.8,359.65
2079,Myagdi,2400,2480,Wheat,8.104082192,13.13712329,4.082547945,74.21430137,2284.96,5839.74,2534.06,1.502109589,5.8,359.65
2079,Myagdi,260,1438,Barley,8.104082192,13.13712329,4.082547945,74.21430137,2284.96,5839.74,2534.06,1.502109589,5.8,359.65
2079,Nawalparasi,40431,8223,Paddy,24.34961644,29.90191781,19.72515068,66.96838356,1693.44,6303.83,2921.96,1.523780822,5.9,8180.1
2079,Nawalparasi,11646,6471,Maize,24.34961644,29.90191781,19.72515068,66.96838356,1693.44,6303.83,2921.96,1.523780822,5.9,8180.1
2079,Nawalparasi,303,2184,Millet,24.34961644,29.90191781,19.72515068,66.96838356,1693.44,6303.83,2921.96,1.523780822,5.9,8180.1
2079,Nawalparasi,100,2160,Buckwheat,24.34961644,29.90191781,19.72515068,66.96838356,1693.44,6303.83,2921.96,1.523780822,5.9,8180.1
2079,Nawalparasi,15610,5890,Wheat,24.34961644,29.90191781,19.72515068,66.96838356,1693.44,6303.83,2921.96,1.523780822,5.9,8180.1
2079,Nawalparasi,160,2453,Barley,24.34961644,29.90191781,19.72515068,66.96838356,1693.44,6303.83,2921.96,1.523780822,5.9,8180.1
2079,Nuwakot,17847,4215,Paddy,9.092383562,14.25720548,5.033808219,74.58591781,1038.43,6149.85,2737.48,1.638493151,5.7,6178.75
2079,Nuwakot,16218,3050,Maize,9.092383562,14.25720548,5.033808219,74.58591781,1038.43,6149.85,2737.48,1.638493151,5.7,6178.75
2079,Nuwakot,5114,1419,Millet,9.092383562,14.25720548,5.033808219,74.58591781,1038.43,6149.85,2737.48,1.638493151,5.7,6178.75
2079,Nuwakot,219,1055,Buckwheat,9.092383562,14.25720548,5.033808219,74.58591781,1038.43,6149.85,2737.48,1.638493151,5.7,6178.75
2079,Nuwakot,4493,3566,Wheat,9.092383562,14.25720548,5.033808219,74.58591781,1038.43,6149.85,2737.48,1.638493151,5.7,6178.75
2079,Nuwakot,154,1260,Barley,9.092383562,14.25720548,5.033808219,74.58591781,1038.43,6149.85,2737.48,1.638493151,5.7,6178.75
2079,Okhaldhunga,4043,2969,Paddy,13.69747945,18.52172603,10.04586301,72.78534247,1005.16,5711.35,2568.91,1.523726027,5.7,1564.15
2079,Okhaldhunga,12400,3300,Maize,13.69747945,18.52172603,10.04586301,72.78534247,1005.16,5711.35,2568.91,1.523726027,5.7,1564.15
2079,Okhaldhunga,7751,2500,Millet,13.69747945,18.52172603,10.04586301,72.78534247,1005.16,5711.35,2568.91,1.523726027,5.7,1564.15
2079,Okhaldhunga,93,935,Buckwheat,13.69747945,18.52172603,10.04586301,72.78534247,1005.16,5711.35,2568.91,1.523726027,5.7,1564.15
2079,Okhaldhunga,2145,1552,Wheat,13.69747945,18.52172603,10.04586301,72.78534247,1005.16,5711.35,2568.91,1.523726027,5.7,1564.15
2079,Okhaldhunga,80,1375,Barley,13.69747945,18.52172603,10.04586301,72.78534247,1005.16,5711.35,2568.91,1.523726027,5.7,1564.15
2079,Palpa,8610,3148,Paddy,18.93142466,23.48323288,15.36120548,71.38808219,2217.11,6303.83,2921.96,1.410986301,5.9,2353.1
2079,Palpa,21867,2659,Maize,18.93142466,23.48323288,15.36120548,71.38808219,2217.11,6303.83,2921.96,1.410986301,5.9,2353.1
2079,Palpa,2418,1330,Millet,18.93142466,23.48323288,15.36120548,71.38808219,2217.11,6303.83,2921.96,1.410986301,5.9,2353.1
2079,Palpa,198,920,Buckwheat,18.93142466,23.48323288,15.36120548,71.38808219,2217.11,6303.83,2921.96,1.410986301,5.9,2353.1
2079,Palpa,5760,2300,Wheat,18.93142466,23.48323288,15.36120548,71.38808219,2217.11,6303.83,2921.96,1.410986301,5.9,2353.1
2079,Palpa,144,1130,Barley,18.93142466,23.48323288,15.36120548,71.38808219,2217.11,6303.83,2921.96,1.410986301,5.9,2353.1
2079,Panchthar,7762,2946,Paddy,10.76241096,15.8229589,6.848767123,81.02134247,1179.64,5400.37,2377.82,1.786794521,5.7,899.05
2079,Panchthar,18658,2300,Maize,10.76241096,15.8229589,6.848767123,81.02134247,1179.64,5400.37,2377.82,1.786794521,5.7,899.05
2079,Panchthar,3208,2000,Millet,10.76241096,15.8229589,6.848767123,81.02134247,1179.64,5400.37,2377.82,1.786794521,5.7,899.05
2079,Panchthar,51,745,Buckwheat,10.76241096,15.8229589,6.848767123,81.02134247,1179.64,5400.37,2377.82,1.786794521,5.7,899.05
2079,Panchthar,3902,1660,Wheat,10.76241096,15.8229589,6.848767123,81.02134247,1179.64,5400.37,2377.82,1.786794521,5.7,899.05
2079,Panchthar,300,1300,Barley,10.76241096,15.8229589,6.848767123,81.02134247,1179.64,5400.37,2377.82,1.786794521,5.7,899.05
2079,Parbat,7625,3670,Paddy,8.104082192,13.13712329,4.082547945,74.21430137,2284.96,5839.74,2534.06,1.502109589,5.7,724.55
2079,Parbat,12500,2585,Maize,8.104082192,13.13712329,4.082547945,74.21430137,2284.96,5839.74,2534.06,1.502109589,5.7,724.55
2079,Parbat,7350,1110,Millet,8.104082192,13.13712329,4.082547945,74.21430137,2284.96,5839.74,2534.06,1.502109589,5.7,724.55
2079,Parbat,110,1318,Buckwheat,8.104082192,13.13712329,4.082547945,74.21430137,2284.96,5839.74,2534.06,1.502109589,5.7,724.55
2079,Parbat,2230,2440,Wheat,8.104082192,13.13712329,4.082547945,74.21430137,2284.96,5839.74,2534.06,1.502109589,5.7,724.55
2079,Parbat,55,1309,Barley,8.104082192,13.13712329,4.082547945,74.21430137,2284.96,5839.74,2534.06,1.502109589,5.7,724.55
2079,Parsa,47130,4223,Paddy,24.80569863,30.68890411,19.81476712,68.07394521,1380.47,6253.82,2893.12,1.769753425,6.9,11859.8
2079,Parsa,4189,4098,Maize,24.80569863,30.68890411,19.81476712,68.07394521,1380.47,6253.82,2893.12,1.769753425,6.9,11859.8
2079,Parsa,36,1000,Millet,24.80569863,30.68890411,19.81476712,68.07394521,1380.47,6253.82,2893.12,1.769753425,6.9,11859.8
2079,Parsa,0,0,Buckwheat,24.80569863,30.68890411,19.81476712,68.07394521,1380.47,6253.82,2893.12,1.769753425,6.9,11859.8
2079,Parsa,26065,3745,Wheat,24.80569863,30.68890411,19.81476712,68.07394521,1380.47,6253.82,2893.12,1.769753425,6.9,11859.8
2079,Parsa,35,1457,Barley,24.80569863,30.68890411,19.81476712,68.07394521,1380.47,6253.82,2893.12,1.769753425,6.9,11859.8
2079,Pyuthan,5989,3831,Paddy,21.8780274,27.19071233,17.63739726,65.11879452,1365.12,6072.85,2625.59,1.817780822,6.5,1614.8
2079,Pyuthan,12140,3019,Maize,21.8780274,27.19071233,17.63739726,65.11879452,1365.12,6072.85,2625.59,1.817780822,6.5,1614.8
2079,Pyuthan,1894,1330,Millet,21.8780274,27.19071233,17.63739726,65.11879452,1365.12,6072.85,2625.59,1.817780822,6.5,1614.8
2079,Pyuthan,65,1151,Buckwheat,21.8780274,27.19071233,17.63739726,65.11879452,1365.12,6072.85,2625.59,1.817780822,6.5,1614.8
2079,Pyuthan,8696,2888,Wheat,21.8780274,27.19071233,17.63739726,65.11879452,1365.12,6072.85,2625.59,1.817780822,6.5,1614.8
2079,Pyuthan,560,1082,Barley,21.8780274,27.19071233,17.63739726,65.11879452,1365.12,6072.85,2625.59,1.817780822,6.5,1614.8
2079,Ramechap,8629,2173,Paddy,13.69747945,18.52172603,10.04586301,72.78534247,1005.16,5711.35,2568.91,1.523726027,5.4,1615.95
2079,Ramechap,22166,2940,Maize,13.69747945,18.52172603,10.04586301,72.78534247,1005.16,5711.35,2568.91,1.523726027,5.4,1615.95
2079,Ramechap,4884,1120,Millet,13.69747945,18.52172603,10.04586301,72.78534247,1005.16,5711.35,2568.91,1.523726027,5.4,1615.95
2079,Ramechap,18,833,Buckwheat,13.69747945,18.52172603,10.04586301,72.78534247,1005.16,5711.35,2568.91,1.523726027,5.4,1615.95
2079,Ramechap,3674,2330,Wheat,13.69747945,18.52172603,10.04586301,72.78534247,1005.16,5711.35,2568.91,1.523726027,5.4,1615.95
2079,Ramechap,63,1349,Barley,13.69747945,18.52172603,10.04586301,72.78534247,1005.16,5711.35,2568.91,1.523726027,5.4,1615.95
2079,Rasuwa,1187,2215,Paddy,9.092383562,14.25720548,5.033808219,74.58591781,1038.43,6332.82,2771.65,1.638493151,6.1,607.7
2079,Rasuwa,2524,2525,Maize,9.092383562,14.25720548,5.033808219,74.58591781,1038.43,6332.82,2771.65,1.638493151,6.1,607.7
2079,Rasuwa,895,1131,Millet,9.092383562,14.25720548,5.033808219,74.58591781,1038.43,6332.82,2771.65,1.638493151,6.1,607.7
2079,Rasuwa,21,905,Buckwheat,9.092383562,14.25720548,5.033808219,74.58591781,1038.43,6332.82,2771.65,1.638493151,6.1,607.7
2079,Rasuwa,759,1621,Wheat,9.092383562,14.25720548,5.033808219,74.58591781,1038.43,6332.82,2771.65,1.638493151,6.1,607.7
2079,Rasuwa,243,1362,Barley,9.092383562,14.25720548,5.033808219,74.58591781,1038.43,6332.82,2771.65,1.638493151,6.1,607.7
2079,Rautahat,36943,3586,Paddy,24.1050137,29.69369863,19.65210959,66.91158904,1267.72,6000.2,2672.61,1.595616438,6.8,12876.65
2079,Rautahat,3513,3650,Maize,24.1050137,29.69369863,19.65210959,66.91158904,1267.72,6000.2,2672.61,1.595616438,6.8,12876.65
2079,Rautahat,70,857,Millet,24.1050137,29.69369863,19.65210959,66.91158904,1267.72,6000.2,2672.61,1.595616438,6.8,12876.65
2079,Rautahat,0,0,Buckwheat,24.1050137,29.69369863,19.65210959,66.91158904,1267.72,6000.2,2672.61,1.595616438,6.8,12876.65
2079,Rautahat,15900,3585,Wheat,24.1050137,29.69369863,19.65210959,66.91158904,1267.72,6000.2,2672.61,1.595616438,6.8,12876.65
2079,Rautahat,3,1000,Barley,24.1050137,29.69369863,19.65210959,66.91158904,1267.72,6000.2,2672.61,1.595616438,6.8,12876.65
2079,Rolpa,4438,2850,Paddy,15.06547945,20.46331507,10.7929863,68.68989041,1436,6072.85,2625.59,1.646383562,6.1,1062.45
2079,Rolpa,12735,3050,Maize,15.06547945,20.46331507,10.7929863,68.68989041,1436,6072.85,2625.59,1.646383562,6.1,1062.45
2079,Rolpa,1235,1243,Millet,15.06547945,20.46331507,10.7929863,68.68989041,1436,6072.85,2625.59,1.646383562,6.1,1062.45
2079,Rolpa,80,951,Buckwheat,15.06547945,20.46331507,10.7929863,68.68989041,1436,6072.85,2625.59,1.646383562,6.1,1062.45
2079,Rolpa,8598,2584,Wheat,15.06547945,20.46331507,10.7929863,68.68989041,1436,6072.85,2625.59,1.646383562,6.1,1062.45
2079,Rolpa,546,1172,Barley,15.06547945,20.46331507,10.7929863,68.68989041,1436,6072.85,2625.59,1.646383562,6.1,1062.45
2079,Rukum,3470,5761,Paddy,15.06547945,20.46331507,10.7929863,68.68989041,1436,6049.18,2645.75,1.646383562,6.8,330.7
2079,Rukum,14963,4911,Maize,15.06547945,20.46331507,10.7929863,68.68989041,1436,6049.18,2645.75,1.646383562,6.8,330.7
2079,Rukum,1042,2671,Millet,15.06547945,20.46331507,10.7929863,68.68989041,1436,6049.18,2645.75,1.646383562,6.8,330.7
2079,Rukum,190,2447,Buckwheat,15.06547945,20.46331507,10.7929863,68.68989041,1436,6049.18,2645.75,1.646383562,6.8,330.7
2079,Rukum,12335,5090,Wheat,15.06547945,20.46331507,10.7929863,68.68989041,1436,6049.18,2645.75,1.646383562,6.8,330.7
2079,Rukum,861,2754,Barley,15.06547945,20.46331507,10.7929863,68.68989041,1436,6049.18,2645.75,1.646383562,6.8,330.7
2079,Rupandehi,63557,3981,Paddy,24.34961644,29.90191781,19.72515068,66.96838356,1693.44,6303.83,2921.96,1.523780822,6.6,17909.2
2079,Rupandehi,2600,3928,Maize,24.34961644,29.90191781,19.72515068,66.96838356,1693.44,6303.83,2921.96,1.523780822,6.6,17909.2
2079,Rupandehi,38,1158,Millet,24.34961644,29.90191781,19.72515068,66.96838356,1693.44,6303.83,2921.96,1.523780822,6.6,17909.2
2079,Rupandehi,0,0,Buckwheat,24.34961644,29.90191781,19.72515068,66.96838356,1693.44,6303.83,2921.96,1.523780822,6.6,17909.2
2079,Rupandehi,26702,3958,Wheat,24.34961644,29.90191781,19.72515068,66.96838356,1693.44,6303.83,2921.96,1.523780822,6.6,17909.2
2079,Rupandehi,70,1979,Barley,24.34961644,29.90191781,19.72515068,66.96838356,1693.44,6303.83,2921.96,1.523780822,6.6,17909.2
2079,Salyan,6858,3489,Paddy,21.8780274,27.19071233,17.63739726,65.11879452,1365.12,6072.85,2625.59,1.817780822,5.9,1426.1
2079,Salyan,17650,3050,Maize,21.8780274,27.19071233,17.63739726,65.11879452,1365.12,6072.85,2625.59,1.817780822,5.9,1426.1
2079,Salyan,1031,1169,Millet,21.8780274,27.19071233,17.63739726,65.11879452,1365.12,6072.85,2625.59,1.817780822,5.9,1426.1
2079,Salyan,66,1106,Buckwheat,21.8780274,27.19071233,17.63739726,65.11879452,1365.12,6072.85,2625.59,1.817780822,5.9,1426.1
2079,Salyan,13125,2174,Wheat,21.8780274,27.19071233,17.63739726,65.11879452,1365.12,6072.85,2625.59,1.817780822,5.9,1426.1
2079,Salyan,749,1702,Barley,21.8780274,27.19071233,17.63739726,65.11879452,1365.12,6072.85,2625.59,1.817780822,5.9,1426.1
2079,Sankhuwashava,12033,3130,Paddy,10.76241096,15.8229589,6.848767123,81.02134247,1179.64,5400.37,2377.82,1.786794521,5.6,1328.95
2079,Sankhuwashava,12455,2500,Maize,10.76241096,15.8229589,6.848767123,81.02134247,1179.64,5400.37,2377.82,1.786794521,5.6,1328.95
2079,Sankhuwashava,6666,1300,Millet,10.76241096,15.8229589,6.848767123,81.02134247,1179.64,5400.37,2377.82,1.786794521,5.6,1328.95
2079,Sankhuwashava,16,1250,Buckwheat,10.76241096,15.8229589,6.848767123,81.02134247,1179.64,5400.37,2377.82,1.786794521,5.6,1328.95
2079,Sankhuwashava,715,2308,Wheat,10.76241096,15.8229589,6.848767123,81.02134247,1179.64,5400.37,2377.82,1.786794521,5.6,1328.95
2079,Sankhuwashava,13,1231,Barley,10.76241096,15.8229589,6.848767123,81.02134247,1179.64,5400.37,2377.82,1.786794521,5.6,1328.95
2079,Saptari,50445,3379,Paddy,24.3530411,29.49646575,20.08969863,71.12673973,1626.57,5934.29,2646.92,1.636246575,6.6,12961
2079,Saptari,6589,3523,Maize,24.3530411,29.49646575,20.08969863,71.12673973,1626.57,5934.29,2646.92,1.636246575,6.6,12961
2079,Saptari,210,1300,Millet,24.3530411,29.49646575,20.08969863,71.12673973,1626.57,5934.29,2646.92,1.636246575,6.6,12961
2079,Saptari,0,0,Buckwheat,24.3530411,29.49646575,20.08969863,71.12673973,1626.57,5934.29,2646.92,1.636246575,6.6,12961
2079,Saptari,19400,3634,Wheat,24.3530411,29.49646575,20.08969863,71.12673973,1626.57,5934.29,2646.92,1.636246575,6.6,12961
2079,Saptari,59,1000,Barley,24.3530411,29.49646575,20.08969863,71.12673973,1626.57,5934.29,2646.92,1.636246575,6.6,12961
2079,Sarlahi,46905,3510,Paddy,24.1050137,29.69369863,19.65210959,66.91158904,1267.72,6000.2,2672.61,1.595616438,6.6,13913.7
2079,Sarlahi,10205,3511,Maize,24.1050137,29.69369863,19.65210959,66.91158904,1267.72,6000.2,2672.61,1.595616438,6.6,13913.7
2079,Sarlahi,835,2000,Millet,24.1050137,29.69369863,19.65210959,66.91158904,1267.72,6000.2,2672.61,1.595616438,6.6,13913.7
2079,Sarlahi,0,0,Buckwheat,24.1050137,29.69369863,19.65210959,66.91158904,1267.72,6000.2,2672.61,1.595616438,6.6,13913.7
2079,Sarlahi,23367,3350,Wheat,24.1050137,29.69369863,19.65210959,66.91158904,1267.72,6000.2,2672.61,1.595616438,6.6,13913.7
2079,Sarlahi,26,1115,Barley,24.1050137,29.69369863,19.65210959,66.91158904,1267.72,6000.2,2672.61,1.595616438,6.6,13913.7
2079,Sindhuli,14070,3850,Paddy,22.36556164,27.5489863,18.34180822,67.39635616,1183.43,5711.35,2568.91,1.563150685,6,2706.45
2079,Sindhuli,24924,3289,Maize,22.36556164,27.5489863,18.34180822,67.39635616,1183.43,5711.35,2568.91,1.563150685,6,2706.45
2079,Sindhuli,12065,1025,Millet,22.36556164,27.5489863,18.34180822,67.39635616,1183.43,5711.35,2568.91,1.563150685,6,2706.45
2079,Sindhuli,456,825,Buckwheat,22.36556164,27.5489863,18.34180822,67.39635616,1183.43,5711.35,2568.91,1.563150685,6,2706.45
2079,Sindhuli,5083,2698,Wheat,22.36556164,27.5489863,18.34180822,67.39635616,1183.43,5711.35,2568.91,1.563150685,6,2706.45
2079,Sindhuli,36,1611,Barley,22.36556164,27.5489863,18.34180822,67.39635616,1183.43,5711.35,2568.91,1.563150685,6,2706.45
2079,Sindhupalchok,9335,2975,Paddy,9.092383562,14.25720548,5.033808219,74.58591781,1038.43,6149.85,2737.48,1.638493151,5.6,2565.9
2079,Sindhupalchok,26298,3000,Maize,9.092383562,14.25720548,5.033808219,74.58591781,1038.43,6149.85,2737.48,1.638493151,5.6,2565.9
2079,Sindhupalchok,17550,1350,Millet,9.092383562,14.25720548,5.033808219,74.58591781,1038.43,6149.85,2737.48,1.638493151,5.6,2565.9
2079,Sindhupalchok,205,902,Buckwheat,9.092383562,14.25720548,5.033808219,74.58591781,1038.43,6149.85,2737.48,1.638493151,5.6,2565.9
2079,Sindhupalchok,6898,1620,Wheat,9.092383562,14.25720548,5.033808219,74.58591781,1038.43,6149.85,2737.48,1.638493151,5.6,2565.9
2079,Sindhupalchok,165,939,Barley,9.092383562,14.25720548,5.033808219,74.58591781,1038.43,6149.85,2737.48,1.638493151,5.6,2565.9
2079,Siraha,48392,3456,Paddy,25.07084932,30.92386301,20.2749589,67.25761644,1223.35,5934.29,2646.92,1.820493151,6.8,12617.88
2079,Siraha,3755,3730,Maize,25.07084932,30.92386301,20.2749589,67.25761644,1223.35,5934.29,2646.92,1.820493151,6.8,12617.88
2079,Siraha,645,1079,Millet,25.07084932,30.92386301,20.2749589,67.25761644,1223.35,5934.29,2646.92,1.820493151,6.8,12617.88
2079,Siraha,0,0,Buckwheat,25.07084932,30.92386301,20.2749589,67.25761644,1223.35,5934.29,2646.92,1.820493151,6.8,12617.88
2079,Siraha,14230,3710,Wheat,25.07084932,30.92386301,20.2749589,67.25761644,1223.35,5934.29,2646.92,1.820493151,6.8,12617.88
2079,Siraha,10,1200,Barley,25.07084932,30.92386301,20.2749589,67.25761644,1223.35,5934.29,2646.92,1.820493151,6.8,12617.88
2079,Solukhumbu,1275,2815,Paddy,9.318684932,14.32271233,5.44739726,78.58232877,1074.12,5711.35,2568.91,1.731534247,5.8,0
2079,Solukhumbu,13770,2410,Maize,9.318684932,14.32271233,5.44739726,78.58232877,1074.12,5711.35,2568.91,1.731534247,5.8,0
2079,Solukhumbu,2105,1330,Millet,9.318684932,14.32271233,5.44739726,78.58232877,1074.12,5711.35,2568.91,1.731534247,5.8,0
2079,Solukhumbu,301,914,Buckwheat,9.318684932,14.32271233,5.44739726,78.58232877,1074.12,5711.35,2568.91,1.731534247,5.8,0
2079,Solukhumbu,2665,1991,Wheat,9.318684932,14.32271233,5.44739726,78.58232877,1074.12,5711.35,2568.91,1.731534247,5.8,0
2079,Solukhumbu,165,1079,Barley,9.318684932,14.32271233,5.44739726,78.58232877,1074.12,5711.35,2568.91,1.731534247,5.8,0
2079,Sunsari,53041,4110,Paddy,24.07419178,29.24810959,19.88920548,70.96052055,1631.09,5645.47,2521.16,1.547506849,6.6,17575.8
2079,Sunsari,9674,4724,Maize,24.07419178,29.24810959,19.88920548,70.96052055,1631.09,5645.47,2521.16,1.547506849,6.6,17575.8
2079,Sunsari,457,1230,Millet,24.07419178,29.24810959,19.88920548,70.96052055,1631.09,5645.47,2521.16,1.547506849,6.6,17575.8
2079,Sunsari,253,1043,Buckwheat,24.07419178,29.24810959,19.88920548,70.96052055,1631.09,5645.47,2521.16,1.547506849,6.6,17575.8
2079,Sunsari,12127,3397,Wheat,24.07419178,29.24810959,19.88920548,70.96052055,1631.09,5645.47,2521.16,1.547506849,6.6,17575.8
2079,Sunsari,0,0,Barley,24.07419178,29.24810959,19.88920548,70.96052055,1631.09,5645.47,2521.16,1.547506849,6.6,17575.8
2079,Surkhet,12665,4177,Paddy,19.98389041,25.11241096,15.84556164,66.78416438,1544.1,5982.91,2638.71,1.454,5.9,2888.4
2079,Surkhet,15252,3018,Maize,19.98389041,25.11241096,15.84556164,66.78416438,1544.1,5982.91,2638.71,1.454,5.9,2888.4
2079,Surkhet,1842,1630,Millet,19.98389041,25.11241096,15.84556164,66.78416438,1544.1,5982.91,2638.71,1.454,5.9,2888.4
2079,Surkhet,56,1518,Buckwheat,19.98389041,25.11241096,15.84556164,66.78416438,1544.1,5982.91,2638.71,1.454,5.9,2888.4
2079,Surkhet,12192,2901,Wheat,19.98389041,25.11241096,15.84556164,66.78416438,1544.1,5982.91,2638.71,1.454,5.9,2888.4
2079,Surkhet,631,1582,Barley,19.98389041,25.11241096,15.84556164,66.78416438,1544.1,5982.91,2638.71,1.454,5.9,2888.4
2079,Syangja,15841,3782,Paddy,18.93142466,23.48323288,15.36120548,71.38808219,2217.11,5839.74,2534.06,1.410986301,6,1501.75
2079,Syangja,20800,3290,Maize,18.93142466,23.48323288,15.36120548,71.38808219,2217.11,5839.74,2534.06,1.410986301,6,1501.75
2079,Syangja,11075,1230,Millet,18.93142466,23.48323288,15.36120548,71.38808219,2217.11,5839.74,2534.06,1.410986301,6,1501.75
2079,Syangja,150,1080,Buckwheat,18.93142466,23.48323288,15.36120548,71.38808219,2217.11,5839.74,2534.06,1.410986301,6,1501.75
2079,Syangja,4175,2880,Wheat,18.93142466,23.48323288,15.36120548,71.38808219,2217.11,5839.74,2534.06,1.410986301,6,1501.75
2079,Syangja,6,1000,Barley,18.93142466,23.48323288,15.36120548,71.38808219,2217.11,5839.74,2534.06,1.410986301,6,1501.75
2079,Tanahu,10525,3930,Paddy,18.93142466,23.48323288,15.36120548,71.38808219,2217.11,6253.82,2893.12,1.410986301,5.6,1721.25
2079,Tanahu,19200,3280,Maize,18.93142466,23.48323288,15.36120548,71.38808219,2217.11,6253.82,2893.12,1.410986301,5.6,1721.25
2079,Tanahu,6105,1150,Millet,18.93142466,23.48323288,15.36120548,71.38808219,2217.11,6253.82,2893.12,1.410986301,5.6,1721.25
2079,Tanahu,100,1020,Buckwheat,18.93142466,23.48323288,15.36120548,71.38808219,2217.11,6253.82,2893.12,1.410986301,5.6,1721.25
2079,Tanahu,1200,2510,Wheat,18.93142466,23.48323288,15.36120548,71.38808219,2217.11,6253.82,2893.12,1.410986301,5.6,1721.25
2079,Tanahu,4,1250,Barley,18.93142466,23.48323288,15.36120548,71.38808219,2217.11,6253.82,2893.12,1.410986301,5.6,1721.25
2079,Taplejung,6423,3026,Paddy,5.493479452,10.28123288,1.814630137,83.80142466,1842.8,5400.37,2377.82,1.531917808,5.4,730.85
2079,Taplejung,11210,3560,Maize,5.493479452,10.28123288,1.814630137,83.80142466,1842.8,5400.37,2377.82,1.531917808,5.4,730.85
2079,Taplejung,2966,1440,Millet,5.493479452,10.28123288,1.814630137,83.80142466,1842.8,5400.37,2377.82,1.531917808,5.4,730.85
2079,Taplejung,116,1086,Buckwheat,5.493479452,10.28123288,1.814630137,83.80142466,1842.8,5400.37,2377.82,1.531917808,5.4,730.85
2079,Taplejung,1537,1871,Wheat,5.493479452,10.28123288,1.814630137,83.80142466,1842.8,5400.37,2377.82,1.531917808,5.4,730.85
2079,Taplejung,266,1398,Barley,5.493479452,10.28123288,1.814630137,83.80142466,1842.8,5400.37,2377.82,1.531917808,5.4,730.85
2079,Terhathum,7886,2868,Paddy,19.83208219,24.45665753,16.23736986,74.54882192,1505.45,5400.37,2377.82,1.436383562,5.6,1083.6
2079,Terhathum,12907,2400,Maize,19.83208219,24.45665753,16.23736986,74.54882192,1505.45,5400.37,2377.82,1.436383562,5.6,1083.6
2079,Terhathum,2123,1200,Millet,19.83208219,24.45665753,16.23736986,74.54882192,1505.45,5400.37,2377.82,1.436383562,5.6,1083.6
2079,Terhathum,21,952,Buckwheat,19.83208219,24.45665753,16.23736986,74.54882192,1505.45,5400.37,2377.82,1.436383562,5.6,1083.6
2079,Terhathum,2399,1999,Wheat,19.83208219,24.45665753,16.23736986,74.54882192,1505.45,5400.37,2377.82,1.436383562,5.6,1083.6
2079,Terhathum,52,1173,Barley,19.83208219,24.45665753,16.23736986,74.54882192,1505.45,5400.37,2377.82,1.436383562,5.6,1083.6
2079,Udayapur,14205,3919,Paddy,18.19120548,22.61147945,14.86271233,77.76772603,2380.33,5645.47,2521.16,1.171561644,5.4,2963.3
2079,Udayapur,17842,2460,Maize,18.19120548,22.61147945,14.86271233,77.76772603,2380.33,5645.47,2521.16,1.171561644,5.4,2963.3
2079,Udayapur,2768,1970,Millet,18.19120548,22.61147945,14.86271233,77.76772603,2380.33,5645.47,2521.16,1.171561644,5.4,2963.3
2079,Udayapur,18,1111,Buckwheat,18.19120548,22.61147945,14.86271233,77.76772603,2380.33,5645.47,2521.16,1.171561644,5.4,2963.3
2079,Udayapur,5130,2500,Wheat,18.19120548,22.61147945,14.86271233,77.76772603,2380.33,5645.47,2521.16,1.171561644,5.4,2963.3
2079,Udayapur,23,1739,Barley,18.19120548,22.61147945,14.86271233,77.76772603,2380.33,5645.47,2521.16,1.171561644,5.4,2963.3
